--
-- PostgreSQL database dump
--

-- Dumped from database version 14.13 (Ubuntu 14.13-0ubuntu0.22.04.1)
-- Dumped by pg_dump version 14.13 (Ubuntu 14.13-0ubuntu0.22.04.1)

SET statement_timeout = 0;
SET lock_timeout = 0;
SET idle_in_transaction_session_timeout = 0;
SET client_encoding = 'UTF8';
SET standard_conforming_strings = on;
SELECT pg_catalog.set_config('search_path', '', false);
SET check_function_bodies = false;
SET xmloption = content;
SET client_min_messages = warning;
SET row_security = off;

SET default_tablespace = '';

SET default_table_access_method = heap;

--
-- Name: auth_group; Type: TABLE; Schema: public; Owner: leda
--

CREATE TABLE public.auth_group (
    id integer NOT NULL,
    name character varying(150) NOT NULL
);


ALTER TABLE public.auth_group OWNER TO leda;

--
-- Name: auth_group_id_seq; Type: SEQUENCE; Schema: public; Owner: leda
--

ALTER TABLE public.auth_group ALTER COLUMN id ADD GENERATED BY DEFAULT AS IDENTITY (
    SEQUENCE NAME public.auth_group_id_seq
    START WITH 1
    INCREMENT BY 1
    NO MINVALUE
    NO MAXVALUE
    CACHE 1
);


--
-- Name: auth_group_permissions; Type: TABLE; Schema: public; Owner: leda
--

CREATE TABLE public.auth_group_permissions (
    id bigint NOT NULL,
    group_id integer NOT NULL,
    permission_id integer NOT NULL
);


ALTER TABLE public.auth_group_permissions OWNER TO leda;

--
-- Name: auth_group_permissions_id_seq; Type: SEQUENCE; Schema: public; Owner: leda
--

ALTER TABLE public.auth_group_permissions ALTER COLUMN id ADD GENERATED BY DEFAULT AS IDENTITY (
    SEQUENCE NAME public.auth_group_permissions_id_seq
    START WITH 1
    INCREMENT BY 1
    NO MINVALUE
    NO MAXVALUE
    CACHE 1
);


--
-- Name: auth_permission; Type: TABLE; Schema: public; Owner: leda
--

CREATE TABLE public.auth_permission (
    id integer NOT NULL,
    name character varying(255) NOT NULL,
    content_type_id integer NOT NULL,
    codename character varying(100) NOT NULL
);


ALTER TABLE public.auth_permission OWNER TO leda;

--
-- Name: auth_permission_id_seq; Type: SEQUENCE; Schema: public; Owner: leda
--

ALTER TABLE public.auth_permission ALTER COLUMN id ADD GENERATED BY DEFAULT AS IDENTITY (
    SEQUENCE NAME public.auth_permission_id_seq
    START WITH 1
    INCREMENT BY 1
    NO MINVALUE
    NO MAXVALUE
    CACHE 1
);


--
-- Name: auth_user; Type: TABLE; Schema: public; Owner: leda
--

CREATE TABLE public.auth_user (
    id integer NOT NULL,
    password character varying(128) NOT NULL,
    last_login timestamp with time zone,
    is_superuser boolean NOT NULL,
    username character varying(150) NOT NULL,
    first_name character varying(150) NOT NULL,
    last_name character varying(150) NOT NULL,
    email character varying(254) NOT NULL,
    is_staff boolean NOT NULL,
    is_active boolean NOT NULL,
    date_joined timestamp with time zone NOT NULL
);


ALTER TABLE public.auth_user OWNER TO leda;

--
-- Name: auth_user_groups; Type: TABLE; Schema: public; Owner: leda
--

CREATE TABLE public.auth_user_groups (
    id bigint NOT NULL,
    user_id integer NOT NULL,
    group_id integer NOT NULL
);


ALTER TABLE public.auth_user_groups OWNER TO leda;

--
-- Name: auth_user_groups_id_seq; Type: SEQUENCE; Schema: public; Owner: leda
--

ALTER TABLE public.auth_user_groups ALTER COLUMN id ADD GENERATED BY DEFAULT AS IDENTITY (
    SEQUENCE NAME public.auth_user_groups_id_seq
    START WITH 1
    INCREMENT BY 1
    NO MINVALUE
    NO MAXVALUE
    CACHE 1
);


--
-- Name: auth_user_id_seq; Type: SEQUENCE; Schema: public; Owner: leda
--

ALTER TABLE public.auth_user ALTER COLUMN id ADD GENERATED BY DEFAULT AS IDENTITY (
    SEQUENCE NAME public.auth_user_id_seq
    START WITH 1
    INCREMENT BY 1
    NO MINVALUE
    NO MAXVALUE
    CACHE 1
);


--
-- Name: auth_user_user_permissions; Type: TABLE; Schema: public; Owner: leda
--

CREATE TABLE public.auth_user_user_permissions (
    id bigint NOT NULL,
    user_id integer NOT NULL,
    permission_id integer NOT NULL
);


ALTER TABLE public.auth_user_user_permissions OWNER TO leda;

--
-- Name: auth_user_user_permissions_id_seq; Type: SEQUENCE; Schema: public; Owner: leda
--

ALTER TABLE public.auth_user_user_permissions ALTER COLUMN id ADD GENERATED BY DEFAULT AS IDENTITY (
    SEQUENCE NAME public.auth_user_user_permissions_id_seq
    START WITH 1
    INCREMENT BY 1
    NO MINVALUE
    NO MAXVALUE
    CACHE 1
);


--
-- Name: diario_administrador; Type: TABLE; Schema: public; Owner: leda
--

CREATE TABLE public.diario_administrador (
    id bigint NOT NULL,
    reference_id bigint,
    user_id integer
);


ALTER TABLE public.diario_administrador OWNER TO leda;

--
-- Name: diario_administrador_id_seq; Type: SEQUENCE; Schema: public; Owner: leda
--

ALTER TABLE public.diario_administrador ALTER COLUMN id ADD GENERATED BY DEFAULT AS IDENTITY (
    SEQUENCE NAME public.diario_administrador_id_seq
    START WITH 1
    INCREMENT BY 1
    NO MINVALUE
    NO MAXVALUE
    CACHE 1
);


--
-- Name: diario_atividade; Type: TABLE; Schema: public; Owner: leda
--

CREATE TABLE public.diario_atividade (
    id bigint NOT NULL,
    numero integer NOT NULL,
    nome character varying(1000),
    descricao text
);


ALTER TABLE public.diario_atividade OWNER TO leda;

--
-- Name: diario_atividade_id_seq; Type: SEQUENCE; Schema: public; Owner: leda
--

ALTER TABLE public.diario_atividade ALTER COLUMN id ADD GENERATED BY DEFAULT AS IDENTITY (
    SEQUENCE NAME public.diario_atividade_id_seq
    START WITH 1
    INCREMENT BY 1
    NO MINVALUE
    NO MAXVALUE
    CACHE 1
);


--
-- Name: diario_avaliacaoparticipante; Type: TABLE; Schema: public; Owner: leda
--

CREATE TABLE public.diario_avaliacaoparticipante (
    id bigint NOT NULL,
    interesse integer,
    comunicacao integer,
    iniciativa integer,
    satisfacao integer,
    humor integer,
    eficacia_relacional integer,
    observacao text,
    participante_id bigint NOT NULL,
    sessao_grupo_id bigint NOT NULL,
    submetido_por_id bigint
);


ALTER TABLE public.diario_avaliacaoparticipante OWNER TO leda;

--
-- Name: diario_avaliacaoparticipante_id_seq; Type: SEQUENCE; Schema: public; Owner: leda
--

ALTER TABLE public.diario_avaliacaoparticipante ALTER COLUMN id ADD GENERATED BY DEFAULT AS IDENTITY (
    SEQUENCE NAME public.diario_avaliacaoparticipante_id_seq
    START WITH 1
    INCREMENT BY 1
    NO MINVALUE
    NO MAXVALUE
    CACHE 1
);


--
-- Name: diario_avaliacaosessao; Type: TABLE; Schema: public; Owner: leda
--

CREATE TABLE public.diario_avaliacaosessao (
    id bigint NOT NULL,
    planificacao_conteudos integer,
    adq_conteudos integer,
    adq_materiais integer,
    adq_tempo integer,
    grau_dominio integer,
    necessidade_treino character varying(10),
    apreciacao_global integer,
    tipo_treino_competencias text,
    observacao text,
    sessao_grupo_id bigint NOT NULL,
    submetido_por_id bigint
);


ALTER TABLE public.diario_avaliacaosessao OWNER TO leda;

--
-- Name: diario_avaliacaosessao_id_seq; Type: SEQUENCE; Schema: public; Owner: leda
--

ALTER TABLE public.diario_avaliacaosessao ALTER COLUMN id ADD GENERATED BY DEFAULT AS IDENTITY (
    SEQUENCE NAME public.diario_avaliacaosessao_id_seq
    START WITH 1
    INCREMENT BY 1
    NO MINVALUE
    NO MAXVALUE
    CACHE 1
);


--
-- Name: diario_avaliador; Type: TABLE; Schema: public; Owner: leda
--

CREATE TABLE public.diario_avaliador (
    id bigint NOT NULL,
    reference_id bigint,
    user_id integer,
    data_entrada timestamp with time zone,
    info_sensivel_id bigint,
    localizacao character varying(20),
    nacionalidade character varying(20),
    nascimento date,
    sexo character varying(20) NOT NULL
);


ALTER TABLE public.diario_avaliador OWNER TO leda;

--
-- Name: diario_avaliador_id_seq; Type: SEQUENCE; Schema: public; Owner: leda
--

ALTER TABLE public.diario_avaliador ALTER COLUMN id ADD GENERATED BY DEFAULT AS IDENTITY (
    SEQUENCE NAME public.diario_avaliador_id_seq
    START WITH 1
    INCREMENT BY 1
    NO MINVALUE
    NO MAXVALUE
    CACHE 1
);


--
-- Name: diario_colaborador; Type: TABLE; Schema: public; Owner: leda
--

CREATE TABLE public.diario_colaborador (
    id bigint NOT NULL,
    sexo character varying(20) NOT NULL,
    nascimento date,
    data_entrada timestamp with time zone,
    nacionalidade character varying(20),
    localizacao character varying(20),
    info_sensivel_id bigint,
    reference_id bigint,
    user_id integer
);


ALTER TABLE public.diario_colaborador OWNER TO leda;

--
-- Name: diario_colaborador_id_seq; Type: SEQUENCE; Schema: public; Owner: leda
--

ALTER TABLE public.diario_colaborador ALTER COLUMN id ADD GENERATED BY DEFAULT AS IDENTITY (
    SEQUENCE NAME public.diario_colaborador_id_seq
    START WITH 1
    INCREMENT BY 1
    NO MINVALUE
    NO MAXVALUE
    CACHE 1
);


--
-- Name: diario_cuidador; Type: TABLE; Schema: public; Owner: leda
--

CREATE TABLE public.diario_cuidador (
    id bigint NOT NULL,
    sexo character varying(20) NOT NULL,
    nascimento date,
    data_entrada timestamp with time zone,
    nacionalidade character varying(20),
    localizacao character varying(20),
    escolaridade character varying(20) NOT NULL,
    regime character varying(20) NOT NULL,
    info_sensivel_id bigint,
    referenciacao_id bigint,
    user_id integer,
    "agregadoFamiliar" character varying(35),
    "autoAvaliacaoEstadoSaude" character varying(30),
    "diaNormal" text,
    "diaNormal30DiasDormir_minutos" integer,
    "diaNormal30DiasSupervisao_dias" integer,
    "diaNormal30DiasSupervisao_minutos" integer,
    "diaNormal30DiasTarefasCasa_dias" integer,
    "diaNormal30DiasTarefasCasa_minutos" integer,
    "diaNormal30DiasTarefasWC_dias" integer,
    "diaNormal30DiasTarefasWC_minutos" integer,
    "estadoCivil" character varying(30),
    "motivoDependecia" character varying(100),
    "nivelContribuicao" character varying(100),
    "nrFilhos" integer,
    "periodicidadeCuidado" character varying(100),
    "prestadoresCuidadosAmigos" integer,
    "prestadoresCuidadosFamiliares" integer,
    "prestadoresCuidadosOutros" integer,
    "prestadoresCuidadosProfissionaisCD" integer,
    "prestadoresCuidadosProfissionaisSAD" integer,
    "prestadoresCuidadosVizinhos" integer,
    "principalMotivoParaCuidar" character varying(1000),
    "profissaoPrincipal" character varying(100),
    residencia character varying(20),
    "situacaoEconomica" character varying(20),
    "situacaoLaboral" character varying(20),
    "temFilhos" boolean,
    "tempoCuidados_meses" integer,
    "viveComParticipante" character varying(100),
    avaliador_id integer,
    comorbilidades character varying(100),
    "diagnosticoPrincipal" character varying(100)
);


ALTER TABLE public.diario_cuidador OWNER TO leda;

--
-- Name: diario_cuidador_diagnosticos; Type: TABLE; Schema: public; Owner: leda
--

CREATE TABLE public.diario_cuidador_diagnosticos (
    id bigint NOT NULL,
    cuidador_id bigint NOT NULL,
    doenca_id bigint NOT NULL
);


ALTER TABLE public.diario_cuidador_diagnosticos OWNER TO leda;

--
-- Name: diario_cuidador_diagnosticos_id_seq; Type: SEQUENCE; Schema: public; Owner: leda
--

ALTER TABLE public.diario_cuidador_diagnosticos ALTER COLUMN id ADD GENERATED BY DEFAULT AS IDENTITY (
    SEQUENCE NAME public.diario_cuidador_diagnosticos_id_seq
    START WITH 1
    INCREMENT BY 1
    NO MINVALUE
    NO MAXVALUE
    CACHE 1
);


--
-- Name: diario_cuidador_grupo; Type: TABLE; Schema: public; Owner: leda
--

CREATE TABLE public.diario_cuidador_grupo (
    id bigint NOT NULL,
    cuidador_id bigint NOT NULL,
    grupo_id bigint NOT NULL
);


ALTER TABLE public.diario_cuidador_grupo OWNER TO leda;

--
-- Name: diario_cuidador_grupo_id_seq; Type: SEQUENCE; Schema: public; Owner: leda
--

ALTER TABLE public.diario_cuidador_grupo ALTER COLUMN id ADD GENERATED BY DEFAULT AS IDENTITY (
    SEQUENCE NAME public.diario_cuidador_grupo_id_seq
    START WITH 1
    INCREMENT BY 1
    NO MINVALUE
    NO MAXVALUE
    CACHE 1
);


--
-- Name: diario_cuidador_id_seq; Type: SEQUENCE; Schema: public; Owner: leda
--

ALTER TABLE public.diario_cuidador ALTER COLUMN id ADD GENERATED BY DEFAULT AS IDENTITY (
    SEQUENCE NAME public.diario_cuidador_id_seq
    START WITH 1
    INCREMENT BY 1
    NO MINVALUE
    NO MAXVALUE
    CACHE 1
);


--
-- Name: diario_dinamizadorconvidado; Type: TABLE; Schema: public; Owner: leda
--

CREATE TABLE public.diario_dinamizadorconvidado (
    id bigint NOT NULL,
    sexo character varying(20) NOT NULL,
    nascimento date,
    data_entrada timestamp with time zone,
    nacionalidade character varying(20),
    localizacao character varying(20),
    funcao character varying(20) NOT NULL,
    info_sensivel_id bigint,
    user_id integer,
    reference_id bigint
);


ALTER TABLE public.diario_dinamizadorconvidado OWNER TO leda;

--
-- Name: diario_dinamizadorconvidado_grupo; Type: TABLE; Schema: public; Owner: leda
--

CREATE TABLE public.diario_dinamizadorconvidado_grupo (
    id bigint NOT NULL,
    dinamizadorconvidado_id bigint NOT NULL,
    grupo_id bigint NOT NULL
);


ALTER TABLE public.diario_dinamizadorconvidado_grupo OWNER TO leda;

--
-- Name: diario_dinamizadorconvidado_grupo_id_seq; Type: SEQUENCE; Schema: public; Owner: leda
--

ALTER TABLE public.diario_dinamizadorconvidado_grupo ALTER COLUMN id ADD GENERATED BY DEFAULT AS IDENTITY (
    SEQUENCE NAME public.diario_dinamizadorconvidado_grupo_id_seq
    START WITH 1
    INCREMENT BY 1
    NO MINVALUE
    NO MAXVALUE
    CACHE 1
);


--
-- Name: diario_dinamizadorconvidado_id_seq; Type: SEQUENCE; Schema: public; Owner: leda
--

ALTER TABLE public.diario_dinamizadorconvidado ALTER COLUMN id ADD GENERATED BY DEFAULT AS IDENTITY (
    SEQUENCE NAME public.diario_dinamizadorconvidado_id_seq
    START WITH 1
    INCREMENT BY 1
    NO MINVALUE
    NO MAXVALUE
    CACHE 1
);


--
-- Name: diario_documents; Type: TABLE; Schema: public; Owner: leda
--

CREATE TABLE public.diario_documents (
    id bigint NOT NULL,
    name character varying(200) NOT NULL,
    description character varying(200),
    file character varying(100)
);


ALTER TABLE public.diario_documents OWNER TO leda;

--
-- Name: diario_documents_cuidador; Type: TABLE; Schema: public; Owner: leda
--

CREATE TABLE public.diario_documents_cuidador (
    id bigint NOT NULL,
    documents_id bigint NOT NULL,
    cuidador_id bigint NOT NULL
);


ALTER TABLE public.diario_documents_cuidador OWNER TO leda;

--
-- Name: diario_documents_cuidador_id_seq; Type: SEQUENCE; Schema: public; Owner: leda
--

ALTER TABLE public.diario_documents_cuidador ALTER COLUMN id ADD GENERATED BY DEFAULT AS IDENTITY (
    SEQUENCE NAME public.diario_documents_cuidador_id_seq
    START WITH 1
    INCREMENT BY 1
    NO MINVALUE
    NO MAXVALUE
    CACHE 1
);


--
-- Name: diario_documents_id_seq; Type: SEQUENCE; Schema: public; Owner: leda
--

ALTER TABLE public.diario_documents ALTER COLUMN id ADD GENERATED BY DEFAULT AS IDENTITY (
    SEQUENCE NAME public.diario_documents_id_seq
    START WITH 1
    INCREMENT BY 1
    NO MINVALUE
    NO MAXVALUE
    CACHE 1
);


--
-- Name: diario_doenca; Type: TABLE; Schema: public; Owner: leda
--

CREATE TABLE public.diario_doenca (
    id bigint NOT NULL,
    nome character varying(50) NOT NULL
);


ALTER TABLE public.diario_doenca OWNER TO leda;

--
-- Name: diario_doenca_id_seq; Type: SEQUENCE; Schema: public; Owner: leda
--

ALTER TABLE public.diario_doenca ALTER COLUMN id ADD GENERATED BY DEFAULT AS IDENTITY (
    SEQUENCE NAME public.diario_doenca_id_seq
    START WITH 1
    INCREMENT BY 1
    NO MINVALUE
    NO MAXVALUE
    CACHE 1
);


--
-- Name: diario_escolha; Type: TABLE; Schema: public; Owner: leda
--

CREATE TABLE public.diario_escolha (
    id bigint NOT NULL,
    resposta_escrita character varying(750),
    opcao_id bigint,
    parte_grupo_id bigint,
    pergunta_id bigint,
    sessao_grupo_id bigint,
    utilizador_id integer
);


ALTER TABLE public.diario_escolha OWNER TO leda;

--
-- Name: diario_escolha_id_seq; Type: SEQUENCE; Schema: public; Owner: leda
--

ALTER TABLE public.diario_escolha ALTER COLUMN id ADD GENERATED BY DEFAULT AS IDENTITY (
    SEQUENCE NAME public.diario_escolha_id_seq
    START WITH 1
    INCREMENT BY 1
    NO MINVALUE
    NO MAXVALUE
    CACHE 1
);


--
-- Name: diario_exercicio; Type: TABLE; Schema: public; Owner: leda
--

CREATE TABLE public.diario_exercicio (
    id bigint NOT NULL,
    dominio character varying(100) NOT NULL,
    numero integer NOT NULL,
    duracao character varying(10),
    descricao text,
    material text,
    instrucao text,
    instrucao_participante text
);


ALTER TABLE public.diario_exercicio OWNER TO leda;

--
-- Name: diario_exercicio_id_seq; Type: SEQUENCE; Schema: public; Owner: leda
--

ALTER TABLE public.diario_exercicio ALTER COLUMN id ADD GENERATED BY DEFAULT AS IDENTITY (
    SEQUENCE NAME public.diario_exercicio_id_seq
    START WITH 1
    INCREMENT BY 1
    NO MINVALUE
    NO MAXVALUE
    CACHE 1
);


--
-- Name: diario_exercicio_partes_do_exercicio; Type: TABLE; Schema: public; Owner: leda
--

CREATE TABLE public.diario_exercicio_partes_do_exercicio (
    id bigint NOT NULL,
    exercicio_id bigint NOT NULL,
    parte_exercicio_id bigint NOT NULL
);


ALTER TABLE public.diario_exercicio_partes_do_exercicio OWNER TO leda;

--
-- Name: diario_exercicio_partes_do_exercicio_id_seq; Type: SEQUENCE; Schema: public; Owner: leda
--

ALTER TABLE public.diario_exercicio_partes_do_exercicio ALTER COLUMN id ADD GENERATED BY DEFAULT AS IDENTITY (
    SEQUENCE NAME public.diario_exercicio_partes_do_exercicio_id_seq
    START WITH 1
    INCREMENT BY 1
    NO MINVALUE
    NO MAXVALUE
    CACHE 1
);


--
-- Name: diario_exercicio_sessao; Type: TABLE; Schema: public; Owner: leda
--

CREATE TABLE public.diario_exercicio_sessao (
    id bigint NOT NULL,
    exercicio_id bigint NOT NULL,
    sessao_id bigint NOT NULL
);


ALTER TABLE public.diario_exercicio_sessao OWNER TO leda;

--
-- Name: diario_exercicio_sessao_id_seq; Type: SEQUENCE; Schema: public; Owner: leda
--

ALTER TABLE public.diario_exercicio_sessao ALTER COLUMN id ADD GENERATED BY DEFAULT AS IDENTITY (
    SEQUENCE NAME public.diario_exercicio_sessao_id_seq
    START WITH 1
    INCREMENT BY 1
    NO MINVALUE
    NO MAXVALUE
    CACHE 1
);


--
-- Name: diario_facilitador; Type: TABLE; Schema: public; Owner: leda
--

CREATE TABLE public.diario_facilitador (
    id bigint NOT NULL,
    sexo character varying(20) NOT NULL,
    nascimento date,
    data_entrada timestamp with time zone,
    nacionalidade character varying(20),
    localizacao character varying(20),
    info_sensivel_id bigint,
    user_id integer
);


ALTER TABLE public.diario_facilitador OWNER TO leda;

--
-- Name: diario_facilitador_grupo; Type: TABLE; Schema: public; Owner: leda
--

CREATE TABLE public.diario_facilitador_grupo (
    id bigint NOT NULL,
    facilitador_id bigint NOT NULL,
    grupo_id bigint NOT NULL
);


ALTER TABLE public.diario_facilitador_grupo OWNER TO leda;

--
-- Name: diario_facilitador_grupo_id_seq; Type: SEQUENCE; Schema: public; Owner: leda
--

ALTER TABLE public.diario_facilitador_grupo ALTER COLUMN id ADD GENERATED BY DEFAULT AS IDENTITY (
    SEQUENCE NAME public.diario_facilitador_grupo_id_seq
    START WITH 1
    INCREMENT BY 1
    NO MINVALUE
    NO MAXVALUE
    CACHE 1
);


--
-- Name: diario_facilitador_id_seq; Type: SEQUENCE; Schema: public; Owner: leda
--

ALTER TABLE public.diario_facilitador ALTER COLUMN id ADD GENERATED BY DEFAULT AS IDENTITY (
    SEQUENCE NAME public.diario_facilitador_id_seq
    START WITH 1
    INCREMENT BY 1
    NO MINVALUE
    NO MAXVALUE
    CACHE 1
);


--
-- Name: diario_grupo; Type: TABLE; Schema: public; Owner: leda
--

CREATE TABLE public.diario_grupo (
    id bigint NOT NULL,
    nome character varying(50) NOT NULL,
    localizacao character varying(20),
    escolaridade character varying(20),
    "nivelGDS" integer NOT NULL,
    programa character varying(20),
    referenciacao_id bigint
);


ALTER TABLE public.diario_grupo OWNER TO leda;

--
-- Name: diario_grupo_id_seq; Type: SEQUENCE; Schema: public; Owner: leda
--

ALTER TABLE public.diario_grupo ALTER COLUMN id ADD GENERATED BY DEFAULT AS IDENTITY (
    SEQUENCE NAME public.diario_grupo_id_seq
    START WITH 1
    INCREMENT BY 1
    NO MINVALUE
    NO MAXVALUE
    CACHE 1
);


--
-- Name: diario_imagem; Type: TABLE; Schema: public; Owner: leda
--

CREATE TABLE public.diario_imagem (
    id bigint NOT NULL,
    nome character varying(100) NOT NULL,
    imagem character varying(100)
);


ALTER TABLE public.diario_imagem OWNER TO leda;

--
-- Name: diario_imagem_id_seq; Type: SEQUENCE; Schema: public; Owner: leda
--

ALTER TABLE public.diario_imagem ALTER COLUMN id ADD GENERATED BY DEFAULT AS IDENTITY (
    SEQUENCE NAME public.diario_imagem_id_seq
    START WITH 1
    INCREMENT BY 1
    NO MINVALUE
    NO MAXVALUE
    CACHE 1
);


--
-- Name: diario_informacaosensivel; Type: TABLE; Schema: public; Owner: leda
--

CREATE TABLE public.diario_informacaosensivel (
    id bigint NOT NULL,
    nome character varying(100) NOT NULL,
    email character varying(100),
    telemovel character varying(20),
    imagem character varying(100)
);


ALTER TABLE public.diario_informacaosensivel OWNER TO leda;

--
-- Name: diario_informacaosensivel_id_seq; Type: SEQUENCE; Schema: public; Owner: leda
--

ALTER TABLE public.diario_informacaosensivel ALTER COLUMN id ADD GENERATED BY DEFAULT AS IDENTITY (
    SEQUENCE NAME public.diario_informacaosensivel_id_seq
    START WITH 1
    INCREMENT BY 1
    NO MINVALUE
    NO MAXVALUE
    CACHE 1
);


--
-- Name: diario_mentor; Type: TABLE; Schema: public; Owner: leda
--

CREATE TABLE public.diario_mentor (
    id bigint NOT NULL,
    sexo character varying(20) NOT NULL,
    nascimento date,
    data_entrada timestamp with time zone,
    nacionalidade character varying(20),
    localizacao character varying(20),
    info_sensivel_id bigint,
    user_id integer,
    reference_id bigint
);


ALTER TABLE public.diario_mentor OWNER TO leda;

--
-- Name: diario_mentor_grupo; Type: TABLE; Schema: public; Owner: leda
--

CREATE TABLE public.diario_mentor_grupo (
    id bigint NOT NULL,
    mentor_id bigint NOT NULL,
    grupo_id bigint NOT NULL
);


ALTER TABLE public.diario_mentor_grupo OWNER TO leda;

--
-- Name: diario_mentor_grupo_id_seq; Type: SEQUENCE; Schema: public; Owner: leda
--

ALTER TABLE public.diario_mentor_grupo ALTER COLUMN id ADD GENERATED BY DEFAULT AS IDENTITY (
    SEQUENCE NAME public.diario_mentor_grupo_id_seq
    START WITH 1
    INCREMENT BY 1
    NO MINVALUE
    NO MAXVALUE
    CACHE 1
);


--
-- Name: diario_mentor_id_seq; Type: SEQUENCE; Schema: public; Owner: leda
--

ALTER TABLE public.diario_mentor ALTER COLUMN id ADD GENERATED BY DEFAULT AS IDENTITY (
    SEQUENCE NAME public.diario_mentor_id_seq
    START WITH 1
    INCREMENT BY 1
    NO MINVALUE
    NO MAXVALUE
    CACHE 1
);


--
-- Name: diario_nota; Type: TABLE; Schema: public; Owner: leda
--

CREATE TABLE public.diario_nota (
    id bigint NOT NULL,
    tipo character varying(20),
    "tituloNota" character varying(20),
    nota text NOT NULL,
    data timestamp with time zone,
    anotador_dinamizador_id bigint,
    anotador_mentor_id bigint,
    cuidador_id bigint,
    participante_id bigint,
    sessao_grupo_id bigint
);


ALTER TABLE public.diario_nota OWNER TO leda;

--
-- Name: diario_nota_id_seq; Type: SEQUENCE; Schema: public; Owner: leda
--

ALTER TABLE public.diario_nota ALTER COLUMN id ADD GENERATED BY DEFAULT AS IDENTITY (
    SEQUENCE NAME public.diario_nota_id_seq
    START WITH 1
    INCREMENT BY 1
    NO MINVALUE
    NO MAXVALUE
    CACHE 1
);


--
-- Name: diario_notagrupo; Type: TABLE; Schema: public; Owner: leda
--

CREATE TABLE public.diario_notagrupo (
    id bigint NOT NULL,
    "notaGrupo" text NOT NULL,
    data timestamp with time zone,
    anotador_dinamizador_id bigint,
    anotador_mentor_id bigint,
    grupo_id bigint,
    sessao_grupo_id bigint
);


ALTER TABLE public.diario_notagrupo OWNER TO leda;

--
-- Name: diario_notagrupo_id_seq; Type: SEQUENCE; Schema: public; Owner: leda
--

ALTER TABLE public.diario_notagrupo ALTER COLUMN id ADD GENERATED BY DEFAULT AS IDENTITY (
    SEQUENCE NAME public.diario_notagrupo_id_seq
    START WITH 1
    INCREMENT BY 1
    NO MINVALUE
    NO MAXVALUE
    CACHE 1
);


--
-- Name: diario_opcao; Type: TABLE; Schema: public; Owner: leda
--

CREATE TABLE public.diario_opcao (
    id bigint NOT NULL,
    resposta character varying(300) NOT NULL,
    cotacao integer,
    imagem_id bigint
);


ALTER TABLE public.diario_opcao OWNER TO leda;

--
-- Name: diario_opcao_id_seq; Type: SEQUENCE; Schema: public; Owner: leda
--

ALTER TABLE public.diario_opcao ALTER COLUMN id ADD GENERATED BY DEFAULT AS IDENTITY (
    SEQUENCE NAME public.diario_opcao_id_seq
    START WITH 1
    INCREMENT BY 1
    NO MINVALUE
    NO MAXVALUE
    CACHE 1
);


--
-- Name: diario_parte; Type: TABLE; Schema: public; Owner: leda
--

CREATE TABLE public.diario_parte (
    id bigint NOT NULL,
    fase character varying(10),
    objetivo text,
    descricao text,
    materiais text,
    duracao integer,
    apresentacao character varying(100),
    sessao_id bigint,
    ordem integer NOT NULL,
    apresentacao_demencia character varying(100),
    apresentacao_esquizofrenia character varying(100),
    apresentacao_incapacidade_intelectual character varying(100),
    apresentacao_perturbacao_bipolar character varying(100)
);


ALTER TABLE public.diario_parte OWNER TO leda;

--
-- Name: diario_parte_atividades; Type: TABLE; Schema: public; Owner: leda
--

CREATE TABLE public.diario_parte_atividades (
    id bigint NOT NULL,
    parte_id bigint NOT NULL,
    atividade_id bigint NOT NULL
);


ALTER TABLE public.diario_parte_atividades OWNER TO leda;

--
-- Name: diario_parte_atividades_id_seq; Type: SEQUENCE; Schema: public; Owner: leda
--

ALTER TABLE public.diario_parte_atividades ALTER COLUMN id ADD GENERATED BY DEFAULT AS IDENTITY (
    SEQUENCE NAME public.diario_parte_atividades_id_seq
    START WITH 1
    INCREMENT BY 1
    NO MINVALUE
    NO MAXVALUE
    CACHE 1
);


--
-- Name: diario_parte_exercicio; Type: TABLE; Schema: public; Owner: leda
--

CREATE TABLE public.diario_parte_exercicio (
    id bigint NOT NULL,
    nome character varying(100) NOT NULL,
    ordem integer NOT NULL,
    descricao text,
    duracao integer NOT NULL
);


ALTER TABLE public.diario_parte_exercicio OWNER TO leda;

--
-- Name: diario_parte_exercicio_id_seq; Type: SEQUENCE; Schema: public; Owner: leda
--

ALTER TABLE public.diario_parte_exercicio ALTER COLUMN id ADD GENERATED BY DEFAULT AS IDENTITY (
    SEQUENCE NAME public.diario_parte_exercicio_id_seq
    START WITH 1
    INCREMENT BY 1
    NO MINVALUE
    NO MAXVALUE
    CACHE 1
);


--
-- Name: diario_parte_exercicio_imagens; Type: TABLE; Schema: public; Owner: leda
--

CREATE TABLE public.diario_parte_exercicio_imagens (
    id bigint NOT NULL,
    parte_exercicio_id bigint NOT NULL,
    imagem_id bigint NOT NULL
);


ALTER TABLE public.diario_parte_exercicio_imagens OWNER TO leda;

--
-- Name: diario_parte_exercicio_imagens_id_seq; Type: SEQUENCE; Schema: public; Owner: leda
--

ALTER TABLE public.diario_parte_exercicio_imagens ALTER COLUMN id ADD GENERATED BY DEFAULT AS IDENTITY (
    SEQUENCE NAME public.diario_parte_exercicio_imagens_id_seq
    START WITH 1
    INCREMENT BY 1
    NO MINVALUE
    NO MAXVALUE
    CACHE 1
);


--
-- Name: diario_parte_exercicio_perguntas; Type: TABLE; Schema: public; Owner: leda
--

CREATE TABLE public.diario_parte_exercicio_perguntas (
    id bigint NOT NULL,
    parte_exercicio_id bigint NOT NULL,
    pergunta_exercicio_id bigint NOT NULL
);


ALTER TABLE public.diario_parte_exercicio_perguntas OWNER TO leda;

--
-- Name: diario_parte_exercicio_perguntas_id_seq; Type: SEQUENCE; Schema: public; Owner: leda
--

ALTER TABLE public.diario_parte_exercicio_perguntas ALTER COLUMN id ADD GENERATED BY DEFAULT AS IDENTITY (
    SEQUENCE NAME public.diario_parte_exercicio_perguntas_id_seq
    START WITH 1
    INCREMENT BY 1
    NO MINVALUE
    NO MAXVALUE
    CACHE 1
);


--
-- Name: diario_parte_id_seq; Type: SEQUENCE; Schema: public; Owner: leda
--

ALTER TABLE public.diario_parte ALTER COLUMN id ADD GENERATED BY DEFAULT AS IDENTITY (
    SEQUENCE NAME public.diario_parte_id_seq
    START WITH 1
    INCREMENT BY 1
    NO MINVALUE
    NO MAXVALUE
    CACHE 1
);


--
-- Name: diario_parte_questionarios; Type: TABLE; Schema: public; Owner: leda
--

CREATE TABLE public.diario_parte_questionarios (
    id bigint NOT NULL,
    parte_id bigint NOT NULL,
    questionario_id bigint NOT NULL
);


ALTER TABLE public.diario_parte_questionarios OWNER TO leda;

--
-- Name: diario_parte_questionarios_id_seq; Type: SEQUENCE; Schema: public; Owner: leda
--

ALTER TABLE public.diario_parte_questionarios ALTER COLUMN id ADD GENERATED BY DEFAULT AS IDENTITY (
    SEQUENCE NAME public.diario_parte_questionarios_id_seq
    START WITH 1
    INCREMENT BY 1
    NO MINVALUE
    NO MAXVALUE
    CACHE 1
);


--
-- Name: diario_partegrupo; Type: TABLE; Schema: public; Owner: leda
--

CREATE TABLE public.diario_partegrupo (
    id bigint NOT NULL,
    inicio timestamp with time zone,
    fim timestamp with time zone,
    concluido boolean NOT NULL,
    exercicio_id bigint,
    parte_id bigint,
    "sessaoGrupo_id" bigint NOT NULL
);


ALTER TABLE public.diario_partegrupo OWNER TO leda;

--
-- Name: diario_partegrupo_id_seq; Type: SEQUENCE; Schema: public; Owner: leda
--

ALTER TABLE public.diario_partegrupo ALTER COLUMN id ADD GENERATED BY DEFAULT AS IDENTITY (
    SEQUENCE NAME public.diario_partegrupo_id_seq
    START WITH 1
    INCREMENT BY 1
    NO MINVALUE
    NO MAXVALUE
    CACHE 1
);


--
-- Name: diario_participante; Type: TABLE; Schema: public; Owner: leda
--

CREATE TABLE public.diario_participante (
    id bigint NOT NULL,
    sexo character varying(20) NOT NULL,
    nascimento date,
    data_entrada timestamp with time zone,
    nacionalidade character varying(20),
    localizacao character varying(20),
    escolaridade character varying(20) NOT NULL,
    residencia character varying(20),
    "situacaoLaboral" character varying(20),
    "profissaoPrincipal" character varying(100),
    "situacaoEconomica" character varying(20),
    "estadoCivil" character varying(30),
    "agregadoFamiliar" character varying(35),
    "temFilhos" boolean,
    "nrFilhos" integer,
    "autoAvaliacaoEstadoSaude" character varying(30),
    nivel_gds integer NOT NULL,
    avaliador_id integer,
    info_sensivel_id bigint,
    referenciacao_id bigint,
    user_id integer,
    "dadosCuidador" character varying(20),
    comorbilidades character varying(100),
    "diagnosticoPrincipal" character varying(2000)
);


ALTER TABLE public.diario_participante OWNER TO leda;

--
-- Name: diario_participante_cuidadores; Type: TABLE; Schema: public; Owner: leda
--

CREATE TABLE public.diario_participante_cuidadores (
    id bigint NOT NULL,
    participante_id bigint NOT NULL,
    cuidador_id bigint NOT NULL
);


ALTER TABLE public.diario_participante_cuidadores OWNER TO leda;

--
-- Name: diario_participante_cuidadores_id_seq; Type: SEQUENCE; Schema: public; Owner: leda
--

ALTER TABLE public.diario_participante_cuidadores ALTER COLUMN id ADD GENERATED BY DEFAULT AS IDENTITY (
    SEQUENCE NAME public.diario_participante_cuidadores_id_seq
    START WITH 1
    INCREMENT BY 1
    NO MINVALUE
    NO MAXVALUE
    CACHE 1
);


--
-- Name: diario_participante_diagnosticos; Type: TABLE; Schema: public; Owner: leda
--

CREATE TABLE public.diario_participante_diagnosticos (
    id bigint NOT NULL,
    participante_id bigint NOT NULL,
    doenca_id bigint NOT NULL
);


ALTER TABLE public.diario_participante_diagnosticos OWNER TO leda;

--
-- Name: diario_participante_diagnosticos_id_seq; Type: SEQUENCE; Schema: public; Owner: leda
--

ALTER TABLE public.diario_participante_diagnosticos ALTER COLUMN id ADD GENERATED BY DEFAULT AS IDENTITY (
    SEQUENCE NAME public.diario_participante_diagnosticos_id_seq
    START WITH 1
    INCREMENT BY 1
    NO MINVALUE
    NO MAXVALUE
    CACHE 1
);


--
-- Name: diario_participante_grupo; Type: TABLE; Schema: public; Owner: leda
--

CREATE TABLE public.diario_participante_grupo (
    id bigint NOT NULL,
    participante_id bigint NOT NULL,
    grupo_id bigint NOT NULL
);


ALTER TABLE public.diario_participante_grupo OWNER TO leda;

--
-- Name: diario_participante_grupo_id_seq; Type: SEQUENCE; Schema: public; Owner: leda
--

ALTER TABLE public.diario_participante_grupo ALTER COLUMN id ADD GENERATED BY DEFAULT AS IDENTITY (
    SEQUENCE NAME public.diario_participante_grupo_id_seq
    START WITH 1
    INCREMENT BY 1
    NO MINVALUE
    NO MAXVALUE
    CACHE 1
);


--
-- Name: diario_participante_id_seq; Type: SEQUENCE; Schema: public; Owner: leda
--

ALTER TABLE public.diario_participante ALTER COLUMN id ADD GENERATED BY DEFAULT AS IDENTITY (
    SEQUENCE NAME public.diario_participante_id_seq
    START WITH 1
    INCREMENT BY 1
    NO MINVALUE
    NO MAXVALUE
    CACHE 1
);


--
-- Name: diario_partilha; Type: TABLE; Schema: public; Owner: leda
--

CREATE TABLE public.diario_partilha (
    id bigint NOT NULL,
    partilha text NOT NULL,
    data timestamp with time zone,
    cuidador_id bigint,
    participante_id bigint,
    partilha_dinamizador_id bigint,
    partilha_mentor_id bigint,
    sessao_grupo_id bigint,
    ficheiro character varying(100),
    imagem character varying(100),
    aprovada boolean NOT NULL
);


ALTER TABLE public.diario_partilha OWNER TO leda;

--
-- Name: diario_partilha_id_seq; Type: SEQUENCE; Schema: public; Owner: leda
--

ALTER TABLE public.diario_partilha ALTER COLUMN id ADD GENERATED BY DEFAULT AS IDENTITY (
    SEQUENCE NAME public.diario_partilha_id_seq
    START WITH 1
    INCREMENT BY 1
    NO MINVALUE
    NO MAXVALUE
    CACHE 1
);


--
-- Name: diario_partilhagrupo; Type: TABLE; Schema: public; Owner: leda
--

CREATE TABLE public.diario_partilhagrupo (
    id bigint NOT NULL,
    descricao text NOT NULL,
    data timestamp with time zone,
    imagem character varying(100),
    ficheiro character varying(100),
    grupo_id bigint NOT NULL,
    partilha_dinamizador_id bigint,
    partilha_mentor_id bigint,
    sessao_grupo_id bigint
);


ALTER TABLE public.diario_partilhagrupo OWNER TO leda;

--
-- Name: diario_partilhagrupo_id_seq; Type: SEQUENCE; Schema: public; Owner: leda
--

ALTER TABLE public.diario_partilhagrupo ALTER COLUMN id ADD GENERATED BY DEFAULT AS IDENTITY (
    SEQUENCE NAME public.diario_partilhagrupo_id_seq
    START WITH 1
    INCREMENT BY 1
    NO MINVALUE
    NO MAXVALUE
    CACHE 1
);


--
-- Name: diario_pergunta; Type: TABLE; Schema: public; Owner: leda
--

CREATE TABLE public.diario_pergunta (
    id bigint NOT NULL,
    fase character varying(10),
    sessao_numero integer,
    ordem integer NOT NULL,
    texto character varying(200) NOT NULL
);


ALTER TABLE public.diario_pergunta OWNER TO leda;

--
-- Name: diario_pergunta_exercicio; Type: TABLE; Schema: public; Owner: leda
--

CREATE TABLE public.diario_pergunta_exercicio (
    id bigint NOT NULL,
    nome character varying(100),
    postexto character varying(100),
    tipo_resposta character varying(50) NOT NULL,
    dificuldade character varying(20) NOT NULL
);


ALTER TABLE public.diario_pergunta_exercicio OWNER TO leda;

--
-- Name: diario_pergunta_exercicio_id_seq; Type: SEQUENCE; Schema: public; Owner: leda
--

ALTER TABLE public.diario_pergunta_exercicio ALTER COLUMN id ADD GENERATED BY DEFAULT AS IDENTITY (
    SEQUENCE NAME public.diario_pergunta_exercicio_id_seq
    START WITH 1
    INCREMENT BY 1
    NO MINVALUE
    NO MAXVALUE
    CACHE 1
);


--
-- Name: diario_pergunta_exercicio_opcoes; Type: TABLE; Schema: public; Owner: leda
--

CREATE TABLE public.diario_pergunta_exercicio_opcoes (
    id bigint NOT NULL,
    pergunta_exercicio_id bigint NOT NULL,
    opcao_id bigint NOT NULL
);


ALTER TABLE public.diario_pergunta_exercicio_opcoes OWNER TO leda;

--
-- Name: diario_pergunta_exercicio_opcoes_id_seq; Type: SEQUENCE; Schema: public; Owner: leda
--

ALTER TABLE public.diario_pergunta_exercicio_opcoes ALTER COLUMN id ADD GENERATED BY DEFAULT AS IDENTITY (
    SEQUENCE NAME public.diario_pergunta_exercicio_opcoes_id_seq
    START WITH 1
    INCREMENT BY 1
    NO MINVALUE
    NO MAXVALUE
    CACHE 1
);


--
-- Name: diario_pergunta_id_seq; Type: SEQUENCE; Schema: public; Owner: leda
--

ALTER TABLE public.diario_pergunta ALTER COLUMN id ADD GENERATED BY DEFAULT AS IDENTITY (
    SEQUENCE NAME public.diario_pergunta_id_seq
    START WITH 1
    INCREMENT BY 1
    NO MINVALUE
    NO MAXVALUE
    CACHE 1
);


--
-- Name: diario_pergunta_opcoes; Type: TABLE; Schema: public; Owner: leda
--

CREATE TABLE public.diario_pergunta_opcoes (
    id bigint NOT NULL,
    pergunta_id bigint NOT NULL,
    opcao_id bigint NOT NULL
);


ALTER TABLE public.diario_pergunta_opcoes OWNER TO leda;

--
-- Name: diario_pergunta_opcoes_id_seq; Type: SEQUENCE; Schema: public; Owner: leda
--

ALTER TABLE public.diario_pergunta_opcoes ALTER COLUMN id ADD GENERATED BY DEFAULT AS IDENTITY (
    SEQUENCE NAME public.diario_pergunta_opcoes_id_seq
    START WITH 1
    INCREMENT BY 1
    NO MINVALUE
    NO MAXVALUE
    CACHE 1
);


--
-- Name: diario_presenca; Type: TABLE; Schema: public; Owner: leda
--

CREATE TABLE public.diario_presenca (
    id bigint NOT NULL,
    data timestamp with time zone,
    "tipoSessao" character varying(20),
    present boolean NOT NULL,
    faltou boolean NOT NULL,
    mode character varying(20),
    "withApp" boolean,
    descricao text,
    cuidador_id bigint,
    participante_id bigint,
    "sessaoDoGrupo_id" bigint
);


ALTER TABLE public.diario_presenca OWNER TO leda;

--
-- Name: diario_presenca_id_seq; Type: SEQUENCE; Schema: public; Owner: leda
--

ALTER TABLE public.diario_presenca ALTER COLUMN id ADD GENERATED BY DEFAULT AS IDENTITY (
    SEQUENCE NAME public.diario_presenca_id_seq
    START WITH 1
    INCREMENT BY 1
    NO MINVALUE
    NO MAXVALUE
    CACHE 1
);


--
-- Name: diario_questionario; Type: TABLE; Schema: public; Owner: leda
--

CREATE TABLE public.diario_questionario (
    id bigint NOT NULL,
    nome character varying(50) NOT NULL,
    topico character varying(300),
    concluido boolean NOT NULL,
    "continuacaoDe_id" bigint
);


ALTER TABLE public.diario_questionario OWNER TO leda;

--
-- Name: diario_questionario_id_seq; Type: SEQUENCE; Schema: public; Owner: leda
--

ALTER TABLE public.diario_questionario ALTER COLUMN id ADD GENERATED BY DEFAULT AS IDENTITY (
    SEQUENCE NAME public.diario_questionario_id_seq
    START WITH 1
    INCREMENT BY 1
    NO MINVALUE
    NO MAXVALUE
    CACHE 1
);


--
-- Name: diario_questionario_perguntas; Type: TABLE; Schema: public; Owner: leda
--

CREATE TABLE public.diario_questionario_perguntas (
    id bigint NOT NULL,
    questionario_id bigint NOT NULL,
    pergunta_id bigint NOT NULL
);


ALTER TABLE public.diario_questionario_perguntas OWNER TO leda;

--
-- Name: diario_questionario_perguntas_id_seq; Type: SEQUENCE; Schema: public; Owner: leda
--

ALTER TABLE public.diario_questionario_perguntas ALTER COLUMN id ADD GENERATED BY DEFAULT AS IDENTITY (
    SEQUENCE NAME public.diario_questionario_perguntas_id_seq
    START WITH 1
    INCREMENT BY 1
    NO MINVALUE
    NO MAXVALUE
    CACHE 1
);


--
-- Name: diario_reference; Type: TABLE; Schema: public; Owner: leda
--

CREATE TABLE public.diario_reference (
    id bigint NOT NULL,
    nome character varying(20) NOT NULL
);


ALTER TABLE public.diario_reference OWNER TO leda;

--
-- Name: diario_reference_id_seq; Type: SEQUENCE; Schema: public; Owner: leda
--

ALTER TABLE public.diario_reference ALTER COLUMN id ADD GENERATED BY DEFAULT AS IDENTITY (
    SEQUENCE NAME public.diario_reference_id_seq
    START WITH 1
    INCREMENT BY 1
    NO MINVALUE
    NO MAXVALUE
    CACHE 1
);


--
-- Name: diario_resposta; Type: TABLE; Schema: public; Owner: leda
--

CREATE TABLE public.diario_resposta (
    id bigint NOT NULL,
    resposta_escrita text,
    resposta_submetida character varying(100),
    apontamento text,
    data timestamp with time zone,
    certo boolean,
    parte_exercicio_id bigint,
    parte_grupo_id bigint,
    participante_id bigint,
    pergunta_id bigint,
    resposta_escolha_id bigint,
    sessao_grupo_id bigint
);


ALTER TABLE public.diario_resposta OWNER TO leda;

--
-- Name: diario_resposta_id_seq; Type: SEQUENCE; Schema: public; Owner: leda
--

ALTER TABLE public.diario_resposta ALTER COLUMN id ADD GENERATED BY DEFAULT AS IDENTITY (
    SEQUENCE NAME public.diario_resposta_id_seq
    START WITH 1
    INCREMENT BY 1
    NO MINVALUE
    NO MAXVALUE
    CACHE 1
);


--
-- Name: diario_sessao; Type: TABLE; Schema: public; Owner: leda
--

CREATE TABLE public.diario_sessao (
    id bigint NOT NULL,
    nome character varying(100) NOT NULL,
    "numeroSessao" integer,
    tema text,
    dinamizadores character varying(1000),
    componentes character varying(1000),
    "instrumentoAvaliacao" text,
    programa character varying(20),
    materiais character varying(100)
);


ALTER TABLE public.diario_sessao OWNER TO leda;

--
-- Name: diario_sessao_id_seq; Type: SEQUENCE; Schema: public; Owner: leda
--

ALTER TABLE public.diario_sessao ALTER COLUMN id ADD GENERATED BY DEFAULT AS IDENTITY (
    SEQUENCE NAME public.diario_sessao_id_seq
    START WITH 1
    INCREMENT BY 1
    NO MINVALUE
    NO MAXVALUE
    CACHE 1
);


--
-- Name: diario_sessaodogrupo; Type: TABLE; Schema: public; Owner: leda
--

CREATE TABLE public.diario_sessaodogrupo (
    id bigint NOT NULL,
    regime character varying(20),
    estado character varying(20),
    data timestamp with time zone,
    inicio timestamp with time zone,
    fim timestamp with time zone,
    concluido boolean NOT NULL,
    relatorio character varying(100),
    diario_bordo character varying(100),
    grupo_id bigint NOT NULL,
    parte_ativa_id bigint,
    sessao_id bigint
);


ALTER TABLE public.diario_sessaodogrupo OWNER TO leda;

--
-- Name: diario_sessaodogrupo_id_seq; Type: SEQUENCE; Schema: public; Owner: leda
--

ALTER TABLE public.diario_sessaodogrupo ALTER COLUMN id ADD GENERATED BY DEFAULT AS IDENTITY (
    SEQUENCE NAME public.diario_sessaodogrupo_id_seq
    START WITH 1
    INCREMENT BY 1
    NO MINVALUE
    NO MAXVALUE
    CACHE 1
);


--
-- Name: django_admin_log; Type: TABLE; Schema: public; Owner: leda
--

CREATE TABLE public.django_admin_log (
    id integer NOT NULL,
    action_time timestamp with time zone NOT NULL,
    object_id text,
    object_repr character varying(200) NOT NULL,
    action_flag smallint NOT NULL,
    change_message text NOT NULL,
    content_type_id integer,
    user_id integer NOT NULL,
    CONSTRAINT django_admin_log_action_flag_check CHECK ((action_flag >= 0))
);


ALTER TABLE public.django_admin_log OWNER TO leda;

--
-- Name: django_admin_log_id_seq; Type: SEQUENCE; Schema: public; Owner: leda
--

ALTER TABLE public.django_admin_log ALTER COLUMN id ADD GENERATED BY DEFAULT AS IDENTITY (
    SEQUENCE NAME public.django_admin_log_id_seq
    START WITH 1
    INCREMENT BY 1
    NO MINVALUE
    NO MAXVALUE
    CACHE 1
);


--
-- Name: django_content_type; Type: TABLE; Schema: public; Owner: leda
--

CREATE TABLE public.django_content_type (
    id integer NOT NULL,
    app_label character varying(100) NOT NULL,
    model character varying(100) NOT NULL
);


ALTER TABLE public.django_content_type OWNER TO leda;

--
-- Name: django_content_type_id_seq; Type: SEQUENCE; Schema: public; Owner: leda
--

ALTER TABLE public.django_content_type ALTER COLUMN id ADD GENERATED BY DEFAULT AS IDENTITY (
    SEQUENCE NAME public.django_content_type_id_seq
    START WITH 1
    INCREMENT BY 1
    NO MINVALUE
    NO MAXVALUE
    CACHE 1
);


--
-- Name: django_migrations; Type: TABLE; Schema: public; Owner: leda
--

CREATE TABLE public.django_migrations (
    id bigint NOT NULL,
    app character varying(255) NOT NULL,
    name character varying(255) NOT NULL,
    applied timestamp with time zone NOT NULL
);


ALTER TABLE public.django_migrations OWNER TO leda;

--
-- Name: django_migrations_id_seq; Type: SEQUENCE; Schema: public; Owner: leda
--

ALTER TABLE public.django_migrations ALTER COLUMN id ADD GENERATED BY DEFAULT AS IDENTITY (
    SEQUENCE NAME public.django_migrations_id_seq
    START WITH 1
    INCREMENT BY 1
    NO MINVALUE
    NO MAXVALUE
    CACHE 1
);


--
-- Name: django_session; Type: TABLE; Schema: public; Owner: leda
--

CREATE TABLE public.django_session (
    session_key character varying(40) NOT NULL,
    session_data text NOT NULL,
    expire_date timestamp with time zone NOT NULL
);


ALTER TABLE public.django_session OWNER TO leda;

--
-- Name: mentha_contacto; Type: TABLE; Schema: public; Owner: leda
--

CREATE TABLE public.mentha_contacto (
    id bigint NOT NULL,
    nome character varying(50) NOT NULL,
    email character varying(254) NOT NULL,
    telefone integer,
    referenciacao character varying(30) NOT NULL,
    distrito character varying(30) NOT NULL,
    assunto character varying(50) NOT NULL,
    mensagem text NOT NULL,
    data timestamp with time zone
);


ALTER TABLE public.mentha_contacto OWNER TO leda;

--
-- Name: mentha_contacto_id_seq; Type: SEQUENCE; Schema: public; Owner: leda
--

ALTER TABLE public.mentha_contacto ALTER COLUMN id ADD GENERATED BY DEFAULT AS IDENTITY (
    SEQUENCE NAME public.mentha_contacto_id_seq
    START WITH 1
    INCREMENT BY 1
    NO MINVALUE
    NO MAXVALUE
    CACHE 1
);


--
-- Name: mentha_noticia; Type: TABLE; Schema: public; Owner: leda
--

CREATE TABLE public.mentha_noticia (
    id bigint NOT NULL,
    titulo character varying(125) NOT NULL,
    texto text NOT NULL,
    data date,
    url character varying(200),
    imagem character varying(100)
);


ALTER TABLE public.mentha_noticia OWNER TO leda;

--
-- Name: mentha_noticia_id_seq; Type: SEQUENCE; Schema: public; Owner: leda
--

ALTER TABLE public.mentha_noticia ALTER COLUMN id ADD GENERATED BY DEFAULT AS IDENTITY (
    SEQUENCE NAME public.mentha_noticia_id_seq
    START WITH 1
    INCREMENT BY 1
    NO MINVALUE
    NO MAXVALUE
    CACHE 1
);


--
-- Name: protocolo_answer; Type: TABLE; Schema: public; Owner: leda
--

CREATE TABLE public.protocolo_answer (
    id bigint NOT NULL,
    text_answer text NOT NULL,
    submitted_answer character varying(100),
    quotation integer,
    notes text,
    multiple_choice_answer_id bigint,
    question_id bigint NOT NULL,
    resolution_id bigint NOT NULL
);


ALTER TABLE public.protocolo_answer OWNER TO leda;

--
-- Name: protocolo_answer_id_seq; Type: SEQUENCE; Schema: public; Owner: leda
--

ALTER TABLE public.protocolo_answer ALTER COLUMN id ADD GENERATED BY DEFAULT AS IDENTITY (
    SEQUENCE NAME public.protocolo_answer_id_seq
    START WITH 1
    INCREMENT BY 1
    NO MINVALUE
    NO MAXVALUE
    CACHE 1
);


--
-- Name: protocolo_area; Type: TABLE; Schema: public; Owner: leda
--

CREATE TABLE public.protocolo_area (
    id bigint NOT NULL,
    name character varying(250) NOT NULL,
    description character varying(1000),
    "order" integer NOT NULL
);


ALTER TABLE public.protocolo_area OWNER TO leda;

--
-- Name: protocolo_area_id_seq; Type: SEQUENCE; Schema: public; Owner: leda
--

ALTER TABLE public.protocolo_area ALTER COLUMN id ADD GENERATED BY DEFAULT AS IDENTITY (
    SEQUENCE NAME public.protocolo_area_id_seq
    START WITH 1
    INCREMENT BY 1
    NO MINVALUE
    NO MAXVALUE
    CACHE 1
);


--
-- Name: protocolo_area_part; Type: TABLE; Schema: public; Owner: leda
--

CREATE TABLE public.protocolo_area_part (
    id bigint NOT NULL,
    area_id bigint NOT NULL,
    part_id bigint NOT NULL
);


ALTER TABLE public.protocolo_area_part OWNER TO leda;

--
-- Name: protocolo_area_part_id_seq; Type: SEQUENCE; Schema: public; Owner: leda
--

ALTER TABLE public.protocolo_area_part ALTER COLUMN id ADD GENERATED BY DEFAULT AS IDENTITY (
    SEQUENCE NAME public.protocolo_area_part_id_seq
    START WITH 1
    INCREMENT BY 1
    NO MINVALUE
    NO MAXVALUE
    CACHE 1
);


--
-- Name: protocolo_dimension; Type: TABLE; Schema: public; Owner: leda
--

CREATE TABLE public.protocolo_dimension (
    id bigint NOT NULL,
    name character varying(250) NOT NULL,
    description character varying(1000),
    "order" integer NOT NULL,
    instrument_id bigint NOT NULL
);


ALTER TABLE public.protocolo_dimension OWNER TO leda;

--
-- Name: protocolo_dimension_id_seq; Type: SEQUENCE; Schema: public; Owner: leda
--

ALTER TABLE public.protocolo_dimension ALTER COLUMN id ADD GENERATED BY DEFAULT AS IDENTITY (
    SEQUENCE NAME public.protocolo_dimension_id_seq
    START WITH 1
    INCREMENT BY 1
    NO MINVALUE
    NO MAXVALUE
    CACHE 1
);


--
-- Name: protocolo_instrument; Type: TABLE; Schema: public; Owner: leda
--

CREATE TABLE public.protocolo_instrument (
    id bigint NOT NULL,
    name character varying(250) NOT NULL,
    description character varying(1000),
    "order" integer NOT NULL,
    tooltip text NOT NULL
);


ALTER TABLE public.protocolo_instrument OWNER TO leda;

--
-- Name: protocolo_instrument_area; Type: TABLE; Schema: public; Owner: leda
--

CREATE TABLE public.protocolo_instrument_area (
    id bigint NOT NULL,
    instrument_id bigint NOT NULL,
    area_id bigint NOT NULL
);


ALTER TABLE public.protocolo_instrument_area OWNER TO leda;

--
-- Name: protocolo_instrument_area_id_seq; Type: SEQUENCE; Schema: public; Owner: leda
--

ALTER TABLE public.protocolo_instrument_area ALTER COLUMN id ADD GENERATED BY DEFAULT AS IDENTITY (
    SEQUENCE NAME public.protocolo_instrument_area_id_seq
    START WITH 1
    INCREMENT BY 1
    NO MINVALUE
    NO MAXVALUE
    CACHE 1
);


--
-- Name: protocolo_instrument_id_seq; Type: SEQUENCE; Schema: public; Owner: leda
--

ALTER TABLE public.protocolo_instrument ALTER COLUMN id ADD GENERATED BY DEFAULT AS IDENTITY (
    SEQUENCE NAME public.protocolo_instrument_id_seq
    START WITH 1
    INCREMENT BY 1
    NO MINVALUE
    NO MAXVALUE
    CACHE 1
);


--
-- Name: protocolo_multiplechoicescheckbox; Type: TABLE; Schema: public; Owner: leda
--

CREATE TABLE public.protocolo_multiplechoicescheckbox (
    id bigint NOT NULL,
    name character varying(250) NOT NULL,
    description character varying(1000),
    "order" integer NOT NULL,
    answer_id bigint NOT NULL,
    choice_id bigint NOT NULL
);


ALTER TABLE public.protocolo_multiplechoicescheckbox OWNER TO leda;

--
-- Name: protocolo_multiplechoicescheckbox_id_seq; Type: SEQUENCE; Schema: public; Owner: leda
--

ALTER TABLE public.protocolo_multiplechoicescheckbox ALTER COLUMN id ADD GENERATED BY DEFAULT AS IDENTITY (
    SEQUENCE NAME public.protocolo_multiplechoicescheckbox_id_seq
    START WITH 1
    INCREMENT BY 1
    NO MINVALUE
    NO MAXVALUE
    CACHE 1
);


--
-- Name: protocolo_part; Type: TABLE; Schema: public; Owner: leda
--

CREATE TABLE public.protocolo_part (
    id bigint NOT NULL,
    name character varying(250) NOT NULL,
    description character varying(1000),
    "order" integer NOT NULL,
    part_number integer NOT NULL,
    protocol_id bigint NOT NULL,
    caderno_estimulos character varying(100)
);


ALTER TABLE public.protocolo_part OWNER TO leda;

--
-- Name: protocolo_part_id_seq; Type: SEQUENCE; Schema: public; Owner: leda
--

ALTER TABLE public.protocolo_part ALTER COLUMN id ADD GENERATED BY DEFAULT AS IDENTITY (
    SEQUENCE NAME public.protocolo_part_id_seq
    START WITH 1
    INCREMENT BY 1
    NO MINVALUE
    NO MAXVALUE
    CACHE 1
);


--
-- Name: protocolo_partedoutilizador; Type: TABLE; Schema: public; Owner: leda
--

CREATE TABLE public.protocolo_partedoutilizador (
    id bigint NOT NULL,
    data date NOT NULL,
    "time" time without time zone NOT NULL,
    concluido boolean NOT NULL,
    part_id bigint NOT NULL,
    participante_id bigint,
    cuidador_id bigint
);


ALTER TABLE public.protocolo_partedoutilizador OWNER TO leda;

--
-- Name: protocolo_partedoutilizador_id_seq; Type: SEQUENCE; Schema: public; Owner: leda
--

ALTER TABLE public.protocolo_partedoutilizador ALTER COLUMN id ADD GENERATED BY DEFAULT AS IDENTITY (
    SEQUENCE NAME public.protocolo_partedoutilizador_id_seq
    START WITH 1
    INCREMENT BY 1
    NO MINVALUE
    NO MAXVALUE
    CACHE 1
);


--
-- Name: protocolo_possibleanswer; Type: TABLE; Schema: public; Owner: leda
--

CREATE TABLE public.protocolo_possibleanswer (
    id bigint NOT NULL,
    name character varying(250) NOT NULL,
    description character varying(1000),
    "order" integer NOT NULL,
    quotation integer NOT NULL,
    image character varying(100)
);


ALTER TABLE public.protocolo_possibleanswer OWNER TO leda;

--
-- Name: protocolo_possibleanswer_id_seq; Type: SEQUENCE; Schema: public; Owner: leda
--

ALTER TABLE public.protocolo_possibleanswer ALTER COLUMN id ADD GENERATED BY DEFAULT AS IDENTITY (
    SEQUENCE NAME public.protocolo_possibleanswer_id_seq
    START WITH 1
    INCREMENT BY 1
    NO MINVALUE
    NO MAXVALUE
    CACHE 1
);


--
-- Name: protocolo_protocol; Type: TABLE; Schema: public; Owner: leda
--

CREATE TABLE public.protocolo_protocol (
    id bigint NOT NULL,
    name character varying(250) NOT NULL,
    description character varying(1000),
    "order" integer NOT NULL
);


ALTER TABLE public.protocolo_protocol OWNER TO leda;

--
-- Name: protocolo_protocol_id_seq; Type: SEQUENCE; Schema: public; Owner: leda
--

ALTER TABLE public.protocolo_protocol ALTER COLUMN id ADD GENERATED BY DEFAULT AS IDENTITY (
    SEQUENCE NAME public.protocolo_protocol_id_seq
    START WITH 1
    INCREMENT BY 1
    NO MINVALUE
    NO MAXVALUE
    CACHE 1
);


--
-- Name: protocolo_question; Type: TABLE; Schema: public; Owner: leda
--

CREATE TABLE public.protocolo_question (
    id bigint NOT NULL,
    name character varying(250) NOT NULL,
    description character varying(1000),
    "order" integer NOT NULL,
    question_type integer NOT NULL,
    instruction text NOT NULL,
    quotation_max integer NOT NULL,
    quotation_min integer NOT NULL,
    pdf_page integer NOT NULL,
    section_id bigint NOT NULL,
    CONSTRAINT protocolo_question_question_type_check CHECK ((question_type >= 0))
);


ALTER TABLE public.protocolo_question OWNER TO leda;

--
-- Name: protocolo_question_helping_images; Type: TABLE; Schema: public; Owner: leda
--

CREATE TABLE public.protocolo_question_helping_images (
    id bigint NOT NULL,
    question_id bigint NOT NULL,
    questionimage_id bigint NOT NULL
);


ALTER TABLE public.protocolo_question_helping_images OWNER TO leda;

--
-- Name: protocolo_question_helping_images_id_seq; Type: SEQUENCE; Schema: public; Owner: leda
--

ALTER TABLE public.protocolo_question_helping_images ALTER COLUMN id ADD GENERATED BY DEFAULT AS IDENTITY (
    SEQUENCE NAME public.protocolo_question_helping_images_id_seq
    START WITH 1
    INCREMENT BY 1
    NO MINVALUE
    NO MAXVALUE
    CACHE 1
);


--
-- Name: protocolo_question_id_seq; Type: SEQUENCE; Schema: public; Owner: leda
--

ALTER TABLE public.protocolo_question ALTER COLUMN id ADD GENERATED BY DEFAULT AS IDENTITY (
    SEQUENCE NAME public.protocolo_question_id_seq
    START WITH 1
    INCREMENT BY 1
    NO MINVALUE
    NO MAXVALUE
    CACHE 1
);


--
-- Name: protocolo_question_possible_answers; Type: TABLE; Schema: public; Owner: leda
--

CREATE TABLE public.protocolo_question_possible_answers (
    id bigint NOT NULL,
    question_id bigint NOT NULL,
    possibleanswer_id bigint NOT NULL
);


ALTER TABLE public.protocolo_question_possible_answers OWNER TO leda;

--
-- Name: protocolo_question_possible_answers_id_seq; Type: SEQUENCE; Schema: public; Owner: leda
--

ALTER TABLE public.protocolo_question_possible_answers ALTER COLUMN id ADD GENERATED BY DEFAULT AS IDENTITY (
    SEQUENCE NAME public.protocolo_question_possible_answers_id_seq
    START WITH 1
    INCREMENT BY 1
    NO MINVALUE
    NO MAXVALUE
    CACHE 1
);


--
-- Name: protocolo_questionimage; Type: TABLE; Schema: public; Owner: leda
--

CREATE TABLE public.protocolo_questionimage (
    id bigint NOT NULL,
    name character varying(250) NOT NULL,
    description character varying(1000) NOT NULL,
    image character varying(100) NOT NULL
);


ALTER TABLE public.protocolo_questionimage OWNER TO leda;

--
-- Name: protocolo_questionimage_id_seq; Type: SEQUENCE; Schema: public; Owner: leda
--

ALTER TABLE public.protocolo_questionimage ALTER COLUMN id ADD GENERATED BY DEFAULT AS IDENTITY (
    SEQUENCE NAME public.protocolo_questionimage_id_seq
    START WITH 1
    INCREMENT BY 1
    NO MINVALUE
    NO MAXVALUE
    CACHE 1
);


--
-- Name: protocolo_report; Type: TABLE; Schema: public; Owner: leda
--

CREATE TABLE public.protocolo_report (
    id bigint NOT NULL,
    abvd_evaluation text,
    abvd_atividades_corporais_quotation integer,
    abvd_atividades_motoras_quotation integer,
    abvd_atividades_sensoriais_quotation integer,
    abvd_atividades_mentais_quotation integer,
    aivd_evaluation text,
    aivd_utilizacao_telefone_quotation integer,
    aivd_fazer_compras_quotation integer,
    aivd_preparacao_refeicoes_quotation integer,
    aivd_tarefas_domesticas_quotation integer,
    aivd_lavar_roupa_quotation integer,
    aivd_utilizar_transportes_quotation integer,
    aivd_manejo_mediacao_quotation integer,
    aivd_responsabilidades_financeiras_quotation integer,
    bsi_igs integer,
    bsi_tsp integer,
    bsi_isp integer,
    bsi_somatizacao integer,
    bsi_obssessivo_compulsivo integer,
    bsi_depressao integer,
    bsi_sensibilidade_interpessoal integer,
    bsi_ansiedade integer,
    bsi_hostilidade integer,
    bsi_ansiedade_fobica integer,
    bsi_paranoide integer,
    bsi_psicoticismo integer,
    acer_evaluation text,
    acer_atencao_orientacao_quotation integer,
    acer_memoria_quotation integer,
    acer_fluencia_quotation integer,
    acer_linguagem_quotation integer,
    acer_visuo_espacial_quotation integer,
    mmse_evaluation text,
    mmse_atencao_orientacao_quotation integer,
    mmse_memoria_quotation integer,
    mmse_lingua_quotation integer,
    mmse_visuo_espacial_quotation integer,
    ac_memoria_visual_imediata_quotation integer,
    ac_memoria_diferida_quotation integer,
    ac_atencao_mantida_quotation integer,
    ac_compreensao_instrucoes_quotation integer,
    ac_abstracao_verbal_quotation integer,
    ac_atencao_dividida_quotation integer,
    ac_orientacao_esq_dir_quotation integer,
    panas_interessado text,
    panas_nervoso text,
    panas_entusiasmado text,
    panas_amedrontado text,
    panas_inspirado text,
    panas_ativo text,
    panas_assustado text,
    panas_culpado text,
    panas_determinado text,
    panas_atormentado text,
    hads_estado_ansiedade_evaluation text,
    hads_estado_ansiedade_quotation integer,
    hads_estado_depressao_evaluation text,
    hads_estado_depressao_quotation integer,
    gds_nivel integer,
    gds_text text,
    resolution_id bigint NOT NULL,
    word character varying(100),
    json jsonb NOT NULL
);


ALTER TABLE public.protocolo_report OWNER TO leda;

--
-- Name: protocolo_report_id_seq; Type: SEQUENCE; Schema: public; Owner: leda
--

ALTER TABLE public.protocolo_report ALTER COLUMN id ADD GENERATED BY DEFAULT AS IDENTITY (
    SEQUENCE NAME public.protocolo_report_id_seq
    START WITH 1
    INCREMENT BY 1
    NO MINVALUE
    NO MAXVALUE
    CACHE 1
);


--
-- Name: protocolo_resolution; Type: TABLE; Schema: public; Owner: leda
--

CREATE TABLE public.protocolo_resolution (
    id bigint NOT NULL,
    date timestamp with time zone NOT NULL,
    statistics jsonb NOT NULL,
    doctor_id integer,
    part_id bigint,
    patient_id bigint,
    cuidador_id bigint
);


ALTER TABLE public.protocolo_resolution OWNER TO leda;

--
-- Name: protocolo_resolution_id_seq; Type: SEQUENCE; Schema: public; Owner: leda
--

ALTER TABLE public.protocolo_resolution ALTER COLUMN id ADD GENERATED BY DEFAULT AS IDENTITY (
    SEQUENCE NAME public.protocolo_resolution_id_seq
    START WITH 1
    INCREMENT BY 1
    NO MINVALUE
    NO MAXVALUE
    CACHE 1
);


--
-- Name: protocolo_risk; Type: TABLE; Schema: public; Owner: leda
--

CREATE TABLE public.protocolo_risk (
    id bigint NOT NULL,
    idade integer NOT NULL,
    sexo character varying(10) NOT NULL,
    peso double precision NOT NULL,
    altura character varying(10) NOT NULL,
    imc integer NOT NULL,
    pressao_arterial integer NOT NULL,
    colestrol_total double precision NOT NULL,
    colestrol_hdl double precision NOT NULL,
    colestrol_nao_hdl double precision NOT NULL,
    hemoglobina_gliciada double precision NOT NULL,
    fumador character varying(100),
    diabetes boolean NOT NULL,
    anos_diabetes integer NOT NULL,
    avc boolean NOT NULL,
    enfarte boolean NOT NULL,
    doenca_rins boolean NOT NULL,
    doenca_pernas boolean NOT NULL,
    hipercolestrol boolean NOT NULL,
    data_atual date NOT NULL,
    comentario2 character varying(200) NOT NULL,
    comentario character varying(200) NOT NULL,
    risco_de_enfarte integer,
    relatorio character varying(100),
    relatorio_word character varying(100),
    concluido boolean NOT NULL,
    "parteDoUtilizador_id" bigint,
    pat_id character varying(100) NOT NULL,
    horas_jejum integer NOT NULL,
    batimentos integer NOT NULL,
    cholhdl double precision NOT NULL,
    ldl integer NOT NULL,
    tg integer NOT NULL,
    doenca_cognitiva boolean NOT NULL,
    pre_diabetico boolean NOT NULL,
    recomendacoes text NOT NULL,
    eag_hba1 double precision NOT NULL,
    ifcc_hba1 double precision NOT NULL,
    ngsp_hba1 double precision NOT NULL,
    pergunta_cardiovascular character varying(100) NOT NULL,
    pat_id_v2 character varying(100) NOT NULL,
    pressao_arterial_diastolica integer NOT NULL,
    CONSTRAINT protocolo_risk_idade_check CHECK ((idade >= 0))
);


ALTER TABLE public.protocolo_risk OWNER TO leda;

--
-- Name: protocolo_risk_id_seq; Type: SEQUENCE; Schema: public; Owner: leda
--

ALTER TABLE public.protocolo_risk ALTER COLUMN id ADD GENERATED BY DEFAULT AS IDENTITY (
    SEQUENCE NAME public.protocolo_risk_id_seq
    START WITH 1
    INCREMENT BY 1
    NO MINVALUE
    NO MAXVALUE
    CACHE 1
);


--
-- Name: protocolo_section; Type: TABLE; Schema: public; Owner: leda
--

CREATE TABLE public.protocolo_section (
    id bigint NOT NULL,
    name character varying(250) NOT NULL,
    description character varying(1000),
    "order" integer NOT NULL,
    dimension_id bigint NOT NULL
);


ALTER TABLE public.protocolo_section OWNER TO leda;

--
-- Name: protocolo_section_id_seq; Type: SEQUENCE; Schema: public; Owner: leda
--

ALTER TABLE public.protocolo_section ALTER COLUMN id ADD GENERATED BY DEFAULT AS IDENTITY (
    SEQUENCE NAME public.protocolo_section_id_seq
    START WITH 1
    INCREMENT BY 1
    NO MINVALUE
    NO MAXVALUE
    CACHE 1
);


--
-- Name: protocolo_textinputanswer; Type: TABLE; Schema: public; Owner: leda
--

CREATE TABLE public.protocolo_textinputanswer (
    id bigint NOT NULL,
    seconds integer,
    text text,
    answer_id bigint NOT NULL
);


ALTER TABLE public.protocolo_textinputanswer OWNER TO leda;

--
-- Name: protocolo_textinputanswer_id_seq; Type: SEQUENCE; Schema: public; Owner: leda
--

ALTER TABLE public.protocolo_textinputanswer ALTER COLUMN id ADD GENERATED BY DEFAULT AS IDENTITY (
    SEQUENCE NAME public.protocolo_textinputanswer_id_seq
    START WITH 1
    INCREMENT BY 1
    NO MINVALUE
    NO MAXVALUE
    CACHE 1
);


--
-- Data for Name: auth_group; Type: TABLE DATA; Schema: public; Owner: leda
--

COPY public.auth_group (id, name) FROM stdin;
1	Administrador
2	Avaliador
3	Avaliador-Risk
4	Cuidador
5	Dinamizador
7	Mentor
6	Participante
\.


--
-- Data for Name: auth_group_permissions; Type: TABLE DATA; Schema: public; Owner: leda
--

COPY public.auth_group_permissions (id, group_id, permission_id) FROM stdin;
2233	1	1
2234	1	2
2235	1	3
2236	1	4
2237	1	5
2238	1	6
2239	1	7
2240	1	8
2241	1	9
2242	1	10
2243	1	11
2244	1	12
2245	1	13
2246	1	14
2247	1	15
2248	1	16
2249	1	17
2250	1	18
2251	1	19
2252	1	20
2253	1	21
2254	1	22
2255	1	23
2256	1	24
2257	1	25
2258	1	26
2259	1	27
2260	1	28
2261	1	29
2262	1	30
2263	1	31
2264	1	32
2265	1	33
2266	1	34
2267	1	35
2268	1	36
2269	1	37
2270	1	38
2271	1	39
2272	1	40
2273	1	41
2274	1	42
2275	1	43
2276	1	44
2277	1	45
2278	1	46
2279	1	47
2280	1	48
2281	1	49
2282	1	50
2283	1	51
2284	1	52
2285	1	53
2286	1	54
2287	1	55
2288	1	56
2289	1	57
2290	1	58
2291	1	59
2292	1	60
2293	1	61
2294	1	62
2295	1	63
2296	1	64
2297	1	65
2298	1	66
2299	1	67
2300	1	68
2301	1	69
2302	1	70
2303	1	71
2304	1	72
2305	1	73
2306	1	74
2307	1	75
2308	1	76
2309	1	77
2310	1	78
2311	1	79
2312	1	80
2313	1	81
2314	1	82
2315	1	83
2316	1	84
2317	1	85
2318	1	86
2319	1	87
2320	1	88
2321	1	89
2322	1	90
2323	1	91
2324	1	92
2325	1	93
2326	1	94
2327	1	95
2328	1	96
2329	1	97
2330	1	98
2331	1	99
2332	1	100
2333	1	101
2334	1	102
2335	1	103
2336	1	104
2337	1	105
2338	1	106
2339	1	107
2340	1	108
2341	1	109
2342	1	110
2343	1	111
2344	1	112
2345	1	113
2346	1	114
2347	1	115
2348	1	116
2349	1	117
2350	1	118
2351	1	119
2352	1	120
2353	1	121
2354	1	122
2355	1	123
2356	1	124
2357	1	125
2358	1	126
2359	1	127
2360	1	128
2361	1	129
2362	1	130
2363	1	131
2364	1	132
2365	1	133
2366	1	134
2367	1	135
2368	1	136
2369	1	137
2370	1	138
2371	1	139
2372	1	140
2373	1	141
2374	1	142
2375	1	143
2376	1	144
2377	1	145
2378	1	146
2379	1	147
2380	1	148
2381	1	149
2382	1	150
2383	1	151
2384	1	152
2385	1	153
2386	1	154
2387	1	155
2388	1	156
2389	1	157
2390	1	158
2391	1	159
2392	1	160
2393	1	161
2394	1	162
2395	1	163
2396	1	164
2397	1	165
2398	1	166
2399	1	167
2400	1	168
2401	1	169
2402	1	170
2403	1	171
2404	1	172
2405	1	173
2406	1	174
2407	1	175
2408	1	176
2409	1	177
2410	1	178
2411	1	179
2412	1	180
2413	1	181
2414	1	182
2415	1	183
2416	1	184
2417	1	185
2418	1	186
2419	1	187
2420	1	188
2421	1	189
2422	1	190
2423	1	191
2424	1	192
2425	1	193
2426	1	194
2427	1	195
2428	1	196
2429	1	197
2430	1	198
2431	1	199
2432	1	200
2433	1	201
2434	1	202
2435	1	203
2436	1	204
2437	1	205
2438	1	206
2439	1	207
2440	1	208
2441	1	209
2442	1	210
2443	1	211
2444	1	212
2445	1	213
2446	1	214
2447	1	215
2448	1	216
2449	1	217
2450	1	218
2451	1	219
2452	1	220
2453	1	221
2454	1	222
2455	1	223
2456	1	224
2457	1	225
2458	1	226
2459	1	227
2460	1	228
2461	1	229
2462	1	230
2463	1	231
2464	1	232
2489	2	25
2490	2	26
2491	2	27
2492	2	28
2493	2	29
2494	2	30
2495	2	31
2496	2	32
2497	2	33
2498	2	34
2499	2	35
2500	2	36
2501	2	37
2502	2	38
2503	2	39
2504	2	40
2505	2	41
2506	2	42
2507	2	43
2508	2	44
2509	2	45
2510	2	46
2511	2	47
2512	2	48
2513	2	49
2514	2	50
2515	2	51
2516	2	52
2517	2	53
2518	2	54
2519	2	55
2520	2	56
2521	2	57
2522	2	58
2523	2	59
2524	2	60
2525	2	61
2526	2	62
2527	2	63
2528	2	64
2529	2	65
2530	2	66
2531	2	67
2532	2	68
2533	2	69
2534	2	70
2535	2	71
2536	2	72
2537	2	73
2538	2	74
2539	2	75
2540	2	76
2541	2	77
2542	2	78
2543	2	79
2544	2	80
2545	2	81
2546	2	82
2547	2	83
2548	2	84
2549	2	85
2550	2	86
2551	2	87
2552	2	88
2553	2	89
2554	2	90
2555	2	91
2556	2	92
2557	2	93
2558	2	94
2559	2	95
2560	2	96
2561	2	97
2562	2	98
2563	2	99
2564	2	100
2565	2	101
2566	2	102
2567	2	103
2568	2	104
2569	2	105
2570	2	106
2571	2	107
2572	2	108
2573	2	109
2574	2	110
2575	2	111
2576	2	112
2577	2	113
2578	2	114
2579	2	115
2580	2	116
2581	2	117
2582	2	118
2583	2	119
2584	2	120
2585	2	121
2586	2	122
2587	2	123
2588	2	124
2589	2	125
2590	2	126
2591	2	127
2592	2	128
2593	2	129
2594	2	130
2595	2	131
2596	2	132
2597	2	133
2598	2	134
2599	2	135
2600	2	136
2601	2	137
2602	2	138
2603	2	139
2604	2	140
2605	2	141
2606	2	142
2607	2	143
2608	2	144
2609	2	145
2610	2	146
2611	2	147
2612	2	148
2613	2	149
2614	2	150
2615	2	151
2616	2	152
2617	2	153
2618	2	154
2619	2	155
2620	2	156
2621	2	157
2622	2	158
2623	2	159
2624	2	160
2625	2	161
2626	2	162
2627	2	163
2628	2	164
2629	2	165
2630	2	166
2631	2	167
2632	2	168
2633	2	169
2634	2	170
2635	2	171
2636	2	172
2637	2	173
2638	2	174
2639	2	175
2640	2	176
2641	2	177
2642	2	178
2643	2	179
2644	2	180
2645	2	181
2646	2	182
2647	2	183
2648	2	184
2649	2	185
2650	2	186
2651	2	187
2652	2	188
2653	2	189
2654	2	190
2655	2	191
2656	2	192
2657	2	193
2658	2	194
2659	2	195
2660	2	196
2661	2	197
2662	2	198
2663	2	199
2664	2	200
2665	2	201
2666	2	202
2667	2	203
2668	2	204
2669	2	205
2670	2	206
2671	2	207
2672	2	208
2673	2	209
2674	2	210
2675	2	211
2676	2	212
2677	2	213
2678	2	214
2679	2	215
2680	2	216
2681	2	217
2682	2	218
2683	2	219
2684	2	220
2685	2	221
2686	2	222
2687	2	223
2688	2	224
2689	2	225
2690	2	226
2691	2	227
2692	2	228
2693	2	229
2694	2	230
2695	2	231
2696	2	232
2721	3	25
2722	3	26
2723	3	27
2724	3	28
2725	3	29
2726	3	30
2727	3	31
2728	3	32
2729	3	33
2730	3	34
2731	3	35
2732	3	36
2733	3	37
2734	3	38
2735	3	39
2736	3	40
2737	3	41
2738	3	42
2739	3	43
2740	3	44
2741	3	45
2742	3	46
2743	3	47
2744	3	48
2745	3	49
2746	3	50
2747	3	51
2748	3	52
2749	3	53
2750	3	54
2751	3	55
2752	3	56
2753	3	57
2754	3	58
2755	3	59
2756	3	60
2757	3	61
2758	3	62
2759	3	63
2760	3	64
2761	3	65
2762	3	66
2763	3	67
2764	3	68
2765	3	69
2766	3	70
2767	3	71
2768	3	72
2769	3	73
2770	3	74
2771	3	75
2772	3	76
2773	3	77
2774	3	78
2775	3	79
2776	3	80
2777	3	81
2778	3	82
2779	3	83
2780	3	84
2781	3	85
2782	3	86
2783	3	87
2784	3	88
2785	3	89
2786	3	90
2787	3	91
2788	3	92
2789	3	93
2790	3	94
2791	3	95
2792	3	96
2793	3	97
2794	3	98
2795	3	99
2796	3	100
2797	3	101
2798	3	102
2799	3	103
2800	3	104
2801	3	105
2802	3	106
2803	3	107
2804	3	108
2805	3	109
2806	3	110
2807	3	111
2808	3	112
2809	3	113
2810	3	114
2811	3	115
2812	3	116
2813	3	117
2814	3	118
2815	3	119
2816	3	120
2817	3	121
2818	3	122
2819	3	123
2820	3	124
2821	3	125
2822	3	126
2823	3	127
2824	3	128
2825	3	129
2826	3	130
2827	3	131
2828	3	132
2829	3	133
2830	3	134
2831	3	135
2832	3	136
2833	3	137
2834	3	138
2835	3	139
2836	3	140
2837	3	141
2838	3	142
2839	3	143
2840	3	144
2841	3	145
2842	3	146
2843	3	147
2844	3	148
2845	3	149
2846	3	150
2847	3	151
2848	3	152
2849	3	153
2850	3	154
2851	3	155
2852	3	156
2853	3	157
2854	3	158
2855	3	159
2856	3	160
2857	3	161
2858	3	162
2859	3	163
2860	3	164
2861	3	165
2862	3	166
2863	3	167
2864	3	168
2865	3	169
2866	3	170
2867	3	171
2868	3	172
2869	3	173
2870	3	174
2871	3	175
2872	3	176
2873	3	177
2874	3	178
2875	3	179
2876	3	180
2877	3	181
2878	3	182
2879	3	183
2880	3	184
2881	3	185
2882	3	186
2883	3	187
2884	3	188
2885	3	189
2886	3	190
2887	3	191
2888	3	192
2889	3	193
2890	3	194
2891	3	195
2892	3	196
2893	3	197
2894	3	198
2895	3	199
2896	3	200
2897	3	201
2898	3	202
2899	3	203
2900	3	204
2901	3	205
2902	3	206
2903	3	207
2904	3	208
2905	3	209
2906	3	210
2907	3	211
2908	3	212
2909	3	213
2910	3	214
2911	3	215
2912	3	216
2913	3	217
2914	3	218
2915	3	219
2916	3	220
2917	3	221
2918	3	222
2919	3	223
2920	3	224
2921	3	225
2922	3	226
2923	3	227
2924	3	228
2925	3	229
2926	3	230
2927	3	231
2928	3	232
2953	4	25
2954	4	26
2955	4	27
2956	4	28
2957	4	29
2958	4	30
2959	4	31
2960	4	32
2961	4	33
2962	4	34
2963	4	35
2964	4	36
2965	4	37
2966	4	38
2967	4	39
2968	4	40
2969	4	41
2970	4	42
2971	4	43
2972	4	44
2973	4	45
2974	4	46
2975	4	47
2976	4	48
2977	4	49
2978	4	50
2979	4	51
2980	4	52
2981	4	53
2982	4	54
2983	4	55
2984	4	56
2985	4	57
2986	4	58
2987	4	59
2988	4	60
2989	4	61
2990	4	62
2991	4	63
2992	4	64
2993	4	65
2994	4	66
2995	4	67
2996	4	68
2997	4	69
2998	4	70
2999	4	71
3000	4	72
3001	4	73
3002	4	74
3003	4	75
3004	4	76
3005	4	77
3006	4	78
3007	4	79
3008	4	80
3009	4	81
3010	4	82
3011	4	83
3012	4	84
3013	4	85
3014	4	86
3015	4	87
3016	4	88
3017	4	89
3018	4	90
3019	4	91
3020	4	92
3021	4	93
3022	4	94
3023	4	95
3024	4	96
3025	4	97
3026	4	98
3027	4	99
3028	4	100
3029	4	101
3030	4	102
3031	4	103
3032	4	104
3033	4	105
3034	4	106
3035	4	107
3036	4	108
3037	4	109
3038	4	110
3039	4	111
3040	4	112
3041	4	113
3042	4	114
3043	4	115
3044	4	116
3045	4	117
3046	4	118
3047	4	119
3048	4	120
3049	4	121
3050	4	122
3051	4	123
3052	4	124
3053	4	125
3054	4	126
3055	4	127
3056	4	128
3057	4	129
3058	4	130
3059	4	131
3060	4	132
3061	4	133
3062	4	134
3063	4	135
3064	4	136
3065	4	137
3066	4	138
3067	4	139
3068	4	140
3069	4	141
3070	4	142
3071	4	143
3072	4	144
3073	4	145
3074	4	146
3075	4	147
3076	4	148
3077	4	149
3078	4	150
3079	4	151
3080	4	152
3081	4	153
3082	4	154
3083	4	155
3084	4	156
3085	4	157
3086	4	158
3087	4	159
3088	4	160
3089	4	161
3090	4	162
3091	4	163
3092	4	164
3093	4	165
3094	4	166
3095	4	167
3096	4	168
3097	4	169
3098	4	170
3099	4	171
3100	4	172
3101	4	173
3102	4	174
3103	4	175
3104	4	176
3105	4	177
3106	4	178
3107	4	179
3108	4	180
3109	4	181
3110	4	182
3111	4	183
3112	4	184
3113	4	185
3114	4	186
3115	4	187
3116	4	188
3117	4	189
3118	4	190
3119	4	191
3120	4	192
3121	4	193
3122	4	194
3123	4	195
3124	4	196
3125	4	197
3126	4	198
3127	4	199
3128	4	200
3129	4	201
3130	4	202
3131	4	203
3132	4	204
3133	4	205
3134	4	206
3135	4	207
3136	4	208
3137	4	209
3138	4	210
3139	4	211
3140	4	212
3141	4	213
3142	4	214
3143	4	215
3144	4	216
3145	4	217
3146	4	218
3147	4	219
3148	4	220
3149	4	221
3150	4	222
3151	4	223
3152	4	224
3153	4	225
3154	4	226
3155	4	227
3156	4	228
3157	4	229
3158	4	230
3159	4	231
3160	4	232
3181	5	21
3182	5	22
3183	5	23
3185	5	25
3186	5	26
3187	5	27
3188	5	28
3189	5	29
3190	5	30
3191	5	31
3192	5	32
3193	5	33
3194	5	34
3195	5	35
3196	5	36
3197	5	37
3198	5	38
3199	5	39
3200	5	40
3201	5	41
3202	5	42
3203	5	43
3204	5	44
3205	5	45
3206	5	46
3207	5	47
3208	5	48
3209	5	49
3210	5	50
3211	5	51
3212	5	52
3213	5	53
3214	5	54
3215	5	55
3216	5	56
3217	5	57
3218	5	58
3219	5	59
3220	5	60
3221	5	61
3222	5	62
3223	5	63
3224	5	64
3225	5	65
3226	5	66
3227	5	67
3228	5	68
3229	5	69
3230	5	70
3231	5	71
3232	5	72
3233	5	73
3234	5	74
3235	5	75
3236	5	76
3237	5	77
3238	5	78
3239	5	79
3240	5	80
3241	5	81
3242	5	82
3243	5	83
3244	5	84
3245	5	85
3246	5	86
3247	5	87
3248	5	88
3249	5	89
3250	5	90
3251	5	91
3252	5	92
3253	5	93
3254	5	94
3255	5	95
3256	5	96
3257	5	97
3258	5	98
3259	5	99
3260	5	100
3261	5	101
3262	5	102
3263	5	103
3264	5	104
3265	5	105
3266	5	106
3267	5	107
3268	5	108
3269	5	109
3270	5	110
3271	5	111
3272	5	112
3273	5	113
3274	5	114
3275	5	115
3276	5	116
3277	5	117
3278	5	118
3279	5	119
3280	5	120
3281	5	121
3282	5	122
3283	5	123
3284	5	124
3285	5	125
3286	5	126
3287	5	127
3288	5	128
3289	5	129
3290	5	130
3291	5	131
3292	5	132
3293	5	133
3294	5	134
3295	5	135
3296	5	136
3297	5	137
3298	5	138
3299	5	139
3300	5	140
3301	5	141
3302	5	142
3303	5	143
3304	5	144
3305	5	145
3306	5	146
3307	5	147
3308	5	148
3309	5	149
3310	5	150
3311	5	151
3312	5	152
3313	5	153
3314	5	154
3315	5	155
3316	5	156
3317	5	157
3318	5	158
3319	5	159
3320	5	160
3321	5	161
3322	5	162
3323	5	163
3324	5	164
3325	5	165
3326	5	166
3327	5	167
3328	5	168
3329	5	169
3330	5	170
3331	5	171
3332	5	172
3333	5	173
3334	5	174
3335	5	175
3336	5	176
3337	5	177
3338	5	178
3339	5	179
3340	5	180
3341	5	181
3342	5	182
3343	5	183
3344	5	184
3345	5	185
3346	5	186
3347	5	187
3348	5	188
3349	5	189
3350	5	190
3351	5	191
3352	5	192
3353	5	193
3354	5	194
3355	5	195
3356	5	196
3357	5	197
3358	5	198
3359	5	199
3360	5	200
3361	5	201
3362	5	202
3363	5	203
3364	5	204
3365	5	205
3366	5	206
3367	5	207
3368	5	208
3369	5	209
3370	5	210
3371	5	211
3372	5	212
3373	5	213
3374	5	214
3375	5	215
3376	5	216
3377	5	217
3378	5	218
3379	5	219
3380	5	220
3381	5	221
3382	5	222
3383	5	223
3384	5	224
3385	5	225
3386	5	226
3387	5	227
3388	5	228
3389	5	229
3390	5	230
3391	5	231
3392	5	232
3413	6	21
3414	6	22
3415	6	23
3416	6	24
3417	6	25
3418	6	26
3419	6	27
3420	6	28
3421	6	29
3422	6	30
3423	6	31
3424	6	32
3425	6	33
3426	6	34
3427	6	35
3428	6	36
3429	6	37
3430	6	38
3431	6	39
3432	6	40
3433	6	41
3434	6	42
3435	6	43
3436	6	44
3437	6	45
3438	6	46
3439	6	47
3440	6	48
3441	6	49
3442	6	50
3443	6	51
3444	6	52
3445	6	53
3446	6	54
3447	6	55
3448	6	56
3449	6	57
3450	6	58
3451	6	59
3452	6	60
3453	6	61
3454	6	62
3455	6	63
3456	6	64
3457	6	65
3458	6	66
3459	6	67
3460	6	68
3461	6	69
3462	6	70
3463	6	71
3464	6	72
3465	6	73
3466	6	74
3467	6	75
3468	6	76
3469	6	77
3470	6	78
3471	6	79
3472	6	80
3473	6	81
3474	6	82
3475	6	83
3476	6	84
3477	6	85
3478	6	86
3479	6	87
3480	6	88
3481	6	89
3482	6	90
3483	6	91
3484	6	92
3485	6	93
3486	6	94
3487	6	95
3488	6	96
3489	6	97
3490	6	98
3491	6	99
3492	6	100
3493	6	101
3494	6	102
3495	6	103
3496	6	104
3497	6	105
3498	6	106
3499	6	107
3500	6	108
3501	6	109
3502	6	110
3503	6	111
3504	6	112
3505	6	113
3506	6	114
3507	6	115
3508	6	116
3509	6	117
3510	6	118
3511	6	119
3512	6	120
3513	6	121
3514	6	122
3515	6	123
3516	6	124
3517	6	125
3518	6	126
3519	6	127
3520	6	128
3521	6	129
3522	6	130
3523	6	131
3524	6	132
3525	6	133
3526	6	134
3527	6	135
3528	6	136
3529	6	137
3530	6	138
3531	6	139
3532	6	140
3533	6	141
3534	6	142
3535	6	143
3536	6	144
3537	6	145
3538	6	146
3539	6	147
3540	6	148
3541	6	149
3542	6	150
3543	6	151
3544	6	152
3545	6	153
3546	6	154
3547	6	155
3548	6	156
3549	6	157
3550	6	158
3551	6	159
3552	6	160
3553	6	161
3554	6	162
3555	6	163
3556	6	164
3557	6	165
3558	6	166
3559	6	167
3560	6	168
3561	6	169
3562	6	170
3563	6	171
3564	6	172
3565	6	173
3566	6	174
3567	6	175
3568	6	176
3569	6	177
3570	6	178
3571	6	179
3572	6	180
3573	6	181
3574	6	182
3575	6	183
3576	6	184
3577	6	185
3578	6	186
3579	6	187
3580	6	188
3581	6	189
3582	6	190
3583	6	191
3584	6	192
3585	6	193
3586	6	194
3587	6	195
3588	6	196
3589	6	197
3590	6	198
3591	6	199
3592	6	200
3593	6	201
3594	6	202
3595	6	203
3596	6	204
3597	6	205
3598	6	206
3599	6	207
3600	6	208
3601	6	209
3602	6	210
3603	6	211
3604	6	212
3605	6	213
3606	6	214
3607	6	215
3608	6	216
3609	6	217
3610	6	218
3611	6	219
3612	6	220
3613	6	221
3614	6	222
3615	6	223
3616	6	224
3617	6	225
3618	6	226
3619	6	227
3620	6	228
3621	6	229
3622	6	230
3623	6	231
3624	6	232
3625	1	233
3626	1	234
3627	1	235
3628	1	236
3629	1	237
3630	1	238
3631	1	239
3632	1	240
3633	1	241
3634	1	242
3635	1	243
3636	1	244
3637	2	233
3638	2	234
3639	2	235
3640	2	236
3641	2	237
3642	2	238
3643	2	239
3644	2	240
3645	2	241
3646	2	242
3647	2	243
3648	2	244
3649	3	233
3650	3	234
3651	3	235
3652	3	236
3653	3	237
3654	3	238
3655	3	239
3656	3	240
3657	3	241
3658	3	242
3659	3	243
3660	3	244
3661	4	233
3662	4	234
3663	4	235
3664	4	236
3665	4	237
3666	4	238
3667	4	239
3668	4	240
3669	4	241
3670	4	242
3671	4	243
3672	4	244
3673	5	233
3674	5	234
3675	5	235
3676	5	236
3677	5	237
3678	5	238
3679	5	239
3680	5	240
3681	5	241
3682	5	242
3683	5	243
3684	5	244
3685	7	25
3686	7	26
3687	7	27
3688	7	28
3689	7	29
3690	7	30
3691	7	31
3692	7	32
3693	7	33
3694	7	34
3695	7	35
3696	7	36
3697	7	37
3698	7	38
3699	7	39
3700	7	40
3701	7	41
3702	7	42
3703	7	43
3704	7	44
3705	7	45
3706	7	46
3707	7	47
3708	7	48
3709	7	49
3710	7	50
3711	7	51
3712	7	52
3713	7	53
3714	7	54
3715	7	55
3716	7	56
3717	7	57
3718	7	58
3719	7	59
3720	7	60
3721	7	61
3722	7	62
3723	7	63
3724	7	64
3725	7	65
3726	7	66
3727	7	67
3728	7	68
3729	7	69
3730	7	70
3731	7	71
3732	7	72
3733	7	73
3734	7	74
3735	7	75
3736	7	76
3737	7	77
3738	7	78
3739	7	79
3740	7	80
3741	7	81
3742	7	82
3743	7	83
3744	7	84
3745	7	85
3746	7	86
3747	7	87
3748	7	88
3749	7	89
3750	7	90
3751	7	91
3752	7	92
3753	7	93
3754	7	94
3755	7	95
3756	7	96
3757	7	97
3758	7	98
3759	7	99
3760	7	100
3761	7	101
3762	7	102
3763	7	103
3764	7	104
3765	7	105
3766	7	106
3767	7	107
3768	7	108
3769	7	109
3770	7	110
3771	7	111
3772	7	112
3773	7	113
3774	7	114
3775	7	115
3776	7	116
3777	7	117
3778	7	118
3779	7	119
3780	7	120
3781	7	121
3782	7	122
3783	7	123
3784	7	124
3785	7	125
3786	7	126
3787	7	127
3788	7	128
3789	7	129
3790	7	130
3791	7	131
3792	7	132
3793	7	133
3794	7	134
3795	7	135
3796	7	136
3797	7	137
3798	7	138
3799	7	139
3800	7	140
3801	7	141
3802	7	142
3803	7	143
3804	7	144
3805	7	145
3806	7	146
3807	7	147
3808	7	148
3809	7	149
3810	7	150
3811	7	151
3812	7	152
3813	7	153
3814	7	154
3815	7	155
3816	7	156
3817	7	157
3818	7	158
3819	7	159
3820	7	160
3821	7	161
3822	7	162
3823	7	163
3824	7	164
3825	7	165
3826	7	166
3827	7	167
3828	7	168
3829	7	169
3830	7	170
3831	7	171
3832	7	172
3833	7	173
3834	7	174
3835	7	175
3836	7	176
3837	7	177
3838	7	178
3839	7	179
3840	7	180
3841	7	181
3842	7	182
3843	7	183
3844	7	184
3845	7	185
3846	7	186
3847	7	187
3848	7	188
3849	7	189
3850	7	190
3851	7	191
3852	7	192
3853	7	193
3854	7	194
3855	7	195
3856	7	196
3857	7	197
3858	7	198
3859	7	199
3860	7	200
3861	7	201
3862	7	202
3863	7	203
3864	7	204
3865	7	205
3866	7	206
3867	7	207
3868	7	208
3869	7	209
3870	7	210
3871	7	211
3872	7	212
3873	7	213
3874	7	214
3875	7	215
3876	7	216
3877	7	217
3878	7	218
3879	7	219
3880	7	220
3881	7	221
3882	7	222
3883	7	223
3884	7	224
3885	7	225
3886	7	226
3887	7	227
3888	7	228
3889	7	229
3890	7	230
3891	7	231
3892	7	232
3893	7	233
3894	7	234
3895	7	235
3896	7	236
3897	7	237
3898	7	238
3899	7	239
3900	7	240
3901	7	241
3902	7	242
3903	7	243
3904	7	244
3905	6	233
3906	6	234
3907	6	235
3908	6	236
3909	6	237
3910	6	238
3911	6	239
3912	6	240
3913	6	241
3914	6	242
3915	6	243
3916	6	244
\.


--
-- Data for Name: auth_permission; Type: TABLE DATA; Schema: public; Owner: leda
--

COPY public.auth_permission (id, name, content_type_id, codename) FROM stdin;
29	Can add cuidador	8	add_cuidador
30	Can change cuidador	8	change_cuidador
31	Can delete cuidador	8	delete_cuidador
32	Can view cuidador	8	view_cuidador
34	Can change dinamizador convidado	9	change_dinamizadorconvidado
35	Can delete dinamizador convidado	9	delete_dinamizadorconvidado
36	Can view dinamizador convidado	9	view_dinamizadorconvidado
37	Can add doenca	10	add_doenca
38	Can change doenca	10	change_doenca
39	Can delete doenca	10	delete_doenca
40	Can view doenca	10	view_doenca
41	Can add exercicio	11	add_exercicio
42	Can change exercicio	11	change_exercicio
43	Can delete exercicio	11	delete_exercicio
44	Can view exercicio	11	view_exercicio
45	Can add grupo	12	add_grupo
46	Can change grupo	12	change_grupo
47	Can delete grupo	12	delete_grupo
48	Can view grupo	12	view_grupo
49	Can add imagem	13	add_imagem
51	Can delete imagem	13	delete_imagem
52	Can view imagem	13	view_imagem
53	Can add informacao sensivel	14	add_informacaosensivel
54	Can change informacao sensivel	14	change_informacaosensivel
55	Can delete informacao sensivel	14	delete_informacaosensivel
56	Can view informacao sensivel	14	view_informacaosensivel
57	Can add mentor	15	add_mentor
58	Can change mentor	15	change_mentor
59	Can delete mentor	15	delete_mentor
60	Can view mentor	15	view_mentor
61	Can add opcao	16	add_opcao
62	Can change opcao	16	change_opcao
63	Can delete opcao	16	delete_opcao
64	Can view opcao	16	view_opcao
65	Can add parte	17	add_parte
66	Can change parte	17	change_parte
67	Can delete parte	17	delete_parte
68	Can view parte	17	view_parte
70	Can change parte_ exercicio	18	change_parte_exercicio
71	Can delete parte_ exercicio	18	delete_parte_exercicio
72	Can view parte_ exercicio	18	view_parte_exercicio
73	Can add parte grupo	19	add_partegrupo
74	Can change parte grupo	19	change_partegrupo
75	Can delete parte grupo	19	delete_partegrupo
76	Can view parte grupo	19	view_partegrupo
77	Can add participante	20	add_participante
78	Can change participante	20	change_participante
79	Can delete participante	20	delete_participante
80	Can view participante	20	view_participante
81	Can add pergunta	21	add_pergunta
82	Can change pergunta	21	change_pergunta
83	Can delete pergunta	21	delete_pergunta
84	Can view pergunta	21	view_pergunta
86	Can change pergunta_ exercicio	22	change_pergunta_exercicio
87	Can delete pergunta_ exercicio	22	delete_pergunta_exercicio
88	Can view pergunta_ exercicio	22	view_pergunta_exercicio
89	Can add reference	23	add_reference
90	Can change reference	23	change_reference
91	Can delete reference	23	delete_reference
92	Can view reference	23	view_reference
101	Can add resposta	26	add_resposta
102	Can change resposta	26	change_resposta
103	Can delete resposta	26	delete_resposta
93	Can add sessao	24	add_sessao
94	Can change sessao	24	change_sessao
95	Can delete sessao	24	delete_sessao
96	Can view sessao	24	view_sessao
97	Can add sessao do grupo	25	add_sessaodogrupo
98	Can change sessao do grupo	25	change_sessaodogrupo
99	Can delete sessao do grupo	25	delete_sessaodogrupo
100	Can view sessao do grupo	25	view_sessaodogrupo
21	Can add session	6	add_session
22	Can change session	6	change_session
23	Can delete session	6	delete_session
24	Can view session	6	view_session
2	Can change log entry	1	change_logentry
3	Can delete log entry	1	delete_logentry
4	Can view log entry	1	view_logentry
9	Can add group	3	add_group
11	Can delete group	3	delete_group
12	Can view group	3	view_group
5	Can add permission	2	add_permission
6	Can change permission	2	change_permission
7	Can delete permission	2	delete_permission
8	Can view permission	2	view_permission
13	Can add user	4	add_user
14	Can change user	4	change_user
15	Can delete user	4	delete_user
16	Can view user	4	view_user
17	Can add content type	5	add_contenttype
18	Can change content type	5	change_contenttype
19	Can delete content type	5	delete_contenttype
20	Can view content type	5	view_contenttype
25	Can add atividade	7	add_atividade
27	Can delete atividade	7	delete_atividade
28	Can view atividade	7	view_atividade
140	Can view info parte	35	view_infoparte
133	Can add informacoes	34	add_informacoes
134	Can change informacoes	34	change_informacoes
135	Can delete informacoes	34	delete_informacoes
136	Can view informacoes	34	view_informacoes
129	Can add informacoes grupo	33	add_informacoesgrupo
130	Can change informacoes grupo	33	change_informacoesgrupo
131	Can delete informacoes grupo	33	delete_informacoesgrupo
132	Can view informacoes grupo	33	view_informacoesgrupo
125	Can add nota	32	add_nota
126	Can change nota	32	change_nota
127	Can delete nota	32	delete_nota
128	Can view nota	32	view_nota
121	Can add nota grupo	31	add_notagrupo
122	Can change nota grupo	31	change_notagrupo
123	Can delete nota grupo	31	delete_notagrupo
124	Can view nota grupo	31	view_notagrupo
117	Can add partilha	30	add_partilha
118	Can change partilha	30	change_partilha
119	Can delete partilha	30	delete_partilha
120	Can view partilha	30	view_partilha
114	Can change partilha grupo	29	change_partilhagrupo
115	Can delete partilha grupo	29	delete_partilhagrupo
116	Can view partilha grupo	29	view_partilhagrupo
109	Can add presenca	28	add_presenca
110	Can change presenca	28	change_presenca
111	Can delete presenca	28	delete_presenca
112	Can view presenca	28	view_presenca
105	Can add questionario	27	add_questionario
106	Can change questionario	27	change_questionario
107	Can delete questionario	27	delete_questionario
108	Can view questionario	27	view_questionario
104	Can view resposta	26	view_resposta
161	Can add answer	41	add_answer
162	Can change answer	41	change_answer
163	Can delete answer	41	delete_answer
164	Can view answer	41	view_answer
165	Can add area	42	add_area
166	Can change area	42	change_area
167	Can delete area	42	delete_area
168	Can view area	42	view_area
170	Can change dimension	43	change_dimension
171	Can delete dimension	43	delete_dimension
172	Can view dimension	43	view_dimension
173	Can add part	44	add_part
174	Can change part	44	change_part
175	Can delete part	44	delete_part
176	Can view part	44	view_part
177	Can add parte do utilizador	45	add_partedoutilizador
178	Can change parte do utilizador	45	change_partedoutilizador
179	Can delete parte do utilizador	45	delete_partedoutilizador
180	Can view parte do utilizador	45	view_partedoutilizador
181	Can add possible answer	46	add_possibleanswer
182	Can change possible answer	46	change_possibleanswer
183	Can delete possible answer	46	delete_possibleanswer
184	Can view possible answer	46	view_possibleanswer
185	Can add protocol	47	add_protocol
186	Can change protocol	47	change_protocol
187	Can delete protocol	47	delete_protocol
189	Can add question image	48	add_questionimage
190	Can change question image	48	change_questionimage
191	Can delete question image	48	delete_questionimage
192	Can view question image	48	view_questionimage
201	Can add risk	51	add_risk
202	Can change risk	51	change_risk
203	Can delete risk	51	delete_risk
197	Can add section	50	add_section
198	Can change section	50	change_section
199	Can delete section	50	delete_section
200	Can view section	50	view_section
193	Can add text input answer	49	add_textinputanswer
194	Can change text input answer	49	change_textinputanswer
195	Can delete text input answer	49	delete_textinputanswer
158	Can change avaliacao participante	40	change_avaliacaoparticipante
159	Can delete avaliacao participante	40	delete_avaliacaoparticipante
160	Can view avaliacao participante	40	view_avaliacaoparticipante
153	Can add avaliacao sessao	39	add_avaliacaosessao
154	Can change avaliacao sessao	39	change_avaliacaosessao
155	Can delete avaliacao sessao	39	delete_avaliacaosessao
156	Can view avaliacao sessao	39	view_avaliacaosessao
149	Can add documents	38	add_documents
150	Can change documents	38	change_documents
151	Can delete documents	38	delete_documents
152	Can view documents	38	view_documents
145	Can add escolha	37	add_escolha
146	Can change escolha	37	change_escolha
147	Can delete escolha	37	delete_escolha
148	Can view escolha	37	view_escolha
141	Can add facilitador	36	add_facilitador
142	Can change facilitador	36	change_facilitador
143	Can delete facilitador	36	delete_facilitador
144	Can view facilitador	36	view_facilitador
137	Can add info parte	35	add_infoparte
139	Can delete info parte	35	delete_infoparte
231	Can delete noticia	58	delete_noticia
232	Can view noticia	58	view_noticia
169	Can add dimension	43	add_dimension
221	Can add instrument	56	add_instrument
222	Can change instrument	56	change_instrument
223	Can delete instrument	56	delete_instrument
224	Can view instrument	56	view_instrument
217	Can add multiple choices checkbox	55	add_multiplechoicescheckbox
218	Can change multiple choices checkbox	55	change_multiplechoicescheckbox
219	Can delete multiple choices checkbox	55	delete_multiplechoicescheckbox
220	Can view multiple choices checkbox	55	view_multiplechoicescheckbox
188	Can view protocol	47	view_protocol
1	Can add log entry	1	add_logentry
10	Can change group	3	change_group
237	Can add administrador	60	add_administrador
238	Can change administrador	60	change_administrador
239	Can delete administrador	60	delete_administrador
240	Can view administrador	60	view_administrador
26	Can change atividade	7	change_atividade
213	Can add question	54	add_question
214	Can change question	54	change_question
215	Can delete question	54	delete_question
157	Can add avaliacao participante	40	add_avaliacaoparticipante
216	Can view question	54	view_question
209	Can add report	53	add_report
210	Can change report	53	change_report
211	Can delete report	53	delete_report
212	Can view report	53	view_report
205	Can add resolution	52	add_resolution
206	Can change resolution	52	change_resolution
233	Can add avaliador	59	add_avaliador
234	Can change avaliador	59	change_avaliador
235	Can delete avaliador	59	delete_avaliador
236	Can view avaliador	59	view_avaliador
33	Can add dinamizador convidado	9	add_dinamizadorconvidado
50	Can change imagem	13	change_imagem
138	Can change info parte	35	change_infoparte
69	Can add parte_ exercicio	18	add_parte_exercicio
113	Can add partilha grupo	29	add_partilhagrupo
85	Can add pergunta_ exercicio	22	add_pergunta_exercicio
241	Can add respostas	61	add_respostas
242	Can change respostas	61	change_respostas
243	Can delete respostas	61	delete_respostas
244	Can view respostas	61	view_respostas
225	Can add contacto	57	add_contacto
226	Can change contacto	57	change_contacto
227	Can delete contacto	57	delete_contacto
228	Can view contacto	57	view_contacto
229	Can add noticia	58	add_noticia
230	Can change noticia	58	change_noticia
207	Can delete resolution	52	delete_resolution
208	Can view resolution	52	view_resolution
204	Can view risk	51	view_risk
196	Can view text input answer	49	view_textinputanswer
245	Can add colaborador	68	add_colaborador
246	Can change colaborador	68	change_colaborador
247	Can delete colaborador	68	delete_colaborador
248	Can view colaborador	68	view_colaborador
\.


--
-- Data for Name: auth_user; Type: TABLE DATA; Schema: public; Owner: leda
--

COPY public.auth_user (id, password, last_login, is_superuser, username, first_name, last_name, email, is_staff, is_active, date_joined) FROM stdin;
260	@MentHA@23	\N	f	elisabeteSaldanha			elisabetesaldanha@yahoo.com	f	t	2023-10-20 14:59:49.889737+00
168	@MentHA@23	\N	f	otavioSilva			carolina@asmal.pt	f	t	2023-09-22 10:29:14.216798+00
201	@MentHA@23	\N	f	vandaPaixao			carolina@asmal.pt	f	t	2023-10-02 14:10:57.170467+00
174	@MentHA@23	\N	f	vandaAndrade			carolina@asmal.pt	f	t	2023-09-23 09:19:39.231194+00
322	@MentHA@23	\N	f	RosaMariaCarvalhoViegas			carolinacanasmartins@gmail.com	f	t	2024-03-13 15:06:06.385491+00
177	pbkdf2_sha256$390000$xZTAmCom7IuhXbGJSO1JCa$rs9UqMRRUg6Ltp26qw+e4DHa6EgthpudAcl5uz2U/mg=	2023-09-23 11:48:29.403917+00	f	Mr_Roque				f	t	2023-09-23 11:45:48.577633+00
325	@MentHA@23	\N	f	AntnioMiguelLaneiroBajuca			antoniobajuca123@gmail.com	f	t	2024-03-13 15:28:28.360474+00
183	@MentHA@23	\N	f	iranOliveira			carolina@asmal.pt	f	t	2023-09-23 14:29:37.522772+00
213	@MentHA@23	\N	f	antonioJose			carolina@asmal.pt	f	t	2023-10-03 16:15:25.352586+00
216	@MentHA@23	\N	f	manuelGomes			carolina@asmal.pt	f	t	2023-10-03 16:22:29.985544+00
192	@MentHA@23	\N	f	joseRofino			carolina@asmal.pt	f	t	2023-09-23 14:47:36.138909+00
219	@MentHA@23	\N	f	joaquimDionisio			carolina@asmal.pt	f	t	2023-10-04 10:47:11.35439+00
222	@MentHA@23	\N	f	vitorSemiao			carolina@asmal.pt	f	t	2023-10-04 10:59:45.165136+00
225	@MentHA@23	\N	f	marioCaetano			carolina@asmal.pt	f	t	2023-10-04 11:13:14.836997+00
266	pbkdf2_sha256$390000$LSOnlzLYtoyffF3bnisvsQ$WXje/YTsZokHcb8YSlrMb7ZGGV3SJOkoRKvboexPxuE=	2023-11-27 09:31:30.26736+00	f	ELO-adm				f	t	2023-10-21 10:26:34+00
228	@MentHA@23	\N	f	madalenaArez			carolina@asmal.pt	f	t	2023-10-04 11:19:30.791887+00
231	@MentHA@23	\N	f	joseCompton			carolina@asmal.pt	f	t	2023-10-04 11:28:03.759645+00
234	@MentHA@23	\N	f	silviaAdanja			carolina@asmal.pt	f	t	2023-10-04 14:49:42.124373+00
237	@MentHA@23	\N	f	antonioSantos			carolina@asmal.pt	f	t	2023-10-04 15:04:50.980171+00
328	@MentHA@23	\N	f	ClaudiaSofiaMorgadinhoReis			claudiamorgadinho84@hotmail.com	f	t	2024-03-13 15:55:26.257466+00
287	@MentHA@23	\N	f	titoAlmeida			titoalmeidao77@gmail.com	f	t	2023-11-29 01:58:04.717819+00
331	@MentHA@23	\N	f	JooMiguelGuerreirodaCosta			example@gmail.com	f	t	2024-03-13 16:13:38.109658+00
334	@MentHA@23	\N	f	DavilsonOrioneDiasBorges			davilsondias2@gmail.com	f	t	2024-03-13 16:27:39.186132+00
278	pbkdf2_sha256$390000$AT1MUP6bgvKBoJiiAU6D3m$C9XAWIhq5O61U/xjaBfjdaKdYju9huHKbAYX7EQdLH0=	2023-12-10 09:37:09.15112+00	f	avaliadorGIRA	GIRA	GIRA	avaliadorgira@gmail.com	f	t	2023-11-24 16:48:54+00
243	@MentHA@23	\N	f	joseAlmeida			carolina@asmal.pt	f	t	2023-10-04 16:23:42.750317+00
248	OGK$7=6bC_	\N	f	lstuder	lucio		lucio.studer@ulusofona.pt	f	t	2023-10-13 10:36:16.972564+00
358	@MentHA@23	\N	f	AnaIsabelDias			psi.crinabel@gmail.com	f	t	2024-03-27 20:10:11.36433+00
361	@MentHA@23	\N	f	AndrBispo			psi.crinabel@gmail.com	f	t	2024-03-27 21:54:56.521919+00
251	@MentHA@23	\N	f	miguelMorbey			morbey.miguel@gmail.com	f	t	2023-10-14 14:25:08.789766+00
364	@MentHA@23	\N	f	CarinaFerreira			psi.crinabel@gmail.com	f	t	2024-03-27 22:00:58.760532+00
367	@MentHA@23	\N	f	JooBarros			psi.crinabel@gmail.com	f	t	2024-03-27 22:09:38.540028+00
370	@MentHA@23	\N	f	JooCruz			psi.crinabel@gmail.com	f	t	2024-03-28 06:21:19.756459+00
294	sZp3r*6DrT	\N	f	tiagoDinamiza	Tiago Dinamizador		tiago@dinamiza.pt	f	t	2024-01-10 09:00:34.248306+00
171	pbkdf2_sha256$390000$EemKrPLlxWB2lHEfb7tSfl$nXtfA+6llR4rXOLSVtGj/ruvmDZ+FBOlq3zmE6HLWEQ=	2024-01-14 00:18:27.737613+00	f	helioCardoso			carolina@asmal.pt	f	t	2023-09-22 11:08:57.031695+00
373	@MentHA@23	\N	f	LusAssis			psi.crinabel@gmail.com	f	t	2024-03-28 06:30:30.742607+00
195	pbkdf2_sha256$390000$hQT0BnA9NbHADbq3GhQqq9$EtpyXnwKkN7ogaX1rZfdWo7ev/ZypX1lWQySuV1lies=	2024-01-14 00:47:46.21998+00	f	carolDias	Carolina		carolina@asmal.pt	f	t	2023-09-26 19:53:25.259583+00
314	([^9IvpONF	\N	f	ssss	Teste		aaaaaaaaaaaaaa@gmail.com	f	t	2024-03-10 22:47:50.171914+00
275	@MentHA@23	\N	f	mikeelnite			example@gmail.com	f	t	2023-11-06 12:28:52.958845+00
337	pbkdf2_sha256$390000$c7svTjrhT8xN3aWJovkVuc$wF+A1uWS/aFAqO2/dgvVZg9Ji6qlPkZr1Svtq6tktjI=	2024-03-14 10:32:49.887195+00	f	miguelCardosoCuidador				f	t	2024-03-14 10:30:42+00
291	pbkdf2_sha256$390000$Liq0LwrtNGBCeXUZ0U8sDZ$nNzsr5FudUmPIhYaSmIakjrHP4KvDlR9jB4u+bzCXy4=	2024-03-14 10:36:42.490944+00	f	tiagoTomas	Tiago	Tomas	tiagotomas@gmail.com	f	t	2024-01-01 18:25:06.827292+00
340	@MentHA@23	\N	f	DavidJosFavinhaMartins			example@gmail.com	f	t	2024-03-14 16:51:57.527971+00
245	pbkdf2_sha256$390000$FGhn7QT7Kqds8eG8ub8sto$D5pGOVseK1uCjhv30RzmCynWh9xRTrz64kxUDUuwlMI=	2024-07-09 13:08:09.460956+00	f	ADEB-adm				f	t	2023-10-11 17:37:01+00
376	@MentHA@23	\N	f	NunoSotomaior			psi.crinabel@gmail.com	f	t	2024-03-28 06:37:26.669741+00
379	@MentHA@23	\N	f	RicardoPeres			psi.crinabel@gmail.com	f	t	2024-03-28 06:43:35.051671+00
382	@MentHA@23	\N	f	RuteSantos			psi.crinabel@gmail.com	f	t	2024-03-28 06:49:52.374731+00
385	@MentHA@23	\N	f	SniaArajo			psi.crinabel@gmail.com	f	t	2024-03-28 12:29:31.471266+00
388	@MentHA@23	\N	f	AntnioLus			psi.crinabel@gmail.com	f	t	2024-03-28 12:37:52.977543+00
391	@MentHA@23	\N	f	LilianaCordeiro			psi.crinabel@gmail.com	f	t	2024-03-28 12:43:29.95354+00
394	@MentHA@23	\N	f	PauloAmrico			psi.crinabel@gmail.com	f	t	2024-03-28 12:48:22.810248+00
397	@MentHA@23	\N	f	ngelaVicente			psi.crinabel@gmail.com	f	t	2024-03-28 13:43:34.355244+00
400	@MentHA@23	\N	f	AnaMargarida			psi.crinabel@gmail.com	f	t	2024-03-28 13:59:42.59615+00
403	@MentHA@23	\N	f	AndreiaAlves			psi.crinabel@gmail.com	f	t	2024-03-28 14:10:44.520976+00
406	@MentHA@23	\N	f	CarinaRocha			psi.crinabel@gmail.com	f	t	2024-03-28 14:33:50.283924+00
409	@MentHA@23	\N	f	CtiaOsrio			psi.crinabel@gmail.com	f	t	2024-03-28 14:47:46.038557+00
412	@MentHA@23	\N	f	DiogoMartins			psi.crinabel@gmail.com	f	t	2024-03-28 14:52:38.274886+00
415	@MentHA@23	\N	f	FilipaFernandes			psi.crinabel@gmail.com	f	t	2024-03-28 14:57:19.617217+00
418	@MentHA@23	\N	f	AnaMimoso			psi.crinabel@gmail.com	f	t	2024-03-28 15:46:56.902555+00
202	@MentHA@23	\N	f	anaFroes			carolina@asmal.pt	f	t	2023-10-02 14:53:52.424413+00
169	@MentHA@23	\N	f	claudiaFernandes			carolina@asmal.pt	f	t	2023-09-22 10:33:50.486234+00
261	@MentHA@23	\N	f	carlosRodrigues			carlos.melo.saraiva.rodrigues@gmail.com	f	t	2023-10-20 15:13:21.781028+00
172	@MentHA@23	\N	f	fernandaMendonca			carolina@asmal.pt	f	t	2023-09-23 09:10:02.440031+00
175	@MentHA@23	\N	f	luisPardal			carolina@asmal.pt	f	t	2023-09-23 09:24:07.102421+00
178	@MentHA@23	\N	f	telmaMartins			carolina@asmal.pt	f	t	2023-09-23 14:04:13.704899+00
184	@MentHA@23	\N	f	joseMendes			carolina@asmal.pt	f	t	2023-09-23 14:35:42.995382+00
214	@MentHA@23	\N	f	danielaDomingos			carolina@asmal.pt	f	t	2023-10-03 16:17:31.584305+00
217	@MentHA@23	\N	f	edmundoHelena			carolina@asmal.pt	f	t	2023-10-04 10:38:38.770525+00
193	@MentHA@23	\N	f	antonioSousa			carolina@asmal.pt	f	t	2023-09-23 14:51:49.155403+00
220	@MentHA@23	\N	f	nunoJose			carolina@asmal.pt	f	t	2023-10-04 10:53:48.415238+00
223	@MentHA@23	\N	f	mariaMadeira			carolina@asmal.pt	f	t	2023-10-04 11:02:03.479423+00
226	@MentHA@23	\N	f	mariaSa			carolina@asmal.pt	f	t	2023-10-04 11:15:24.340846+00
264	pbkdf2_sha256$390000$j75l4Egtclt6JIEvThCu4H$V6+jdwQFEorcxX/Q0We7osFAtP7OdcP9MsE7xDQ8TkY=	\N	f	avaliadorGira	Avaliador-GIRA		avaliadorgira@gmail.com	f	t	2023-10-21 10:23:17+00
229	@MentHA@23	\N	f	nunoSantos			carolina@asmal.pt	f	t	2023-10-04 11:22:22.352813+00
232	@MentHA@23	\N	f	marioSilva			carolina@asmal.pt	f	t	2023-10-04 14:44:08.156037+00
235	@MentHA@23	\N	f	manuelaAntonio			carolina@asmal.pt	f	t	2023-10-04 14:56:21.136904+00
238	@MentHA@23	\N	f	leilaSousa			carolina@asmal.pt	f	t	2023-10-04 15:11:23.698453+00
246	pbkdf2_sha256$390000$TRIDMJqwKFLwagi19wiUMF$J3WcQ6LXMd7dBpBUWIM1Of90KLXrlIKCIgwVVDFB3Ko=	2024-11-07 12:55:35.913813+00	f	pedroS	Pedro	Santos	pedromacsantos@gmail.com	f	t	2023-10-12 10:21:32+00
241	@MentHA@23	\N	f	nunoLourenco			carolina@asmal.pt	f	t	2023-10-04 16:18:47.382669+00
359	@MentHA@23	\N	f	AnaSousa			psi.crinabel@gmail.com	f	t	2024-03-27 20:33:09.21406+00
267	pbkdf2_sha256$390000$iyfOUkYOC4pTcw3bBOq1vz$NlecxgxoApwsbBQeBHQv9P0qqCikrUQa9zKdnTiizAs=	2023-10-23 12:47:14.788236+00	f	CV-adm				f	t	2023-10-23 12:45:55+00
295	&3O%V#7u1w	\N	f	carolG	Carolina		miguelterste@gmail.com	f	t	2024-01-13 14:49:11.484825+00
362	@MentHA@23	\N	f	AndreiaFarinha			psi.crinabel@gmail.com	f	t	2024-03-27 21:57:19.903013+00
365	@MentHA@23	\N	f	CarlaCoelho			psi.crinabel@gmail.com	f	t	2024-03-27 22:03:24.549821+00
252	@MentHA@23	\N	f	mariacarmen			mariacarmenfonseca23@gmail.com	f	t	2023-10-14 15:01:18.556394+00
368	@MentHA@23	\N	f	JooCarlos			psi.crinabel@gmail.com	f	t	2024-03-27 22:11:32.078924+00
166	pbkdf2_sha256$390000$lZsO2FXbl1jXmMwUgqYwqe$FnNMO4zxvB3xo4WDwBa1W9aIZzG6ijMvTn6j0l7O/X8=	2024-06-04 13:39:25.172186+00	f	almira	Almira		almira@asmal.pt	f	t	2023-09-22 10:22:20.952644+00
371	@MentHA@23	\N	f	JP			psi.crinabel@gmail.com	f	t	2024-03-28 06:24:04.849957+00
318	pbkdf2_sha256$390000$3ku7d4aUSRAL60AEh9Qq91$QW8KOT1ZWcuOUkFxYa0dHnIrWlgHZ04MIzoQvLp8alE=	2024-03-11 21:05:51.16291+00	f	pedroSNaAsmal	Pedro	S		f	t	2024-03-11 21:03:32+00
279	pbkdf2_sha256$390000$KwmekUJptPfBxObtBAQjcA$pVJAiSlwoP6CG62YSbh5ACi/iy3M5Zi9QOt0CHxqzgg=	\N	f	avaliadorELO	ELO	SOCIAL	avaliadorelosocial@gmail.com	f	t	2023-11-24 16:49:59+00
320	@MentHA@23	\N	f	miguelCardoso2			example@gmail.com	f	t	2024-03-12 13:41:33.892011+00
323	@MentHA@23	\N	f	DavidPinheiroAndrade			dpa.algarve@gmail.com	f	t	2024-03-13 15:14:44.215118+00
326	@MentHA@23	\N	f	EnioCaetanoViegas			enio.caetano.viegas80@gmail.com	f	t	2024-03-13 15:33:25.061259+00
329	@MentHA@23	\N	f	LeonorGonalvesdaSilva			carolinacanasmartins@gmail.com	f	t	2024-03-13 16:00:56.180344+00
332	@MentHA@23	\N	f	SofiaAlexandraCostaLopes			sofialopes16@gmail.com	f	t	2024-03-13 16:17:50.366137+00
335	@MentHA@23	\N	f	EdmundoMiguelHortaBota			example@gmail.com	f	t	2024-03-13 16:33:23.984163+00
255	pCA>^R8Jce	2023-12-11 09:59:23.122962+00	f	avaliadorAdeb	Avaliador-ADEB		avaliadoradeb@gmail.com	f	t	2023-10-19 13:32:23.160543+00
338	@MentHA@23	\N	f	MariaOlindaMachadoRibeiro			example@gmail.com	f	t	2024-03-14 11:42:20.526585+00
341	@MentHA@23	\N	f	FilipeJosBaptistaPaixo			example@gmail.com	f	t	2024-03-14 16:56:21.727852+00
374	@MentHA@23	\N	f	MafaldaMarques			psi.crinabel@gmail.com	f	t	2024-03-28 06:32:55.478691+00
377	@MentHA@23	\N	f	PedroHugo			psi.crinabel@gmail.com	f	t	2024-03-28 06:39:28.228736+00
380	@MentHA@23	\N	f	RuiFonseca			psi.crinabel@gmail.com	f	t	2024-03-28 06:45:47.559292+00
383	@MentHA@23	\N	f	SandraLonga			psi.crinabel@gmail.com	f	t	2024-03-28 06:51:53.12876+00
386	@MentHA@23	\N	f	TeresaSousa			psi.crinabel@gmail.com	f	t	2024-03-28 12:32:38.894614+00
389	@MentHA@23	\N	f	JooGraa			psi.crinabel@gmail.com	f	t	2024-03-28 12:40:00.622117+00
392	@MentHA@23	\N	f	LusFradinho			psi.crinabel@gmail.com	f	t	2024-03-28 12:44:57.982904+00
395	@MentHA@23	\N	f	JooPauloFradinho			psi.crinabel@gmail.com	f	t	2024-03-28 12:50:33.820757+00
398	@MentHA@23	\N	f	PedroReinaldo			psi.crinabel@gmail.com	f	t	2024-03-28 13:47:12.830272+00
401	@MentHA@23	\N	f	AnaRosa			psi.crinabel@gmail.com	f	t	2024-03-28 14:02:30.006736+00
404	@MentHA@23	\N	f	BeatrizPaulo			psi.crinabel@gmail.com	f	t	2024-03-28 14:23:56.736807+00
407	@MentHA@23	\N	f	CarlosDuarte			psi.crinabel@gmail.com	f	t	2024-03-28 14:42:54.060669+00
410	@MentHA@23	\N	f	DavidManejate			psi.crinabel@gmail.com	f	t	2024-03-28 14:49:57.409702+00
413	@MentHA@23	\N	f	FbioDuarte			psi.crinabel@gmail.com	f	t	2024-03-28 14:54:18.260727+00
416	@MentHA@23	\N	f	FilipeMadeira			psi.crinabel@gmail.com	f	t	2024-03-28 15:01:22.05722+00
419	@MentHA@23	\N	f	GonaloMoura			psi.crinabel@gmail.com	f	t	2024-03-28 20:17:57.502548+00
421	@MentHA@23	\N	f	GuilhermeGonalves			psi.crinabel@gmail.com	f	t	2024-03-28 20:22:36.744813+00
423	@MentHA@23	\N	f	HugoGodinho			psi.crinabel@gmail.com	f	t	2024-03-28 20:27:01.710335+00
425	@MentHA@23	\N	f	JssicaFlix			psi.crinabel@gmail.com	f	t	2024-03-29 02:03:05.138186+00
427	@MentHA@23	\N	f	JooGonalo			psi.crinabel@gmail.com	f	t	2024-03-29 17:46:26.017662+00
402	@MentHA@23	\N	f	AndreiaAlmeida			psi.crinabel@gmail.com	f	t	2024-03-28 14:03:54.26684+00
262	@MentHA@23	\N	f	gracaMaria			gm_rocha@hotmail.com	f	t	2023-10-20 15:26:44.860806+00
167	pbkdf2_sha256$390000$PCeHYBF3KulgynG525223X$sZGP1vMmEeHZ0/pGQH9eNduwUzudCE+8AcHM9Txvk+0=	2024-06-03 11:10:44.447747+00	f	carolina	Carolina		carolina@asmal.pt	f	t	2023-09-22 10:22:59.458868+00
286	@MentHA@23	\N	f	anaAlmeida			hidrocaudal@sapo.pt	f	t	2023-11-29 01:50:49.707709+00
405	@MentHA@23	\N	f	BrunoCustdio			psi.crinabel@gmail.com	f	t	2024-03-28 14:29:00.669619+00
387	@MentHA@23	\N	f	AntnioCoutinho			psi.crinabel@gmail.com	f	t	2024-03-28 12:35:24.985361+00
200	@MentHA@23	\N	f	michelleDias			carolina@asmal.pt	f	t	2023-10-02 14:02:13.971046+00
360	@MentHA@23	\N	f	AnabelaGomes			psi.crinabel@gmail.com	f	t	2024-03-27 21:53:04.070072+00
203	@MentHA@23	\N	f	josefaDias			carolina@asmal.pt	f	t	2023-10-02 15:00:02.416082+00
339	@MentHA@23	\N	f	DavidMartinsFernandes			example@gmail.com	f	t	2024-03-14 12:34:49.641186+00
212	@MentHA@23	\N	f	amaliaRosa			carolina@asmal.pt	f	t	2023-10-03 16:08:44.409539+00
215	@MentHA@23	\N	f	manuelFelisberto			carolina@asmal.pt	f	t	2023-10-03 16:20:12.168215+00
176	pbkdf2_sha256$390000$FxGG63Ht9RRRqnJKsxl88S$GTnc/1c+U/tikBiEiUw/PiAR1ocIVgkDT+aU9quoD+k=	2023-09-23 11:45:04.73195+00	f	Bernardo_Roque				f	t	2023-09-23 11:32:45.312975+00
179	@MentHA@23	\N	f	anaRocha			carolina@asmal.pt	f	t	2023-09-23 14:17:17.446367+00
185	@MentHA@23	\N	f	joaoChapim			carolina@asmal.pt	f	t	2023-09-23 14:41:04.312655+00
218	@MentHA@23	\N	f	franciscoSantos			caro	f	t	2023-10-04 10:41:40.731085+00
191	@MentHA@23	\N	f	luisMalheiro			carolina@asmal.pt	f	t	2023-09-23 14:45:11.927885+00
194	@MentHA@23	\N	f	alexandraArronches			carolina@asmal.pt	f	t	2023-09-23 15:00:12.069982+00
221	@MentHA@23	\N	f	silvenoGraa			carolina@asmal.pt	f	t	2023-10-04 10:56:12.770492+00
277	@MentHA@23	\N	f	pabloEmilio			example@gmail.com	f	t	2023-11-24 12:06:51.345813+00
224	@MentHA@23	\N	f	mariaMimoso			carolina@asmal.pt	f	t	2023-10-04 11:08:34.441575+00
227	@MentHA@23	\N	f	mariaGoncalves			carolina@asmal.pt	f	t	2023-10-04 11:17:21.634252+00
230	@MentHA@23	\N	f	vaniaMatos			carolina@asmal.pt	f	t	2023-10-04 11:24:16.596987+00
233	@MentHA@23	\N	f	susanaDias			carolina@asmal.pt	f	t	2023-10-04 14:46:16.339981+00
236	@MentHA@23	\N	f	helenaZixvennis			carolina@asmal.pt	f	t	2023-10-04 15:02:33.98833+00
271	pbkdf2_sha256$390000$CnhMbFEVvoYVwVvVE1zZR0$b2L6fbDK5+tHvrXJe5V+9U6KIQzOfAryrJSnjS4D2jM=	2024-02-12 09:32:21.043008+00	f	CRUZ-adm				f	t	2023-11-06 11:08:24+00
259	@MentHA@23	\N	f	pedroLeal			sofia.couto@gira.org.pt	f	t	2023-10-19 13:39:25.358715+00
3	pbkdf2_sha256$390000$egExnq1iH6Vkxj8plxlFLc$msDcMwyYOm9+zU/prlQ6yGD9F1UMcpAYMeyfPnplMwk=	2025-03-20 14:41:43.694347+00	t	superuser	Super		superuser@gmail.com	t	t	2022-04-23 15:38:09+00
242	@MentHA@23	\N	f	anaBrito			carolina@asmal.pt	f	t	2023-10-04 16:22:25.445705+00
363	@MentHA@23	\N	f	BrunoMuge			psi.crinabel@gmail.com	f	t	2024-03-27 21:59:18.075069+00
321	@MentHA@23	\N	f	PatrciaSofiaSilvrioDias			patriciadias2000.pd@gmail.com	f	t	2024-03-13 13:56:48.47455+00
324	@MentHA@23	\N	f	NikitaMyagkov			nmscarfingerx@gmail.com	f	t	2024-03-13 15:21:14.901841+00
293	QI:(hE0N<L	\N	f	pauloLopes	Paulo Lopes		paulolopes@gmail.com	f	t	2024-01-06 16:56:04.026805+00
327	@MentHA@23	\N	f	CarolinaIsabelMestredeMagalhes			example@gmail.com	f	t	2024-03-13 15:44:24.317695+00
182	pbkdf2_sha256$390000$zp0Ua6LVJRJDeRZ8cs6JjZ$Jmgy2MhHoDpa9P9KPCBHdkv6GTVD7MlXKyV95C08/YM=	2023-10-04 17:27:29.483327+00	f	jorgeDias			carolina@asmal.pt	f	t	2023-09-23 14:28:07.946353+00
247	@MentHA@23	\N	f	-			-	f	t	2023-10-12 10:48:40.783306+00
330	@MentHA@23	\N	f	CludiaMariaSanchesLandim			claudicalandim79@gmail.com	f	t	2024-03-13 16:07:42.208042+00
333	@MentHA@23	\N	f	KarinaNarynaNetyks			karinanetyks28@gmail.com	f	t	2024-03-13 16:22:32.073581+00
336	@MentHA@23	\N	f	AlexisFranciscoMontesCangola			example@gmail.com	f	t	2024-03-13 16:37:29.348599+00
296	X,4d9o|gMv	\N	f	dsaads	Fer		miguelbcar@hotmail.com	f	t	2024-01-13 14:51:05.914794+00
366	@MentHA@23	\N	f	FernandoJorge			psi.crinabel@gmail.com	f	t	2024-03-27 22:06:18.417524+00
369	@MentHA@23	\N	f	JooSotomaior			psi.crinabel@gmail.com	f	t	2024-03-27 22:14:10.879595+00
390	@MentHA@23	\N	f	JooRego			psi.crinabel@gmail.com	f	t	2024-03-28 12:41:50.31862+00
372	@MentHA@23	\N	f	LuisAfonso			psi.crinabel@gmail.com	f	t	2024-03-28 06:26:45.637701+00
375	@MentHA@23	\N	f	MartaRosa			psi.crinabel@gmail.com	f	t	2024-03-28 06:34:54.044214+00
265	pbkdf2_sha256$390000$gQ4ac1d6Mlsc0OtryaAHK8$wjepW8LdojaJ80s7yUXOskAKCRgZB0ECrnrt9H9tQWg=	2024-06-24 22:51:36.402107+00	f	GIRA-adm				f	t	2023-10-21 10:25:26+00
197	W>tr9A~.`O	\N	f	Antonio	Antonio	Ventura	aaa2341@gmail.com	f	t	2023-09-26 20:13:59.92553+00
357	@MentHA@23	\N	f	CarolinaMendes			example@gmail.com	f	t	2024-03-27 19:22:35.386925+00
378	@MentHA@23	\N	f	PedroSotomaior			psi.crinabel@gmail.com	f	t	2024-03-28 06:41:40.746112+00
393	@MentHA@23	\N	f	PaulaFonseca			psi.crinabel@gmail.com	f	t	2024-03-28 12:46:10.213044+00
381	@MentHA@23	\N	f	RuiVasco			psi.crinabel@gmail.com	f	t	2024-03-28 06:47:46.382887+00
384	@MentHA@23	\N	f	SrgioMarques			psi.crinabel@gmail.com	f	t	2024-03-28 06:53:19.797747+00
408	@MentHA@23	\N	f	CarlosJorge			psi.crinabel@gmail.com	f	t	2024-03-28 14:44:22.998271+00
396	@MentHA@23	\N	f	AlexandraPereira			psi.crinabel@gmail.com	f	t	2024-03-28 13:41:53.712883+00
411	@MentHA@23	\N	f	DboraDuarte			psi.crinabel@gmail.com	f	t	2024-03-28 14:51:19.737355+00
420	@MentHA@23	\N	f	GuilhermeBotelho			psi.crinabel@gmail.com	f	t	2024-03-28 20:20:22.703732+00
399	@MentHA@23	\N	f	AmadeuAzevedo			psi.crinabel@gmail.com	f	t	2024-03-28 13:57:57.915585+00
414	@MentHA@23	\N	f	FtimaCardoso			psi.crinabel@gmail.com	f	t	2024-03-28 14:55:56.324997+00
417	@MentHA@23	\N	f	GabrielAnpasch			psi.crinabel@gmail.com	f	t	2024-03-28 15:03:09.900793+00
429	@MentHA@23	\N	f	MarcoJustino			psi.crinabel@gmail.com	f	t	2024-03-29 20:05:40.160395+00
422	@MentHA@23	\N	f	HugoFernandes			psi.crinabel@gmail.com	f	t	2024-03-28 20:24:49.677241+00
424	@MentHA@23	\N	f	Hugolopes			psi.crinabel@gmail.com	f	t	2024-03-28 20:29:28.229594+00
426	@MentHA@23	\N	f	JooPedroFarinha			psi.crinabel@gmail.com	f	t	2024-03-29 17:44:31.817414+00
428	@MentHA@23	\N	f	JosPedro			psi.crinabel@gmail.com	f	t	2024-03-29 17:48:10.842066+00
430	@MentHA@23	\N	f	RuiPedro			psi.crinabel@gmail.com	f	t	2024-03-29 20:07:53.919063+00
431	@MentHA@23	\N	f	SlviaCouto			psi.crinabel@gmail.com	f	t	2024-03-29 20:10:39.405718+00
432	@MentHA@23	\N	f	TiagoCaetano			psi.crinabel@gmail.com	f	t	2024-03-29 20:12:36.969803+00
433	@MentHA@23	\N	f	TiagoDuarte			psi.crinabel@gmail.com	f	t	2024-03-29 20:14:04.903687+00
434	@MentHA@23	\N	f	TomsAlmeida			psi.crinabel@gmail.com	f	t	2024-03-29 20:15:51.915499+00
435	@MentHA@23	\N	f	YuriMiguel			psi.crinabel@gmail.com	f	t	2024-03-29 20:17:55.587905+00
454	@MentHA@23	\N	f	JoseC_Gira			soraia.silva@gira.org.pt	f	t	2024-05-13 14:26:08.819863+00
436	@MentHA@23	\N	f	JoanaHonrio			psi.crinabel@gmail.com	f	t	2024-03-31 16:46:54.07774+00
437	@MentHA@23	\N	f	JoanaCruz			psi.crinabel@gmail.com	f	t	2024-03-31 16:54:41.924381+00
455	@MentHA@23	\N	f	Laura_Gira			soraia.silva@gira.org.pt	f	t	2024-05-13 14:28:41.751708+00
456	@MentHA@23	\N	f	Mario_Gira			soraia.silva@gira.org.pt	f	t	2024-05-13 14:32:58.251329+00
457	@MentHA@23	\N	f	Pascoal_Gira			soraia.silva@gira.org.pt	f	t	2024-05-13 14:34:00.629067+00
458	@MentHA@23	\N	f	PedroS_Gira			soraia.silva@gira.org.pt	f	t	2024-05-13 14:35:09.000949+00
459	@MentHA@23	\N	f	mariaGraca			example@gmail.com	f	t	2024-05-21 15:33:34.652297+00
486	@MentHA@23	\N	f	mariaAntonio			carolina@asmal.pt	f	t	2024-05-27 23:46:13.784005+00
490	@MentHA@23	\N	f	mario_Silva			example@gmail.com	f	t	2024-05-27 23:59:13.065696+00
491	@MentHA@23	\N	f	mariaSoares			example@gmail.com	f	t	2024-05-28 00:04:53.515411+00
492	@MentHA@23	\N	f	manuelSantos			example@gmail.com	f	t	2024-05-28 00:10:55.359925+00
442	@MentHA@23	\N	f	miguelCardoso3			example@gmail.com	f	t	2024-04-13 11:59:41.190224+00
493	@MentHA@23	\N	f	paulaPalma			example@gmail.com	f	t	2024-05-28 00:59:39.838369+00
498	@MentHA@23	\N	f	OlgaSilva			sofia.amaral@gira.org.pt	f	t	2024-05-28 10:30:13.731408+00
460	@MentHA@23	\N	f	davidMartins			example@gmail.com	f	t	2024-05-26 14:49:48.604477+00
461	@MentHA@23	\N	f	davidFernandes			example@gmail.com	f	t	2024-05-26 15:02:13.92719+00
462	@MentHA@23	\N	f	elsaCravo			example@gmail.com	f	t	2024-05-26 15:33:20.554675+00
463	@MentHA@23	\N	f	alexandraVilhena			example@gmail.com	f	t	2024-05-26 15:36:17.613836+00
494	@MentHA@23	\N	f	sandrinaPereira			example@gmail.com	f	t	2024-05-28 01:03:14.917001+00
464	@MentHA@23	\N	f	fabioOliveira			example@gmail.com	f	t	2024-05-26 15:58:05.55523+00
495	@MentHA@23	\N	f	soniaNascimento			example@gmail.com	f	t	2024-05-28 01:06:35.731335+00
465	@MentHA@23	\N	f	fernandaBarros			example@gmail.com	f	t	2024-05-26 16:01:58.382808+00
466	@MentHA@23	\N	f	filipePaixao			example@gmail.com	f	t	2024-05-26 16:05:48.557501+00
499	@MentHA@23	\N	f	AbelAlvarenha			sofia.amaral@gira.org.pt	f	t	2024-05-28 10:32:37.725794+00
467	@MentHA@23	\N	f	BenvindoDias			sofia.amaral@gira.org.pt	f	t	2024-05-27 10:12:01.929035+00
468	@MentHA@23	\N	f	CarlosAgonia			sofia.amaral@gira.org.pt	f	t	2024-05-27 10:16:25.111189+00
469	@MentHA@23	\N	f	ConceioBastos			sofia.amaral@gira.org.pt	f	t	2024-05-27 10:43:36.128752+00
470	@MentHA@23	\N	f	HlderFerreira			sofia.amaral@gira.org.pt	f	t	2024-05-27 10:45:20.336615+00
471	@MentHA@23	\N	f	JooGomes			sofia.amaral@gira.org.pt	f	t	2024-05-27 10:47:04.567707+00
472	@MentHA@23	\N	f	JorgeOrta			sofia.amaral@gira.org.pt	f	t	2024-05-27 10:50:40.087439+00
504	@MentHA@23	\N	f	anaMachado			example@gmail.com	f	t	2024-06-03 11:41:33.532902+00
446	@MentHA@23	\N	f	Ada_Gira			soraia.silva@gira.org.pt	f	t	2024-05-13 14:09:28.974298+00
447	@MentHA@23	\N	f	Ananias_Gira			soraia.silva@gira.org.pt	f	t	2024-05-13 14:13:05.947163+00
448	@MentHA@23	\N	f	AntonioT_Gira			soraia.silva@gira.org.pt	f	t	2024-05-13 14:14:41.244895+00
473	@MentHA@23	\N	f	ManuelHomem			sofia.amaral@gira.org.pt	f	t	2024-05-27 10:53:31.370741+00
449	@MentHA@23	\N	f	Abdul_Gira			soraia.silva@gira.org.pt	f	t	2024-05-13 14:17:27.723546+00
450	@MentHA@23	\N	f	Elsa_Gira			soraia.silva@gira.org.pt	f	t	2024-05-13 14:18:55.634001+00
451	@MentHA@23	\N	f	Evaristo_Gira			soraia.silva@gira.org.pt	f	t	2024-05-13 14:20:55.356854+00
452	@MentHA@23	\N	f	Filomena_Gira			soraia.silva@gira.org.pt	f	t	2024-05-13 14:22:35.532439+00
453	@MentHA@23	\N	f	Henrique_Gira			soraia.silva@gira.org.pt	f	t	2024-05-13 14:23:59.679244+00
474	@MentHA@23	\N	f	MiguelCardoso			sofia.amaral@gira.org.pt	f	t	2024-05-27 10:55:26.691404+00
475	@MentHA@23	\N	f	NarcisoBatista			sofia.amaral@gira.org.pt	f	t	2024-05-27 10:59:28.364957+00
476	@MentHA@23	\N	f	NlsonSilva			sofia.amaral@gira.org.pt	f	t	2024-05-27 11:16:26.208114+00
477	@MentHA@23	\N	f	PedroLeal			sofia.amaral@gira.org.pt	f	t	2024-05-27 11:18:43.215337+00
478	@MentHA@23	\N	f	RuiNunes			sofia.amaral@gira.org.pt	f	t	2024-05-27 11:20:11.199772+00
479	@MentHA@23	\N	f	SandraArajo			sofia.amaral@gira.org.pt	f	t	2024-05-27 11:21:40.78585+00
483	@MentHA@23	\N	f	josefa_Dias			example@gmail.com	f	t	2024-05-27 12:40:06.773737+00
484	@MentHA@23	\N	f	lailaSousa			example@gmail.com	f	t	2024-05-27 13:12:27.55731+00
485	@MentHA@23	\N	f	mariaRibeiro			example@gmail.com	f	t	2024-05-27 23:40:03.266386+00
503	@MentHA@23	\N	f	mariaBastos			sofia.amaral@gira.org.pt	f	t	2024-05-28 10:45:41.143964+00
505	@MentHA@23	\N	f	marcelinoFrederico			example@gmail.com	f	t	2024-06-03 11:47:07.670228+00
496	@MentHA@23	\N	f	GermanaFlores			sofia.amaral@gira.org.pt	f	t	2024-05-28 10:24:01.559151+00
497	@MentHA@23	\N	f	SaraRosa			sofia.amaral@gira.org.pt	f	t	2024-05-28 10:26:17.62251+00
443	rU8TUn[';4	\N	f	carolmichel	Carol		carolina@gmail.com	f	t	2024-04-13 12:05:05.613277+00
510	@MentHA@23	\N	f	miguelBatista			example@gmail.com	f	t	2024-06-28 09:41:34.535654+00
506	@MentHA@23	\N	f	joseMelo			example@gmail.com	f	t	2024-06-09 10:28:53.152075+00
508	@MentHA@23	\N	f	mariaGonalves			example@gmail.com	f	t	2024-06-09 10:36:09.39819+00
509	@MentHA@23	\N	f	exemplo123			example@gmail.com	f	t	2024-06-18 18:10:47.007096+00
196	jz*x0rcCr#	2024-01-14 20:16:17.726124+00	f	paulo1234	Paulo		paulo123@live.pt	f	t	2023-09-26 19:56:22.181876+00
514	I'&$$l3WPF	\N	f	testerTeste	Teste tester		teste@gmail.com	f	t	2024-07-09 08:37:31.131448+00
512	@MentHA@23	\N	f	ttPaiva			example@gmail.com	f	t	2024-06-28 20:33:35.466224+00
517	@MentHA@23	\N	f	TomasNave			example@gmail.com	f	t	2024-10-18 11:49:39.889483+00
513	mi(5N;Z#.X	\N	f	testeTestertt	Miguel	Cardoso	miguelbcardoso2@gmail.com	f	t	2024-06-28 20:37:52.284541+00
515	pbkdf2_sha256$390000$2B5LMDkVQ5Q5VOQRZYqtUM$pOsC0RrRV+vpDU2Ghee4xWtxbAsWMmgl3p1ztdXRaXs=	2024-07-09 08:48:16.381779+00	f	testeCuidador				f	t	2024-07-09 08:39:07+00
516	,M06_ys:th	\N	f	Brites	Dora		psi.crinabel@gmail.com	f	t	2024-10-11 14:58:33.401355+00
165	pbkdf2_sha256$390000$ErwvKZhy7BVagCi8bqZYl4$Rl1sxrl+zSBXBIvWQ2gnf1BBeSSWjQZmEyE+RtryN9s=	2024-10-12 16:17:24.785107+00	f	ASMAL-adm				f	t	2023-09-22 10:08:41+00
342	pbkdf2_sha256$390000$jBidJUGpMxQ6xMK8OSGSTP$swBDDQ2oaeAqRQlh9cTV+wIZ+j0o/RxRdzCFkkViVrU=	2024-12-30 14:54:50.59926+00	f	CRINABEL-adm				f	t	2024-03-18 17:28:23+00
\.


--
-- Data for Name: auth_user_groups; Type: TABLE DATA; Schema: public; Owner: leda
--

COPY public.auth_user_groups (id, user_id, group_id) FROM stdin;
452	3	1
599	165	1
600	166	5
601	166	7
602	166	2
606	167	5
607	167	7
608	167	2
609	168	6
610	169	6
618	171	6
619	172	6
621	174	6
622	175	6
623	178	6
624	179	6
627	182	6
628	183	6
629	184	6
630	185	6
631	191	6
632	192	6
633	193	6
634	194	6
635	195	4
636	196	5
637	196	7
638	196	2
639	197	4
658	200	6
659	201	6
660	202	6
661	203	6
662	212	6
663	213	6
664	214	6
665	215	6
666	216	6
667	217	6
668	218	6
669	219	6
670	220	6
671	221	6
672	222	6
673	223	6
674	224	6
675	225	6
676	226	6
677	227	6
678	228	6
679	229	6
680	230	6
681	231	6
682	232	6
683	233	6
684	234	6
685	235	6
686	236	6
687	237	6
688	238	6
690	241	6
691	242	6
692	243	6
694	245	2
695	245	3
696	245	5
697	245	7
699	246	5
700	246	7
701	247	6
708	251	6
709	252	6
717	255	2
719	259	6
720	260	6
721	261	6
722	262	6
723	264	2
724	267	1
728	271	1
731	275	6
733	277	6
735	265	2
736	265	3
737	265	5
738	265	7
739	266	1
740	266	2
741	266	3
742	266	5
743	266	7
744	278	2
745	279	2
751	286	6
752	287	6
756	291	4
763	246	3
796	246	1
804	314	5
805	314	7
806	314	2
830	318	2
832	320	6
833	321	6
834	322	6
835	323	6
836	324	6
837	325	6
838	326	6
839	327	6
840	328	6
841	329	6
842	330	6
843	331	6
844	332	6
845	333	6
846	334	6
847	335	6
848	336	6
849	337	4
850	338	6
851	339	6
852	340	6
853	341	6
854	342	1
855	265	4
856	265	6
857	245	4
858	245	6
861	357	6
862	358	6
863	359	6
864	360	6
865	361	6
866	362	6
867	363	6
868	364	6
869	365	6
870	366	6
871	367	6
872	368	6
873	369	6
874	370	6
875	371	6
876	372	6
877	373	6
878	374	6
879	375	6
880	376	6
881	377	6
882	378	6
883	379	6
884	380	6
885	381	6
886	382	6
887	383	6
888	384	6
889	385	6
890	386	6
891	387	6
892	388	6
893	389	6
894	390	6
895	391	6
896	392	6
897	393	6
898	394	6
899	395	6
900	396	6
901	397	6
902	398	6
903	399	6
904	400	6
905	401	6
906	402	6
907	403	6
908	404	6
909	405	6
910	406	6
911	407	6
912	408	6
913	409	6
914	410	6
915	411	6
916	412	6
917	413	6
918	414	6
919	415	6
920	416	6
921	417	6
922	418	6
923	419	6
924	420	6
925	421	6
926	422	6
927	423	6
928	424	6
929	425	6
930	426	6
931	427	6
932	428	6
933	429	6
934	430	6
935	431	6
936	432	6
937	433	6
938	434	6
939	435	6
940	436	6
941	437	6
946	442	6
948	443	4
971	446	6
972	447	6
973	448	6
974	449	6
975	450	6
976	451	6
977	452	6
978	453	6
979	454	6
980	455	6
981	456	6
982	457	6
983	458	6
984	459	6
985	460	6
986	461	6
987	462	6
988	463	6
989	464	6
990	465	6
991	466	6
992	467	6
993	468	6
994	469	6
995	470	6
996	471	6
997	472	6
998	473	6
999	474	6
1000	475	6
1001	476	6
1002	477	6
1003	478	6
1004	479	6
1005	483	6
1006	484	6
1007	485	6
1008	486	6
1009	490	6
1010	491	6
1011	492	6
1012	493	6
1013	494	6
1014	495	6
1015	496	6
1016	497	6
1017	498	6
1018	499	6
1019	503	6
1020	504	6
1021	505	6
1022	506	6
1023	508	6
1025	509	6
1040	510	6
1041	512	6
1042	513	7
1043	513	5
1045	513	2
1053	514	5
1054	514	7
1055	514	2
1056	515	4
1057	516	5
1058	517	6
\.


--
-- Data for Name: auth_user_user_permissions; Type: TABLE DATA; Schema: public; Owner: leda
--

COPY public.auth_user_user_permissions (id, user_id, permission_id) FROM stdin;
1	337	32
2	337	9
3	337	10
4	337	11
5	337	12
6	337	13
7	337	14
8	337	15
9	337	16
10	337	29
11	337	30
12	337	31
13	515	29
14	515	30
15	515	31
\.


--
-- Data for Name: diario_administrador; Type: TABLE DATA; Schema: public; Owner: leda
--

COPY public.diario_administrador (id, reference_id, user_id) FROM stdin;
2	\N	3
6	10	165
7	4	245
8	7	265
9	6	266
10	5	267
11	5	271
13	5	246
14	10	318
15	11	342
\.


--
-- Data for Name: diario_atividade; Type: TABLE DATA; Schema: public; Owner: leda
--

COPY public.diario_atividade (id, numero, nome, descricao) FROM stdin;
19	19	... Mas que tem solues!	No seguimento da atividade anterior, os elementos do grupo dividem-se em grupos de 2 a 3 elementos. Neste contexto mais ntimo de discusso, o grupo  convidado a identificar estratgias de gesto de stresse e de coping que utilizam ou reconhecem que poderiam/deveriam utilizar, com o intuito de melhor gerir o stresse, as suas emoes e cuidar de si prprio (potenciando, sempre que possvel, as experincias e o know-how dos prprios CI).\r\n O grupo deve sistematizar estas estratgias em cartolinas/ folhas (em texto, desenho ou outro). Por fim, cada grupo dever apresentar aos colegas a sua "obra", promovendo a discusso e partilha entre todos.\r\nAs cartolinas/ folhas devero ser afixadas no espao onde decorre a sesso e lidas/ relembradas sempre que pertinente.
14	14	Pintar as emoes	Nesta atividade pretende-se que os CI relaxem atravs da pintura e reflitam sobre as suas emoes, inerentes s dificuldades na comunicao e na gesto de comportamentos desafiantes.\r\nO dinamizador dever criar um ambiente calmo e com msica a gosto do grupo. O grupo dever estar disposto  volta de uma mesa, onde encontraro o material necessrio no centro desta.\r\nO CI  convidado a pintar as suas emoes, relativamente ao assunto explorado. Depois de todos terminarem,  pedido ao CI que partilhe com o grupo a sua "obra", fazendo referncia s suas emoes. \r\nNo final, os CI so convidados a deixar a sua "obra" no espao da parede reservado para o efeito.\r\nCaso haja algum CI que mostre constrangimentos em pintar, poder, por exemplo, fazer recortes ou desenho, utilizando revistas e jornais.
1	1	O meu barco	A atividade inicia com uma viagem de barco.\r\nO barco de papel dever passar pelas mos de todos com movimentos dos braos simulando a navegao. \r\nEnquanto o barco passa pelos cuidadores, o dinamizador dever acompanhar os movimentos com frases do tipo: \r\n\r\n* "todas as viagens tm altos e baixos, ... fases mais positivas e outras mais desafiantes", \r\n* "h sempre um ponto de partida, um contexto, que no pode ser esquecido, mas antes compreendido", \r\n* "e depois h um porto de abrigo, onde o barco vai atracar, trazendo para terra imensas coisas boas de outros lugares".\r\n\r\nDepois desta(s) primeira(s) volta(s), o dinamizador dever pedir a cada elemento que partilhe com o grupo a sua identidade, para que todos se conheam melhor. Ento, de forma breve, e com o barco no seu "porto", cada um dever dizer o seu nome e falar um pouco do contexto do cuidado prestado (por exemplo, de quem cuida, h quanto tempo cuida, o nvel de cuidados prestados). \r\n\r\nDar liberdade para que a pessoa possa partilhar outras informaes, caso o entenda (ex. idade, onde vive, doena do recetor de cuidados). \r\n\r\nNota: controlar eficazmente o tempo de participao dos elementos.
3	3	As comadres	Com esta atividade pretende-se promover uma relao emptica entre os participantes, e relembrar a identidade dos elementos do grupo.\r\n\r\n vez, cada elemento dever apresentar o/a "compadre/ comadre" do lado, dizendo o seu nome e duas caractersticas individuais ou da sua histria de vida.
12	12	Participao semanal - As dificuldades do dia-a-dia	At  prxima sesso, so colocados 2 desafios ao CI:\r\n1. que tente implementar algumas das boas prticas exploradas nesta sesso;\r\n2. que traga uma situao vivenciada (pessoalmente ou no) que represente um contexto de difcil gesto, nomeadamente ao nvel da comunicao ou comportamento inapropriado, para que se discuta na prxima sesso.\r\nO CI dever registar no Dirio de Bordo a sua experincia para discusso na prxima sesso.
8	8	Participao semanal - Agarro a oportunidade	Nesta sesso, a "participao semanal" desafia os CI a agarrarem a oportunidade de aplicar pelo menos uma das orientaes/ boas prticas discutidas na sesso relativas  prestao de cuidados de higiene e conforto, eliminao, alimentao e medicao. O CI dever registar no Dirio de Bordo a sua experincia para discusso na prxima sesso.
9	9	Participao semanal - Em busca da boa postura	Com esta "participao semanal" pretende-se que o CI consolide os conhecimentos relativos s boas prticas nas transferncias e posicionamentos do RC adquiridos na sesso. \r\n(Quando aplicvel) O CI  convidado a experimentar outras opes de posicionamento e formas de apoiar a transferncia, considerando as boas prticas visadas na sesso. \r\n ainda solicitado ao CI que transmita este conhecimento e boas prticas aos seus familiares e amigos que o apoiam no cuidado.\r\nRegistar a concretizao da atividade no Dirio de Bordo, referindo tambm, caso tenha existido, alguma queixa de dor e os nveis de bem-estar sentidos ao longo dos dias.
5	5	Participao semanal - conhecer a doena	A "participao semanal"  uma tarefa a realizar entre as sesses e que refora, deste modo, a continuidade da interveno inter-sesses.\r\nNeste primeiro desafio  pedido aos CI, cujas doenas mentais dos RC tenham sido discutidas em sesso, que partilhem com familiares, vizinhos e/ou amigos os conhecimentos adquiridos na sesso, esclarecendo questes associadas  doena (sinais e sintomas, comportamentos esperados, evoluo, ...). Registar a concretizao da atividade no Dirio de Bordo.
6	6	Emoticons	Participam mais ativamente nesta atividade os CI de RC com esquizofrenia ou incapacidade intelectual.\r\nNesta atividade pretende-se que o CI partilhe com o grupo os principais sentimentos/ estado de esprito quanto  gesto da doena do familiar/amigo, podendo refletir sobre as dificuldades, angstias e felicidades.\r\nCada elemento recebe trs emoticons sem expresso facial (no fundo, trs crculos amarelos). \r\nNeles, o CI dever desenhar a expresso facial que representa o seu estado de esprito acerca da gesto da doena do familiar/amigo (utilizar o nmero de emoticons que entender).\r\n  ento pedido a cada participante que partilhe com o grupo o(s) seu(s) emoticons, procurando-se uma perspetiva positiva e de valorizao do papel do cuidador e da importncia do apoio dado ao RC.
10	10	A comunicao  um desafio	Para esta atividade, estaro disponveis 4 casos que representam situaes de dificuldade na comunicao ou na gesto de comportamentos desadequados no mbito de quadros de demncia, perturbao bipolar, esquizofrenia ou incapacidade intelectual.\r\n \r\nO dinamizador l um dos casos e convida o grupo a discuti-lo, de modo a identificar as boas prticas utilizadas, os potenciais erros ou debilidades, e apontar outras opes que permitam lidar com a situao. O dinamizador dever validar/ corrigir as participaes dos CI, acrescentando informao sempre que necessrio.\r\n Para tal, ter a orientao do panfleto, a entregar no final ao CI, intitulado "Boas prticas na comunicao e na gesto de comportamentos".\r\n Dever repetir-se para os restantes casos.\r\nAps a explorao de cada caso, os CI devero sistematizar as boas prticas na comunicao e na gesto de comportamentos inapropriados em cartolinas/ folhas, num trabalho realizado em grupo (2 a 3 elementos cada). As cartolinas/ folhas devero ficar afixadas no espao existente para o efeito e lidas/ relembradas sempre que pertinente.
20	20	Participao semanal - Compreender o stresse e as emoes	Para esta semana, o desafio do CI  o de identificar, no seu dia-a-dia, as emoes inerentes ao cuidado prestado. Sempre que estas sejam negativas/"ms", utilizar as estratgias referidas na sesso.\r\nRegistar a concretizao da atividade no Dirio de Bordo, preferencialmente, utilizando um registo pictrico do nvel de stresse antes e depois do uso da estratgia.
15	15	Participao semanal - Ajudar a famlia a comunicar melhor	Neste desafio  pedido aos CI que partilhem com familiares, vizinhos e/ou amigos os conhecimentos adquiridos na sesso, nomeadamente as boas prticas na comunicao e na gesto dos comportamentos desafiantes. O CI dever registar a concretizao da atividade no Dirio de Bordo.
17	17	Participao semanal - Um "bom" dia	Para esta semana,  colocado o desafio ao CI de ajudar o RC a alterar a organizao e tipo de  atividades realizadas ao longo da semana. Isto , pretende-se que o CI ajude o RC a ocupar o seu tempo com (mais) atividades de lazer, entretenimento e de estimulao que lhe sejam prazerosas. O CI dever registar a concretizao da atividade no Dirio de Bordo.
16	16	Mapa de atividades do RC	Com o apoio da ficha "Como se ocupa", o CI dever identificar as atividades que o RC mais gosta de realizar, como gosta(va) de ocupar o seu tempo. Quando todo o grupo tiver preenchido esta primeira parte, explica-se o exerccio seguinte (verso da pgina). O CI dever preencher o mapa semanal com as atividades que o RC realiza ao longo de uma semana normal/ tpica. Em seguida, deve contabilizar as horas registadas no mapa das atividades prazerosas, refletindo sobre o "quanto" o RC realiza atividades que lhe do prazer e satisfao ao longo da semana.
18	18	Sou um ser emocional...	O dinamizador dever comear a atividade com a leitura de um testemunho de um cuidador, onde se relate o turbilho de emoes associados ao cuidado, assim como a importncia da gesto emocional.\r\nO grupo  convidado a refletir em silncio sobre o testemunho que ouviram durante 1 ou 2 minutos. Posteriormente, o dinamizador dever promover a discusso dos elementos acerca do caso: "O que acharam deste caso?", "Identificam-se com ele?", "Que tipo de emoes esto aqui presentes?", "J as experienciaram?", "Como lidaram com elas?", "Que estratgias (de gesto de stresse e gesto emocional) utilizaram?"\r\nO dinamizador dever abordar o conceito de stresse no contexto dos cuidados informais. Explorar os antecedentes, os comportamentos e pensamentos, assim como as consequncias das mesmas (ciclo A - K - C). Dever ainda referir a componente positiva do stresse na vida das pessoas.
25	25	Mapa de atividades do CI	Com o apoio da ficha "Como me ocupo", o CI dever preencher o mapa semanal com as atividades que realiza ao longo de uma semana normal. \r\nEm seguida, deve contabilizar as horas registadas no mapa das atividades prazerosas, refletindo sobre o "quanto" investe na sua satisfao e bem-estar.
26	26	Participao semanal - Fazer mais e melhor	Neste ltimo desafio, o CI dever tentar melhorar a gesto do seu tempo, de modo a incluir a realizao de atividades que lhe sejam satisfatrias e promovam o seu bem-estar. O CI dever registar a concretizao da atividade no Dirio de Bordo.
27	27	A teia da amizade	Esta atividade procura criar o contexto para a partilha de emoes, sentimentos e ideias dos vrios elementos do grupo quanto  participao no programa.\r\nOs elementos do grupo devem ser dispostos em crculo, sendo que o dinamizador tem consigo os 4 novelos de l. Antes de passar o primeiro novelo a outro elemento, mantendo consigo uma ponta deste, dever responder ao "Gostei de estar aqui convosco porque...". O novelo vai passando de elemento para elemento, em que cada um segura uma ponta do novelo, at que todos tenham respondido a esta questo. Segue-se ento um segundo novelo, de cor diferente, em associao  questo: "Do mais importante que levo comigo, ...". Este procedimento repete-se para as questes seguintes, cada uma com um novelo de cor diferente: "No estava  espera de..."e "No final deste percurso sinto-me....". \r\nNo final, forma-se uma teia colorida que une todos os participantes, sobressaindo a ideia da rede social, dos laos e entreajuda estabelecidos entre o grupo.
23	23	Participao semanal - Pensar positivo	So colocados dois desafios ao CI para esta semana:\r\n1.\tdever relembrar-se dos aspetos positivos associados ao cuidado;\r\n2.\tsempre que surjam situaes menos boas, dever fazer o exerccio de procurar o lado positivo da situao.\r\nO CI dever registar a experincia desta atividade no Dirio de Bordo, descrevendo as situaes e estratgias utilizadas.
21	21	"Importantmetro"	Inicialmente,  pedido aos elementos do grupo que reflitam por 3 ou 4 minutos sobre os aspetos positivos associados  tarefa de cuidar (i.e. O que h de mais positivo no cuidar do outro? \r\nQue tipo de satisfao est inerente ao cuidar do outro? O que justifica a continuidade do cuidado ao longo do tempo?).\r\nAps esta reflexo,  entregue a cada participante a ficha intitulada "Importantmetro", que dar apoio  concretizao da restante atividade.\r\n vez,  pedido ao CI que partilhe qual o aspeto mais positivo que encontrou no cuidar do seu familiar/amigo. \r\nTodos os elementos devero escrever essa ideia na ficha (a ficha apresenta tantas opes, quanto o nmero de elementos do grupo). \r\nA certo ponto, os aspetos mais positivos dos elementos j foram referidos, pelo que o CI dever identificar um novo aspeto positivo, e acrescentam na ficha de igual modo. \r\nNo final,  pedido que reflitam sobre os vrios aspetos positivos associados ao cuidado e que os classifiquem numa escala de importncia (0 - nada importante a 10 - extremamente importante).
24	24	O frasco (meio) cheio	Materiais: recipiente transparente (3 a 4 L); 1 Kg de arroz; caf em p (2 chvenas); Para cada CI participante: 1 bola de pingue-pongue, 2 botes coloridos (aprox. 2 cm dimetro) e 4 gros secos.\r\nCom esta atividade, pretende-se abordar a tcnica de gesto do uso do tempo, de modo a incentivar o CI a realizar as atividades de lazer que lhe so mais prazerosas. \r\nDeve ser reforada a ideia de que, para ganhar tempo, o cuidador necessita de gerir eficazmente as tarefas do dia-a-dia, fazendo esta gesto com base no grau de importncia/ urgncia de cada atividade, estabelecendo para isso, prioridades. \r\nO dinamizador ter consigo um recipiente transparente onde os CI iro colocar diversos objetos/ materiais. A cada CI  entregue 1 bola de pingue-pongue, 2 botes coloridos (aprox. 2 cm dimetro) e 4 gros secos. \r\nA cada tipo de objetos  atribudo um nvel de satisfao para com as atividades de lazer (a bola representa a atividade de lazer preferida do CI, seguindo-se as 2 atividades representadas pelos botes e as ltimas 4, que se materializam nos gros secos). \r\n\r\nA atividade inicia com o pedido ao CI para que pense na atividade de lazer (fsica, de relao social, cultural, espiritual, ...) de que mais gosta. Em seguida, o CI coloca a bola dentro do recipiente, verbalizando e partilhando a atividade com os colegas. \r\nQuando todos tenham participado, passa-se para o nvel seguinte.\r\n agora pedido ao CI que identifique 2 atividades que tambm gosta bastante de realizar, mas menos do que a anterior.  vez, o CI dever colocar os botes no recipiente, aps partilhar com o grupo as atividades de que gosta. \r\nPor ltimo, repete-se a atividade, agora para os 4 gros secos, que representam outras atividades de lazer de que gosta, mas no tanto quanto as anteriores.\r\nPergunta-se ao grupo se esto satisfeitos com as atividades que identificaram e se o frasco estar suficientemente cheio. \r\nPartindo do pressuposto de que a resposta ser negativa, o dinamizador dever encher o recipiente com arroz, de modo a preencher os espaos vazios. \r\n questionado ao grupo que tipo de atividades podero ser estas, sendo que o dinamizador dever orientar as respostas para aquelas atividades do dia-a-dia que tm necessariamente que existir, tais como preparar as refeies, tratar da nossa higiene, dormir... que tambm so atividades importantes para o bem-estar da pessoa".\r\nPor ltimo, quando o recipiente parece estar cheio, pergunta-se novamente ao grupo se "no cabem mais atividades neste recipiente". \r\nO dinamizador deve ento juntar duas chvenas de caf ao recipiente (o que, metaforicamente, demonstra que a vida pode estar muito ocupada, mas que h sempre espao para um caf com um amigo!).
7	7	Imagens sentidas	Com esta atividade pretende-se que os CI partilhem com o grupo as dificuldades, constrangimentos, sentimentos e emoes sentidas na prestao de cuidados de higiene e conforto, eliminao, alimentao e medicao.\r\nO grupo deve ser disposto  volta de uma mesa. \r\nNo centro dessa mesa encontram revistas, jornais, tesouras, cola, folhas brancas, canetas/ lpis de cor.  proposto ao cuidador que crie uma imagem elucidativa (ex. recortes, desenho) de alguma das principais dificuldades, constrangimentos, sentimentos e emoes sentidas no mbito da prestao destes cuidados.\r\nPosteriormente, cada CI partilha com o grupo a sua "obra" explicando-a  luz do objetivo da atividade.\r\nSempre que possvel, devem enaltecer-se emoes positivas no contexto do cuidado e do papel do participante enquanto CI.\r\nNo final, os CI so convidados a deixar a sua "obra" no espao da parede reservado para o efeito.
22	22	Estar bem para cuidar bem	Os elementos do grupo devem organizar-se em pares. \r\n vez, cada um ir realizar uma massagem ao colega, de cerca de 8 minutos. \r\nEsta massagem pode ser realizada s mos, utilizando um creme hidratante com cheiro agradvel, ou utilizando um outro objeto que tenha esta funo, por exemplo para massajar as costas/ braos ou a cabea. \r\nComo tal, o dinamizador dever criar um ambiente calmo, com msica relaxante e, durante a massagem, convidar os elementos a fechar os olhos para potenciar a perceo tctil. \r\nA meio da atividade o dinamizador dever perguntar se esto a gostar, pedindo que se foquem na sensao positiva vivenciada no momento; que tenham perceo das emoes presentes. Repete-se para os outros elementos.\r\nNo seguimento da atividade, dever ser pedido ao grupo que verbalize as emoes identificadas no momento da massagem, promovendo-se deste modo, a consciencializao de emoes de satisfao e bem-estar. Neste contexto, dever refletir-se sobre a importncia do bem-estar na vida pessoal (na sua felicidade), assim como na qualidade dos cuidados prestados, uma vez que - se eu no estiver bem, no posso cuidar bem".
4	4	rbitro de emoes	Participam mais ativamente nesta atividade os CI de RC com demncia ou perturbao bipolar. \r\nNesta atividade os participantes so convidados a partilhar as suas emoes com o grupo acerca da gesto dos cuidados prestados e da doena do RC (por exemplo, partilha das principais dificuldades e angstias sentidas, assim como dos momentos de satisfao). Aquando desta partilha, o participante dever levantar o carto da cor associada ao tipo de emoes experienciadas, assumindo um papel de rbitro de emoes.\r\nDepois de explicar o objetivo da atividade, o dinamizador dever distribuir um carto verde, um amarelo e um vermelho por cada participante, explicando em seguida o significado de cada um:\r\n\r\n- o carto verde dever ser levantado pelo participante na partilha de emoes positivas e felizes;\r\n- o carto vermelho na partilha de emoes negativas e de angstia. \r\n- o carto amarelo dever ser levantado quando o CI tem dvidas se o que est a partilhar  positivo (verde) ou negativo (vermelho).\r\n\r\nSempre que um CI utiliza um carto amarelo, os restantes elementos devero ser convidados a ajud-lo a decidir sobre o carto verde ou vermelho para aquele mesmo assunto. Num contexto de empatia, so discutidas as nuances daquela situao, procurando-se que resulte num carto verde (num olhar/ emoo positivo).
2	2	Regras de funcionamento do grupo	Preparao: Escrever as frases-chave em papis separados para entregar a cada par de participantes. \r\nDistribuir uma folha de papel e canetas a cada conjunto de participantes.\r\nDesenvolvimento da atividade: \r\nDivide-se o grupo em pares e distribuem-se as frases-regra. Aps alguma reflexo e anlise acerca da frase-chave, cada par dever escolher algumas palavras da frase para escrever numa folha. \r\nPosteriormente, cada par apresenta ao grupo a sua folha, havendo espao para alguns comentrios dos colegas.\r\n No final, deve questionar-se o grupo se existe(m) mais alguma(s) regra(s) a considerar. As folhas devero ser afixadas no espao onde decorre a sesso e lidas/ relembradas sempre que necessrio. \r\n\r\nDe forma a promover uma convivncia saudvel e respeito mtuo entre o grupo, so aqui descritas algumas das regras de funcionamento. So elas:\r\n\r\n* Participao regular.\r\n* Respeito pelo horrio definido.\r\n* Confidencialidade e sigilo. O que se diz no mbito do grupo, deve ficar no grupo. Deve promover-se um ambiente de confiana entre todos.\r\n* Ouvir o outro, para ser ouvido. E, por isso, respeitar quando o outro fala. Existir sempre espao para se fazer ouvir.\r\n* Respeitar a opinio do outro e, como tal, a diferena em relao ao outro. \r\n* No fazer juzos de valor. No existem doentes nem cuidadores perfeitos.\r\n* As interaes devem ocorrer no grupo e no entre pares.
13	13	A comunicao  um desafio no meu dia-a-dia	Com esta atividade, pretende-se explorar situaes de dificuldade na comunicao ou na gesto de comportamentos indesejados/ desajustados no mbito do dia-a-dia dos CI participantes. \r\nPara tal, devero considerar-se os casos/ situaes que cada CI trouxe para serem discutidos no grupo (segunda parte  da Atividade 12).\r\nDever ser utilizada a mesma metodologia da sesso anterior (Atividade 10), sendo que neste caso quem expe a situao  um dos CI. \r\nO grupo  convidado a discutir, de modo a identificar as boas prticas na comunicao utilizadas, os potenciais erros ou debilidades e apontar outras opes que permitam lidar com a situao. O dinamizador dever validar/ corrigir as participaes dos CI, acrescentando informao sempre que necessrio. Para tal, ter tambm a orientao do panfleto "Boas prticas na comunicao e na gesto de comportamentos". \r\nDever repetir-se para os restantes casos.\r\nAps a explorao de cada caso, os CI devero sistematizar as boas prticas na comunicao e na gesto de comportamentos inapropriados, acrescentando informao nas cartolinas/ folhas j utilizadas na sesso anterior, num trabalho realizado em grupo (mantendo os mesmos grupos da Atividade 10). \r\nAs cartolinas/ folhas devero ficar afixadas no espao onde decorre a sesso e lidas/ relembradas sempre que necessrio.
11	11	Momento de reflexo	Com esta atividade pretende-se que o CI tenha a oportunidade de refletir sobre os contedos anteriormente abordados, focando-se nas diferentes formas de lidar com os desafios, refletindo sobre a sua capacidade, potencialidade e competncia, enaltecendo a valorizao do seu papel. \r\nO dinamizador dever criar um ambiente calmo, de meia-luz, com msica calma. Aps preparao do ambiente, dever ajudar os CI a respirarem mais pausadamente, a fecharem os olhos, e dever dizer-lhes (de forma calma e pausada): \r\n"Este momento foi criado para que possam refletir sobre os assuntos que estivemos hoje a explorar: as diferentes situaes e formas de lidar com elas; assim como as experincias vividas no dia-a-dia com o RC. No esqueam ainda de recordar os momentos positivos e de satisfao.\r\nEste  um momento vosso."\r\nNo final do tempo previsto para a atividade, o dinamizador dever pedir aos CI que abram os olhos, retomar a luminosidade anterior e perguntar se se sentem bem. S depois dever desligar o som.
\.


--
-- Data for Name: diario_avaliacaoparticipante; Type: TABLE DATA; Schema: public; Owner: leda
--

COPY public.diario_avaliacaoparticipante (id, interesse, comunicacao, iniciativa, satisfacao, humor, eficacia_relacional, observacao, participante_id, sessao_grupo_id, submetido_por_id) FROM stdin;
\.


--
-- Data for Name: diario_avaliacaosessao; Type: TABLE DATA; Schema: public; Owner: leda
--

COPY public.diario_avaliacaosessao (id, planificacao_conteudos, adq_conteudos, adq_materiais, adq_tempo, grau_dominio, necessidade_treino, apreciacao_global, tipo_treino_competencias, observacao, sessao_grupo_id, submetido_por_id) FROM stdin;
\.


--
-- Data for Name: diario_avaliador; Type: TABLE DATA; Schema: public; Owner: leda
--

COPY public.diario_avaliador (id, reference_id, user_id, data_entrada, info_sensivel_id, localizacao, nacionalidade, nascimento, sexo) FROM stdin;
12	10	166	2023-09-22 10:22:21.019708+00	138			1992-09-22	Feminino
13	10	167	2023-09-22 10:22:59.511132+00	141	\N	\N	1992-09-22	Feminino
24	\N	196	2024-02-04 15:44:24.878155+00	\N			\N	
34	\N	513	2024-06-28 20:38:22.521693+00	\N			\N	
15	5	246	2023-10-12 10:27:40.991516+00	\N	\N	\N	\N	Masculino
35	10	514	2024-07-09 08:37:31.220831+00	427			2000-06-14	Masculino
21	7	278	2023-11-24 16:53:53.601387+00	225	\N	\N	\N	Feminino
20	6	279	2023-11-24 16:50:53.304058+00	224	\N	\N	2023-11-24	Masculino
17	4	255	2023-10-19 13:32:23.172433+00	213			1980-10-19	Outros
\.


--
-- Data for Name: diario_colaborador; Type: TABLE DATA; Schema: public; Owner: leda
--

COPY public.diario_colaborador (id, sexo, nascimento, data_entrada, nacionalidade, localizacao, info_sensivel_id, reference_id, user_id) FROM stdin;
3		\N	2024-03-10 22:47:50.219469+00			\N	\N	314
8		\N	2024-06-28 20:37:52.292016+00			\N	\N	513
9		\N	2024-07-09 08:37:31.147291+00			\N	10	514
10		\N	2024-10-11 14:58:33.442469+00			\N	11	516
\.


--
-- Data for Name: diario_cuidador; Type: TABLE DATA; Schema: public; Owner: leda
--

COPY public.diario_cuidador (id, sexo, nascimento, data_entrada, nacionalidade, localizacao, escolaridade, regime, info_sensivel_id, referenciacao_id, user_id, "agregadoFamiliar", "autoAvaliacaoEstadoSaude", "diaNormal", "diaNormal30DiasDormir_minutos", "diaNormal30DiasSupervisao_dias", "diaNormal30DiasSupervisao_minutos", "diaNormal30DiasTarefasCasa_dias", "diaNormal30DiasTarefasCasa_minutos", "diaNormal30DiasTarefasWC_dias", "diaNormal30DiasTarefasWC_minutos", "estadoCivil", "motivoDependecia", "nivelContribuicao", "nrFilhos", "periodicidadeCuidado", "prestadoresCuidadosAmigos", "prestadoresCuidadosFamiliares", "prestadoresCuidadosOutros", "prestadoresCuidadosProfissionaisCD", "prestadoresCuidadosProfissionaisSAD", "prestadoresCuidadosVizinhos", "principalMotivoParaCuidar", "profissaoPrincipal", residencia, "situacaoEconomica", "situacaoLaboral", "temFilhos", "tempoCuidados_meses", "viveComParticipante", avaliador_id, comorbilidades, "diagnosticoPrincipal") FROM stdin;
37	Masculino	2001-02-22	2023-09-26 20:13:59.93621+00	\N	\N	1-4	Online	167	10	197	Vive sozinho(a)	Nem mau nem bom		0	0	0	0	0	0	0	Solteiro(a)	Demncia/Doena Neurocognitiva (cognitiva adquirida)	1%-20%	0	\N	0	0	0	0	0	0	\N	\N	Urbana	Satisfatria	Reformado(a)	f	0	Sim	165		Alzheimer
43	Masculino	2001-06-12	2024-01-01 18:25:06.837842+00			1-4	Online	237	\N	291	Vive sozinho(a)	Nem mau nem bom		0	0	0	0	0	0	0	Solteiro(a)	Demncia/Doena Neurocognitiva (cognitiva adquirida)	1%-20%	0	Demncia/Doena Neurocognitiva (cognitiva adquirida)	0	0	0	0	0	0			Urbana	Satisfatria	Reformado(a)	f	0	Sim	167		Alzheimer
36	Feminino	2001-09-05	2023-09-26 19:53:25.280403+00	None	None	1-4	Online	163	10	195	Vive sozinho(a)	Nem mau nem bom		0	0	0	0	0	0	0	Solteiro(a)	Demncia/Doena Neurocognitiva (cognitiva adquirida)	1%-20%	0	\N	0	0	0	0	0	0	\N	\N	Urbana	Satisfatria	Reformado(a)	f	0	Sim	165		Alzheimer
46	Feminino	2024-04-09	2024-04-13 12:05:05.62742+00			1-4	Online	362	\N	443	Vive sozinho(a)	Nem mau nem bom		0	0	0	0	0	0	0	Solteiro(a)	Demncia/Doena Neurocognitiva (cognitiva adquirida)	1%-20%	0	Demncia/Doena Neurocognitiva (cognitiva adquirida)	0	0	0	0	0	0			Urbana	Satisfatria	Reformado(a)	f	0	Sim	3		Alzheimer
47	Feminino	\N	2024-07-09 08:39:58.771025+00	Portugues	Lisboa	1-4	Online	428	10	515	Vive sozinho(a)	Nem mau nem bom		0	0	0	0	0	0	0	Solteiro(a)	Demncia/Doena Neurocognitiva (cognitiva adquirida)	1%-20%	0	\N	0	0	0	0	0	0	\N	\N	Urbana	Satisfatria	Empregado(a)	f	0	Sim	165	\N	\N
\.


--
-- Data for Name: diario_cuidador_diagnosticos; Type: TABLE DATA; Schema: public; Owner: leda
--

COPY public.diario_cuidador_diagnosticos (id, cuidador_id, doenca_id) FROM stdin;
\.


--
-- Data for Name: diario_cuidador_grupo; Type: TABLE DATA; Schema: public; Owner: leda
--

COPY public.diario_cuidador_grupo (id, cuidador_id, grupo_id) FROM stdin;
230	36	164
231	37	165
232	36	165
243	37	176
249	37	180
256	37	183
257	43	183
258	36	183
259	36	184
260	47	184
261	43	189
262	36	189
263	46	189
264	37	191
265	43	191
266	36	191
\.


--
-- Data for Name: diario_dinamizadorconvidado; Type: TABLE DATA; Schema: public; Owner: leda
--

COPY public.diario_dinamizadorconvidado (id, sexo, nascimento, data_entrada, nacionalidade, localizacao, funcao, info_sensivel_id, user_id, reference_id) FROM stdin;
18	Feminino	1992-09-22	2023-09-22 10:22:20.968265+00				136	166	10
38		2024-03-12	2024-07-05 13:26:03.514226+00				424	513	\N
39	Masculino	2000-06-14	2024-07-09 08:37:31.151824+00				425	514	10
19	Feminino	1992-09-22	2023-09-22 10:22:59.466332+00				139	167	10
40	Feminino	1976-04-09	2024-10-11 14:58:33.463263+00				429	516	11
\.


--
-- Data for Name: diario_dinamizadorconvidado_grupo; Type: TABLE DATA; Schema: public; Owner: leda
--

COPY public.diario_dinamizadorconvidado_grupo (id, dinamizadorconvidado_id, grupo_id) FROM stdin;
89	38	183
90	39	184
91	40	189
77	19	164
78	18	165
83	19	173
\.


--
-- Data for Name: diario_documents; Type: TABLE DATA; Schema: public; Owner: leda
--

COPY public.diario_documents (id, name, description, file) FROM stdin;
1	Nome	Portugal	files/MentHA_COG.png
\.


--
-- Data for Name: diario_documents_cuidador; Type: TABLE DATA; Schema: public; Owner: leda
--

COPY public.diario_documents_cuidador (id, documents_id, cuidador_id) FROM stdin;
1	1	36
\.


--
-- Data for Name: diario_doenca; Type: TABLE DATA; Schema: public; Owner: leda
--

COPY public.diario_doenca (id, nome) FROM stdin;
14	Demncia
6	Esquizofrenia
15	Incapacidade Intelectual
10	Perturbao Bipolar
16	Epilepsia
17	Epilepsia
18	Bipolar
19	Epilepsia
23	Depresso Major
24	Doena Mental
25	Doena Mental
26	No sabe
27	No
28	No (hiperactividade)
29	Nada (hiperactividade)
\.


--
-- Data for Name: diario_escolha; Type: TABLE DATA; Schema: public; Owner: leda
--

COPY public.diario_escolha (id, resposta_escrita, opcao_id, parte_grupo_id, pergunta_id, sessao_grupo_id, utilizador_id) FROM stdin;
13	\N	3	5470	5	1154	166
17	\N	3	6361	1	1325	3
19	\N	2	6354	6	1324	3
20	\N	3	6106	1	1272	3
18	\N	4	6061	1	1261	3
23	\N	4	6957	1	1433	3
\.


--
-- Data for Name: diario_exercicio; Type: TABLE DATA; Schema: public; Owner: leda
--

COPY public.diario_exercicio (id, dominio, numero, duracao, descricao, material, instrucao, instrucao_participante) FROM stdin;
6	Memria Visual Diferida	6	15	A partir do exerccio de memria visual imediata (exerccio 4) os participantes devem responder a perguntas sobre as imagens	* Quadro/ carto\r\n* Dossier de exerccios	Agora vamos recordar as imagens que memorizaram h pouco. \r\n\r\nCada participante, um de cada vez, dir um elemento que se recorda de cada imagem (cada participante diz um elemento da imagem 1, da imagem 2 e assim sucessivamente).\r\nSe no acertar ser aplicada uma prova de reconhecimento atravs da visualizao da imagem integrada num conjunto de 2 imagens distratoras).  \r\n\r\nO facilitador regista na tabela o desempenho de cada participante (Teve/no teve dificuldade; Com/sem ajuda)	
9	Memria lgica Verbal Imediata e Leitura	7	15	A. Lista de palavras (2 palavras)\r\n\r\nB. Lista de palavras (3 palavras)	* Quadro\r\n* Dossier\r\n* Lpis	Vou dizer calmamente um conjunto de palavras que vou pedir-vos que as memorizem. Seguidamente escrevem no vosso caderno. \r\nQuem quer repetir as palavras que disse?\r\n\r\n**Notas: No caso dos participante sem literacia ou com dificuldades na escrita, o facilitador escreve no caderno desse mesmo participante.\r\nApenas um dos participantes (participao voluntria) repete as palavras em voz alta. Os colegas podem ajudar.\r\nAplicar pelo menos 2 sries de cada nvel. Comear pelo nvel mais simples e depois o nvel mais complexo. Todos os participantes podem fazer as vrias sries. **	
2	Orientao temporal e espacial	1	10	Assinalar no calendrio a data, hora e localizao da sesso.	* Calendrio que est no inicio de cada dossier\r\n* Lpis\r\n* Dossier de exerccios	Na primeira pgina do vosso dossier encontram um calendrio onde vamos assinalar a data de hoje. Se souberem que dia  hoje, por favor faam um crculo  volta desse dia Abram o dossier no separador da sesso de hoje.\r\n \r\n**Nota: O facilitador deve mostrar qual o espao reservado para cada uma das instrues (data, hora, local).**	Na primeira pgina do vosso dossier encontram um calendrio onde vamos assinalar a data de hoje. Se souberem que dia  hoje, por favor faam um crculo  volta desse dia Abram o dossier no separador da sesso de hoje.
7	Encerramento	99	10	Os participantes classificam a sesso utilizando os quatro smiles presentes em cada dossier. Acrescentam comentrios, se o desejarem.\r\n\r\nRelembrar a data da prxima sesso e Despedida dos participantes	* Imagens dos smiles (projetadas ou em carto)\r\n* Dossier de exerccios\r\n* Lpis	Observe as imagens e escolha a que melhor representa a maneira como se sentiu. Assinale no seu dossier.\r\n\r\nSe quiser, pode escrever, no espao reservado para o efeito, comentrios.	
8	Ateno / Praxia construtiva/ Percepo	3	20	A. Copiar um desenho simples (2D)\r\n\r\nB. Copiar um desenho complexo (3D)	* Quadro\r\n* Lpis\r\n* Borracha\r\n* Dossier de exerccios	Vamos realizar a cpia de um desenho que est no vosso dossier. No se preocupem que no se pretende avaliar as vossas habilidades artsticas, mas treinar o uso do lpis. \r\nPeo que faam o melhor que conseguirem.	
19	Memria verbal imediata / Leitura / Compreenso / Crtica	17	25	A partir de uma notcia do jornal os participantes devero:\r\n\r\n1. Explicar o que se recorda daquela informao;\r\n2. Responder a perguntas sobre a noticia;\r\n3. Dar a opinio pessoal sobre a noticia lida.	* Quadro\r\n* Dossier de exerccios\r\n* Lpis	Vou ler-vos uma notcia do jornal que peo que ouam com ateno para que possam responder a perguntas e dar a vossa opinio sobre a notcia lida.	
23	Ateno / Memria Operativa / Controlo mental	21	10	Apresentao de uma sequencia de quadrados coloridos (at 6) que os participantes devem replicar a apresentao por ordem crescente	* Quadro\r\n* Dossier de exerccios\r\n* Lpis de cor /canetas	"Vou apresentar-vos uma sequncia de quadrados coloridos, que vocs devem replicar (ou reproduzir) pela mesma ordem em que eu vou mostrei, pintando os quadrados que se encontram no vosso dossier. S comeam a pintar os quadrados depois de eu os apresentar todos, que so 6. Algum tem dvidas?"	
20	Ateno e Memria operativa	18	15	Apresentao da numerao de 0-10\r\n\r\n\r\nA. Apresentao de Sries numricas ordem direta\r\n\r\nB.  Apresentao de Sries numricas ordem Inversa	* Quadro\r\n* Dossier de exerccios\r\n* Lpis	Vou pedir que me indiquem alternadamente, os seguintes nmeros: 0- 10. Quem quer comear?	
21	Memria verbal diferida	19	20	Os participantes devem contar a notcia do jornal\r\n\r\n\r\nA. Evocao Guiada com pistas\r\n\r\nB. Evocao Livre	* Dossier de exerccios\r\n* Lpis	Gostava que se recordem da notcia do jornal que falmos anteriormente.	
15	Memria verbal Diferida	13	20	A. Reconhecimento \r\n\r\nB. Evocao livre da histria	* Quadro\r\n* Dossier de exerccios\r\n* Lpis	"Vou fazer algumas perguntas para ajudar a se lembrarem da histria que contei."\r\nO facilitador faz a primeira questo e pergunta ao grupo quem quer responder e assim sucessivamente.	
17	Memria verbal remota	15	30	Contar de algum acontecimento importante na vida do sujeito (data, pessoas envolvidas e ao).	* Quadro\r\n* Dossier de exerccios\r\n* Lpis	Gostava que me contassem um acontecimento de vida pessoal recente (por exemplo, o que fizeram no fim-de-semana) referindo: onde, quando, como, o qu e quem. \r\n\r\nA. Os participantes devem descrever oralmente o seu acontecimento. \r\n\r\nB. Os participantes devem registar no caderno e ler para os restantes participantes.	
18	Reconhecimento visual	16	15	Reconhecimento dos objetos quotidianos\r\n\r\nA. Reconhecimento com pistas;\r\n\r\nB. Reconhecimento sem pistas	* Quadro\r\n* Dossier de exerccios\r\n* Lpis	Gostava que me contassem um acontecimento de vida pessoal recente (por exemplo, o que fizeram no fim-de-semana) referindo: onde, quando, como, o qu e quem. \r\n\r\nA. Os participantes devem descrever oralmente o seu acontecimento. \r\n\r\nB. Os participantes devem registar no caderno e ler para os restantes participantes.	
16	Nomeao / Memria imediata	14	15	Apresentao e nomeao de objetos quotidianos\r\n\r\nA. Nomeao de objetos (5 objetos )\r\n\r\nB.  Descrio de funo.	* Quadro\r\n* Dossier de exerccios\r\n* Lpis	Hoje tenho aqui vrias imagens de objetos do nosso dia-a-dia. Vou pedir que me indiquem o nome de cada objeto.	
14	Linguagem / Fluncia Semntica	12	15	A. Os participantes devem selecionar todos os objetos (imagens) que correspondem  mesma categoria/grupo\r\n\r\nB. Os participantes devem escrever durante 1 minuto o mximo de utenslios do dia-a-dia que se recordam.	* Quadro\r\n* Dossier de exerccios\r\n* Lpis	Vou pedir-vos que identifiquem os objetos da mesma famlia/ categoria. \r\n\r\n**NOTA: Os participantes so convidados a falar  vez.\r\nNa opo A) no existe tempo de execuo para a tarefa no ser contaminada pelas dificuldades de ateno. \r\n**	
22	Ateno / Memria Visual Imediata	20	15	Apresentao de caras no familiares com evocao imediata	* Quadro\r\n* Dossier de exerccios\r\n* Lpis\r\n* Fotos	Vou mostrar-vos caras de pessoas desconhecidas que peo que memorizem para que possam reconhecer quando voltarem a ver novamente. Tenham ateno aos pormenores. \r\n\r\n**Nota: Cada foto  apresentada durante 10 segundos.**	
11	Memria Remota biogrfica/Escrita e Iniciativa verbal	9	20	A. Partilha oral de uma memria de um episdio de vida.\r\n\r\nB. Escrita de uma memria de um episdio de vida.	* Dossier de exerccios\r\n* Lpis	Vou pedir-vos que contem um acontecimento de vida pessoal antigo, por exemplo, umas viagens que fizeram, o dia do vosso casamento, etc. Devem indicar quando, onde, quem, o que aconteceu, o que mais vos marcou pela positiva/negativa. \r\n\r\nA. Cada participante partilha verbalmente o seu acontecimento.\r\nB. Cada participante escreve no seu caderno.	
13	Memria imediata Visual / Leitura	11	20	A. Evocao com pista acerca de uma histria\r\n\r\nB. Evocao livre sem pistas	* Quadro\r\n* Dossier de exerccios\r\n* Lpis	Vou contar-vos uma histria que peo que ouam com ateno. Seguidamente, irei pedir-vos que me contem a histria e que respondam a questes sobre a mesma. \r\n\r\nA. Histria A - Evocao oral guiada atravs de pistas /perguntas.\r\nB. Histria A - Evocao livre sem recurso a pistas.	
12	Memria remota Visual	10	20	Identificar o nome a partir de fotografias de pessoas famosas do passado.\r\n\r\nA. Lista A (pessoas nacionais)\r\nB. Lista B (Pessoas internacionais)	* Quadro/ cartes fotografias\r\n* Dossier de exerccios\r\n* Lpis	Hoje vamos relembrar pessoas famosas do passado. Vou pedir que identifiquem quem  /foi, de que forma se destacaram e que caractersticas se recordam delas (ex. sentido de humor, usava sempre chapu, etc. ).\r\n\r\nA. Os participantes registam no caderno e em seguida dizem oralmente (pessoas nacionais).\r\nB. Os participantes registam no caderno e em seguida dizem oralmente (pessoas internacionais). \r\n\r\n**Notas: O facilitador pode fornecer pistas, caso o participante no consiga evocar livremente e registar que requereu ajuda.**	
35	Planificao	33	20	Os participantes devem resolver conjunto de sries e labirintos (3).	* Quadro/carto\r\n* Dossier de exerccios\r\n* Lpis	"O exerccio seguinte  um labirinto. Comeam neste ponto de partida e devem encontrar o caminho at ao ponto de chegada, aqui. Entenderam?"	
33	Inibio de resposta	31	20	A. Os participantes devero dizer o nome das cores trocando-as, ou seja nas bolas verdes deve dizer azul e nas bolas azuis deve dizer verde.\r\n\r\nB. Os participantes devem dizer o nome de figuras geomtricas trocando o nome, ou seja nos quadrados dizer bola e nas bolas deve dizer quadrado	* Quadro\r\n* Dossier de exerccios	**Nota: Manter as bolas e as figuras geomtricas visveis aos participantes.\r\nExerccio de controlo inibitrio realizado  vez**	
36	Flexibilidade mental	34	20	Pedir aos participantes que unam as figuras de acordo com as seguintes ordens: \r\n\r\nVerde, vermelho, azul\r\n\r\nAmarelo, azul, vermelho, verde\r\n\r\nBola, quadrado, tringulo e cruz	* Quadro\r\n* Dossier de exerccios\r\n* Lpis	Peo que unam as figuras de acordo com as seguintes ordens:	
34	Praxia construtiva	32	15	Os Participantes devem realizar a cpia de desenho:\r\n\r\nA. Cpia de desenho 2D\r\n\r\nB. Cpia de desenho 3D	* Quadro\r\n* Dossier de exerccios\r\n* Lpis	Peo que realizem a cpia deste desenho nos vossos cadernos.	
37	Planificao	35	20	Planear um evento  escolha do participante	* Dossier de exerccios	Agora imaginem que vo organizar um evento, por exemplo uma festa de aniversrio. Como organizariam esse evento tendo em conta os seguintes critrios.\r\n\r\n* O qu? \r\n* Para qu? \r\n* Para quem? Com quem?\r\n* Onde?\r\n* Como?\r\n* Quando?\r\n* Que recursos necessito?	
25	Memria imediata verbal /  Memria Operativa / Discriminao numrica	23	15	Repetio e Memorizao do nmero de telefone (9 dgitos)	* Quadro\r\n* Dossier de exerccios\r\n* Lpis	Vamos decorar um nmero de telefone ao vosso critrio. Dos nmeros apresentados, selecione um  sua escolha. Durante 2 minutos vo observar com ateno e tentar criar uma estratgia para conseguir decorar, por exemplo, decorar 3 dgitos de cada vez cantarolando.\r\n\r\n(Nmero da policia\r\nNumero bombeiros\r\nInstituio de referencia\r\nSOS idosos)	
28	Praxia  Uso de objetos / Compreenso de instrues simples	26	20	Os participantes devem realizar um conjunto de aes.	* Quadro\r\n* Dossier de exerccios\r\n* Caixa de fsforo\r\n* Pente\r\n* Copo\r\n* Pincel\r\n* culos (usar de preferncia do participante)\r\n* Tesoura	Peo que observem estes objetos que esto colocados em cima da mesa. \r\n(O facilitador pega em cada objeto - pela ordem descrita em cima)\r\nO que  este objecto?\r\nPara que serve?\r\nVamos fazer o gesto como se? (ver as aes a baixo)\r\n(O facilitador l as instrues com as aes a realizar com cada objecto)	
26	Ateno-concentrao / Memria Operativa	24	15	Busca de smbolos\r\n\r\n\r\nA. Busca de 1 smbolo\r\n\r\nB. Busca de 2 smbolos	* Quadro\r\n* Dossier de exerccios\r\n* Lpis	Durante um perodo de tempo (no referir) vo procurar um smbolo, assinalando com um circulo sempre que o encontrem. Peo que estejam com ateno fazendo o mais depressa que conseguirem. Vamos comear?\r\n\r\n\r\n**Nota: A tarefa tem a durao de 10 minutos de forma a testar a resistncia  fadiga e a tolerncia  frustrao. O facilitador poder no decorrer do exerccio estimular os participantes a manterem a motivao e energia em tarefa. **	
27	Memria verbal diferida	25	15	Evocao diferida do nmero de telefone	* Quadro\r\n* Dossier de exerccios\r\n* Lpis	"H pouco foi-vos pedido que memorizassem um nmero de telefone. Vou pedir que escrevam no vosso dossier esse nmero. Caso no se lembrem do nmero completo, escrevam a parte de que se recordam. Vamos comear?" \r\n\r\n**Nota: Dar tempo aos participantes para escreverem o nmero de telefone no dossier e s depois  pedido aos participantes, alternadamente, para dizerem o nmero e a estratgia utilizada.**	
30	Abstrao Verba	28	30	Identificar as Semelhanas e Diferenas entre as palavras.	* Quadro\r\n* Dossier de exerccios		
31	Raciocnio Lgico	29	15	A. Sequencias Lgicas simples \r\n\r\nB. Sequencias Lgicas complexas	* Quadro\r\n* Dossier de exerccios\r\n* Lpis	Peo que completem no vosso caderno as vrias sequncias lgicas.	
32	Planificao	30	20	A. Ordenar sequncias de ao atravs de estmulo verbal\r\n\r\nB. Ordenar sequncias de ao atravs de estmulo escrito	* Quadro\r\n* Dossier de exerccios\r\n* Lpis	Vou vos ler algumas aes relacionadas com hbitos do dia a dia. Peo que as organizem de forma a fazer sentido.\r\n\r\nCada ao  dada em conjunto, uma de cada vez.  pedido a cada participante  vez para ordenar.\r\nAps ler o estimulo perguntar: Quem quer comear?	
24	Reconhecimento Visual   de caras no familiares / Evocao diferida	22	15	Reconhecimento de caras no familiares e evocao diferida	* Quadro\r\n* Dossier de exerccios\r\n* Lpis	"Recordam-se das caras de pessoas que viram h pouco? Agora vou pedir-vos que se recordem delas. De cada vez que eu vos mostrar uma cara, escrevam no vosso dossier se esta era uma das caras que eu vos mostrei."	
10	Memria remota/Abstrao verbal	8	15	Completar verbalmente Expresses e Ditados Populares.\r\nExplicar o significado.	* Dossier de exerccios\r\n* Lpis	"No vosso dossier encontrar alguns ditados que esto incompletos. Queria pedir-vos que os completassem por escrito, individualmente". \r\n\r\nDepois de completa esta tarefas, discutir o significado em grupo. \r\n"Agora vamos olhar para cada um ditados e ver qual o seu significado. O primeiro ditado, A ocasio faz o ... (aguardar que algum complete ou incentivar - Quem quer completar?). \r\nO que  que acham que significa?"	
1	Orientao Pessoal	0	30	Os participantes jogam uma bola uns aos outros dizendo o seu nome e completando a frase que est mais prximo do polegar direito.	* Bola	Vamos fazer um jogo com esta bola. Esta bola tem o inicio de frases escritas e cada um de ns ter que completar. \r\nEu vou atirar a bola a um de vocs. Agarram a bola, dizem o vosso nome e idade e completam a frase que estiver mais prximo do polegar direito (indicar qual  o dedo polegar direito). \r\nEm seguida atiram a bola a outro colega e este faz o mesmo. \r\n\r\nEu comeo:  "O meu nome  ... tenho ... anos e (ler a frase da bola em voz alta e complet-la)"\r\n\r\n**Nota: Se o participante quiser escolher outra frase pode faz-lo. No caso do participante no conseguir ler, o facilitador oferece-se para o fazer.**	
3	Memria de aprendizagem / associao cara-lugar dos participantes do grupo	2	20	Os participantes fazem corresponder a fotografia de cada participante ao lugar que esto sentados.	* Quadro interativo / Cartolina\r\n* Bostike\r\n* Lpis\r\n* Dossier de exerccios\r\n* Fotografia dos participantes	Vamos descobrir quem  que est sentado onde.\r\n\r\nO facilitador coloca/projeta a imagem da mesa da sala no quadro/parede.  D a cada participante a sua prpria fotografia.\r\n\r\nUm de cada vez levanta-se e desloca-se at  imagem, identifica o seu lugar e cola a sua fotografia. Eu exemplifico. \r\n\r\nO facilitador coloca a sua fotografia no seu lugar.\r\nDepois dos participantes colocarem as suas fotografias, o facilitador rev com o grupo quem  que est sentado onde.\r\n\r\nQuem quiser pode escrever  no dossier na imagem.\r\n\r\n\r\n**Nota: Se o facilitador perceber que o participante est com dificuldades, orient-lo e dar pistas para a obteno da resposta certa. (ex. "Se facilitar, pode olhar para a mesa.")**	
5	Ateno e Memria	5	10	Nomear os meses do ano por ordem direta e por ordem inversa.	* Quadro/ carto\r\n* Dossier de exerccios	Neste exerccio vamos relembrar os meses do ano. Uma pessoa vai dizer o primeiro ms do ano e a pessoa seguinte ter de dizer o ms seguinte, pela ordem correta, e assim sucessivamente. Quem quer comear e dizer-nos o primeiro ms do ano? \r\n\r\nInstruo para a ordem inversa: Muito bem! Obrigada! Agora vamos fazer o mesmo mas pela ordem inversa, ou seja, do ltimo para o primeiro ms do ano? Quem quer comear?\r\n\r\nCada participante responder alternadamente.  \r\n\r\nExemplos de pistas: \r\n\r\n* Comea pela letra _.\r\n* Indicar uma efemride associada ao ms (ex.  o inicio da Primavera)\r\n* Indicar a estao do ano com referncia ao clima. \r\n\r\n\r\n**Notas: O registo de respostas verbais ser feito pelo facilitador. Registar qual das opes foi necessria para cada participante.**	
4	Ateno e Memria visual imediata	4	10	Os participantes observam imagens e tentam memorizar o maior numero de pormenores de cada imagem.	* Quadro/ carto\r\n* Lpis\r\n* Dossier de exerccios	Vamos realizar um exerccio de memria visual. \r\n\r\n importante que observem com ateno as imagens, durante 1 minutos,  medida que vo aparecendo.\r\n\r\nDepois de cada imagem, o facilitador pede aos participante que escrevam o que viram na imagem apresentada. Aqueles participantes que no escrevem aguardam que os outros acabem. \r\nEm seguida, o grupo descreve oralmente a imagem. \r\nTerminada a descrio, apresenta a segunda e a terceira imagem da mesma forma.\r\n\r\nSe o grupo estiver a corresponder o facilitador apresenta a imagem 4 e 5 no mesmo formato.\r\n\r\n**Notas: As imagens so  mostradas uma de cada vez durante 1 minuto  (cada uma).\r\nNos grupos que no existam participante analfabetos os participantes s escrevem o que viram na imagem e no participam oralmente.**	
38	Boas Vindas	-1	5	Receo dos Participantes		Receo dos Participantes	
29	Discriminao numrica / Calculo e resoluo de problemas	27	20	Discriminar o dinheiro e discriminar quantidades\r\nResoluo de problemas de calculo (A; B)	* Quadro\r\n* Dossier de exerccios\r\n* Lpis	Aqui na mesa podem ver algumas notas ou moedas que usamos aqui no nosso pas. \r\nb) Algum sabe qual  valor desta moeda? Quanto vale esta nota? \r\n10 cntimos | 20 cntimos | 50 cntimos | 1 euro | 2 euros | 5 euros | 10 euros | 20 euros. \r\nC) Agora vou pedir, a um de cada vez, que me d uma certa quantia de dinheiro com estas notas e moedas."  \r\n3 euros e 20 cntimos, 4 euros e 40 cntimos, 5 euros e 10 cntimos, 6 euros e 50 cntimos, 10 euros e 10 cntimos, 2 euros  e 10 cntimos, 7 euros e 20 cntimos. \r\n\r\nd) "Agora vamos resolver alguns problemas/fazer algumas contas."\r\n\r\nA. Tarefa Individual \r\n53+8 =\r\n22-4 = \r\n9x7 =\r\n24/8 =\r\n\r\nB. Tarefa Individual\r\n1.A  Carla convidou 12 amigas para a sua festa de anos. Duas dessas amigas comeram duas fatias de bolo cada uma e os restantes apenas uma fatia. Quantas fatias teve de partir?\r\n2. O Joo perdeu 6 cartas, deu outras 4 ao seu amigo Pedro e ficou com 14. Quantas cartas tinha no inicio? \r\n3. O Ricardo tem o triplo da idade da Ana. O ricardo tem 12 anos, que idade tem a Ana?	
\.


--
-- Data for Name: diario_exercicio_partes_do_exercicio; Type: TABLE DATA; Schema: public; Owner: leda
--

COPY public.diario_exercicio_partes_do_exercicio (id, exercicio_id, parte_exercicio_id) FROM stdin;
193	1	1
194	2	3
195	2	4
196	2	5
197	4	10
198	4	11
199	4	12
200	4	13
201	4	14
202	4	15
203	4	16
204	4	17
205	4	18
206	4	19
207	5	20
208	5	21
209	6	22
210	6	23
211	7	7
212	8	8
213	8	9
214	8	6
215	9	24
216	9	25
217	10	26
218	10	27
219	11	28
220	13	32
221	13	33
222	13	29
223	13	30
224	13	31
225	12	34
226	12	35
227	22	36
228	22	37
229	22	38
230	22	39
231	22	40
232	22	41
233	22	42
234	23	43
235	23	44
236	23	45
237	23	46
238	23	47
239	23	48
240	26	49
241	26	50
242	30	51
243	30	52
244	30	53
245	30	54
246	31	56
247	31	57
248	31	58
249	31	55
250	32	59
251	32	60
252	32	61
253	32	62
254	32	64
255	32	63
256	33	65
257	33	66
258	34	67
259	34	68
260	37	69
261	35	72
262	35	70
263	35	71
264	36	73
265	36	74
266	36	75
\.


--
-- Data for Name: diario_exercicio_sessao; Type: TABLE DATA; Schema: public; Owner: leda
--

COPY public.diario_exercicio_sessao (id, exercicio_id, sessao_id) FROM stdin;
493	1	14
494	1	15
495	1	16
496	1	17
497	1	18
498	1	19
499	1	20
500	1	21
501	1	22
502	1	23
503	1	24
504	1	25
505	1	26
506	1	27
507	2	14
508	2	15
509	2	16
510	2	17
511	2	18
512	2	19
513	2	20
514	2	21
515	2	22
516	2	23
517	2	24
518	2	25
519	2	26
520	2	27
521	3	14
522	3	15
523	3	16
524	3	17
525	3	18
526	3	19
527	3	20
528	3	21
529	3	22
530	3	23
531	3	24
532	3	25
533	3	26
534	3	27
535	4	16
536	5	16
537	6	16
538	7	14
539	7	15
540	7	16
541	7	17
542	7	18
543	7	19
544	7	20
545	7	21
546	7	22
547	7	23
548	7	24
549	7	25
550	7	26
551	7	27
552	8	15
553	9	17
554	10	17
555	11	18
556	12	18
557	13	19
558	14	19
559	15	19
560	16	20
561	17	20
562	18	20
563	19	21
564	20	21
565	21	21
566	22	22
567	23	22
568	24	22
569	25	23
570	26	23
571	27	23
572	28	23
573	29	24
574	30	24
575	38	14
576	38	15
577	38	16
578	38	17
579	38	18
580	38	19
581	38	20
582	38	21
583	38	22
584	38	23
585	38	24
586	38	25
587	38	26
588	38	27
\.


--
-- Data for Name: diario_facilitador; Type: TABLE DATA; Schema: public; Owner: leda
--

COPY public.diario_facilitador (id, sexo, nascimento, data_entrada, nacionalidade, localizacao, info_sensivel_id, user_id) FROM stdin;
\.


--
-- Data for Name: diario_facilitador_grupo; Type: TABLE DATA; Schema: public; Owner: leda
--

COPY public.diario_facilitador_grupo (id, facilitador_id, grupo_id) FROM stdin;
\.


--
-- Data for Name: diario_grupo; Type: TABLE DATA; Schema: public; Owner: leda
--

COPY public.diario_grupo (id, nome, localizacao, escolaridade, "nivelGDS", programa, referenciacao_id) FROM stdin;
176	Grupo Antnio	Sem informao	1-4	0	CARE	\N
194	TesteCogFinal	Almancil	1-4	0	COG	\N
148	ASMAL FARO	Sem informao	1-4	0	COG	\N
150	GrupoTeste			0	CARE	\N
179	TesteApresentacao	Loul	11+	0	COG	\N
151	Mentha-COG	Sem informao	1-4	0	COG	10
152	Mentha-CARE Test Group			0	CARE	\N
153	Mentha-CARE Test Group			0	CARE	\N
154	T			0	CARE	\N
180	dasdas	Sem informao	1-4	0	CARE	\N
182	Teste Video	Almancil	1-4	0	COG	\N
183	GrupoTesteApresentao	Sem informao	1-4	0	CARE	\N
184	Grupo Teste	None	1-4	0	CARE	10
185	teste	Sem informao	1-4	0	COG	4
186	1	Lisboa	1-4	0	COG	11
187	Lar			0	CARE	\N
164	Grupo Filtragem	Sem informao	1-4	0	CARE	10
165	asmal	Sem informao	1-4	0	CARE	10
188	teste2025	Sem informao	1-4	0	COG	\N
189	Toms Nave 	Sem informao	1-4	0	CARE	\N
190	Consultrio 1	Miraflores	1-4	0	COG	5
191	TesteCareFinal	Sem informao	1-4	0	CARE	\N
173	Apresentao	Sem informao	1-4	0	COG	10
\.


--
-- Data for Name: diario_imagem; Type: TABLE DATA; Schema: public; Owner: leda
--

COPY public.diario_imagem (id, nome, imagem) FROM stdin;
17	Beatriz Costa	img/BeatrizCosta.png
16	Nicolau Breyner	img/NicolauBreyner.jpeg
1	teste1	img/relogio.png
2	teste2	img/ancora.png
3	teste3	img/pentagonos.PNG
4	Flor	img/flor.PNG
5	Casa	img/casa.PNG
6	Cilindro	img/cilindro.PNG
7	Smile Zangado	img/smile-zangado.png
8	Smile Neutro	img/smile-neutro.png
9	Smile Feliz	img/smile-feliz.png
10	Smile Muito Feliz	img/smile-muito-feliz.png
11	Carta gato	img/carta-gato.jpg
12	Carta praia	img/carta-praia.jpg
13	Carta borboleta	img/carta-borboleta.jpg
14	Carta mira	img/carta-mira.jpg
15	Carta familia	img/carta-familia.jpg
18	Pessoa Desconhecida 1	img/pessoa1.PNG
19	Pessoa Desconhecida 2	img/pessoa2.PNG
20	Pessoa Desconhecida 3	img/pessoa3.PNG
21	Pessoa Desconhecida 4	img/pessoa4.PNG
22	Pessoa Desconhecida 5	img/pessoa5.PNG
23	Pessoa Desconhecida 6	img/pessoa6.PNG
24	Pessoa Desconhecida 7	img/pessoa7.PNG
25	1 serie	img/1serie.PNG
26	2serie	img/2serie.PNG
27	3serie	img/3_serie.PNG
28	4serie	img/4serie.PNG
29	5serie	img/5serie.PNG
30	6serie	img/6serie.PNG
31	Procurar nmeros	img/numeros.PNG
32	simbolos	img/simbolos.PNG
33	sequencialogica1	img/seq1.PNG
34	sequencialogica2	img/seq2.PNG
35	sequencialogica3	img/seq3.PNG
36	sequencialogica4	img/seq4.PNG
37	inibicao1	img/inibicao1.PNG
38	inibicao2	img/inibicao2.PNG
39	Desenho 1	img/desenho1.PNG
40	Desenho 2	img/desenho2.PNG
41	Labirinto 1	img/labirinto1.PNG
42	Labirinto 2	img/labirinto2.PNG
43	Labirinto 3	img/labirinto3.PNG
44	Unir 1	img/unir1.PNG
45	Unir 3	img/unir3.PNG
46	Unir 2	img/unir2.PNG
\.


--
-- Data for Name: diario_informacaosensivel; Type: TABLE DATA; Schema: public; Owner: leda
--

COPY public.diario_informacaosensivel (id, nome, email, telemovel, imagem) FROM stdin;
137	Almira	almira@asmal.pt	123456789	
138	Almira	almira@asmal.pt	123456789	
195	Silvia Cristina Amaro Adanja	carolina@asmal.pt	987654321	
197	Helena Johanna Zixennis	carolina@asmal.pt	987654321	
140	Carolina	carolina@asmal.pt	987654321	
141	Carolina	carolina@asmal.pt	987654321	
143	Cladia Cristina Oliveira Fernandes	carolina@asmal.pt	987654321	
198	Antonio Jos Jesus Santos	carolina@asmal.pt	987654321	
168	Telmo	telmoteste@gmail.com	938877777	
200	Tester	carolina@asmal.pt	987654321	
146	Fernanda Margarida Valente Mendona	carolina@asmal.pt	987654321	
147	Nome Batata Dias	carolina@asmal.pt	987654321	
150	Roque	yihohe9792@armablog.com	986332732	
151	Telma Nobre Martins	carolina@asmal.pt	987654321	
153	Nome de Freitas Ferro Paixo	carolina@asmal.pt	987654321	
154	Nome Carolina Bandeira do Nascimento Alves	carolina@asmal.pt	987654321	
155	Jorge Alma Brs Dias	carolina@asmal.pt	987654321	
156	Iran Neira Oliveira	carolina@asmal.pt	987654321	
157	Jos Inacio Vitorino Ramos Mendes	carolina@asmal.pt	987654321	
163	Carolina	carolina@asmal.pt	987654321	
165	Paulo	paulo123@live.pt	987654321	
166	Paulo	paulo123@live.pt	987654321	
204	Pedro S	teste@gmail.com	987654321	
205	Ligia Martinez Romero Cereceda	-	-	
215	Elisabete Teresa De Arajo Costa dos Santos Saldanha	elisabetesaldanha@yahoo.com	919222255	
152	Ana Pachiller da Rocha	carolina@asmal.pt	987654321	
206	Teste 13 OUT	teste.13out@mail.com	123456789	
207	Ana Carolina	anacarolina.pt@gmail.com	987654321	
208	Miguel Nuno Dias Morbey	morbey.miguel@gmail.com	919976072	
136	Almira	almira@asmal.pt	123456789	
211	Miguel	miguelbcardoso2@gmail.com	987654321	
139	Carolina	carolina@asmal.pt	987654321	
212	Miguel	miguelbcardoso2@gmail.com	987654321	
216	Carlos Rodrigues	carlos.melo.saraiva.rodrigues@gmail.com	9393211	
176	Manuel Felisberto Guerreiro	carolina@asmal.pt	987654321	
169	Michelle Batista Dias	carolina@asmal.pt	987654321	
171	Ana Cristina Bandeira do Nascimento Alves Fres	carolina@asmal.pt	987654321	
172	Josefa Maria Brs Dias	carolina@asmal.pt	987654321	
174	Antonio Jose	carolina@asmal.pt	987654321	
178	Edmundo Helena	carolina@asmal.pt	987654321	
189	Madalena Bairro Arz	carolina@asmal.pt	987654321	
191	Vania Isabel dos Santos Matos	carolina@asmal.pt	987654321	
194	Susana Gonalves Dias	carolina@asmal.pt	987654321	
214	Pedro Manuel Leal	sofia.couto@gira.org.pt	987654321	
217	Graa Maria	gm_rocha@hotmail.com	919835343	
218	Miguel	example@gmail.com	987654321	
219	Pedro Santos	teste1234@gmail.com	987654321	
220	Miguel	miguelbcardoso2@gmail.com	913168104	
222	Teste Tester	example@gmail.com	987654321	
223	Pablo Escobar	example@gmail.com	987654321	
224	AvaliadorELO	\N	\N	
225	Avaliador GIRA	\N	\N	
227	testeTester	teste2@gmail.com	987654321	
209	Maria Carmen	mariacarmenfonseca23@gmail.com	987564123	
221	Miguel Noite	example@gmail.com	987654321	
142	Otvio Jos Vargues da Silva	carolina@asmal.pt	987654321	
148	Wanda Jesus Piedade Andrade	carolina@asmal.pt	987654321	
170	Vanilde de Freitas Ferro Paixo	carolina@asmal.pt	987654321	
149	Luis Manuel Neves Pardal	carolina@asmal.pt	987654321	
160	Jos Luis Iria Rofino	carolina@asmal.pt	987654321	
185	Maria do Rosrio Nunes Mimoso	carolina@asmal.pt	987654321	
186	Mrio Nicolau Pereira Caetano	carolina@asmal.pt	987654321	
188	Maria Jos de Jesus Gonalves	carolina@asmal.pt	987654321	
177	Manuel Jos de Oliveira Gomes	carolina@asmal.pt	987654321	
180	Joaquim Dionisio	carolina@asmal.pt	987654321	
184	Maria Odete Martins Madeira	carolina@asmal.pt	987654321	
181	Nuno Jos	carolina@asmal.pt	987654321	
179	Francisco Jos Correia Santos	caro	987654321	
187	Maria Ermelinda de S	carolina@asmal.pt	987654321	
173	Amlia Rosa Rodrigues	carolina@asmal.pt	987654321	
182	Silvrio do Nascimento Coelho Graa	carolina@asmal.pt	987654321	
202	Ana Isabel Peixe-Rei Brito	carolina@asmal.pt	987654321	
190	Nuno Miguel Peres Santos	carolina@asmal.pt	987654321	
203	Jos Antonio da Silva Almeida	carolina@asmal.pt	987654321	
158	Joo Manuel Rosa Chapim	carolina@asmal.pt	987654321	
145	Hlio Jorge Paulo Cardoso	carolina@asmal.pt	987654321	
183	Vitor Manuel Da Silva Semio	carolina@asmal.pt	987654321	
192	Jos Carrusca Conception	carolina@asmal.pt	987654321	
199	Leila de Sousa	carolina@asmal.pt	987654321	
193	Mario Rafael Rodrigues Silva	carolina@asmal.pt	987654321	
201	Nuno Alvaro Rodrigues Loureno	carolina@asmal.pt	987654321	
196	Maria Manuela Santos Antonio	carolina@asmal.pt	987654321	
159	Luis Miguel Pancinha Malhar	carolina@asmal.pt	987654321	
210	Miguel	aaaaaaaaaaaaaa@gmail.com	9865412	
226	Teste 1	example@gmail.com	987654321	
164	Paulo	paulo123@live.pt	N/A	
144	Teste	aaaaaaaaaaaaaa@gmail.com	9865412	
167	Antonio Ventu	aaa2341@gmail.com	987644321	
229	oCaraTiago	example@gmail.com	987654321	
230	Tiago Silva	example@gmail.com	987654321	
231	Tiago Silva	example@gmail.com	987654321	
232	Ana Maria Carvalho Veloz de Almeida	hidrocaudal@sapo.pt	987654321	
233	Tito Emanuel Aguas de Almeida	titoalmeidao77@gmail.com	987654321	
234	Tifosi Lucio	marques@gmail.com	987654321	
235	Pablo Sousa	example@gmail.com	987654321	
213	Avaliador-ADEB	avaliadoradeb@gmail.com	987654321	
270	Davilson Orione Dias Borges	davilsondias2@gmail.com	935536935	
228	Mike Nite	testeGIRA@gmail.com	987654321	
236	Almira Regina Azevedo Campos	forum@asmal.org.pt	915086056	
237	Tiago Tomas	tiagotomas@gmail.com	9865471233	
238	Miguel	miguelbcardoso2@gmail.com	913168104	
262	Enio Caetano Viegas	enio.caetano.viegas80@gmail.com	967893285	
255	testar Teste	example@gmail.com	987654321	
251	Tiago Teste	testetiago@gmail.com	987456	
252	Tiago Teste	testetiago@gmail.com	987456	
271	Edmundo Miguel Horta Bota	example@gmail.com	987654321	
241	miguelTeste	miguel4@gmail.com	987456	
242	miguelTeste	miguel4@gmail.com	987456	
273	Maria Olinda Machado Ribeiro	example@gmail.com	987654321	
250	Tiago Teste	testetiago@gmail.com	987456	
253	Teste	pedro@teste.pt	987456213	
272	Alexis Francisco Montes Cangola	example@gmail.com	969748789	
264	Claudia Sofia Morgadinho Reis	claudiamorgadinho84@hotmail.com	939558855	
257	Patrcia Sofia Silvrio Dias	patriciadias2000.pd@gmail.com	987654321	
239	paulo23	teste@gmail.com	987654	
243	Miguel	miguel@gmail.com	987654321	
244	Cuida Teste	Cuidame@gmail.com	987654321	
300	Rui Manuel Raimundo Pereira da Fonseca	psi.crinabel@gmail.com	966316902	
247	aaa	aaaaaaaaaaaaaa@gmail.com	9865412	
265	Leonor Gonalves da Silva	carolinacanasmartins@gmail.com	910062126	
258	Rosa Maria Carvalho Viegas	carolinacanasmartins@gmail.com	964470876	
175	Daniela da Conceio Domingos	carolina@asmal.pt	987654321	
266	Cludia Maria Sanches Landim	claudicalandim79@gmail.com	920331436	
259	David Pinheiro Andrade	dpa.algarve@gmail.com	932445457	
245	Miguel Brito	example@gmail.com	95764123	
267	Joo Miguel Guerreiro da Costa	example@gmail.com	987654321	
260	Nikita Myagkov	nmscarfingerx@gmail.com	914083910	
274	David Martins Fernandes	example@gmail.com	987654321	
268	Sofia Alexandra Costa Lopes	sofialopes16@gmail.com	937546260	
256	Miguel Angelo Cardoso	miguelbcardoso@gmail.com	9651234	
246	testeMike	example@gmail.com	987654321	
248	aaa	aaaaaaaaaaaaaa@gmail.com	9865412	
249	aaa	aaaaaaaaaaaaaa@gmail.com	9865412	
261	Antnio Miguel Laneiro Bajuca	antoniobajuca123@gmail.com	963839525	
240	miguelTeste	miguel4@gmail.com	987456	
269	Karina Naryna Netyks	karinanetyks28@gmail.com	934381454	
161	Antnio Luis Brito Santos Sousa	carolina@asmal.pt	987654321	
275	David Jos Favinha Martins	example@gmail.com	987654321	
276	Filipe Jos Baptista Paixo	example@gmail.com	987654321	
298	Pedro de Sotomaior e Figueiredo Madeira	psi.crinabel@gmail.com	966316902	
289	Joo Carlos de Sotomaior e Figueiredo Madeira	psi.crinabel@gmail.com	966316902	
280	Anabela Jlio Gomes	psi.crinabel@gmail.com	966316902	
281	Andr Bispo	psi.crinabel@gmail.com	966316902	
279	Ana Maria Seabra Andrade de Resende Sousa	psi.crinabel@gmail.com	966316902	
286	Fernando Jorge Duarte Seara Rodrigues	psi.crinabel@gmail.com	966316902	
292	Lus Miguel Rocha Moreira Afonso	psi.crinabel@gmail.com	966316902	
285	Carla Maria Duarte Ferreira Coelho	psi.crinabel@gmail.com	966316902	
284	Ana Carina Simes Ferreira 	psi.crinabel@gmail.com	966316902	
278	Ana Isabel Dias	psi.crinabel@gmail.com	966 316 902 	
302	Rute Isabel Pereira dos Santos	psi.crinabel@gmail.com	966316902	
303	Sandra Paula Garcia Silva Longa	psi.crinabel@gmail.com	966316902	
282	Andreia Isabel Fernandes Farinha	psi.crinabel@gmail.com	966316902	
293	Lus Manuel Assis Santos Conceio 	psi.crinabel@gmail.com	966316902	
291	Joo Pedro Sancho Tavares da Conceio 	psi.crinabel@gmail.com	966316902	
290	Joo Pedro Ribeiro da Silva Cruz	psi.crinabel@gmail.com	966316902	
287	Joo Miguel da Cunha Barros	psi.crinabel@gmail.com	966316902	
294	Mafalda Sofia Pereira Marques	psi.crinabel@gmail.com	966316902	
283	Bruno Miguel da Silva Muge	psi.crinabel@gmail.com	966316902	
295	Marta Rosa Vaz Santana	psi.crinabel@gmail.com	966316902	
296	Nuno Jos de Sotomaior e Figueiredo Madeira	psi.crinabel@gmail.com	966316902	
297	Pedro Hugo Graa Fernandes	psi.crinabel@gmail.com	966 316 902 	
299	Ricardo Peres Gomes Rodrigues	psi.crinabel@gmail.com	966316902	
301	Rui Vasco Seplveda Afonso	psi.crinabel@gmail.com	966316902	
305	Snia Margarida Sousa Arajo	psi.crinabel@gmail.com	966316902	
254	Pepe Rapazote	teste@teste123.pt	987654321	
306	Maria Teresa Seabra Andrade de Resende Sousa	psi.crinabel@gmail.com	966316902	
263	Carolina Isabel Mestre de Magalhes	carolinajv229@gmail.com	987654321	
162	Alexandra do Carmo Farinha Teste	carolina@asmal.pt	987654321	
307	Antnio Paulo de Pessoa Ferreira Coutinho	psi.crinabel@gmail.com	966316902	
352	Tiago Alexandre Santinho Caetano	psi.crinabel@gmail.com	966316902	
339	Gonalo Filipe Santos Moura	psi.crinabel@gmail.com	966316902	
324	Beatriz Maria Lopes Paulo	psi.crinabel@gmail.com	966316902	
337	Gabriel Lopes Anpasch	psi.crinabel@gmail.com	966316902	
362	Carol	carolina@gmail.com	987456	
288	Joo Manuel da Cunha Nunes Carlos	psi.crinabel@gmail.com	966316902	
340	Guilherme Fontes da Silveira Botelho	psi.crinabel@gmail.com	966 316 902 	
341	Guilherme Alberto Braz Gonalves	psi.crinabel@gmail.com	966 316 902 	
343	Hugo Daniel Franco Godinho	psi.crinabel@gmail.com	966316902	
345	Jssica Alexandra Lima Taborda Flix	psi.crinabel@gmail.com	987654321	
347	Joo Gonalves Fernandes 	psi.crinabel@gmail.com	966316902	
348	Jos Pedro Fortes	psi.crinabel@gmail.com	966316902	
350	Rui Pedro Silva	psi.crinabel@gmail.com	966316902	
355	Yuri Sebastio coqueno Miguel	psi.crinabel@gmail.com	966316902	
317	ngela Cristina Azevedo Vicente	psi.crinabel@gmail.com	966316902	
334	Maria de Ftima de Almeida Cardoso	psi.crinabel@gmail.com	966316902	
336	Filipe Ramalho Tornelo Tamissa Madeira	psi.crinabel@gmail.com	966316902	
331	Dbora Quirina Vilela Duarte	psi.crinabel@gmail.com	966316902	
315	Joo Paulo Rodrigues Fradinho Antunes	psi.crinabel@gmail.com	966316902	
309	Joo Carlos Brs Martins da Graa	psi.crinabel@gmail.com	966316902	
326	Carina Sofia da Silva Vasconcelos Rocha	psi.crinabel@gmail.com	966316902	
330	David Miguel Arajo Manejate	psi.crinabel@gmail.com	966316902	
322	Andreia Alexandra Alves de Almeida	psi.crinabel@gmail.com	966316902	
338	Ana Mimoso	psi.crinabel@gmail.com	966316902	
323	Andreia Isabel Neves Alves	psi.crinabel@gmail.com	966316902	
314	Paulo Amrico Rodrigues Pinheiro da Cruz	psi.crinabel@gmail.com	966316902	
335	Filipa Alexandra Silva Fernandes	psi.crinabel@gmail.com	966316902	
364	TesteColab	2313@gmail.com	987456	
356	Joana Lima Honrio	psi.crinabel@gmail.com	966316902	
354	Toms Bento Costa Portela de Almeida	psi.crinabel@gmail.com	966316902	
329	Ctia Vanessa Pereira Osrio	psi.crinabel@gmail.com	966316902	
342	Hugo Alexandre Ramos Fernandes	psi.crinabel@gmail.com	966316902	
313	Ana Paula da Fonseca	psi.crinabel@gmail.com	966316902	
312	Lus Antnio Rodrigues Fradinho Antunes	psi.crinabel@gmail.com	966316902	
325	Bruno Miguel Pereira Custdio	psi.crinabel@gmail.com	966316902	
344	Hugo Filipe Correia Lopes 	psi.crinabel@gmail.com	966 316 902 	
320	Ana Margarida Veiga Gonalves	psi.crinabel@gmail.com	966316902	
333	Fbio Alexandre Marques Duarte	psi.crinabel@gmail.com	966316902	
311	Liliana Vanessa Costa Cordeiro	psi.crinabel@gmail.com	966316902	
327	Carlos Manuel Marques Duarte	psi.crinabel@gmail.com	966316902	
332	Diogo Filipe Martins	psi.crinabel@gmail.com	966316902	
357	Joana Cludia Alves Rocha da Cruz	psi.crinabel@gmail.com	966316902	
318	Pedro Miguel Teixeira Reinaldo	psi.crinabel@gmail.com	966316902	
328	Carlos Manuel Bernardo Machado Jorge	psi.crinabel@gmail.com	966316902	
310	Joo Santos Agudo Amaral Rego	psi.crinabel@gmail.com	966316902	
359	Teste Tiago	miguelbcardoso@gmail.com	913567842	
304	Srgio Alexandre Figueiredo Dias Godinho Marques	psi.crinabel@gmail.com	966 316 902 	
346	Joo Pedro Farinha 	psi.crinabel@gmail.com	987654321	
349	Marco Andr Maranha Justino	psi.crinabel@gmail.com	966316902	
351	Slvia Andreia Matias Couto	psi.crinabel@gmail.com	966316902	
363	Miguel Tiago	example@gmail.com	987654321	
353	Tiago Emanuel Sousa Duarte	psi.crinabel@gmail.com	966316902	
308	Antnio Lus Mendes dos Santos	psi.crinabel@gmail.com	966316902	
277	Carolina Sousa Mendes	Psi.crinabel@gmail.com	966 316 902 	
358	Miguel	example@gmail.com	987654321	
360	TesteApresentacao	dd@pt.com	89754654	
365	mudoNome	dd@pt.com	89754654	
361	Teste Tomas	example@gmail.com	975456213	
321	Ana Rosa Mendes Teixeira	psi.crinabel@gmail.com	966316902	
366	TesteColaborador	2313@gmail.com	987456	
380	Maria da Graa	example@gmail.com	987654321	
368	Ananias Tavares	soraia.silva@gira.org.pt	936027573	
369	Antnio Tavares	soraia.silva@gira.org.pt	936027573	
319	Amadeu Rafael Azevedo	psi.crinabel@gmail.com	966316902	
373	Filomena Fonte	soraia.silva@gira.org.pt	936027573	
372	Evaristo Rosrio	soraia.silva@gira.org.pt	936027573	
376	Laura Borges	soraia.silva@gira.org.pt	936027573	
375	Jos Castro	soraia.silva@gira.org.pt	936027573	
374	Henrique Carrageta	soraia.silva@gira.org.pt	936027573	
367	Ada Barros	soraia.silva@gira.org.pt	936027570	
370	Munasir Abdul Karim	soraia.silva@gira.org.pt	936027573	
377	Mrio Mendes	soraia.silva@gira.org.pt	936027573	
378	Pascoal Barros	soraia.silva@gira.org.pt	936027573	
379	Pedro Simes	soraia.silva@gira.org.pt	936027573	
381	David Jos Favinha Martins	example@gmail.com	987654321	
382	David Martins Fernandes	example@gmail.com	987654321	
371	Elsa Mansinho	soraia.silva@gira.org.pt	936027573	
383	Elsa Maria Nascimento Cravo	example@gmail.com	987654321	
384	Alexandra Isabel Pacheco Vilhena	example@gmail.com	987654321	
385	Fbio Henrique de Oliveira	example@gmail.com	987654321	
386	Fernanda Maria de Reis Barros	example@gmail.com	987654321	
387	Filipe Jos Baptista Paixo	example@gmail.com	987654321	
404	Maria Manuela Santos Antnio	carolina@asmal.pt	987654321	
405	Mrio Rafael Rodrigues Silva	example@gmail.com	987654321	
427	Teste tester	teste@gmail.com	986523147	
396	Narciso Jos dos Santos Batista	sofia.amaral@gira.org.pt	936027575	
406	Maria Deolinda Dias Soares	example@gmail.com	987654321	
391	Hlder Ferreira	sofia.amaral@gira.org.pt	936027575	
407	Manuel Eduardo Lana Santos	example@gmail.com	987654321	
408	Paula Cristina Silva Palma	example@gmail.com	987654321	
388	Benvindo Jorge Ferreira Dias	sofia.amaral@gira.org.pt	936027575	
409	Sandrina Correia Candeias Pereira	example@gmail.com	987654321	
410	Snia Isabel Rosa Do Nascimento	example@gmail.com	987654321	
428	teste	teste@gmail.com	987654321	
420	Exemplo Fotos	example@gmail.com	987654321	
316	Alexandra Cristina Curado Pereira	psi.crinabel@gmail.com	966316902	
398	Pedro Manuel Rodrigues Barros Leal	sofia.amaral@gira.org.pt	936027575	
429	Dora	psi.crinabel@gmail.com	966316902	
399	Rui Miguel Mendes Nunes	sofia.amaral@gira.org.pt	936027575	
389	Carlos Manuel Marques de Agonia	sofia.amaral@gira.org.pt	936027575	
400	Sandra Maria Sousa Arajo	sofia.amaral@gira.org.pt	936027575	
390	Maria da Conceio Pascoal Moreira Bastos	sofia.amaral@gira.org.pt	936027575	
394	Manuel Nicolau Freitas de Barros Teixeira Homem	sofia.amaral@gira.org.pt	936027575	
415	Maria da Conceio Pascoal Moreira Bastos	sofia.amaral@gira.org.pt	936027575	
397	Nlson de Andrade Silva	sofia.amaral@gira.org.pt	936027575	
393	Jorge Manuel Conde Orta	sofia.amaral@gira.org.pt	936027575	
412	Sara Rosa Lino Mendes	sofia.amaral@gira.org.pt	936027575	
392	Joo Carlos Ramos Gomes	sofia.amaral@gira.org.pt	936027575	
401	Josefa Maria Brs Dias	example@gmail.com	987654321	
430	Toms Nave 	example@gmail.com	987654321	
395	Miguel Alexandre de Meneses Lopes Cardoso	sofia.amaral@gira.org.pt	936027575	
414	Abel Djassi Tavares Alvarenha	sofia.amaral@gira.org.pt	936027575	
402	Laila de Sousa	example@gmail.com	987654321	
413	Olga Maria Marques Silva	sofia.amaral@gira.org.pt	936027575	
403	Maria Olinda Machado Ribeiro	example@gmail.com	987654321	
421	Miguel Batista	example@gmail.com	987654321	
423	Teste Tester II	miguelbcardoso2@gmail.com	98652314	
411	Germana Maria de Jesus Flores	sofia.amaral@gira.org.pt	936027575	
422	teste tester	example@gmail.com	987654321	
416	Ana Maria Ribeiro Grcio Machado	example@gmail.com	987654321	
417	Marcelino Jos Ribeiro Frederico	example@gmail.com	987654321	
418	Jos Maria Correia de Melo	example@gmail.com	987654321	
419	Maria Helena Conceio Gonalves	example@gmail.com	987654321	
424	Miguel Cardoso	miguelbcardoso2@gmail.com	98652314	
425	Teste tester	teste@gmail.com	986523147	
426	Teste tester	teste@gmail.com	986523147	
\.


--
-- Data for Name: diario_mentor; Type: TABLE DATA; Schema: public; Owner: leda
--

COPY public.diario_mentor (id, sexo, nascimento, data_entrada, nacionalidade, localizacao, info_sensivel_id, user_id, reference_id) FROM stdin;
6	Feminino	1992-09-22	2023-09-22 10:22:59.4884+00			140	167	10
22	Masculino	2000-06-14	2024-07-09 08:37:31.175004+00			426	514	10
5	Feminino	1992-09-22	2023-09-22 10:22:20.99687+00			137	166	10
20		1988-05-20	2024-06-20 09:38:39.047793+00			164	196	\N
13	Feminino	2024-03-20	2024-03-10 22:47:50.336597+00			248	314	\N
\.


--
-- Data for Name: diario_mentor_grupo; Type: TABLE DATA; Schema: public; Owner: leda
--

COPY public.diario_mentor_grupo (id, mentor_id, grupo_id) FROM stdin;
2	6	151
5	6	164
6	5	165
11	6	173
13	13	148
16	20	185
17	22	148
\.


--
-- Data for Name: diario_nota; Type: TABLE DATA; Schema: public; Owner: leda
--

COPY public.diario_nota (id, tipo, "tituloNota", nota, data, anotador_dinamizador_id, anotador_mentor_id, cuidador_id, participante_id, sessao_grupo_id) FROM stdin;
8	Gerais		DDD	2024-04-13 19:10:58.814258+00	\N	\N	37	\N	1325
\.


--
-- Data for Name: diario_notagrupo; Type: TABLE DATA; Schema: public; Owner: leda
--

COPY public.diario_notagrupo (id, "notaGrupo", data, anotador_dinamizador_id, anotador_mentor_id, grupo_id, sessao_grupo_id) FROM stdin;
5	ddd	2024-01-13 15:12:56.43837+00	19	6	151	1036
6	ddddddddddd	2024-01-13 15:13:02.507141+00	19	6	151	1036
7	ddd	2024-02-07 21:40:46.234702+00	\N	\N	151	1042
11	DDD	2024-04-13 19:10:56.197993+00	\N	\N	180	1325
12	dddd	2024-04-13 19:11:06.596699+00	\N	\N	180	1325
\.


--
-- Data for Name: diario_opcao; Type: TABLE DATA; Schema: public; Owner: leda
--

COPY public.diario_opcao (id, resposta, cotacao, imagem_id) FROM stdin;
24	1	1	\N
25	2	2	\N
26	3	3	\N
1	Nenhum	0	\N
2	Muito Pouco	1	\N
3	Algum	2	\N
4	Bastante	3	\N
5	Total	4	\N
6	Nada Satisfeito	1	\N
7	Pouco satisfeito	2	\N
8	Razoavelmente satisfeito	3	\N
9	Satisfeito	4	\N
10	Muito satisfeito	5	\N
11	Discordo Totalmente	1	\N
12	Discordo	2	\N
13	Concordo	3	\N
14	Concordo Totalmente	4	\N
15	Muito Insatisfeito	1	\N
16	Insatisfeito	2	\N
17	Satisfeito	3	\N
18	Muito Satisfeito	4	\N
19	Muitssimo Satisfeito	5	\N
20	Mal	0	7
21	Neutro	1	8
22	Bem	2	9
23	Muito Bem	3	10
\.


--
-- Data for Name: diario_parte; Type: TABLE DATA; Schema: public; Owner: leda
--

COPY public.diario_parte (id, fase, objetivo, descricao, materiais, duracao, apresentacao, sessao_id, ordem, apresentacao_demencia, apresentacao_esquizofrenia, apresentacao_incapacidade_intelectual, apresentacao_perturbacao_bipolar) FROM stdin;
5	F	Encerrar a sesso	Agradecer a presena e participao de todos.\r\nEnquadrar a sesso seguinte.		5		1	5				
3	D	Apresentar e acolher os CI	Promover o conhecimento entre os elementos do grupo - Atividade 1.	* barco	30		1	3				
12	D	Partilhar experincias no sentido da ventilao de emoes e normalizao de sentimentos	Partilhar com o grupo os principais sentimentos/ estado de esprito quanto  gesto da doena do familiar/amigo (refletindo-se sobre as dificuldades, angstias e felicidades) - Atividade 6.	* emoticons (sem expresso)\r\n* canetas grossas	25		3	3				
17	F	Encerrar a sesso	Fazer um briefing sobre a sesso.\r\nEnquadrar a sesso seguinte.\r\nAvaliar as aprendizagens (Anexo 2).\r\nAgradecer a presena e participao de todos.		10		4	4				
13	F	Encerrar a sesso	Fazer um briefing sobre a sesso.\r\nLanar o desafio da "participao semanal" - Atividade 5.\r\nEnquadrar a sesso seguinte.\r\nAvaliar as aprendizagens (Anexo 2).\r\nAgradecer a presena e participao de todos.		10		3	4				
19	D	Conhecer boas prticas na prestao de cuidados de higiene e conforto,  eliminao, alimentao e medicao	Apresentar contedos tericos sobre as boas prticas na atividade de higiene e conforto, eliminao, alimentao e medicao. \r\nPromover a discusso e esclarecimento de dvidas.	* apres. power-point \r\n* Boas prticas de higiene e conforto, eliminao, alimentao e medicao\r\n* pc, vdeo-projetor	45		5	2				
10	I	Receber os participantes.	Dar as boas vindas e receber os participantes.\r\nDar oportunidade aos CI para partilharem a experincia da "participao semanal" - Atividade 5. \r\nEnquadrar a sesso.\r\nAvaliar as aprendizagens (Anexo 2).		15		3	1				
16	D	Promover o conhecimento dos participantes quanto aos processos de inabilitao e interdio (apoios legais).	Apresentar as questes jurdicas relativas aos processos de inabilitao e interdio do doente.	* apres. power-point\r\n* Informao sobre processos de inabilitao e interdio\r\n* panfleto informativo\r\n* pc, vdeo-projetor	30	apresentacoes/Sessao4_QJuridicas.pdf	4	3				
20	D	Partilhar experincias no sentido da ventilao de emoes e normalizao de sentimentos	Promover a discusso acerca das dificuldades sentidas na prestao destes cuidados -Atividade 7.	* revistas, jornais\r\n* tesouras, cola, folhas brancas, lpis de cor	20		5	3				
9	F	Encerrar a sesso	Fazer um briefing sobre a sesso.\r\nLanar o desafio da "participao semanal" - Atividade 5.\r\nEnquadrar a sesso seguinte.\r\nAvaliar as aprendizagens (Anexo 2).\r\nAgradecer a presena e participao de todos.		10		2	4				
21	F	Encerrar a sesso	Fazer um briefing sobre a sesso.\r\nLanar o desafio da "participao semanal" - Atividade 8.\r\nEnquadrar a sesso seguinte.\r\nAvaliar as aprendizagens (Anexo 2).\r\nAgradecer a presena e participao de todos.		10		5	4				
14	I	Receber os participantes	Dar as boas vindas e receber os participantes.\r\nDar oportunidade aos CI para partilharem a experincia da "participao semanal" - Atividade 5.  \r\nEnquadrar a sesso.\r\nAvaliar as aprendizagens (Anexo 2).		15		4	1				
18	I	Receber os participantes.	Dar as boas vindas e receber os participantes.\r\nDar oportunidade de conversar sobre a sesso anterior: pertinncia, importncia, dvidas.\r\nEnquadrar a sesso.\r\nAvaliar as aprendizagens (Anexo 2).		15		5	1				
8	D	Partilhar experincias no sentido da ventilao de emoes e normalizao de sentimentos	Partilhar com o grupo as maiores dificuldades e angstias na gesto do cuidado e da doena, assim como de situaes felizes -Atividade 4.	* verdes, amarelos e vermelhos	25		2	3				
6	I	Receber e integrar os participantes.	1. Dar as boas vindas e receber os participantes, integrando-os no contexto da sala e do grupo.\r\n2. Relembrar a identidade dos elementos - Atividade 3.\r\n3. Enquadrar a sesso.\r\n4. Avaliar as aprendizagens com questionrio		15		2	1				
22	I	Receber os participantes.	Dar as boas vindas e receber os participantes.\r\nDar oportunidade aos CI para partilharem a experincia da "participao semanal" - Atividade 8.\r\nEnquadrar a sesso.\r\nAvaliar as aprendizagens (Anexo 2).		20		6	1				
4	D	Apresentar o PPCI - MentHA	Discutir as regras de funcionamento da sesso -Atividade 2.\r\nApresentar o PPCI-MentHA, seus objetivos, sesses e contedos (resumidamente), assim como a equipa de profissionais. Contextualizar a interveno psicoeducativa.	* Dirio de bordo (caderno A6) \r\n* papel A4 de cores diferentes\r\n* canetas\r\n* bostik\r\n* panfleto de apresentao do PPCI-MentHA	30		1	4				
7	D	Promover o conhecimento acerca da doena mental	1. Apresentar contedos tericos sobre a doena, seus sintomas e evoluo.\r\n2. Promover a discusso e esclarecimento de dvidas	* apres. power-point \r\n* Informao sobre a doena\r\n* pc, vdeo-projetor	40		2	2	apresentacao_demencia/Demencia.pdf	apresentacao_esquizofrenia/Esquizofrenia.pdf	apresentacao_incapacidade_intelectual/Incapacidade_Intelectual.pdf	apresentacao_perturbacao_bipolar/Perturbacao_Bipolar.pdf
11	D	Promover o conhecimento acerca da doena mental (Continuao)	Apresentar contedos tericos sobre a doena, seus sintomas e evoluo.\r\nPromover a discusso e esclarecimento de dvidas.	* apres. power-point \r\n* Informao sobre a doena mental (Continuao)\r\n* pc, vdeo-projetor	40		3	2	apresentacao_demencia/Demencia_IYgJLo6.pdf	apresentacao_esquizofrenia/Esquizofrenia_AOQfjfr.pdf	apresentacao_incapacidade_intelectual/Incapacidade_Intelectual_vfZWLKQ.pdf	apresentacao_perturbacao_bipolar/Perturbacao_Bipolar_yafbY92.pdf
25	F	Encerrar a sesso	Fazer um briefing sobre a sesso.\r\nLanar o desafio da "participao semanal" - Atividade 9.\r\nEnquadrar a sesso seguinte.\r\nAvaliar as aprendizagens (Anexo 2).\r\nAgradecer a presena e participao de todos.		10		6	4				
26	I	Receber os participantes.	Dar as boas vindas e receber os participantes. \r\nDar oportunidade aos CI para partilharem a experincia da "participao semanal" - Atividade 9.\r\nEnquadrar a sesso.\r\nAvaliar as aprendizagens (Anexo 2).		15	apresentacoes/Sessao7_Comunicacao.pdf	7	1				
29	F	Encerrar a sesso	Fazer um briefing sobre a sesso.\r\nLanar o desafio da "participao semanal" - Atividade 12.\r\nEnquadrar a sesso seguinte.\r\nAgradecer a presena e participao de todos.		10		7	4				
28	D	Partilhar experincias no sentido da ventilao de emoes e normalizao de sentimentos	Promover a reflexo acerca das dificuldades sentidas na comunicao com o doente, atravs de uma atividade de relaxamento - Atividade 11.	* rdio & msica relaxante	10		7	3				
34	I	Receber os participantes.	Dar as boas vindas e receber os participantes.\r\nDar oportunidade aos CI para partilharem a experincia  da "participao semanal" - Atividade 15.\r\nEnquadrar a sesso.\r\nAvaliar as aprendizagens (Anexo 2).		15		9	1				
30	I	Receber os participantes.	Dar as boas vindas e receber os participantes (8).\r\nDar oportunidade aos CI para partilharem a experincia da primeira parte da "participao semanal" - Atividade 12.\r\nEnquadrar a sesso.		15		8	1				
41	F	Encerrar a sesso	Fazer um briefing sobre a sesso.\r\nLanar o desafio da "participao semanal" - Atividade 20.\r\nEnquadrar a sesso seguinte.\r\nAvaliar as aprendizagens (Anexo 2).\r\nAgradecer a presena e participao de todos.		10		10	4				
40	D	Partilhar experincias e refletir acerca do tema: diminuio de ansiedade e depresso; diminuio da sobrecarga; desenvolvimento de estratgias de coping;	1. Dividir os elementos em grupos de 2 a 3 pessoas.\r\n2. Identificar estratgias de gesto de stresse, gesto emocional e coping - Atividade 19.	* cartolinas/ folhas, canetas de cores\r\n* revistas, jornais\r\n* tesouras, cola, folhas de cores	35		10	3				
24	D	Conhecer boas prticas na prestao de cuidados ao nvel das transferncias e posicionamentos	Experimentar exerccios de alvio da sobrecarga mecnica - alongamentos, relaxamento muscular.	* banda elstica para alongamento (opo)	20		6	3				
36	D	Partilhar experincias e refletir sobre a importncia da ocupao no bem-estar	Refletir sobre as atividades realizadas ao longo da semana e o tempo despendido nas atividades que lhe so prazerosas - Atividade 16.	* ficha "Como se ocupa"	20		9	3				
37	F	Encerrar a sesso	Encerrar a sessoFazer um briefing sobre a sesso.\r\nLanar o desafio da "participao semanal" - Atividade 17.\r\nEnquadrar a sesso seguinte.\r\nAvaliar as aprendizagens (Anexo 2).\r\nAgradecer a presena e participao de todos.		10		9	4				
32	D	Partilhar experincias no sentido da ventilao de emoes e normalizao de sentimentos	Realizar uma atividade de  reflexo, atravs da pintura, acerca das emoes inerentes s dificuldades na comunicao e na gesto com comportamentos desafiantes -Atividade 14.	* folhas brancas grossas\r\n* pincis, copos com gua, guaches de cores diversas, guardanapos/panos\r\n* rdio & msica;	30		8	3				
42	I	Receber os participantes.	Dar as boas vindas e receber os participantes.\r\nDar oportunidade aos CI para partilharem a experincia da "participao semanal" (Atividade 20).  \r\nEnquadrar a sesso.\r\nAvaliar as aprendizagens (Anexo 2).		20		11	1				
31	D	Explorar estratgias de comunicao e de gesto de comportamentos desafiantes	Promover a discusso de boas prticas e o esclarecimento de dvidas, com recurso a situaes dos prprios CI - Atividade 13.	* cartolinas, canetas, bostik	35		8	2				
38	I	Receber os participantes.	Dar as boas vindas e receber os participantes.\r\nDar oportunidade aos CI para partilharem a experincia da "participao semanal" - Atividade 17.\r\nEnquadrar a sesso.\r\nAvaliar as aprendizagens (Anexo 2).		20		10	1				
39	D	Explorar estratgias de gesto emocional e de coping	Leitura de um testemunho de um cuidador.\r\nRelato sobre o turbilho de emoes associados ao cuidado, assim como da importncia da gesto emocional.\r\nPromover a discusso, reconhecendo a universalidade dos sentimentos e emoes, assim como de estratgias de gesto emocional - Atividade 18.	* testemunho de CI	30		10	2				
33	F	Encerrar a sesso	Fazer um briefing sobre a sesso.\r\nLanar o desafio da "participao semanal" - Atividade 15.\r\nEnquadrar a sesso seguinte.\r\nAvaliar as aprendizagens (Anexo 2).\r\nAgradecer a presena e participao de todos.		10		8	4				
35	D	Promover boas prticas na prestao de cuidados: estratgias de ocupao do RC	Explorar a importncia da ocupao na vida das pessoas, quer ao nvel do entretenimento como da estimulao. Apresentar exemplos de atividades de estimulao de acordo com as patologias presentes.	* apres. power-point \r\n* Ocupao: entretenimento e estimulao;\r\n* pc, vdeo-projetor\r\n* exemplos de atividades de estimulao	45	apresentacoes/Sessao9_Ocupacao.pdf	9	2				
27	D	Explorar estratgias de comunicao e de gesto de comportamentos desafiantes.	Promover a discusso de boas prticas e o esclarecimento de dvidas, com recurso a casos prticos (7) - Atividade 10.	* 4 casos prticos \r\n* Panfleto "Boas prticas na comunicao e na gesto de comportamentos"\r\n* cartolinas/ folhas, canetas, bostik	55	apresentacoes/Sessao7_Comunicacao.pdf	7	2				
43	D	Incentivar o autocuidado e a valorizao do papel de cuidador	Reflexo e explorao dos aspetos positivos associados ao cuidado.\r\nReconhecer o cuidar do outro enquanto fonte de gratificao e satisfao. (Atividade 21)	* ficha "Importantmetro"	30		11	2				
51	D	Partilhar experincias e refletir acerca do tema: diminuio de ansiedade e depresso; diminuio da sobrecarga; desenvolvimento de estratgias de coping;	Realizao de uma massagem-promoo da conscincia da satisfao e bem-estar. \r\nReflexo sobre a importncia do bem-estar na vida pessoal (na sua felicidade), e na qualidade dos cuidados prestados (estar bem para cuidar bem) (Atividade 22).	* creme hidratante com cheiro agradvel; objetos de massagem cabea, costas, braos, ...\r\n* rdio & msica;	35		11	3				
46	D	Incentivar o autocuidado.	Refletir sobre a gesto do tempo, tendo em conta a realizao das atividades de lazer mais significativas para o CI (Atividade 24).	* vrios (consultar atividade 24)	45		12	2				
1	I	Receber e integrar os participantes.	Dar as boas vindas e receber os participantes, integrando-os no contexto da sala e do grupo.		20		1	1				
52	D	Promover a diminuio de ansiedade e depresso; diminuio da sobrecarga; desenvolvimento de estratgias de coping e de redes sociais de apoio.	Refletir sobre as atividades realizadas ao longo da semana e o tempo despendido nas atividades que lhe so prazerosas (Atividade 25).\r\nPartilhar com o grupo as reflexes decorrentes da atividade.	* ficha "Como me ocupo"	20		12	3				
2	D	Apresentar o projeto MentHA e sua equipa	1. Fazer uma breve apresentao do projeto MentHA e da equipa, enquadrando o PPCI - MentHA e o propsito do grupo.	* panfleto de apresentao do projeto MentHA;	5	apresentacoes/Sessao1_Ap_projeto.pdf	1	2				
45	I	Receber os participantes.	Dar as boas vindas e receber os participantes.\r\nDar oportunidade aos CI para partilharem a experincia do desafio pessoal (Atividade 23).\r\nEnquadrar a sesso.		15		12	1				
44	F	Encerrar a sesso	Fazer um briefing sobre a sesso.\r\nLanar o desafio da "participao semanal" (Atividade 23).\r\nEnquadrar a sesso seguinte.\r\nAgradecer a presena e participao de todos.		10		11	4				
53	D	Promover as redes sociais de apoio.	Esclarecer as condies de continuidade dos encontros, agora na modalidade dos Grupos de Ajuda Mtua (GAM).		15		13	3				
15	D	Promover o conhecimento dos participantes quanto aos apoios sociais e recursos da comunidade existentes.	Apresentar os diferentes benefcios sociais aplicveis no contexto dos cuidados informais; e os recursos da comunidade (ex. respostas sociais, projetos comunitrios).\r\nEsclarecer as dvidas dos participantes.	* apres. power-point \r\n* Informao sobre  apoios sociais e recursos da comunidade\r\n* panfleto informativo\r\n* pc, vdeo-projetor	30	apresentacoes/Sessao4_ApoiosSoc_RCom.pdf	4	2				
56	D	Orientao pessoal	**Exerccio 1. (pg. 44)**\r\n\r\nFaz-se a apresentao. Cada participante diz o seu nome e idade. \r\nA primeira pessoa a apresentar-se  o facilitador, e depois os participantes comeando e seguindo sempre a mesma ordem ao longo de todas as sesses.		20		14	0				
48	I	Receber os participantes.	Dar as boas vindas e receber os participantes.\r\nDar oportunidade aos CI para partilharem a experincia do desafio pessoal (Atividade 26).		15		13	1				
23	D	Conhecer boas prticas na prestao de cuidados ao nvel das transferncias e posicionamentos	Apresentar contedos tericos sobre as boas prticas nas transferncias e posicionamentos (6); mostrar/ descrever ajudas tcnicas (ex. SARA). Experimentar algumas transferncias e posicionamentos entre o grupo, melhorando a sua execuo e, sempre que possvel, dando outras opes.\r\nPromover a discusso e esclarecimento de dvidas; chamar a ateno para as boas posturas.	* apres. power-point \r\n* Boas prticas nas transferncias e posicionamentos;\r\n* pc, vdeo-projetor  \r\n* Equipamentos (o possvel): cama, cadeira rodas, almofadas, disco de transferncia, ...	45		6	2				
49	D	Promover as redes sociais de apoio.	Refletir sobre o percurso e as mais-valias da participao no programa (Atividade 27).	* 4 novelos de l  de cor diferente	30		13	2				
47	F	Encerrar a sesso	Fazer um briefing sobre a sesso.\r\nLanar o desafio da "participao semanal" (Atividade 26).\r\nEnquadrar a sesso seguinte.\r\nAvaliar as aprendizagens (Anexo 2).\r\nAgradecer a presena e participao de todos.		10		12	4				
50	F	Encerrar a sesso	Preencher o questionrio de satisfao do CI para com o PPCI-MentHA.\r\nConvvio - mesa de lanche partilhado.\r\nAgradecer a presena e participao de todos.		30		13	4				
55	I	Apresentao e Boas Vindas	**Apresentao do facilitador e participantes**\r\n\r\n**Apresentao do Programa:** Explicar aos participantes que nestas sesses vo exercitar vrias funes cognitivas tais como a memria e a orientao por forma a melhor-las.\r\n\r\nAs sesses de grupo ocorrem duas vezes por semana, com o objectivo de exercitar a memria e Informar os participantes que o stio onde se sentam ser sempre o mesmo em todas as sesses.\r\nExplicar as regras de funcionamento (pontualidade, confidencialidade, etc).		30		14	0				
\.


--
-- Data for Name: diario_parte_atividades; Type: TABLE DATA; Schema: public; Owner: leda
--

COPY public.diario_parte_atividades (id, parte_id, atividade_id) FROM stdin;
77	3	1
78	4	2
79	6	3
80	8	4
81	9	5
82	10	5
83	12	6
84	13	5
85	14	5
86	20	7
87	21	8
88	22	8
89	25	9
90	27	10
91	28	11
92	29	12
93	30	12
94	31	13
95	32	14
96	33	15
97	34	15
98	36	16
99	37	17
100	38	17
101	39	18
102	40	19
103	41	20
104	42	20
105	43	21
106	44	23
107	45	23
108	46	24
109	47	26
110	48	26
111	49	27
112	51	22
113	52	25
\.


--
-- Data for Name: diario_parte_exercicio; Type: TABLE DATA; Schema: public; Owner: leda
--

COPY public.diario_parte_exercicio (id, nome, ordem, descricao, duracao) FROM stdin;
16	Mostrar Imagem (Mira)	7		0
17	Descreva a Imagem (Mira)	8		0
4	Indique a hora, colocando os ponteiros da hora e minutos:	2		0
6	Copiar um desenho	1	Vamos realizar a cpia de um desenho que est no vosso dossier. No se preocupem que no se pretende avaliar as vossas habilidades artsticas, mas treinar o uso do lpis. \r\nPeo que faam o melhor que conseguirem.	0
26	Completar ditados populares	1	Complete as seguintes Expresses e Ditados Populares	0
13	Descreva a Imagem (Praia)	4		0
25	Conjuto de palavras (2)	2	Preste ateno aos conjuntos de trs palavras que o facilitador vai dizer. Memorize as palavras e escreva-as no quadro	0
27	Explicar ditados populares	2	Explique a ideia principal de cada uma das expresses populares	0
28	Descrever um evento de vida	1	Pense num acontecimento de vida pessoal antigo, por exemplo, uma viagem, o dia do seu casamento que gostaria de partilhar com o grupo.	0
11	Descreva Imagem (Gato)	2		0
34	Nicolau Breyner	1		0
18	Mostrar Imagem (Familia)	9		0
20	Dizer os meses do ano	1	Indique de forma alternada com os seus colegas ( vez) os meses do ano por ordem direta.	0
7	Escolher smiles	1	Observe as imagens e escolha a que melhor representa a maneira como se sentiu durante esta sesso.	0
31	Perguntas sobre a historia com pistas (2)	3		0
32	Perguntas sobre a historia com pistas (3)	4		0
9	Copiar um desenho (3D)	0		0
10	Mostrar Imagem (Gato)	1		0
14	Mostrar Imagem (Borboleta)	5		0
12	Mostrar Imagem (Praia)	3		0
15	Descreva a Imagem (Borboleta)	6		0
52	Comum entre palavras 2	2		0
21	Dizer os meses do ano (inversamente)	2	Indique de forma alternada com os seus colegas ( vez) os meses do ano por ordem inversa, ou seja, do fim para o incio.	0
22	Descreva o que se recorda das imagens que observou nesta sesso	1	Descreva o que se recorda das imagens que observou nesta sesso	0
23	Descreva o que se recorda das imagens que observou nesta sesso	2	Descreva o que se recorda das imagens que observou nesta sesso	0
29	Ler histria	1	A Famlia Fonseca, no Vero, decidiu fazer um piquenique na encosta do Castelo de Santa Maria da Feira. A D. Rosa Fonseca fez uma torta de noz, que  a preferida dos seus 2 filhos, a Camila e o Carlos. Tambm levaram sumo de laranja, sandes de queijo e fiambre, com alface e tomate e fruta variada. Como estava muito sol, o Sr. Jos Fonseca achou melhor lavarem um guarda-sol para se protegerem. Depois de comer, a famlia foi dar uma volta pelo Castelo. Regressaram a casa por volta das 5 horas da tarde. \r\n\r\n\r\n**Fonte:** Nunes, B.;Pais, J. (2014). Doena de Alzheimer: Exerccios de Estimulao, Exerccio 19. Lidel Editora.	0
1	Bola	1	Os participantes atiram uma bola uns aos outros, dizendo o seu nome e completando a frase que est mais prximo do polegar direito.	30
24	Conjuto de palavras (1)	1	Preste ateno aos conjuntos de trs palavras que o facilitador vai dizer. Memorize as palavras e escreva-as no quadro	0
30	Perguntas sobre a historia com pistas	2	Perguntas  Evocao Guiada  (respostas: um participante de cada vez)	0
36	Pessoa desconhecida 1	1		0
37	Pessoa desconhecida 2	2		0
38	Pessoa desconhecida 3	3		0
39	Pessoa Desconhecida 4	4		0
40	Pessoa Desconhecida 5	5		0
41	Pessoa Desconhecida 6	6		0
35	Beatriz Costa	2		0
51	Comum entre palavras	1	Identifique o que h de comum entre estes objectos:	0
53	Diferente entre palavras	1	Identifique o que h de diferente entre estes objetos:	0
42	Pessoa Desconhecida 7	7		0
8	Copiar um desenho (2D)	2		0
19	Descreva a Imagem (Familia)	10		0
45	3 Srie	3		0
5	Indique a localizao da sesso:	3		0
33	Descrever a historia sem pistas	5		0
3	Escreva a data de hoje	1		0
54	Diferente entre palavras 2	2	Identifique o que h de diferente entre estes objetos:	0
55	Sequncias lgicas 1	1	Complete as sequncias lgicas:	0
56	Sequncias lgicas 2	2		0
46	4 Srie	4		0
47	5 Srio	5		0
48	6 Srie	6		0
43	1 Serie	1		0
44	2 Srie	2		0
49	Procure apenas os nmeros	1		0
50	Procurar simbolos	2		0
57	Sequncias lgicas 3	3		0
58	Sequncias lgicas 4	4		0
59	Para comprar o po	1	Para comprar o po	0
60	Para dormir	2		0
61	Para lavar a loua	3		0
62	Para ver televiso	4		0
63	Para se vestir	5		0
64	Para lavar os dentes	6		0
65	Inibio de Resposta 1	1		0
66	Inibio de Resposta 2	2		0
67	Copiar o Desenho 1	1		0
68	Copiar o Desenho 2	2		0
69	Organizar o evento	1		0
70	Labirinto 1	1		0
71	Labirinto 2	2		0
72	Labirinto 3	3		0
75	Unir 3	3	Unam as figuras de acordo com as seguintes ordens:	0
74	Unir 2	2	Unam as figuras de acordo com as seguintes ordens:	0
73	Unir 1	1	Unam as figuras de acordo com as seguintes ordens:	0
\.


--
-- Data for Name: diario_parte_exercicio_imagens; Type: TABLE DATA; Schema: public; Owner: leda
--

COPY public.diario_parte_exercicio_imagens (id, parte_exercicio_id, imagem_id) FROM stdin;
102	6	4
103	6	5
104	6	6
105	8	4
106	8	5
107	9	6
108	10	11
109	12	12
110	14	13
111	16	14
112	18	15
113	34	16
114	35	17
115	36	18
116	37	19
117	38	20
118	39	21
119	40	22
120	41	23
121	42	24
122	43	25
123	44	26
124	45	27
125	46	28
126	47	29
127	48	30
128	50	32
129	55	33
130	56	34
131	57	35
132	58	36
133	65	37
134	66	38
135	67	39
136	68	40
137	70	41
138	71	42
139	72	43
140	73	44
141	75	45
142	74	46
\.


--
-- Data for Name: diario_parte_exercicio_perguntas; Type: TABLE DATA; Schema: public; Owner: leda
--

COPY public.diario_parte_exercicio_perguntas (id, parte_exercicio_id, pergunta_exercicio_id) FROM stdin;
466	3	1
467	3	2
468	3	3
469	4	4
470	5	5
471	7	8
472	8	6
473	9	7
474	11	9
475	13	9
476	15	9
477	17	10
478	19	10
479	20	11
480	21	12
481	22	13
482	22	14
483	22	15
484	23	16
485	23	17
486	24	18
487	24	19
488	24	20
489	25	21
490	25	22
491	25	23
492	26	24
493	26	25
494	26	26
495	26	27
496	26	28
497	26	29
498	26	30
499	27	32
500	27	33
501	27	34
502	27	35
503	27	36
504	27	37
505	27	31
506	28	39
507	28	40
508	28	41
509	28	42
510	28	43
511	28	44
512	30	48
513	30	45
514	30	46
515	30	47
516	31	49
517	31	50
518	31	51
519	31	52
520	32	53
521	32	54
522	32	55
523	33	56
524	34	57
525	36	58
526	37	58
527	38	58
528	39	58
529	40	58
530	41	58
531	42	58
532	49	59
533	50	60
534	51	61
535	51	62
536	51	63
537	52	65
538	52	66
539	52	67
540	53	68
541	53	69
542	53	70
543	54	72
544	54	73
545	54	71
546	55	74
547	56	75
548	57	76
549	58	77
550	59	80
551	59	78
552	59	79
553	60	81
554	60	82
555	60	83
556	60	84
557	61	88
558	61	85
559	61	86
560	61	87
561	62	89
562	62	90
563	62	91
564	62	92
565	63	96
566	63	93
567	63	94
568	63	95
569	64	97
570	64	98
571	64	99
572	64	100
573	65	101
574	65	102
575	66	101
576	66	102
577	67	103
578	68	104
579	69	105
580	70	106
581	71	107
582	72	108
583	73	109
584	74	110
585	75	111
\.


--
-- Data for Name: diario_parte_questionarios; Type: TABLE DATA; Schema: public; Owner: leda
--

COPY public.diario_parte_questionarios (id, parte_id, questionario_id) FROM stdin;
47	1	1
48	6	1
49	9	1
50	10	2
51	13	2
52	14	3
53	17	3
54	18	4
55	21	4
56	22	5
57	25	5
58	26	6
59	33	6
60	34	7
61	37	7
62	38	8
63	41	8
64	42	9
65	47	9
66	50	10
67	50	11
68	50	12
69	50	13
\.


--
-- Data for Name: diario_partegrupo; Type: TABLE DATA; Schema: public; Owner: leda
--

COPY public.diario_partegrupo (id, inicio, fim, concluido, exercicio_id, parte_id, "sessaoGrupo_id") FROM stdin;
4618	\N	\N	f	2	\N	1003
4619	\N	\N	f	7	\N	1003
4620	\N	\N	f	1	\N	1003
4621	\N	\N	f	3	\N	1003
4622	\N	\N	f	38	\N	1003
4623	\N	\N	f	2	\N	1004
4624	\N	\N	f	7	\N	1004
4625	\N	\N	f	1	\N	1004
4626	\N	\N	f	3	\N	1004
4627	\N	\N	f	38	\N	1004
4628	\N	\N	f	2	\N	1005
4629	\N	\N	f	7	\N	1005
4630	\N	\N	f	19	\N	1005
4631	\N	\N	f	20	\N	1005
4632	\N	\N	f	21	\N	1005
4633	\N	\N	f	1	\N	1005
4634	\N	\N	f	3	\N	1005
4635	\N	\N	f	38	\N	1005
4636	\N	\N	f	2	\N	1006
4637	\N	\N	f	7	\N	1006
4638	\N	\N	f	1	\N	1006
4639	\N	\N	f	3	\N	1006
4640	\N	\N	f	38	\N	1006
4641	\N	\N	f	9	\N	1007
4642	\N	\N	f	2	\N	1007
4643	\N	\N	f	7	\N	1007
4644	\N	\N	f	10	\N	1007
4645	\N	\N	f	1	\N	1007
4646	\N	\N	f	3	\N	1007
4647	\N	\N	f	38	\N	1007
4648	\N	\N	f	2	\N	1008
4649	\N	\N	f	7	\N	1008
4650	\N	\N	f	30	\N	1008
4651	\N	\N	f	1	\N	1008
4652	\N	\N	f	3	\N	1008
4653	\N	\N	f	38	\N	1008
4654	\N	\N	f	29	\N	1008
4655	\N	\N	f	2	\N	1009
4656	\N	\N	f	7	\N	1009
4657	\N	\N	f	1	\N	1009
4658	\N	\N	f	3	\N	1009
4659	\N	\N	f	38	\N	1009
4660	2024-10-18 13:05:44.646688+00	2024-10-18 13:05:45.522679+00	t	2	\N	1010
4661	\N	\N	f	7	\N	1010
4662	\N	\N	f	17	\N	1010
4663	\N	\N	f	18	\N	1010
4664	\N	\N	f	16	\N	1010
4666	2024-10-18 13:05:51.403892+00	2024-10-18 13:05:52.967229+00	t	3	\N	1010
4667	2024-10-18 13:05:28.211315+00	2024-10-18 13:05:31.320714+00	t	38	\N	1010
4668	\N	\N	f	2	\N	1011
4669	\N	\N	f	7	\N	1011
4670	\N	\N	f	23	\N	1011
4671	\N	\N	f	22	\N	1011
4672	\N	\N	f	24	\N	1011
4673	\N	\N	f	1	\N	1011
4674	\N	\N	f	3	\N	1011
4675	\N	\N	f	38	\N	1011
4676	\N	\N	f	2	\N	1012
4677	\N	\N	f	7	\N	1012
4678	\N	\N	f	25	\N	1012
4679	\N	\N	f	28	\N	1012
4680	\N	\N	f	26	\N	1012
4681	\N	\N	f	27	\N	1012
4682	\N	\N	f	1	\N	1012
4683	\N	\N	f	3	\N	1012
4684	\N	\N	f	38	\N	1012
4685	\N	\N	f	2	\N	1013
4686	\N	\N	f	7	\N	1013
4687	\N	\N	f	15	\N	1013
4688	\N	\N	f	14	\N	1013
4689	\N	\N	f	13	\N	1013
4690	\N	\N	f	1	\N	1013
4691	\N	\N	f	3	\N	1013
4692	\N	\N	f	38	\N	1013
4693	\N	\N	f	2	\N	1014
4694	\N	\N	f	7	\N	1014
4695	\N	\N	f	11	\N	1014
4696	\N	\N	f	12	\N	1014
4697	\N	\N	f	1	\N	1014
4698	\N	\N	f	3	\N	1014
4699	\N	\N	f	38	\N	1014
4700	\N	\N	f	2	\N	1015
4701	\N	\N	f	7	\N	1015
4702	\N	\N	f	8	\N	1015
4703	\N	\N	f	1	\N	1015
4704	\N	\N	f	3	\N	1015
4705	\N	\N	f	38	\N	1015
4706	\N	\N	f	6	\N	1016
4707	\N	\N	f	2	\N	1016
4708	\N	\N	f	7	\N	1016
4709	\N	\N	f	1	\N	1016
4710	\N	\N	f	3	\N	1016
4711	\N	\N	f	5	\N	1016
4712	\N	\N	f	4	\N	1016
4713	\N	\N	f	38	\N	1016
4767	\N	\N	f	2	\N	1030
4768	\N	\N	f	7	\N	1030
4769	\N	\N	f	1	\N	1030
4770	\N	\N	f	3	\N	1030
4771	\N	\N	f	38	\N	1030
4772	\N	\N	f	2	\N	1031
4773	\N	\N	f	7	\N	1031
4774	\N	\N	f	1	\N	1031
4775	\N	\N	f	3	\N	1031
4776	\N	\N	f	38	\N	1031
4777	\N	\N	f	2	\N	1032
4778	\N	\N	f	7	\N	1032
4779	\N	\N	f	19	\N	1032
4780	\N	\N	f	20	\N	1032
4781	\N	\N	f	21	\N	1032
4782	\N	\N	f	1	\N	1032
4783	\N	\N	f	3	\N	1032
4784	\N	\N	f	38	\N	1032
4785	\N	\N	f	2	\N	1033
4786	\N	\N	f	7	\N	1033
4787	\N	\N	f	1	\N	1033
4788	\N	\N	f	3	\N	1033
4789	\N	\N	f	38	\N	1033
4790	\N	\N	f	9	\N	1034
4791	\N	\N	f	2	\N	1034
4792	\N	\N	f	7	\N	1034
4793	\N	\N	f	10	\N	1034
4794	\N	\N	f	1	\N	1034
4795	\N	\N	f	3	\N	1034
4796	\N	\N	f	38	\N	1034
4797	\N	\N	f	2	\N	1035
4798	\N	\N	f	7	\N	1035
4799	\N	\N	f	30	\N	1035
4800	\N	\N	f	1	\N	1035
4801	\N	\N	f	3	\N	1035
4802	\N	\N	f	38	\N	1035
4803	\N	\N	f	29	\N	1035
6512	\N	\N	f	\N	12	1353
6513	\N	\N	f	\N	13	1353
6514	\N	\N	f	\N	10	1353
4809	\N	\N	f	2	\N	1037
4810	\N	\N	f	7	\N	1037
4811	\N	\N	f	17	\N	1037
4812	\N	\N	f	18	\N	1037
4813	\N	\N	f	16	\N	1037
4814	\N	\N	f	1	\N	1037
4815	\N	\N	f	3	\N	1037
4816	\N	\N	f	38	\N	1037
4817	\N	\N	f	2	\N	1038
4818	\N	\N	f	7	\N	1038
4819	\N	\N	f	23	\N	1038
4820	\N	\N	f	22	\N	1038
4821	\N	\N	f	24	\N	1038
4822	\N	\N	f	1	\N	1038
4823	\N	\N	f	3	\N	1038
4824	\N	\N	f	38	\N	1038
4825	\N	\N	f	2	\N	1039
4826	\N	\N	f	7	\N	1039
4827	\N	\N	f	25	\N	1039
4828	\N	\N	f	28	\N	1039
4829	\N	\N	f	26	\N	1039
4830	\N	\N	f	27	\N	1039
4831	\N	\N	f	1	\N	1039
4832	\N	\N	f	3	\N	1039
4833	\N	\N	f	38	\N	1039
4834	\N	\N	f	2	\N	1040
4835	\N	\N	f	7	\N	1040
4836	\N	\N	f	15	\N	1040
4837	\N	\N	f	14	\N	1040
4838	\N	\N	f	13	\N	1040
4839	\N	\N	f	1	\N	1040
4840	\N	\N	f	3	\N	1040
4841	\N	\N	f	38	\N	1040
4842	\N	\N	f	2	\N	1041
4843	\N	\N	f	7	\N	1041
4844	\N	\N	f	11	\N	1041
4845	\N	\N	f	12	\N	1041
4846	\N	\N	f	1	\N	1041
4847	\N	\N	f	3	\N	1041
4848	\N	\N	f	38	\N	1041
4849	2023-10-04 17:00:03.041252+00	2023-10-04 17:02:03.940199+00	t	2	\N	1042
4851	2023-10-04 17:02:18.318238+00	2023-12-11 10:32:30.449542+00	t	8	\N	1042
4852	2023-10-04 16:54:37.082753+00	2023-10-04 16:59:59.292107+00	t	1	\N	1042
4853	2023-10-04 17:02:07.615748+00	2023-10-04 17:02:14.393077+00	t	3	\N	1042
6515	\N	\N	f	\N	11	1353
4855	\N	\N	f	6	\N	1043
4856	\N	\N	f	2	\N	1043
4857	\N	\N	f	7	\N	1043
4858	\N	\N	f	1	\N	1043
4859	\N	\N	f	3	\N	1043
4860	\N	\N	f	5	\N	1043
4861	\N	\N	f	4	\N	1043
4862	\N	\N	f	38	\N	1043
6516	\N	\N	f	\N	9	1354
4808	2023-09-26 19:57:49.050453+00	2023-09-26 19:59:30.006442+00	t	38	\N	1036
4806	2023-09-26 19:59:35.909345+00	2023-09-26 20:00:21.593199+00	t	1	\N	1036
6517	\N	\N	f	\N	8	1354
4804	2023-09-26 20:00:25.561026+00	2023-09-26 20:02:05.242839+00	t	2	\N	1036
4807	2023-09-26 20:02:09.932649+00	2023-09-26 20:02:14.034166+00	t	3	\N	1036
6518	\N	\N	f	\N	6	1354
4805	2023-09-26 20:02:17.297993+00	2023-09-26 20:02:27.864576+00	t	7	\N	1036
6519	\N	\N	f	\N	7	1354
6520	\N	\N	f	\N	19	1355
6521	\N	\N	f	\N	20	1355
6522	\N	\N	f	\N	21	1355
6523	\N	\N	f	\N	18	1355
6524	\N	\N	f	\N	41	1356
6525	\N	\N	f	\N	40	1356
6526	\N	\N	f	\N	38	1356
6527	\N	\N	f	\N	39	1356
6528	\N	\N	f	\N	42	1357
6529	\N	\N	f	\N	43	1357
6530	\N	\N	f	\N	51	1357
6531	\N	\N	f	\N	44	1357
6532	\N	\N	f	\N	46	1358
6533	\N	\N	f	\N	52	1358
6534	\N	\N	f	\N	45	1358
6535	\N	\N	f	\N	47	1358
6536	\N	\N	f	\N	53	1359
6537	\N	\N	f	\N	48	1359
6538	\N	\N	f	\N	49	1359
6539	\N	\N	f	\N	50	1359
6540	\N	\N	f	\N	17	1360
6541	\N	\N	f	\N	16	1360
6542	\N	\N	f	\N	14	1360
6543	\N	\N	f	\N	15	1360
6544	\N	\N	f	\N	26	1361
6545	\N	\N	f	\N	29	1361
6546	\N	\N	f	\N	28	1361
6547	\N	\N	f	\N	27	1361
6548	\N	\N	f	\N	34	1362
6549	\N	\N	f	\N	36	1362
6550	\N	\N	f	\N	37	1362
6551	\N	\N	f	\N	35	1362
6552	\N	\N	f	\N	30	1363
6553	\N	\N	f	\N	32	1363
6554	\N	\N	f	\N	31	1363
6555	\N	\N	f	\N	33	1363
6556	\N	\N	f	\N	22	1364
6557	\N	\N	f	\N	25	1364
6558	\N	\N	f	\N	24	1364
6559	\N	\N	f	\N	23	1364
6560	\N	\N	f	\N	5	1365
6561	\N	\N	f	\N	3	1365
6562	\N	\N	f	\N	4	1365
6563	\N	\N	f	\N	1	1365
6564	\N	\N	f	\N	2	1365
4850	2023-12-14 13:14:42.1118+00	2024-06-27 15:49:39.55261+00	t	7	\N	1042
6959	\N	\N	f	2	\N	1434
6960	\N	\N	f	7	\N	1434
6961	\N	\N	f	8	\N	1434
6962	\N	\N	f	1	\N	1434
6963	\N	\N	f	3	\N	1434
6964	\N	\N	f	38	\N	1434
6214	\N	\N	f	2	\N	1299
6215	\N	\N	f	7	\N	1299
6216	\N	\N	f	8	\N	1299
6217	\N	\N	f	1	\N	1299
6218	\N	\N	f	3	\N	1299
6219	\N	\N	f	38	\N	1299
6220	\N	\N	f	6	\N	1300
6221	\N	\N	f	2	\N	1300
6222	\N	\N	f	7	\N	1300
6223	\N	\N	f	1	\N	1300
6224	\N	\N	f	3	\N	1300
6225	\N	\N	f	5	\N	1300
6226	\N	\N	f	4	\N	1300
6227	\N	\N	f	38	\N	1300
6228	\N	\N	f	2	\N	1301
6229	\N	\N	f	7	\N	1301
6230	\N	\N	f	1	\N	1301
6231	\N	\N	f	3	\N	1301
6232	\N	\N	f	38	\N	1301
6233	\N	\N	f	9	\N	1302
6234	\N	\N	f	2	\N	1302
6235	\N	\N	f	7	\N	1302
6236	\N	\N	f	10	\N	1302
6237	\N	\N	f	1	\N	1302
6238	\N	\N	f	3	\N	1302
6239	\N	\N	f	38	\N	1302
6240	\N	\N	f	2	\N	1303
6241	\N	\N	f	7	\N	1303
6242	\N	\N	f	11	\N	1303
6243	\N	\N	f	12	\N	1303
6244	\N	\N	f	1	\N	1303
6245	\N	\N	f	3	\N	1303
6246	\N	\N	f	38	\N	1303
6247	\N	\N	f	2	\N	1304
6248	\N	\N	f	7	\N	1304
6249	\N	\N	f	15	\N	1304
6250	\N	\N	f	14	\N	1304
6251	\N	\N	f	13	\N	1304
6252	\N	\N	f	1	\N	1304
6253	\N	\N	f	3	\N	1304
6254	\N	\N	f	38	\N	1304
6255	\N	\N	f	2	\N	1305
6256	\N	\N	f	7	\N	1305
6257	\N	\N	f	17	\N	1305
6258	\N	\N	f	18	\N	1305
6259	\N	\N	f	16	\N	1305
6260	\N	\N	f	1	\N	1305
6261	\N	\N	f	3	\N	1305
6262	\N	\N	f	38	\N	1305
6263	\N	\N	f	2	\N	1306
6264	\N	\N	f	7	\N	1306
6265	\N	\N	f	19	\N	1306
6266	\N	\N	f	20	\N	1306
6267	\N	\N	f	21	\N	1306
6268	\N	\N	f	1	\N	1306
6269	\N	\N	f	3	\N	1306
6270	\N	\N	f	38	\N	1306
6271	\N	\N	f	2	\N	1307
6272	\N	\N	f	7	\N	1307
6273	\N	\N	f	23	\N	1307
6274	\N	\N	f	22	\N	1307
6275	\N	\N	f	24	\N	1307
6276	\N	\N	f	1	\N	1307
6277	\N	\N	f	3	\N	1307
6278	\N	\N	f	38	\N	1307
6279	\N	\N	f	2	\N	1308
6280	\N	\N	f	7	\N	1308
6281	\N	\N	f	25	\N	1308
6282	\N	\N	f	28	\N	1308
6283	\N	\N	f	26	\N	1308
6284	\N	\N	f	27	\N	1308
6285	\N	\N	f	1	\N	1308
6286	\N	\N	f	3	\N	1308
6287	\N	\N	f	38	\N	1308
6288	\N	\N	f	2	\N	1309
6289	\N	\N	f	7	\N	1309
6290	\N	\N	f	30	\N	1309
6291	\N	\N	f	1	\N	1309
6292	\N	\N	f	3	\N	1309
6293	\N	\N	f	38	\N	1309
6294	\N	\N	f	29	\N	1309
6295	\N	\N	f	2	\N	1310
6296	\N	\N	f	7	\N	1310
6297	\N	\N	f	1	\N	1310
6298	\N	\N	f	3	\N	1310
6299	\N	\N	f	38	\N	1310
6300	\N	\N	f	2	\N	1311
6301	\N	\N	f	7	\N	1311
6302	\N	\N	f	1	\N	1311
6303	\N	\N	f	3	\N	1311
6304	\N	\N	f	38	\N	1311
6305	\N	\N	f	2	\N	1312
6306	\N	\N	f	7	\N	1312
6307	\N	\N	f	1	\N	1312
6308	\N	\N	f	3	\N	1312
6309	\N	\N	f	38	\N	1312
6565	\N	\N	f	\N	12	1366
6566	\N	\N	f	\N	13	1366
6567	\N	\N	f	\N	10	1366
6568	\N	\N	f	\N	11	1366
6569	\N	\N	f	\N	9	1367
6570	\N	\N	f	\N	8	1367
6571	\N	\N	f	\N	6	1367
6572	\N	\N	f	\N	7	1367
6573	\N	\N	f	\N	19	1368
6574	\N	\N	f	\N	20	1368
6575	\N	\N	f	\N	21	1368
6576	\N	\N	f	\N	18	1368
6577	\N	\N	f	\N	41	1369
6578	\N	\N	f	\N	40	1369
6579	\N	\N	f	\N	38	1369
6580	\N	\N	f	\N	39	1369
6581	\N	\N	f	\N	42	1370
6582	\N	\N	f	\N	43	1370
6583	\N	\N	f	\N	51	1370
6584	\N	\N	f	\N	44	1370
6585	\N	\N	f	\N	46	1371
6586	\N	\N	f	\N	52	1371
6587	\N	\N	f	\N	45	1371
6588	\N	\N	f	\N	47	1371
6589	\N	\N	f	\N	53	1372
6590	\N	\N	f	\N	48	1372
6591	\N	\N	f	\N	49	1372
6592	\N	\N	f	\N	50	1372
6593	\N	\N	f	\N	17	1373
6594	\N	\N	f	\N	16	1373
6310	\N	\N	f	\N	12	1313
6311	\N	\N	f	\N	13	1313
6312	\N	\N	f	\N	10	1313
6313	\N	\N	f	\N	11	1313
6314	\N	\N	f	\N	9	1314
6315	\N	\N	f	\N	8	1314
6316	\N	\N	f	\N	6	1314
6317	\N	\N	f	\N	7	1314
6318	\N	\N	f	\N	19	1315
6319	\N	\N	f	\N	20	1315
6320	\N	\N	f	\N	21	1315
6321	\N	\N	f	\N	18	1315
6322	\N	\N	f	\N	41	1316
6323	\N	\N	f	\N	40	1316
6324	\N	\N	f	\N	38	1316
6325	\N	\N	f	\N	39	1316
6326	\N	\N	f	\N	42	1317
6327	\N	\N	f	\N	43	1317
6328	\N	\N	f	\N	51	1317
6329	\N	\N	f	\N	44	1317
6330	\N	\N	f	\N	46	1318
6331	\N	\N	f	\N	52	1318
6332	\N	\N	f	\N	45	1318
6333	\N	\N	f	\N	47	1318
6334	\N	\N	f	\N	53	1319
6335	\N	\N	f	\N	48	1319
6336	\N	\N	f	\N	49	1319
6337	\N	\N	f	\N	50	1319
6338	\N	\N	f	\N	17	1320
6339	\N	\N	f	\N	16	1320
6340	\N	\N	f	\N	14	1320
6341	\N	\N	f	\N	15	1320
6342	\N	\N	f	\N	26	1321
6343	\N	\N	f	\N	29	1321
6344	\N	\N	f	\N	28	1321
6345	\N	\N	f	\N	27	1321
6346	\N	\N	f	\N	34	1322
6347	\N	\N	f	\N	36	1322
6348	\N	\N	f	\N	37	1322
6349	\N	\N	f	\N	35	1322
6350	\N	\N	f	\N	30	1323
6351	\N	\N	f	\N	32	1323
6352	\N	\N	f	\N	31	1323
6353	\N	\N	f	\N	33	1323
6354	\N	\N	f	\N	22	1324
6355	\N	\N	f	\N	25	1324
6356	\N	\N	f	\N	24	1324
6357	\N	\N	f	\N	23	1324
6358	\N	\N	f	\N	5	1325
6359	\N	\N	f	\N	3	1325
6360	\N	\N	f	\N	4	1325
6361	\N	\N	f	\N	1	1325
6362	\N	\N	f	\N	2	1325
6595	\N	\N	f	\N	14	1373
6596	\N	\N	f	\N	15	1373
6597	\N	\N	f	\N	26	1374
6598	\N	\N	f	\N	29	1374
6599	\N	\N	f	\N	28	1374
6600	\N	\N	f	\N	27	1374
6601	\N	\N	f	\N	34	1375
6602	\N	\N	f	\N	36	1375
6603	\N	\N	f	\N	37	1375
6604	\N	\N	f	\N	35	1375
6605	\N	\N	f	\N	30	1376
6606	\N	\N	f	\N	32	1376
6607	\N	\N	f	\N	31	1376
6608	\N	\N	f	\N	33	1376
6609	\N	\N	f	\N	22	1377
6610	\N	\N	f	\N	25	1377
6611	\N	\N	f	\N	24	1377
6612	\N	\N	f	\N	23	1377
6613	\N	\N	f	\N	5	1378
6614	\N	\N	f	\N	3	1378
6615	\N	\N	f	\N	4	1378
6616	\N	\N	f	\N	1	1378
6617	\N	\N	f	\N	2	1378
6965	\N	\N	f	6	\N	1435
6966	\N	\N	f	2	\N	1435
6967	\N	\N	f	7	\N	1435
6968	\N	\N	f	1	\N	1435
6969	\N	\N	f	3	\N	1435
6970	\N	\N	f	5	\N	1435
6971	\N	\N	f	4	\N	1435
6972	\N	\N	f	38	\N	1435
6973	\N	\N	f	2	\N	1436
6974	\N	\N	f	7	\N	1436
6975	\N	\N	f	1	\N	1436
6976	\N	\N	f	3	\N	1436
6977	\N	\N	f	38	\N	1436
6978	\N	\N	f	9	\N	1437
6979	\N	\N	f	2	\N	1437
6980	\N	\N	f	7	\N	1437
6981	\N	\N	f	10	\N	1437
6982	\N	\N	f	1	\N	1437
6983	\N	\N	f	3	\N	1437
6984	\N	\N	f	38	\N	1437
6985	\N	\N	f	2	\N	1438
6986	\N	\N	f	7	\N	1438
6987	\N	\N	f	11	\N	1438
6988	\N	\N	f	12	\N	1438
6989	\N	\N	f	1	\N	1438
6990	\N	\N	f	3	\N	1438
6991	\N	\N	f	38	\N	1438
6992	\N	\N	f	2	\N	1439
6993	\N	\N	f	7	\N	1439
6994	\N	\N	f	15	\N	1439
6995	\N	\N	f	14	\N	1439
6996	\N	\N	f	13	\N	1439
6997	\N	\N	f	1	\N	1439
6998	\N	\N	f	3	\N	1439
6999	\N	\N	f	38	\N	1439
7000	\N	\N	f	2	\N	1440
7001	\N	\N	f	7	\N	1440
7002	\N	\N	f	17	\N	1440
7003	\N	\N	f	18	\N	1440
7004	\N	\N	f	16	\N	1440
7005	\N	\N	f	1	\N	1440
7006	\N	\N	f	3	\N	1440
7007	\N	\N	f	38	\N	1440
7008	\N	\N	f	2	\N	1441
7009	\N	\N	f	7	\N	1441
7010	\N	\N	f	19	\N	1441
7011	\N	\N	f	20	\N	1441
7012	\N	\N	f	21	\N	1441
7013	\N	\N	f	1	\N	1441
7014	\N	\N	f	3	\N	1441
6416	\N	\N	f	2	\N	1339
6417	\N	\N	f	7	\N	1339
6418	\N	\N	f	8	\N	1339
6419	\N	\N	f	1	\N	1339
6420	\N	\N	f	3	\N	1339
6421	\N	\N	f	38	\N	1339
6422	\N	\N	f	6	\N	1340
6423	\N	\N	f	2	\N	1340
6424	\N	\N	f	7	\N	1340
6425	\N	\N	f	1	\N	1340
6426	\N	\N	f	3	\N	1340
6427	\N	\N	f	5	\N	1340
6428	\N	\N	f	4	\N	1340
6429	\N	\N	f	38	\N	1340
6430	\N	\N	f	2	\N	1341
6431	\N	\N	f	7	\N	1341
6432	\N	\N	f	1	\N	1341
6433	\N	\N	f	3	\N	1341
6434	\N	\N	f	38	\N	1341
6435	\N	\N	f	9	\N	1342
6436	\N	\N	f	2	\N	1342
6437	\N	\N	f	7	\N	1342
6438	\N	\N	f	10	\N	1342
6439	\N	\N	f	1	\N	1342
6440	\N	\N	f	3	\N	1342
6441	\N	\N	f	38	\N	1342
6442	\N	\N	f	2	\N	1343
6443	\N	\N	f	7	\N	1343
6444	\N	\N	f	11	\N	1343
6445	\N	\N	f	12	\N	1343
6446	\N	\N	f	1	\N	1343
6447	\N	\N	f	3	\N	1343
6448	\N	\N	f	38	\N	1343
6449	\N	\N	f	2	\N	1344
6450	\N	\N	f	7	\N	1344
6451	\N	\N	f	15	\N	1344
6452	\N	\N	f	14	\N	1344
6453	\N	\N	f	13	\N	1344
6454	\N	\N	f	1	\N	1344
6455	\N	\N	f	3	\N	1344
6456	\N	\N	f	38	\N	1344
6457	\N	\N	f	2	\N	1345
6458	\N	\N	f	7	\N	1345
6459	\N	\N	f	17	\N	1345
6460	\N	\N	f	18	\N	1345
6461	\N	\N	f	16	\N	1345
6462	\N	\N	f	1	\N	1345
6463	\N	\N	f	3	\N	1345
6464	\N	\N	f	38	\N	1345
6465	\N	\N	f	2	\N	1346
6466	\N	\N	f	7	\N	1346
6467	\N	\N	f	19	\N	1346
6468	\N	\N	f	20	\N	1346
6469	\N	\N	f	21	\N	1346
6470	\N	\N	f	1	\N	1346
6471	\N	\N	f	3	\N	1346
6472	\N	\N	f	38	\N	1346
6473	\N	\N	f	2	\N	1347
6474	\N	\N	f	7	\N	1347
6475	\N	\N	f	23	\N	1347
6476	\N	\N	f	22	\N	1347
6477	\N	\N	f	24	\N	1347
6478	\N	\N	f	1	\N	1347
6479	\N	\N	f	3	\N	1347
6480	\N	\N	f	38	\N	1347
6481	\N	\N	f	2	\N	1348
6482	\N	\N	f	7	\N	1348
6483	\N	\N	f	25	\N	1348
6484	\N	\N	f	28	\N	1348
6485	\N	\N	f	26	\N	1348
6486	\N	\N	f	27	\N	1348
6487	\N	\N	f	1	\N	1348
6488	\N	\N	f	3	\N	1348
6618	\N	\N	f	2	\N	1379
4854	2023-10-04 16:54:31.53264+00	2023-10-04 16:54:35.050919+00	t	38	\N	1042
6619	\N	\N	f	7	\N	1379
6620	\N	\N	f	8	\N	1379
6621	\N	\N	f	1	\N	1379
6622	\N	\N	f	3	\N	1379
6623	\N	\N	f	38	\N	1379
6624	\N	\N	f	6	\N	1380
6625	\N	\N	f	2	\N	1380
6626	\N	\N	f	7	\N	1380
6627	\N	\N	f	1	\N	1380
6628	\N	\N	f	3	\N	1380
6629	\N	\N	f	5	\N	1380
6630	\N	\N	f	4	\N	1380
6631	\N	\N	f	38	\N	1380
6632	2025-03-05 17:04:56.690926+00	2025-03-05 17:04:59.561493+00	t	2	\N	1381
6633	2025-03-05 17:05:03.3717+00	2025-03-05 17:05:10.858153+00	t	7	\N	1381
6635	2025-03-05 17:05:00.647914+00	2025-03-05 17:05:01.360243+00	t	3	\N	1381
6636	2025-03-05 17:03:38.366831+00	2025-03-05 17:03:44.599441+00	t	38	\N	1381
6637	\N	\N	f	9	\N	1382
6638	\N	\N	f	2	\N	1382
6639	\N	\N	f	7	\N	1382
6640	\N	\N	f	10	\N	1382
6641	\N	\N	f	1	\N	1382
6642	\N	\N	f	3	\N	1382
6643	\N	\N	f	38	\N	1382
6644	\N	\N	f	2	\N	1383
6645	\N	\N	f	7	\N	1383
6646	\N	\N	f	11	\N	1383
6647	\N	\N	f	12	\N	1383
6648	\N	\N	f	1	\N	1383
6649	\N	\N	f	3	\N	1383
6650	\N	\N	f	38	\N	1383
6651	\N	\N	f	2	\N	1384
6652	\N	\N	f	7	\N	1384
6653	\N	\N	f	15	\N	1384
6654	\N	\N	f	14	\N	1384
6655	\N	\N	f	13	\N	1384
6656	\N	\N	f	1	\N	1384
6657	\N	\N	f	3	\N	1384
6658	\N	\N	f	38	\N	1384
6659	\N	\N	f	2	\N	1385
6660	\N	\N	f	7	\N	1385
6661	\N	\N	f	17	\N	1385
6662	\N	\N	f	18	\N	1385
6663	\N	\N	f	16	\N	1385
6664	\N	\N	f	1	\N	1385
6665	\N	\N	f	3	\N	1385
6666	\N	\N	f	38	\N	1385
6667	\N	\N	f	2	\N	1386
6668	\N	\N	f	7	\N	1386
6669	\N	\N	f	19	\N	1386
6670	\N	\N	f	20	\N	1386
6671	\N	\N	f	21	\N	1386
6672	\N	\N	f	1	\N	1386
6673	\N	\N	f	3	\N	1386
6674	\N	\N	f	38	\N	1386
6675	\N	\N	f	2	\N	1387
6676	\N	\N	f	7	\N	1387
6677	\N	\N	f	23	\N	1387
6678	\N	\N	f	22	\N	1387
6679	\N	\N	f	24	\N	1387
6680	\N	\N	f	1	\N	1387
6681	\N	\N	f	3	\N	1387
6682	\N	\N	f	38	\N	1387
6683	\N	\N	f	2	\N	1388
6684	\N	\N	f	7	\N	1388
6685	\N	\N	f	25	\N	1388
6686	\N	\N	f	28	\N	1388
6687	\N	\N	f	26	\N	1388
6688	\N	\N	f	27	\N	1388
6689	\N	\N	f	1	\N	1388
6690	\N	\N	f	3	\N	1388
6691	\N	\N	f	38	\N	1388
6692	\N	\N	f	2	\N	1389
6693	\N	\N	f	7	\N	1389
6694	\N	\N	f	30	\N	1389
6695	\N	\N	f	1	\N	1389
6696	\N	\N	f	3	\N	1389
6697	\N	\N	f	38	\N	1389
6698	\N	\N	f	29	\N	1389
6699	\N	\N	f	2	\N	1390
6700	\N	\N	f	7	\N	1390
6701	\N	\N	f	1	\N	1390
6702	\N	\N	f	3	\N	1390
6703	\N	\N	f	38	\N	1390
6704	\N	\N	f	2	\N	1391
6705	\N	\N	f	7	\N	1391
6706	\N	\N	f	1	\N	1391
6707	\N	\N	f	3	\N	1391
6708	\N	\N	f	38	\N	1391
6709	\N	\N	f	2	\N	1392
6710	\N	\N	f	7	\N	1392
6711	\N	\N	f	1	\N	1392
6712	\N	\N	f	3	\N	1392
6713	\N	\N	f	38	\N	1392
7015	\N	\N	f	38	\N	1441
7016	\N	\N	f	2	\N	1442
7017	\N	\N	f	7	\N	1442
7018	\N	\N	f	23	\N	1442
7019	\N	\N	f	22	\N	1442
7020	\N	\N	f	24	\N	1442
7021	\N	\N	f	1	\N	1442
7022	\N	\N	f	3	\N	1442
7023	\N	\N	f	38	\N	1442
6508	\N	\N	f	7	\N	1352
7024	\N	\N	f	2	\N	1443
7025	\N	\N	f	7	\N	1443
6489	\N	\N	f	38	\N	1348
6490	\N	\N	f	2	\N	1349
6491	\N	\N	f	7	\N	1349
6492	\N	\N	f	30	\N	1349
6493	\N	\N	f	1	\N	1349
6494	\N	\N	f	3	\N	1349
6495	\N	\N	f	38	\N	1349
6496	\N	\N	f	29	\N	1349
6497	\N	\N	f	2	\N	1350
6498	\N	\N	f	7	\N	1350
6499	\N	\N	f	1	\N	1350
6500	\N	\N	f	3	\N	1350
6501	\N	\N	f	38	\N	1350
6502	\N	\N	f	2	\N	1351
6503	\N	\N	f	7	\N	1351
6504	\N	\N	f	1	\N	1351
6505	\N	\N	f	3	\N	1351
6506	\N	\N	f	38	\N	1351
6507	\N	\N	f	2	\N	1352
6509	\N	\N	f	1	\N	1352
6510	\N	\N	f	3	\N	1352
6511	\N	\N	f	38	\N	1352
7026	\N	\N	f	25	\N	1443
7027	\N	\N	f	28	\N	1443
7028	\N	\N	f	26	\N	1443
7029	\N	\N	f	27	\N	1443
7030	\N	\N	f	1	\N	1443
7031	\N	\N	f	3	\N	1443
7032	\N	\N	f	38	\N	1443
7033	\N	\N	f	2	\N	1444
7034	\N	\N	f	7	\N	1444
7035	\N	\N	f	30	\N	1444
7036	\N	\N	f	1	\N	1444
7037	\N	\N	f	3	\N	1444
7038	\N	\N	f	38	\N	1444
7039	\N	\N	f	29	\N	1444
7040	\N	\N	f	2	\N	1445
7041	\N	\N	f	7	\N	1445
7042	\N	\N	f	1	\N	1445
7043	\N	\N	f	3	\N	1445
7044	\N	\N	f	38	\N	1445
7045	\N	\N	f	2	\N	1446
7046	\N	\N	f	7	\N	1446
7047	\N	\N	f	1	\N	1446
7048	\N	\N	f	3	\N	1446
7049	\N	\N	f	38	\N	1446
7050	\N	\N	f	2	\N	1447
7051	\N	\N	f	7	\N	1447
7052	\N	\N	f	1	\N	1447
7053	\N	\N	f	3	\N	1447
7054	\N	\N	f	38	\N	1447
5407	\N	\N	f	\N	13	1139
5406	\N	\N	f	\N	12	1139
5408	\N	\N	f	\N	10	1139
5409	\N	\N	f	\N	11	1139
5410	\N	\N	f	\N	9	1140
5411	\N	\N	f	\N	8	1140
5412	\N	\N	f	\N	6	1140
5413	\N	\N	f	\N	7	1140
5414	\N	\N	f	\N	19	1141
5415	\N	\N	f	\N	20	1141
5416	\N	\N	f	\N	21	1141
5417	\N	\N	f	\N	18	1141
5418	\N	\N	f	\N	41	1142
5419	\N	\N	f	\N	40	1142
5420	\N	\N	f	\N	38	1142
5421	\N	\N	f	\N	39	1142
5422	\N	\N	f	\N	42	1143
5423	\N	\N	f	\N	43	1143
5424	\N	\N	f	\N	51	1143
5425	\N	\N	f	\N	44	1143
5426	\N	\N	f	\N	46	1144
5427	\N	\N	f	\N	52	1144
5428	\N	\N	f	\N	45	1144
5429	\N	\N	f	\N	47	1144
5430	\N	\N	f	\N	53	1145
5431	\N	\N	f	\N	48	1145
5432	\N	\N	f	\N	49	1145
5433	\N	\N	f	\N	50	1145
5434	\N	\N	f	\N	17	1146
5435	\N	\N	f	\N	16	1146
5436	\N	\N	f	\N	14	1146
5437	\N	\N	f	\N	15	1146
5438	\N	\N	f	\N	26	1147
5439	\N	\N	f	\N	29	1147
5440	\N	\N	f	\N	28	1147
5441	\N	\N	f	\N	27	1147
5442	\N	\N	f	\N	34	1148
5443	\N	\N	f	\N	36	1148
5444	\N	\N	f	\N	37	1148
5445	\N	\N	f	\N	35	1148
5446	\N	\N	f	\N	30	1149
5447	\N	\N	f	\N	32	1149
5448	\N	\N	f	\N	31	1149
5449	\N	\N	f	\N	33	1149
5450	\N	\N	f	\N	22	1150
5451	\N	\N	f	\N	25	1150
5452	\N	\N	f	\N	24	1150
5453	\N	\N	f	\N	23	1150
5454	\N	\N	f	\N	5	1151
5455	\N	\N	f	\N	3	1151
5456	\N	\N	f	\N	4	1151
5457	\N	\N	f	\N	1	1151
5458	\N	\N	f	\N	2	1151
6714	\N	\N	f	2	\N	1393
5459	\N	\N	f	\N	12	1152
5460	\N	\N	f	\N	13	1152
5461	\N	\N	f	\N	10	1152
5462	\N	\N	f	\N	11	1152
5463	\N	\N	f	\N	9	1153
5464	\N	\N	f	\N	8	1153
5465	\N	\N	f	\N	6	1153
5466	\N	\N	f	\N	7	1153
5467	\N	\N	f	\N	19	1154
5468	\N	\N	f	\N	20	1154
5469	\N	\N	f	\N	21	1154
5470	\N	\N	f	\N	18	1154
5471	\N	\N	f	\N	41	1155
5472	\N	\N	f	\N	40	1155
5473	\N	\N	f	\N	38	1155
5474	\N	\N	f	\N	39	1155
5475	\N	\N	f	\N	42	1156
5476	\N	\N	f	\N	43	1156
5477	\N	\N	f	\N	51	1156
5478	\N	\N	f	\N	44	1156
5479	\N	\N	f	\N	46	1157
5480	\N	\N	f	\N	52	1157
5481	\N	\N	f	\N	45	1157
5482	\N	\N	f	\N	47	1157
5483	\N	\N	f	\N	53	1158
5484	\N	\N	f	\N	48	1158
5485	\N	\N	f	\N	49	1158
5486	\N	\N	f	\N	50	1158
5487	\N	\N	f	\N	17	1159
5488	\N	\N	f	\N	16	1159
5489	\N	\N	f	\N	14	1159
5490	\N	\N	f	\N	15	1159
5491	\N	\N	f	\N	26	1160
5492	\N	\N	f	\N	29	1160
5493	\N	\N	f	\N	28	1160
5494	\N	\N	f	\N	27	1160
5495	\N	\N	f	\N	34	1161
5496	\N	\N	f	\N	36	1161
5497	\N	\N	f	\N	37	1161
5498	\N	\N	f	\N	35	1161
5499	\N	\N	f	\N	30	1162
5500	\N	\N	f	\N	32	1162
5501	\N	\N	f	\N	31	1162
5502	\N	\N	f	\N	33	1162
5503	\N	\N	f	\N	22	1163
5504	\N	\N	f	\N	25	1163
5505	\N	\N	f	\N	24	1163
5506	\N	\N	f	\N	23	1163
5507	\N	\N	f	\N	5	1164
5508	\N	\N	f	\N	3	1164
5509	\N	\N	f	\N	4	1164
5510	\N	\N	f	\N	1	1164
5511	\N	\N	f	\N	2	1164
6715	\N	\N	f	7	\N	1393
6716	\N	\N	f	8	\N	1393
6717	\N	\N	f	1	\N	1393
6718	\N	\N	f	3	\N	1393
6719	\N	\N	f	38	\N	1393
6720	\N	\N	f	6	\N	1394
6721	\N	\N	f	2	\N	1394
6722	\N	\N	f	7	\N	1394
6723	\N	\N	f	1	\N	1394
6724	\N	\N	f	3	\N	1394
6725	\N	\N	f	5	\N	1394
6726	\N	\N	f	4	\N	1394
6727	\N	\N	f	38	\N	1394
6728	\N	\N	f	2	\N	1395
6729	\N	\N	f	7	\N	1395
6730	\N	\N	f	1	\N	1395
6731	\N	\N	f	3	\N	1395
6733	\N	\N	f	9	\N	1396
6734	\N	\N	f	2	\N	1396
6735	\N	\N	f	7	\N	1396
6736	\N	\N	f	10	\N	1396
6737	\N	\N	f	1	\N	1396
6738	\N	\N	f	3	\N	1396
6739	\N	\N	f	38	\N	1396
6740	\N	\N	f	2	\N	1397
6741	\N	\N	f	7	\N	1397
6742	\N	\N	f	11	\N	1397
6743	\N	\N	f	12	\N	1397
6744	\N	\N	f	1	\N	1397
6745	\N	\N	f	3	\N	1397
6746	\N	\N	f	38	\N	1397
6747	\N	\N	f	2	\N	1398
6748	\N	\N	f	7	\N	1398
6749	\N	\N	f	15	\N	1398
6750	\N	\N	f	14	\N	1398
6751	\N	\N	f	13	\N	1398
6732	2024-10-11 14:56:39.620575+00	\N	f	38	\N	1395
6752	\N	\N	f	1	\N	1398
6753	\N	\N	f	3	\N	1398
6754	\N	\N	f	38	\N	1398
6755	\N	\N	f	2	\N	1399
6756	\N	\N	f	7	\N	1399
6757	\N	\N	f	17	\N	1399
6758	\N	\N	f	18	\N	1399
6759	\N	\N	f	16	\N	1399
6760	\N	\N	f	1	\N	1399
6761	\N	\N	f	3	\N	1399
6762	\N	\N	f	38	\N	1399
6763	\N	\N	f	2	\N	1400
6764	\N	\N	f	7	\N	1400
6765	\N	\N	f	19	\N	1400
6766	\N	\N	f	20	\N	1400
6767	\N	\N	f	21	\N	1400
6768	\N	\N	f	1	\N	1400
6769	\N	\N	f	3	\N	1400
6770	\N	\N	f	38	\N	1400
6771	\N	\N	f	2	\N	1401
6772	\N	\N	f	7	\N	1401
6773	\N	\N	f	23	\N	1401
6774	\N	\N	f	22	\N	1401
6775	\N	\N	f	24	\N	1401
6776	\N	\N	f	1	\N	1401
6777	\N	\N	f	3	\N	1401
6778	\N	\N	f	38	\N	1401
6779	\N	\N	f	2	\N	1402
6780	\N	\N	f	7	\N	1402
6781	\N	\N	f	25	\N	1402
6782	\N	\N	f	28	\N	1402
6783	\N	\N	f	26	\N	1402
6784	\N	\N	f	27	\N	1402
6785	\N	\N	f	1	\N	1402
6786	\N	\N	f	3	\N	1402
6787	\N	\N	f	38	\N	1402
6788	\N	\N	f	2	\N	1403
6789	\N	\N	f	7	\N	1403
6790	\N	\N	f	30	\N	1403
6791	\N	\N	f	1	\N	1403
6792	\N	\N	f	3	\N	1403
6793	\N	\N	f	38	\N	1403
6794	\N	\N	f	29	\N	1403
6795	\N	\N	f	2	\N	1404
6796	\N	\N	f	7	\N	1404
6797	\N	\N	f	1	\N	1404
6798	\N	\N	f	3	\N	1404
6799	\N	\N	f	38	\N	1404
6800	\N	\N	f	2	\N	1405
6801	\N	\N	f	7	\N	1405
6802	\N	\N	f	1	\N	1405
6803	\N	\N	f	3	\N	1405
6804	\N	\N	f	38	\N	1405
6805	\N	\N	f	2	\N	1406
6806	\N	\N	f	7	\N	1406
6807	\N	\N	f	1	\N	1406
6808	\N	\N	f	3	\N	1406
6809	\N	\N	f	38	\N	1406
6634	2025-03-05 17:04:49.375294+00	2025-03-05 17:04:53.693162+00	t	1	\N	1381
7302	\N	\N	f	8	\N	1489
7303	\N	\N	f	1	\N	1489
7304	\N	\N	f	3	\N	1489
7305	\N	\N	f	38	\N	1489
7306	\N	\N	f	6	\N	1490
7307	\N	\N	f	2	\N	1490
7308	\N	\N	f	7	\N	1490
7309	\N	\N	f	1	\N	1490
7310	\N	\N	f	3	\N	1490
7311	\N	\N	f	5	\N	1490
7312	\N	\N	f	4	\N	1490
7313	\N	\N	f	38	\N	1490
7314	\N	\N	f	2	\N	1491
7315	\N	\N	f	7	\N	1491
7316	\N	\N	f	1	\N	1491
7317	\N	\N	f	3	\N	1491
7318	\N	\N	f	38	\N	1491
7319	\N	\N	f	9	\N	1492
7320	\N	\N	f	2	\N	1492
7321	\N	\N	f	7	\N	1492
7322	\N	\N	f	10	\N	1492
7300	\N	\N	f	2	\N	1489
7301	\N	\N	f	7	\N	1489
7323	\N	\N	f	1	\N	1492
7324	\N	\N	f	3	\N	1492
7325	\N	\N	f	38	\N	1492
7326	\N	\N	f	2	\N	1493
7327	\N	\N	f	7	\N	1493
7328	\N	\N	f	11	\N	1493
7329	\N	\N	f	12	\N	1493
7330	\N	\N	f	1	\N	1493
7331	\N	\N	f	3	\N	1493
7332	\N	\N	f	38	\N	1493
7333	\N	\N	f	2	\N	1494
7334	\N	\N	f	7	\N	1494
7335	\N	\N	f	15	\N	1494
7336	\N	\N	f	14	\N	1494
7337	\N	\N	f	13	\N	1494
7338	\N	\N	f	1	\N	1494
7339	\N	\N	f	3	\N	1494
7340	\N	\N	f	38	\N	1494
7341	\N	\N	f	2	\N	1495
7342	\N	\N	f	7	\N	1495
7343	\N	\N	f	17	\N	1495
7344	\N	\N	f	18	\N	1495
7345	\N	\N	f	16	\N	1495
7346	\N	\N	f	1	\N	1495
7347	\N	\N	f	3	\N	1495
7348	\N	\N	f	38	\N	1495
7349	\N	\N	f	2	\N	1496
7350	\N	\N	f	7	\N	1496
7351	\N	\N	f	19	\N	1496
7352	\N	\N	f	20	\N	1496
7353	\N	\N	f	21	\N	1496
7354	\N	\N	f	1	\N	1496
7355	\N	\N	f	3	\N	1496
7356	\N	\N	f	38	\N	1496
7357	\N	\N	f	2	\N	1497
7358	\N	\N	f	7	\N	1497
7359	\N	\N	f	23	\N	1497
7360	\N	\N	f	22	\N	1497
7361	\N	\N	f	24	\N	1497
7362	\N	\N	f	1	\N	1497
7363	\N	\N	f	3	\N	1497
7063	\N	\N	f	\N	19	1450
6811	\N	\N	f	7	\N	1407
6812	\N	\N	f	8	\N	1407
6813	2024-10-18 13:08:27.413249+00	2024-10-18 13:09:41.897001+00	t	1	\N	1407
6814	\N	\N	f	3	\N	1407
6810	2024-10-18 13:10:14.859016+00	\N	f	2	\N	1407
6816	\N	\N	f	6	\N	1408
6817	\N	\N	f	2	\N	1408
6818	\N	\N	f	7	\N	1408
6819	\N	\N	f	1	\N	1408
6820	\N	\N	f	3	\N	1408
6821	\N	\N	f	5	\N	1408
6822	\N	\N	f	4	\N	1408
6823	\N	\N	f	38	\N	1408
7055	\N	\N	f	\N	12	1448
7056	\N	\N	f	\N	13	1448
6829	\N	\N	f	9	\N	1410
6830	\N	\N	f	2	\N	1410
6831	\N	\N	f	7	\N	1410
6832	\N	\N	f	10	\N	1410
6833	\N	\N	f	1	\N	1410
6834	\N	\N	f	3	\N	1410
6835	\N	\N	f	38	\N	1410
6836	\N	\N	f	2	\N	1411
6837	\N	\N	f	7	\N	1411
6838	\N	\N	f	11	\N	1411
6839	\N	\N	f	12	\N	1411
6840	\N	\N	f	1	\N	1411
6841	\N	\N	f	3	\N	1411
6842	\N	\N	f	38	\N	1411
6843	\N	\N	f	2	\N	1412
6844	\N	\N	f	7	\N	1412
6845	\N	\N	f	15	\N	1412
6846	\N	\N	f	14	\N	1412
6847	\N	\N	f	13	\N	1412
6848	\N	\N	f	1	\N	1412
6849	\N	\N	f	3	\N	1412
6850	\N	\N	f	38	\N	1412
6851	\N	\N	f	2	\N	1413
6852	\N	\N	f	7	\N	1413
6853	\N	\N	f	17	\N	1413
6854	\N	\N	f	18	\N	1413
6855	\N	\N	f	16	\N	1413
6856	\N	\N	f	1	\N	1413
6857	\N	\N	f	3	\N	1413
6858	\N	\N	f	38	\N	1413
6859	\N	\N	f	2	\N	1414
6860	\N	\N	f	7	\N	1414
6861	\N	\N	f	19	\N	1414
6862	\N	\N	f	20	\N	1414
6863	\N	\N	f	21	\N	1414
6864	\N	\N	f	1	\N	1414
6865	\N	\N	f	3	\N	1414
6866	\N	\N	f	38	\N	1414
6867	\N	\N	f	2	\N	1415
6868	\N	\N	f	7	\N	1415
6869	\N	\N	f	23	\N	1415
6870	\N	\N	f	22	\N	1415
6871	\N	\N	f	24	\N	1415
6872	\N	\N	f	1	\N	1415
6873	\N	\N	f	3	\N	1415
6874	\N	\N	f	38	\N	1415
6875	\N	\N	f	2	\N	1416
6876	\N	\N	f	7	\N	1416
6877	\N	\N	f	25	\N	1416
6878	\N	\N	f	28	\N	1416
6879	\N	\N	f	26	\N	1416
6880	\N	\N	f	27	\N	1416
6881	\N	\N	f	1	\N	1416
6882	\N	\N	f	3	\N	1416
6883	\N	\N	f	38	\N	1416
6884	\N	\N	f	2	\N	1417
6885	\N	\N	f	7	\N	1417
6886	\N	\N	f	30	\N	1417
6887	\N	\N	f	1	\N	1417
6888	\N	\N	f	3	\N	1417
6889	\N	\N	f	38	\N	1417
6890	\N	\N	f	29	\N	1417
6891	\N	\N	f	2	\N	1418
6892	\N	\N	f	7	\N	1418
6893	\N	\N	f	1	\N	1418
6894	\N	\N	f	3	\N	1418
6895	\N	\N	f	38	\N	1418
6896	\N	\N	f	2	\N	1419
6897	\N	\N	f	7	\N	1419
6898	\N	\N	f	1	\N	1419
6899	\N	\N	f	3	\N	1419
6900	\N	\N	f	38	\N	1419
6901	\N	\N	f	2	\N	1420
6902	\N	\N	f	7	\N	1420
6903	\N	\N	f	1	\N	1420
6904	\N	\N	f	3	\N	1420
6905	\N	\N	f	38	\N	1420
7057	\N	\N	f	\N	10	1448
6828	2024-10-18 13:07:32.14588+00	2024-10-18 13:07:33.325575+00	t	38	\N	1409
6826	2024-10-18 13:07:34.536728+00	2024-10-18 13:07:35.915126+00	t	1	\N	1409
7058	\N	\N	f	\N	11	1448
6824	2024-10-18 13:07:39.224455+00	2024-10-18 13:07:40.30227+00	t	2	\N	1409
6827	2024-10-18 13:07:41.733312+00	2024-10-18 13:07:42.729405+00	t	3	\N	1409
7059	\N	\N	f	\N	9	1449
6825	2024-10-18 13:07:44.36602+00	2024-10-18 13:07:45.877263+00	t	7	\N	1409
6815	2024-10-18 13:08:13.681862+00	2024-10-18 13:08:17.422297+00	t	38	\N	1407
7060	\N	\N	f	\N	8	1449
7061	\N	\N	f	\N	6	1449
7062	\N	\N	f	\N	7	1449
7064	\N	\N	f	\N	20	1450
7065	\N	\N	f	\N	21	1450
7066	\N	\N	f	\N	18	1450
7067	\N	\N	f	\N	41	1451
7068	\N	\N	f	\N	40	1451
7069	\N	\N	f	\N	38	1451
7070	\N	\N	f	\N	39	1451
7071	\N	\N	f	\N	42	1452
7072	\N	\N	f	\N	43	1452
7073	\N	\N	f	\N	51	1452
7074	\N	\N	f	\N	44	1452
7075	\N	\N	f	\N	46	1453
7076	\N	\N	f	\N	52	1453
7077	\N	\N	f	\N	45	1453
7078	\N	\N	f	\N	47	1453
7079	\N	\N	f	\N	53	1454
7080	\N	\N	f	\N	48	1454
7081	\N	\N	f	\N	49	1454
7082	\N	\N	f	\N	50	1454
5828	2024-06-03 13:27:44.600205+00	2024-06-27 15:43:06.565284+00	t	38	\N	1221
6906	\N	\N	f	\N	12	1421
6907	\N	\N	f	\N	13	1421
6908	\N	\N	f	\N	10	1421
6909	\N	\N	f	\N	11	1421
6910	\N	\N	f	\N	9	1422
6911	\N	\N	f	\N	8	1422
6912	\N	\N	f	\N	6	1422
6913	\N	\N	f	\N	7	1422
6914	\N	\N	f	\N	19	1423
5810	\N	\N	f	2	\N	1219
5811	\N	\N	f	7	\N	1219
5812	\N	\N	f	8	\N	1219
5813	\N	\N	f	1	\N	1219
5814	\N	\N	f	3	\N	1219
5815	\N	\N	f	38	\N	1219
5816	\N	\N	f	6	\N	1220
5817	\N	\N	f	2	\N	1220
5818	\N	\N	f	7	\N	1220
5819	\N	\N	f	1	\N	1220
5820	\N	\N	f	3	\N	1220
5821	\N	\N	f	5	\N	1220
5822	\N	\N	f	4	\N	1220
5823	\N	\N	f	38	\N	1220
5824	\N	\N	f	2	\N	1221
5825	\N	\N	f	7	\N	1221
5827	\N	\N	f	3	\N	1221
6915	\N	\N	f	\N	20	1423
5829	\N	\N	f	9	\N	1222
5830	\N	\N	f	2	\N	1222
5831	\N	\N	f	7	\N	1222
5832	\N	\N	f	10	\N	1222
5833	\N	\N	f	1	\N	1222
5834	\N	\N	f	3	\N	1222
5835	\N	\N	f	38	\N	1222
5836	\N	\N	f	2	\N	1223
5837	\N	\N	f	7	\N	1223
5838	\N	\N	f	11	\N	1223
5839	\N	\N	f	12	\N	1223
5840	\N	\N	f	1	\N	1223
5841	\N	\N	f	3	\N	1223
5842	\N	\N	f	38	\N	1223
5843	\N	\N	f	2	\N	1224
5844	\N	\N	f	7	\N	1224
5845	\N	\N	f	15	\N	1224
5846	\N	\N	f	14	\N	1224
5847	\N	\N	f	13	\N	1224
5848	\N	\N	f	1	\N	1224
5849	\N	\N	f	3	\N	1224
5850	\N	\N	f	38	\N	1224
5851	\N	\N	f	2	\N	1225
5852	\N	\N	f	7	\N	1225
5853	\N	\N	f	17	\N	1225
5854	\N	\N	f	18	\N	1225
5855	\N	\N	f	16	\N	1225
5856	\N	\N	f	1	\N	1225
5857	\N	\N	f	3	\N	1225
5858	\N	\N	f	38	\N	1225
5859	\N	\N	f	2	\N	1226
5860	\N	\N	f	7	\N	1226
5861	\N	\N	f	19	\N	1226
5862	\N	\N	f	20	\N	1226
5863	\N	\N	f	21	\N	1226
5864	\N	\N	f	1	\N	1226
5865	\N	\N	f	3	\N	1226
5866	\N	\N	f	38	\N	1226
5867	\N	\N	f	2	\N	1227
5868	\N	\N	f	7	\N	1227
5869	\N	\N	f	23	\N	1227
5870	\N	\N	f	22	\N	1227
5871	\N	\N	f	24	\N	1227
5872	\N	\N	f	1	\N	1227
5873	\N	\N	f	3	\N	1227
5874	\N	\N	f	38	\N	1227
5875	\N	\N	f	2	\N	1228
5876	\N	\N	f	7	\N	1228
5877	\N	\N	f	25	\N	1228
5878	\N	\N	f	28	\N	1228
5879	\N	\N	f	26	\N	1228
5880	\N	\N	f	27	\N	1228
5881	\N	\N	f	1	\N	1228
5882	\N	\N	f	3	\N	1228
5883	\N	\N	f	38	\N	1228
5884	\N	\N	f	2	\N	1229
5885	\N	\N	f	7	\N	1229
5886	\N	\N	f	30	\N	1229
5887	\N	\N	f	1	\N	1229
5888	\N	\N	f	3	\N	1229
5889	\N	\N	f	38	\N	1229
5890	\N	\N	f	29	\N	1229
5891	\N	\N	f	2	\N	1230
5892	\N	\N	f	7	\N	1230
5893	\N	\N	f	1	\N	1230
5894	\N	\N	f	3	\N	1230
5895	\N	\N	f	38	\N	1230
5896	\N	\N	f	2	\N	1231
5897	\N	\N	f	7	\N	1231
5898	\N	\N	f	1	\N	1231
5899	\N	\N	f	3	\N	1231
5900	\N	\N	f	38	\N	1231
5901	\N	\N	f	2	\N	1232
5902	\N	\N	f	7	\N	1232
5903	\N	\N	f	1	\N	1232
5904	\N	\N	f	3	\N	1232
5905	\N	\N	f	38	\N	1232
6916	\N	\N	f	\N	21	1423
6917	\N	\N	f	\N	18	1423
6918	\N	\N	f	\N	41	1424
6919	\N	\N	f	\N	40	1424
6920	\N	\N	f	\N	38	1424
6921	\N	\N	f	\N	39	1424
6922	\N	\N	f	\N	42	1425
6923	\N	\N	f	\N	43	1425
6924	\N	\N	f	\N	51	1425
6925	\N	\N	f	\N	44	1425
6926	\N	\N	f	\N	46	1426
6927	\N	\N	f	\N	52	1426
6928	\N	\N	f	\N	45	1426
6929	\N	\N	f	\N	47	1426
6930	\N	\N	f	\N	53	1427
6931	\N	\N	f	\N	48	1427
6932	\N	\N	f	\N	49	1427
6933	\N	\N	f	\N	50	1427
6934	\N	\N	f	\N	17	1428
6935	\N	\N	f	\N	16	1428
5826	2024-12-04 19:58:59.127363+00	\N	f	1	\N	1221
6936	\N	\N	f	\N	14	1428
6937	\N	\N	f	\N	15	1428
6938	\N	\N	f	\N	26	1429
6939	\N	\N	f	\N	29	1429
6940	\N	\N	f	\N	28	1429
6941	\N	\N	f	\N	27	1429
6942	\N	\N	f	\N	34	1430
6943	\N	\N	f	\N	36	1430
6944	\N	\N	f	\N	37	1430
6945	\N	\N	f	\N	35	1430
6946	\N	\N	f	\N	30	1431
6947	\N	\N	f	\N	32	1431
6948	\N	\N	f	\N	31	1431
6949	\N	\N	f	\N	33	1431
6950	\N	\N	f	\N	22	1432
6951	\N	\N	f	\N	25	1432
6952	\N	\N	f	\N	24	1432
6953	\N	\N	f	\N	23	1432
6957	2024-10-31 20:22:14.200959+00	2024-10-31 20:22:18.362371+00	t	\N	1	1433
6958	2024-10-31 20:22:22.23365+00	2024-10-31 20:31:38.571927+00	t	\N	2	1433
6955	2024-10-31 20:31:39.837065+00	2024-10-31 20:31:41.661203+00	t	\N	3	1433
6956	2024-10-31 20:38:04.401501+00	2024-10-31 20:38:05.642978+00	t	\N	4	1433
6954	2024-10-31 20:38:07.709257+00	2024-10-31 20:38:08.656919+00	t	\N	5	1433
7083	\N	\N	f	\N	17	1455
7084	\N	\N	f	\N	16	1455
7085	\N	\N	f	\N	14	1455
7086	\N	\N	f	\N	15	1455
7087	\N	\N	f	\N	26	1456
7088	\N	\N	f	\N	29	1456
7089	\N	\N	f	\N	28	1456
7090	\N	\N	f	\N	27	1456
7091	\N	\N	f	\N	34	1457
7092	\N	\N	f	\N	36	1457
7093	\N	\N	f	\N	37	1457
7094	\N	\N	f	\N	35	1457
7095	\N	\N	f	\N	30	1458
7096	\N	\N	f	\N	32	1458
7097	\N	\N	f	\N	31	1458
7098	\N	\N	f	\N	33	1458
7099	\N	\N	f	\N	22	1459
7100	\N	\N	f	\N	25	1459
7101	\N	\N	f	\N	24	1459
7102	\N	\N	f	\N	23	1459
7103	\N	\N	f	\N	5	1460
7104	\N	\N	f	\N	3	1460
7105	\N	\N	f	\N	4	1460
7106	\N	\N	f	\N	1	1460
7107	\N	\N	f	\N	2	1460
4665	2024-10-18 13:05:37.581969+00	2024-10-18 13:05:42.957534+00	t	1	\N	1010
6055	\N	\N	f	\N	12	1260
6056	\N	\N	f	\N	13	1260
6057	\N	\N	f	\N	10	1260
6058	\N	\N	f	\N	11	1260
6059	\N	\N	f	\N	9	1261
6060	\N	\N	f	\N	8	1261
6061	\N	\N	f	\N	6	1261
6062	\N	\N	f	\N	7	1261
6063	\N	\N	f	\N	19	1262
6064	\N	\N	f	\N	20	1262
6065	\N	\N	f	\N	21	1262
6066	\N	\N	f	\N	18	1262
6067	\N	\N	f	\N	41	1263
6068	\N	\N	f	\N	40	1263
6069	\N	\N	f	\N	38	1263
6070	\N	\N	f	\N	39	1263
6071	\N	\N	f	\N	42	1264
6072	\N	\N	f	\N	43	1264
6073	\N	\N	f	\N	51	1264
6074	\N	\N	f	\N	44	1264
6075	\N	\N	f	\N	46	1265
6076	\N	\N	f	\N	52	1265
6077	\N	\N	f	\N	45	1265
6078	\N	\N	f	\N	47	1265
6079	\N	\N	f	\N	53	1266
6080	\N	\N	f	\N	48	1266
6081	\N	\N	f	\N	49	1266
6082	\N	\N	f	\N	50	1266
6083	\N	\N	f	\N	17	1267
6084	\N	\N	f	\N	16	1267
6085	\N	\N	f	\N	14	1267
6086	\N	\N	f	\N	15	1267
6087	\N	\N	f	\N	26	1268
6088	\N	\N	f	\N	29	1268
6089	\N	\N	f	\N	28	1268
6090	\N	\N	f	\N	27	1268
6091	\N	\N	f	\N	34	1269
6092	\N	\N	f	\N	36	1269
6093	\N	\N	f	\N	37	1269
6094	\N	\N	f	\N	35	1269
6095	\N	\N	f	\N	30	1270
6096	\N	\N	f	\N	32	1270
6097	\N	\N	f	\N	31	1270
6098	\N	\N	f	\N	33	1270
6099	\N	\N	f	\N	22	1271
6100	\N	\N	f	\N	25	1271
6101	\N	\N	f	\N	24	1271
6102	\N	\N	f	\N	23	1271
6103	\N	\N	f	\N	5	1272
6104	\N	\N	f	\N	3	1272
6105	\N	\N	f	\N	4	1272
6106	\N	\N	f	\N	1	1272
6107	\N	\N	f	\N	2	1272
7364	\N	\N	f	38	\N	1497
7365	\N	\N	f	2	\N	1498
7366	\N	\N	f	7	\N	1498
7367	\N	\N	f	25	\N	1498
7368	\N	\N	f	28	\N	1498
7369	\N	\N	f	26	\N	1498
7370	\N	\N	f	27	\N	1498
7371	\N	\N	f	1	\N	1498
7372	\N	\N	f	3	\N	1498
7373	\N	\N	f	38	\N	1498
7374	\N	\N	f	2	\N	1499
7375	\N	\N	f	7	\N	1499
7376	\N	\N	f	30	\N	1499
7377	\N	\N	f	1	\N	1499
7378	\N	\N	f	3	\N	1499
7379	\N	\N	f	38	\N	1499
7380	\N	\N	f	29	\N	1499
7381	\N	\N	f	2	\N	1500
7382	\N	\N	f	7	\N	1500
7383	\N	\N	f	1	\N	1500
7384	\N	\N	f	3	\N	1500
7385	\N	\N	f	38	\N	1500
7386	\N	\N	f	2	\N	1501
7387	\N	\N	f	7	\N	1501
7388	\N	\N	f	1	\N	1501
7389	\N	\N	f	3	\N	1501
7390	\N	\N	f	38	\N	1501
7391	\N	\N	f	2	\N	1502
7392	\N	\N	f	7	\N	1502
7393	\N	\N	f	1	\N	1502
7394	\N	\N	f	3	\N	1502
7395	\N	\N	f	38	\N	1502
\.


--
-- Data for Name: diario_participante; Type: TABLE DATA; Schema: public; Owner: leda
--

COPY public.diario_participante (id, sexo, nascimento, data_entrada, nacionalidade, localizacao, escolaridade, residencia, "situacaoLaboral", "profissaoPrincipal", "situacaoEconomica", "estadoCivil", "agregadoFamiliar", "temFilhos", "nrFilhos", "autoAvaliacaoEstadoSaude", nivel_gds, avaliador_id, info_sensivel_id, referenciacao_id, user_id, "dadosCuidador", comorbilidades, "diagnosticoPrincipal") FROM stdin;
109	Masculino	1958-01-01	2023-10-03 16:20:12.192569+00	Portuguesa	Almancil	1-4	Urbana	Reformado(a)	Construo Civil e Agricultura	Satisfatria	Divorciado(a) ou separado(a)	Vive com terceiros	f	2	Bom	1	167	176	10	215	Participante		Alzheimer
117	Feminino	1953-01-29	2023-10-04 11:02:03.500877+00	Portuguesa	Almancil	1-4	Urbana	Reformado(a)	Escritorria	Satisfatria	Solteiro(a)	Vive com terceiros	f	2	Bom	1	167	184	10	223	Participante		Alzheimer
97	Masculino	1970-12-20	2023-09-23 14:41:04.333506+00	Portuguesa	Faro	5-10	Urbana	Reformado(a)	Carpinteiro	Satisfatria	Solteiro(a)	Vive com os pais	f	0	Bom	1	167	158	10	185	Participante		Alzheimer
142	Masculino	1967-04-28	2023-10-20 14:59:49.921724+00			1-4	Urbana	Reformado(a)		Satisfatria	Solteiro(a)	Vive sozinho(a)	f	0	Nem mau nem bom	1	255	215	4	260	Participante		Alzheimer
144	Masculino	1960-12-04	2023-10-20 15:26:44.883521+00			1-4	Urbana	Reformado(a)		Satisfatria	Solteiro(a)	Vive sozinho(a)	f	0	Nem mau nem bom	1	255	217	4	262	Participante		Alzheimer
83	Masculino	1968-03-17	2023-09-22 10:29:14.244483+00	Portuguesa	Faro	5-10	Urbana	Desempregado(a)	Carpinteiria 	Nada satisfatria	Casado(a) ou a viver como tal	Vive com o cnjuge e terceiros	f	2	Nem mau nem bom	1	167	142	10	168	Participante		Alzheimer
136	Feminino	1935-09-10	2023-10-12 10:48:40.811295+00	Colombiana	Miraflores	1-4	Urbana	Reformado(a)	Servios Estrangeiros	Satisfatria	Solteiro(a)	Vive sozinho(a)	f	0	Nem mau nem bom	1	246	205	5	247	Participante		Alzheimer
99	Masculino	1961-12-08	2023-09-23 14:47:36.159255+00	Portuguesa	Faro	5-10	Urbana	Reformado(a)	-	Satisfatria	Solteiro(a)	Vive com os pais	f	0	Nem mau nem bom	1	167	160	10	192	Participante	teste	Nada (hiperatividade)
154	Masculino	1969-08-04	2023-11-29 01:58:04.748861+00			1-4	Urbana	Reformado(a)		Satisfatria	Solteiro(a)	Vive sozinho(a)	f	0	Nem mau nem bom	1	255	233	4	287	Participante		Alzheimer
121	Feminino	1954-05-28	2023-10-04 11:17:21.670777+00	Portuguesa	Almancil	1-4	Urbana	Reformado(a)	Fabrica e Hotel	Satisfatria	Solteiro(a)	Vive com terceiros	f	0	Mau	1	167	188	10	227	Participante		Alzheimer
119	Masculino	1941-12-19	2023-10-04 11:13:14.864663+00	Portuguesa	Almancil	11+	Urbana	Reformado(a)	Finanas	Satisfatria	Solteiro(a)	Vive com terceiros	f	0	Nem mau nem bom	1	167	186	10	225	Participante		Alzheimer
148	Masculino	1998-12-28	2023-11-24 12:06:51.371012+00	Portugues	Lisboa	1-4	Urbana	Reformado(a)		Satisfatria	Solteiro(a)	Vive com terceiros	f	4	Nem mau nem bom	1	246	223	5	277	Participante		Alzheimer
101	Feminino	1973-05-16	2023-09-23 15:00:12.100528+00	Lisboa	Lisboa	1-4	Urbana	Reformado(a)	\N	Satisfatria	Solteiro(a)	Vive sozinho(a)	f	4	Nem mau nem bom	1	167	162	10	194	Participante		Alzheimer
123	Masculino	1973-10-16	2023-10-04 11:22:22.375247+00	Portuguesa	Faro	11+	Urbana	Reformado(a)	Publicidade	Satisfatria	Solteiro(a)	Vive com os pais	f	0	Nem mau nem bom	1	167	190	10	229	Participante		Alzheimer
140	Feminino	1950-04-23	2023-10-14 15:01:18.583879+00	Pt	None	1-4	Urbana	Reformado(a)	\N	Satisfatria	Solteiro(a)	Vive sozinho(a)	f	0	Nem mau nem bom	1	246	209	4	252	Participante		Alzheimer
131	Masculino	2023-07-14	2023-10-04 15:04:50.999896+00	\N	\N	1-4	Urbana	Reformado(a)	\N	Satisfatria	Solteiro(a)	Vive sozinho(a)	f	0	Nem mau nem bom	1	167	198	\N	237	Participante		Alzheimer
127	Feminino	2023-07-14	2023-10-04 14:46:16.361973+00	\N	\N	1-4	Urbana	Reformado(a)	\N	Satisfatria	Solteiro(a)	Vive sozinho(a)	f	0	Nem mau nem bom	1	167	194	\N	233	Participante		Alzheimer
95	Feminino	1979-01-24	2023-09-23 14:29:37.545848+00	Portuguesa	Lisboa	5-10	Urbana	Reformado(a)	\N	Satisfatria	Solteiro(a)	Vive sozinho(a)	f	0	Nem mau nem bom	1	167	156	10	183	Participante		Alzheimer
115	Masculino	1954-03-01	2023-10-04 10:56:12.795664+00	Portuguesa	Almancil	1-4	Urbana	Reformado(a)	\N	Satisfatria	Solteiro(a)	Vive sozinho(a)	f	0	Nem mau nem bom	1	167	182	10	221	Participante		Alzheimer
111	Masculino	1955-11-10	2023-10-04 10:38:38.795777+00	\N	\N	1-4	Urbana	Reformado(a)	\N	Satisfatria	Solteiro(a)	Vive sozinho(a)	f	0	Nem mau nem bom	1	167	178	10	217	Participante		Alzheimer
107	Masculino	1949-01-01	2023-10-03 16:15:25.378046+00	\N	\N	1-4	Urbana	Reformado(a)	\N	Satisfatria	Solteiro(a)	Vive sozinho(a)	f	0	Nem mau nem bom	1	167	174	10	213	Participante		Alzheimer
105	Feminino	1959-05-31	2023-10-02 15:00:02.442119+00	\N	\N	1-4	Urbana	Reformado(a)	\N	Satisfatria	Solteiro(a)	Vive sozinho(a)	f	0	Nem mau nem bom	1	167	172	\N	203	Participante		Alzheimer
146	Feminino	2023-11-08	2023-11-06 12:28:52.982636+00			1-4	Urbana	Reformado(a)		Satisfatria	Solteiro(a)	Vive sozinho(a)	f	0	Nem mau nem bom	1	246	221	5	275	Participante		Alzheimer
160	Feminino	1984-02-22	2024-03-13 13:56:48.501132+00	Portuguesa	Boliqueime	5-10	Urbana	Desempregado(a)	Motorista 	Satisfatria	Divorciado(a) ou separado(a)	Vive com os filhos	f	1	Nem mau nem bom	1	167	257	10	321	Participante		Alzheimer
103	Feminino	1967-03-24	2023-10-02 14:10:57.197489+00	None	None	1-4	Urbana	Reformado(a)	\N	Satisfatria	Solteiro(a)	Vive sozinho(a)	f	0	Nem mau nem bom	1	167	170	10	201	Participante		Alzheimer
162	Masculino	2003-05-29	2024-03-13 15:14:44.238517+00	Portuguesa	Olho	11+	Urbana	Estudante		Satisfatria	Solteiro(a)	Vive com os pais	f	0	Bom	1	167	259	10	323	Participante		Alzheimer
164	Masculino	2005-11-08	2024-03-13 15:28:28.382187+00	Portuguesa	Albufeira	1-4	Urbana	Estudante		Satisfatria	Solteiro(a)	Vive com os pais	f	0	Bom	1	167	261	10	325	Participante		Alzheimer
89	Masculino	1969-04-11	2023-09-23 09:24:07.127607+00	None	Portugal	5-10	Urbana	Reformado(a)	\N	Satisfatria	Solteiro(a)	Vive sozinho(a)	f	0	Nem mau nem bom	1	167	149	10	175	Participante		Alzheimer
91	Feminino	1976-07-16	2023-09-23 14:17:17.46737+00	Portugal	Lisboeta	1-4	Urbana	Reformado(a)	\N	Satisfatria	Solteiro(a)	Vive sozinho(a)	f	0	Nem mau nem bom	1	167	152	10	179	Participante		Alzheimer
125	Masculino	1967-08-26	2023-10-04 11:28:03.913119+00	Espanhola	Faro	1-4	Urbana	Reformado(a)	construo civil 	Pouco satisfatria	Solteiro(a)	Vive com os pais	f	0	Bom	1	167	192	10	231	Participante		Alzheimer
85	Masculino	1975-05-28	2023-09-22 11:08:57.055827+00	None	yy	1-4	Urbana	Reformado(a)	\N	Satisfatria	Solteiro(a)	Vive com os filhos	f	0	Nem mau nem bom	1	167	145	10	171	Participante	teste	Alzheimer
139	Masculino	1953-07-10	2023-10-14 14:25:08.913621+00	Portuguesa	Lisboa	11+	Urbana	Empregado(a)	Professor	Satisfatria	Vivo(a)	Vive sozinho(a)	f	2	Mau	1	255	208	4	251	Participante		Alzheimer
141	Masculino	1980-04-04	2023-10-19 13:39:25.3852+00			1-4	Urbana	Reformado(a)		Satisfatria	Solteiro(a)	Vive sozinho(a)	f	0	Nem mau nem bom	1	255	214	4	259	Participante		Alzheimer
143	Masculino	1969-05-22	2023-10-20 15:13:21.805293+00			1-4	Urbana	Reformado(a)		Satisfatria	Solteiro(a)	Vive sozinho(a)	f	0	Nem mau nem bom	1	255	216	4	261	Participante		Alzheimer
96	Masculino	1977-10-09	2023-09-23 14:35:43.017137+00	\N	\N	1-4	Urbana	Reformado(a)	\N	Satisfatria	Solteiro(a)	Vive sozinho(a)	f	0	Nem mau nem bom	1	167	157	10	184	Participante		Alzheimer
94	Masculino	1976-08-04	2023-09-23 14:28:08.009584+00	\N	\N	1-4	Urbana	Reformado(a)	\N	Satisfatria	Solteiro(a)	Vive sozinho(a)	f	0	Nem mau nem bom	1	167	155	10	182	Participante		Alzheimer
90	Feminino	1976-10-09	2023-09-23 14:04:13.727412+00	\N	\N	1-4	Urbana	Reformado(a)	\N	Satisfatria	Solteiro(a)	Vive sozinho(a)	f	0	Nem mau nem bom	1	167	151	10	178	Participante		Alzheimer
88	Feminino	1976-02-25	2023-09-23 09:19:39.258131+00	None	None	1-4	Urbana	Reformado(a)	\N	Satisfatria	Solteiro(a)	Vive sozinho(a)	f	0	Nem mau nem bom	1	167	148	10	174	Participante		Alzheimer
163	Masculino	1993-03-25	2024-03-13 15:21:14.930603+00	Russa	Vilamoura	11+	Urbana	Estudante		Satisfatria	Solteiro(a)	Vive com os pais	f	0	Nem mau nem bom	1	167	260	10	324	Participante		Alzheimer
153	Feminino	1956-11-26	2023-11-29 01:50:49.730873+00			1-4	Urbana	Reformado(a)		Satisfatria	Solteiro(a)	Vive sozinho(a)	f	0	Nem mau nem bom	1	255	232	4	286	Participante		Alzheimer
86	Feminino	1978-04-08	2023-09-23 09:10:02.470671+00	\N	\N	1-4	Urbana	Reformado(a)	\N	Satisfatria	Solteiro(a)	Vive sozinho(a)	f	0	Nem mau nem bom	1	167	146	10	172	Participante		Alzheimer
84	Feminino	1980-01-01	2023-09-22 10:33:50.504175+00	\N	\N	1-4	Urbana	Reformado(a)	\N	Satisfatria	Solteiro(a)	Vive sozinho(a)	f	0	Nem mau nem bom	1	167	143	10	169	Participante		Alzheimer
161	Feminino	1979-10-29	2024-03-13 15:06:06.406935+00	Portuguesa	So Brs De Alportel	11+	Urbana	Desempregado(a)		Satisfatria	Divorciado(a) ou separado(a)	Vive com os filhos	f	3	Nem mau nem bom	1	167	258	10	322	Participante		Alzheimer
165	Masculino	1980-07-12	2024-03-13 15:33:25.127778+00	Portuguesa	Loule	11+	Urbana	Reformado(a)	Hotelaria	Satisfatria	Solteiro(a)	Vive com os pais	f	0	Nem mau nem bom	1	167	262	10	326	Participante		Alzheimer
116	Masculino	1953-05-20	2023-10-04 10:59:45.188402+00	None	None	1-4	Urbana	Reformado(a)	\N	Satisfatria	Solteiro(a)	Vive sozinho(a)	f	0	Nem mau nem bom	1	167	183	10	222	Participante		Alzheimer
167	Feminino	1984-04-11	2024-03-13 15:55:26.30605+00	Portuguesa	Estoi	1-4	Urbana	Desempregado(a)		Satisfatria	Solteiro(a)	Vive com os pais	f	2	Bom	1	167	264	10	328	Participante		Alzheimer
168	Feminino	2002-12-29	2024-03-13 16:00:56.209448+00	Portuguesa	Olho	5-10	Urbana	Desempregado(a)	Trabalhou num caf	Satisfatria	Solteiro(a)	Vive sozinho(a)	f	0	Nem mau nem bom	1	167	265	10	329	Participante		Alzheimer
169	Feminino	1979-01-25	2024-03-13 16:07:42.266662+00	Portuguesa	Almancil	5-10	Urbana	Desempregado(a)	Ajudante de Cozinha	Pouco satisfatria	Solteiro(a)	Vive sozinho(a)	f	0	Bom	1	167	266	10	330	Participante		Alzheimer
170	Masculino	1985-11-19	2024-03-13 16:13:38.134072+00	Portuguesa	Boliqueime	5-10	Urbana	Desempregado(a)	Nunca trabalho	Satisfatria	Solteiro(a)	Vive com os pais	f	0	Nem mau nem bom	1	167	267	10	331	Participante		Alzheimer
110	Masculino	1959-01-01	2023-10-03 16:22:30.019359+00	Portuguesa 	Almancil - Charneca	Analfabeto	Urbana	Reformado(a)	Agricultura	Satisfatria	Solteiro(a)	Vive com terceiros	f	0	Nem mau nem bom	1	167	177	10	216	Participante		Alzheimer
108	Feminino	1962-12-07	2023-10-03 16:17:31.608705+00	Portuguesa	Almancil	1-4	Urbana	Reformado(a)	Limpezas e restaurante	Satisfatria	Divorciado(a) ou separado(a)	Vive com terceiros	f	2	Bom	1	167	175	10	214	Participante		Alzheimer
134	Feminino	1959-11-02	2023-10-04 16:22:25.47204+00	Portuguesa	Olho	5-10	Urbana	Reformado(a)	Recepcionista e contabilidade	Satisfatria	Vivo(a)	Vive com os pais	f	1	Bom	1	167	202	10	242	Participante		Alzheimer
112	Masculino	1966-06-02	2023-10-04 10:41:40.844058+00	Portuguesa	Almancil	1-4	Urbana	Reformado(a)	Ajudante de Camionista	Satisfatria	Solteiro(a)	Vive com terceiros	f	1	Nem mau nem bom	1	167	179	10	218	Participante		Alzheimer
130	Feminino	2023-07-14	2023-10-04 15:02:34.018282+00	\N	\N	1-4	Urbana	Reformado(a)	\N	Satisfatria	Solteiro(a)	Vive sozinho(a)	f	0	Nem mau nem bom	1	167	197	\N	236	Participante		Alzheimer
128	Feminino	1974-10-31	2023-10-04 14:49:42.14395+00	\N	\N	1-4	Urbana	Reformado(a)	\N	Satisfatria	Solteiro(a)	Vive sozinho(a)	f	0	Nem mau nem bom	1	167	195	\N	234	Participante		Alzheimer
126	Masculino	1978-07-25	2023-10-04 14:44:08.179317+00	Portuguesa	Albufeira	5-10	Urbana	Desempregado(a)	Artesanato	Satisfatria	Solteiro(a)	Vive com os pais	f	0	Bom	1	167	193	\N	232	Participante		Alzheimer
124	Feminino	2023-07-14	2023-10-04 11:24:16.618868+00	\N	\N	1-4	Urbana	Reformado(a)	\N	Satisfatria	Solteiro(a)	Vive sozinho(a)	f	0	Nem mau nem bom	1	167	191	10	230	Participante		Alzheimer
122	Feminino	2023-07-14	2023-10-04 11:19:30.81679+00	\N	\N	1-4	Urbana	Reformado(a)	\N	Satisfatria	Solteiro(a)	Vive sozinho(a)	f	0	Nem mau nem bom	1	167	189	10	228	Participante		Alzheimer
104	Feminino	1976-08-04	2023-10-02 14:53:52.451732+00	\N	\N	1-4	Urbana	Reformado(a)	\N	Satisfatria	Solteiro(a)	Vive sozinho(a)	f	0	Nem mau nem bom	1	167	171	\N	202	Participante		Alzheimer
102	Feminino	1976-11-10	2023-10-02 14:02:14.002809+00	\N	\N	1-4	Urbana	Reformado(a)	\N	Satisfatria	Solteiro(a)	Vive sozinho(a)	f	0	Nem mau nem bom	1	167	169	10	200	Participante		Alzheimer
106	Feminino	1971-04-25	2023-10-03 16:08:44.433782+00	Portuguesa	Almancil	1-4	Urbana	Reformado(a)	\N	Satisfatria	Solteiro(a)	Vive com terceiros	f	0	Nem mau nem bom	1	167	173	10	212	Participante		Alzheimer
100	Masculino	1964-09-17	2023-09-23 14:51:49.185615+00	Portuguesa	Faro	5-10	Urbana	Reformado(a)	Aeroporto	Satisfatria	Solteiro(a)	Vive com terceiros	f	0	Bom	1	167	161	10	193	Participante		Alzheimer
166	Feminino	2004-10-08	2024-03-13 15:44:24.358251+00	Portuguesa	Faro	11+	Urbana	Desempregado(a)	Pastelaria	Satisfatria	Solteiro(a)	Vive com terceiros	f	0	Bom	1	167	263	10	327	Participante		Alzheimer
98	Masculino	1969-08-27	2023-09-23 14:45:11.948998+00	Portuguesa	Faro	1-4	Urbana	Desempregado(a)	Nunca trabalhou	Satisfatria	Solteiro(a)	Vive com os pais	f	0	Nem mau nem bom	1	167	159	10	191	Participante		Alzheimer
159	Feminino	2001-06-11	2024-03-12 13:41:33.921503+00	Portuguesa	Portugal	11+	Urbana	Domstica	Analitico	Satisfatria	Vivo(a)	Vive com terceiros	f	5	Nem mau nem bom	1	246	256	5	320	Familiar	ddd	Epilepsia
171	Feminino	1993-04-17	2024-03-13 16:17:50.38966+00	Portuguesa	Loul	11+	Urbana	Empregado(a)	Limpezas	Satisfatria	Solteiro(a)	Vive com os pais	f	1	Bom	1	167	268	10	332	Participante		Alzheimer
172	Feminino	1994-12-09	2024-03-13 16:22:32.09614+00	Portuguesa 	So Clemente	5-10	Urbana	Empregado(a)	Limpezas	Satisfatria	Solteiro(a)	Vive com os pais	f	0	Bom	1	167	269	10	333	Participante		Alzheimer
173	Masculino	2003-02-20	2024-03-13 16:27:39.213609+00	Portuguesa	Quarteira	5-10	Urbana	Empregado(a)	Limpeza	Nada satisfatria	Solteiro(a)	Vive com os pais	f	0	Bom	1	167	270	10	334	Participante		Alzheimer
174	Masculino	2003-11-04	2024-03-13 16:33:24.008085+00	Portuguesa	Loul 	5-10	Urbana	Estudante	Estgio	Muito satisfatria	Solteiro(a)	Vive com os pais	f	0	Muito bom	1	167	271	10	335	Participante		Alzheimer
175	Masculino	1998-05-14	2024-03-13 16:37:29.374646+00	Portuguesa	So Bras de Alportel	5-10	Urbana	Desempregado(a)	Nunca trabalhou	Pouco satisfatria	Solteiro(a)	Vive com os pais	f	0	Nem mau nem bom	1	167	272	10	336	Participante		Alzheimer
176	Feminino	1962-02-21	2024-03-14 11:42:20.553928+00	Portuguesa	Almancil 	11+	Urbana	Reformado(a)	Escritrio	Satisfatria	Divorciado(a) ou separado(a)	Vive com terceiros	f	1	Mau	1	3	273	\N	338	Participante		Alzheimer
113	Masculino	1945-12-02	2023-10-04 10:47:11.379252+00	Portuguesa	Almancil	1-4	Urbana	Reformado(a)	Armazm de Frutos Secos 	Satisfatria	Vivo(a)	Vive com terceiros	f	4	Nem mau nem bom	1	167	180	10	219	Participante		Alzheimer
177	Masculino	1979-10-16	2024-03-14 12:34:49.66184+00	Portuguesa	Loul	1-4	Urbana	Desempregado(a)	Carpinteiria	Satisfatria	Solteiro(a)	Vive com terceiros	f	0	Bom	1	3	274	\N	339	Participante		Alzheimer
135	Masculino	1958-08-09	2023-10-04 16:23:42.776514+00	Portuguesa	Faro	5-10	Urbana	Reformado(a)	Vendedor de Carros	Satisfatria	Casado(a) ou a viver como tal	Vive com o cnjuge	f	2	Nem mau nem bom	1	167	203	10	243	Participante		Alzheimer
132	Feminino	1982-05-03	2023-10-04 15:11:23.716323+00	Portuguesa	Faro	5-10	Urbana	Reformado(a)	Hotelaria	Pouco satisfatria	Divorciado(a) ou separado(a)	Vive sozinho(a)	f	3	Mau	1	167	199	\N	238	Participante		Alzheimer
129	Feminino	1968-02-25	2023-10-04 14:56:21.157539+00	Portuguesa	Faro	1-4	Urbana	Desempregado(a)	Nunca trabalhou	Satisfatria	Solteiro(a)	Vive com terceiros	f	0	Nem mau nem bom	1	167	196	\N	235	Participante		Alzheimer
118	Feminino	1967-05-20	2023-10-04 11:08:34.46899+00	Portuguesa	Almancil	1-4	Urbana	Reformado(a)	Recepcionista/telefnica	Satisfatria	Divorciado(a) ou separado(a)	Vive com terceiros	f	1	Nem mau nem bom	1	167	185	10	224	Participante		Alzheimer
179	Masculino	1990-03-29	2024-03-14 16:56:21.753276+00	Portuguesa	Faro	5-10	Urbana	Desempregado(a)	Nunca trabalhou	Satisfatria	Solteiro(a)	Vive sozinho(a)	f	0	Mau	1	3	276	\N	341	Participante		Alzheimer
120	Feminino	1965-10-13	2023-10-04 11:15:24.37583+00	Angola	Almancil	5-10	Urbana	Reformado(a)	Cozinheira	Pouco satisfatria	Solteiro(a)	Vive com terceiros	f	2	Nem mau nem bom	1	167	187	10	226	Participante		Alzheimer
114	Masculino	1980-02-14	2023-10-04 10:53:48.442649+00	None	None	1-4	Urbana	Reformado(a)	\N	Satisfatria	Solteiro(a)	Vive sozinho(a)	f	0	Nem mau nem bom	1	167	181	10	220	Participante	teste	Doena Mental
185	Feminino	1984-05-16	2024-03-27 21:57:19.921532+00	Portuguesa	Lisboa	1-4	Urbana	Reformado(a)		Satisfatria	Solteiro(a)	Vive com os pais	f	0	Nem mau nem bom	1	342	282	11	362	Participante	Sndrome de Down	Incapacidade Inteletual
188	Feminino	1969-07-17	2024-03-27 22:03:24.591543+00	Portuguesa	Lisboa	1-4	Urbana	Reformado(a)		Satisfatria	Solteiro(a)	Vive sozinho(a)	f	0	Nem mau nem bom	1	342	285	11	365	Participante		Incapacidade Inteletual
183	Feminino	1970-08-06	2024-03-27 21:53:04.09624+00	Portuguesa	Lisboa	Analfabeto	Urbana	Reformado(a)		Muito satisfatria	Solteiro(a)	Vive com os pais	f	0	Nem mau nem bom	1	342	280	11	360	Participante	Sndrome de Down	Incapacidade Inteletual
191	Masculino	1983-01-12	2024-03-27 22:11:32.100802+00	Portuguesa	Lisboa	Analfabeto	Urbana	Reformado(a)		Satisfatria	Solteiro(a)	Vive sozinho(a)	f	0	Nem mau nem bom	1	342	288	11	368	Participante	Sndrome de Down, Epilepsia	Incapacidade Inteletual
194	Masculino	1976-10-18	2024-03-28 06:24:04.87785+00			1-4	Urbana	Reformado(a)		Satisfatria	Solteiro(a)	Vive sozinho(a)	f	0	Nem mau nem bom	1	342	291	11	371	Participante		Alzheimer
181	Feminino	1976-02-10	2024-03-27 20:10:11.391734+00	Portuguesa	Lisboa	1-4	Urbana	Reformado(a)		Satisfatria	Solteiro(a)	Vive com terceiros	f	0	Nem mau nem bom	1	342	278	11	358	Participante	Doena Mental	Incapacidade Inteletual
189	Masculino	1970-12-30	2024-03-27 22:06:18.446353+00		Lisboa	Analfabeto	Urbana	Reformado(a)		Satisfatria	Solteiro(a)	Vive sozinho(a)	f	0	Nem mau nem bom	1	342	286	11	366	Participante	Perturbao Bipolar, Paralisia Cerebral	Incapacidade Inteletual
182	Feminino	1978-02-07	2024-03-27 20:33:09.244167+00	Portuguesa	Lisboa	1-4	Urbana	Reformado(a)		Satisfatria	Solteiro(a)	Vive com os pais	f	0	Nem mau nem bom	1	342	279	11	359	Participante		Incapacidade Inteletual
196	Masculino	1966-04-16	2024-03-28 06:30:30.779116+00			1-4	Urbana	Reformado(a)		Satisfatria	Solteiro(a)	Vive com terceiros	f	0	Nem mau nem bom	1	342	293	11	373	Participante	Paralisia Cerebral, Epilepsia, Doena Mental	Incapacidade Inteletual
184	Masculino	1976-09-11	2024-03-27 21:54:56.551799+00			1-4	Urbana	Reformado(a)		Satisfatria	Solteiro(a)	Vive sozinho(a)	f	0	Nem mau nem bom	1	342	281	11	361	Participante	Sndrome de Down	Incapacidade Inteletual
193	Masculino	1982-06-09	2024-03-28 06:21:19.787572+00			1-4	Urbana	Reformado(a)		Satisfatria	Solteiro(a)	Vive sozinho(a)	f	0	Nem mau nem bom	1	342	290	11	370	Participante	Doena Mental	Incapacidade Inteletual
192	Masculino	1973-01-21	2024-03-27 22:14:10.907318+00	Portuguesa	Lisboa	1-4	Urbana	Reformado(a)		Satisfatria	Solteiro(a)	Vive sozinho(a)	f	0	Nem mau nem bom	1	342	289	11	369	Participante	Sndrome X Frgil	Incapacidade Inteletual
197	Feminino	1977-09-03	2024-03-28 06:32:55.634148+00			1-4	Urbana	Reformado(a)		Satisfatria	Solteiro(a)	Vive sozinho(a)	f	0	Nem mau nem bom	1	342	294	11	374	Participante	Paralisia Cerebral	Incapacidade Inteletual
207	Masculino	1979-04-08	2024-03-28 06:53:19.828099+00	Portuguesa	Lisboa	1-4	Urbana	Reformado(a)		Satisfatria	Solteiro(a)	Vive com os pais	f	0	Nem mau nem bom	1	342	304	11	384	Participante	Doena Mental, Displasia Epifisria	Incapacidade Inteletual
190	Masculino	1976-07-01	2024-03-27 22:09:38.569644+00	Portuguesa	Lisboa	Analfabeto	Urbana	Reformado(a)		Satisfatria	Solteiro(a)	Vive sozinho(a)	f	0	Mau	1	342	287	11	367	Cuidador	Sndrome de Down, Doena Mental	Incapacidade Inteletual
223	Feminino	1987-04-27	2024-03-28 13:59:42.62773+00			1-4	Urbana	Reformado(a)		Satisfatria	Solteiro(a)	Vive sozinho(a)	f	0	Nem mau nem bom	1	342	320	11	400	Participante		Incapacidade Inteletual
227	Feminino	2005-04-13	2024-03-28 14:23:56.761413+00			1-4	Urbana	Reformado(a)		Satisfatria	Solteiro(a)	Vive sozinho(a)	f	0	Nem mau nem bom	1	342	324	11	404	Participante		Alzheimer
224	Feminino	1986-02-10	2024-03-28 14:02:30.037131+00	Portuguesa	Lisboa	5-10	Urbana	Reformado(a)		Satisfatria	Solteiro(a)	Vive com os pais	f	0	Nem mau nem bom	1	342	321	11	401	Participante	Sndrome de Down	Incapacidade Inteletual
220	Feminino	1990-02-09	2024-03-28 13:43:34.381413+00	Portuguesa	Lisboa	Analfabeto	Urbana	Reformado(a)		Satisfatria	Solteiro(a)	Vive sozinho(a)	f	0	Nem mau nem bom	1	342	317	11	397	Participante	Doena Mental	Incapacidade Inteletual
212	Masculino	1971-02-22	2024-03-28 12:40:00.648693+00	Portuguesa	Lisboa	1-4	Urbana	Reformado(a)		Satisfatria	Solteiro(a)	Vive sozinho(a)	f	0	Nem mau nem bom	1	342	309	11	389	Participante	Doena Mental	Incapacidade Inteletual
216	Feminino	1968-05-15	2024-03-28 12:46:10.244266+00	Portuguesa	Lisboa	1-4	Urbana	Reformado(a)		Satisfatria	Solteiro(a)	Vive sozinho(a)	f	0	Nem mau nem bom	1	342	313	11	393	Participante	Doena Mental	Incapacidade Inteletual
213	Masculino	1968-09-06	2024-03-28 12:41:50.350748+00	Portuguesa	Lisboa	1-4	Urbana	Reformado(a)		Muito satisfatria	Solteiro(a)	Vive sozinho(a)	f	0	Nem mau nem bom	1	342	310	11	390	Participante	Diabetes tipo 2, Epilepsia	Incapacidade Inteletual
215	Masculino	1969-09-22	2024-03-28 12:44:58.012844+00	Portuguesa	Lisboa	1-4	Urbana	Reformado(a)		Satisfatria	Solteiro(a)	Vive sozinho(a)	f	0	Nem mau nem bom	1	342	312	11	392	Participante	Glaucoma (invisual), Doena Mental	Incapacidade Inteletual
200	Masculino	1969-03-08	2024-03-28 06:39:28.259716+00	Portuguesa	Lisboa	Analfabeto	Urbana	Reformado(a)		Satisfatria	Solteiro(a)	Vive com os pais	f	0	Nem mau nem bom	1	342	297	11	377	Participante	Epilepsia	Incapacidade Inteletual
218	Masculino	1971-01-10	2024-03-28 12:50:33.856233+00	Portuguesa	Lisboa	1-4	Urbana	Empregado(a)	Repositor	Satisfatria	Solteiro(a)	Vive sozinho(a)	f	0	Nem mau nem bom	1	342	315	11	395	Participante	Glaucoma	Incapacidade Inteletual
221	Masculino	1992-11-11	2024-03-28 13:47:12.898639+00	Portuguesa	Lisboa	1-4	Urbana	Reformado(a)		Satisfatria	Solteiro(a)	Vive sozinho(a)	f	0	Nem mau nem bom	1	342	318	11	398	Participante	Autismo	Incapacidade Inteletual
205	Feminino	1981-06-03	2024-03-28 06:49:52.396222+00	Portuguesa	Lisboa	Analfabeto	Urbana	Reformado(a)		Satisfatria	Solteiro(a)	Vive sozinho(a)	f	0	Nem mau nem bom	1	342	302	11	382	Participante	Doena Mental, Diabetes	Incapacidade Inteletual
204	Masculino	1962-03-21	2024-03-28 06:47:46.408859+00	Portuguesa	Lisboa	1-4	Urbana	Reformado(a)		Satisfatria	Solteiro(a)	Vive com terceiros	f	0	Nem mau nem bom	1	342	301	11	381	Participante	Doena Mental	Incapacidade Inteletual
201	Masculino	1964-10-27	2024-03-28 06:41:40.773146+00	Portuguesa	Lisboa	1-4	Urbana	Reformado(a)		Satisfatria	Solteiro(a)	Vive com terceiros	f	0	Nem mau nem bom	1	342	298	11	378	Participante		Incapacidade Inteletual
226	Feminino	1988-08-25	2024-03-28 14:10:44.57463+00			1-4	Urbana	Reformado(a)		Satisfatria	Solteiro(a)	Vive com os pais	f	0	Nem mau nem bom	1	342	323	11	403	Participante	Doena Mental	Incapacidade Inteletual
210	Masculino	1964-11-22	2024-03-28 12:35:25.010446+00	Portuguesa	Lisboa	1-4	Urbana	Reformado(a)		Satisfatria	Solteiro(a)	Vive com terceiros	f	0	Nem mau nem bom	1	342	307	11	387	Participante	Sndrome de Down	Incapacidade Inteletual
232	Feminino	1987-09-17	2024-03-28 14:47:46.061803+00			Analfabeto	Urbana	Reformado(a)		Satisfatria	Solteiro(a)	Vive sozinho(a)	f	0	Nem mau nem bom	1	342	329	11	409	Participante	Doena Mental	Incapacidade Inteletual
231	Masculino	1985-11-19	2024-03-28 14:44:23.023712+00			1-4	Urbana	Reformado(a)		Satisfatria	Solteiro(a)	Vive sozinho(a)	f	0	Nem mau nem bom	1	342	328	11	408	Participante	Sndrome de Down, Doena Mental	Incapacidade Inteletual
229	Feminino	1989-11-05	2024-03-28 14:33:50.302624+00	Portuguesa	Lisboa	1-4	Urbana	Reformado(a)		Satisfatria	Solteiro(a)	Vive sozinho(a)	f	0	Nem mau nem bom	1	342	326	11	406	Participante	Doena Mental	Incapacidade Inteletual
209	Feminino	1978-02-27	2024-03-28 12:32:38.925349+00	Portuguesa	Lisboa	1-4	Urbana	Reformado(a)		Satisfatria	Solteiro(a)	Vive com os pais	f	0	Nem mau nem bom	1	342	306	11	386	Participante		Incapacidade Inteletual
199	Masculino	1960-02-27	2024-03-28 06:37:26.70147+00	Portuguesa	Lisboa	1-4	Urbana	Reformado(a)		Satisfatria	Solteiro(a)	Vive sozinho(a)	f	0	Nem mau nem bom	1	342	296	11	376	Participante	Sndrome de X Frgil	Incapacidade Inteletual
202	Masculino	1983-10-26	2024-03-28 06:43:35.0861+00	Portuguesa	Lisboa	1-4	Urbana	Reformado(a)		Satisfatria	Solteiro(a)	Vive com os pais	f	0	Nem mau nem bom	1	342	299	11	379	Participante	Sndrome de Down	Incapacidade Inteletual
203	Masculino	1969-10-02	2024-03-28 06:45:47.587365+00			1-4	Urbana	Reformado(a)		Satisfatria	Solteiro(a)	Vive com os pais	f	0	Nem mau nem bom	1	342	300	11	380	Participante	Sndrome de Apert	Incapacidade Inteletual
208	Feminino	1975-11-28	2024-03-28 12:29:31.508379+00	Portuguesa	Lisboa	Analfabeto	Urbana	Reformado(a)		Satisfatria	Solteiro(a)	Vive com terceiros	f	0	Nem mau nem bom	1	342	305	11	385	Participante	Paralisia Cerebral, Epilepsia, Doena Mental	Incapacidade Inteletual
225	Feminino	1990-06-28	2024-03-28 14:03:54.287309+00	Portuguesa	Lisboa	1-4	Urbana	Reformado(a)		Satisfatria	Solteiro(a)	Vive sozinho(a)	f	0	Nem mau nem bom	1	342	322	11	402	Participante	Doena Mental	Incapacidade Inteletual
228	Masculino	1993-02-05	2024-03-28 14:29:00.6951+00	Portuguesa	Lisboa	1-4	Urbana	Reformado(a)		Satisfatria	Solteiro(a)	Vive sozinho(a)	f	0	Nem mau nem bom	1	342	325	11	405	Participante	Hipomelanose de Ito, Doena Mental	Incapacidade Inteletual
222	Masculino	2004-12-15	2024-03-28 13:57:57.993304+00			1-4	Urbana	Reformado(a)		Satisfatria	Solteiro(a)	Vive sozinho(a)	f	0	Nem mau nem bom	1	342	319	11	399	Participante		Incapacidade Inteletual
240	Masculino	2005-03-30	2024-03-28 15:03:09.923751+00			1-4	Urbana	Reformado(a)		Satisfatria	Solteiro(a)	Vive sozinho(a)	f	0	Nem mau nem bom	1	342	337	11	417	Participante		Alzheimer
180	Feminino	1984-05-07	2024-03-27 19:22:35.414312+00	Portuguesa 	Lisboa 	1-4	Urbana	Reformado(a)		Muito satisfatria	Solteiro(a)	Vive com os pais	f	0	Nem mau nem bom	1	342	277	11	357	Participante	Sndrome de Down	Incapacidade Inteletual
243	Masculino	1993-05-03	2024-03-28 20:20:22.724368+00			1-4	Urbana	Reformado(a)		Satisfatria	Solteiro(a)	Vive sozinho(a)	f	0	Nem mau nem bom	1	342	340	11	420	Participante		Alzheimer
244	Masculino	2005-12-06	2024-03-28 20:22:36.774662+00			1-4	Urbana	Reformado(a)		Satisfatria	Solteiro(a)	Vive sozinho(a)	f	0	Nem mau nem bom	1	342	341	11	421	Participante		Alzheimer
246	Masculino	2001-04-07	2024-03-28 20:27:01.755876+00			1-4	Urbana	Reformado(a)		Satisfatria	Solteiro(a)	Vive sozinho(a)	f	0	Nem mau nem bom	1	342	343	11	423	Participante		Alzheimer
248	Feminino	1995-08-05	2024-03-29 02:03:05.16827+00			1-4	Urbana	Reformado(a)		Satisfatria	Solteiro(a)	Vive sozinho(a)	f	0	Nem mau nem bom	1	342	345	11	425	Participante		Alzheimer
250	Masculino	2003-02-21	2024-03-29 17:46:26.042812+00			1-4	Urbana	Reformado(a)		Satisfatria	Solteiro(a)	Vive sozinho(a)	f	0	Nem mau nem bom	1	342	347	11	427	Participante		Alzheimer
251	Masculino	2001-05-22	2024-03-29 17:48:10.864587+00			1-4	Urbana	Reformado(a)		Satisfatria	Solteiro(a)	Vive sozinho(a)	f	0	Nem mau nem bom	1	342	348	11	428	Participante		Alzheimer
253	Masculino	2003-03-11	2024-03-29 20:07:53.957259+00			1-4	Urbana	Reformado(a)		Satisfatria	Solteiro(a)	Vive sozinho(a)	f	0	Nem mau nem bom	1	342	350	11	430	Participante		Alzheimer
258	Masculino	2005-03-18	2024-03-29 20:17:55.638013+00			1-4	Urbana	Reformado(a)		Satisfatria	Solteiro(a)	Vive sozinho(a)	f	0	Nem mau nem bom	1	342	355	11	435	Participante		Alzheimer
214	Feminino	1982-04-06	2024-03-28 12:43:30.007433+00	Portuguesa	Lisboa	1-4	Urbana	Reformado(a)		Satisfatria	Solteiro(a)	Vive sozinho(a)	f	0	Nem mau nem bom	1	342	311	11	391	Participante	Sndrome de Down, Cardiopatia Congnita (grave)	Incapacidade Inteletual
245	Masculino	1994-03-21	2024-03-28 20:24:49.699908+00	Portuguesa	Lisboa	1-4	Urbana	Reformado(a)		Satisfatria	Solteiro(a)	Vive sozinho(a)	f	0	Nem mau nem bom	1	342	342	11	422	Participante	Sndrome de Down, Doena Mental	Incapacidade Inteletual
187	Feminino	1983-11-15	2024-03-27 22:00:58.781647+00	Portuguesa	Lisboa	1-4	Urbana	Reformado(a)		Pouco satisfatria	Solteiro(a)	Vive com os pais	f	0	Nem mau nem bom	1	342	284	11	364	Participante	Epilepsia	Incapacidade Inteletual
217	Masculino	1976-04-04	2024-03-28 12:48:22.831904+00	Portuguesa	Lisboa	Analfabeto	Urbana	Reformado(a)		Satisfatria	Solteiro(a)	Vive sozinho(a)	f	0	Nem mau nem bom	1	342	314	11	394	Participante	Epilepsia, Hipertenso 	Incapacidade Inteletual
219	Feminino	1988-09-23	2024-03-28 13:41:53.756838+00	Portuguesa	Lisboa	1-4	Urbana	Reformado(a)		Satisfatria	Solteiro(a)	Vive sozinho(a)	f	0	Nem mau nem bom	1	342	316	11	396	Participante	Depresso	Incapacidade Inteletual
247	Masculino	1991-06-12	2024-03-28 20:29:28.258354+00	Portuguesa	Lisboa	1-4	Urbana	Reformado(a)		Satisfatria	Solteiro(a)	Vive sozinho(a)	f	0	Nem mau nem bom	1	342	344	11	424	Participante	Sndrome de Ramsay Hunt, Doena Mental	Incapacidade Inteletual
255	Masculino	1986-03-01	2024-03-29 20:12:37.000609+00	Portuguesa	Lisboa	Analfabeto	Urbana	Reformado(a)		Satisfatria	Solteiro(a)	Vive com os pais	f	0	Nem mau nem bom	1	342	352	11	432	Participante	Doena Mental, Epilepsia, Angioma Cerebral	Incapacidade Inteletual
236	Masculino	1990-12-26	2024-03-28 14:54:18.282109+00			Analfabeto	Urbana	Reformado(a)		Satisfatria	Solteiro(a)	Vive sozinho(a)	f	0	Nem mau nem bom	1	342	333	11	413	Participante	Doena Mental	Incapacidade Inteletual
242	Masculino	1990-09-14	2024-03-28 20:17:57.543648+00	Portuguesa	Lisboa	1-4	Urbana	Reformado(a)		Satisfatria	Solteiro(a)	Vive com os pais	f	0	Nem mau nem bom	1	342	339	11	419	Participante	Autismo	Incapacidade Inteletual
239	Masculino	1985-02-05	2024-03-28 15:01:22.079128+00	Portuguesa	Lisboa	1-4	Urbana	Reformado(a)		Satisfatria	Solteiro(a)	Vive sozinho(a)	f	0	Nem mau nem bom	1	342	336	11	416	Participante	Sndrome de Williams	Incapacidade Inteletual
238	Feminino	1989-07-12	2024-03-28 14:57:19.646658+00	Portuguesa	Lisboa	1-4	Urbana	Reformado(a)		Satisfatria	Solteiro(a)	Vive com os pais	f	0	Nem mau nem bom	1	342	335	11	415	Participante	Doena Mental, Esclerose Tuberosa com Epilepsia	Incapacidade Inteletual
235	Masculino	1989-03-25	2024-03-28 14:52:38.293666+00	Portuguesa	Lisboa	1-4	Urbana	Reformado(a)		Satisfatria	Solteiro(a)	Vive sozinho(a)	f	0	Nem mau nem bom	1	342	332	11	412	Participante	Doena Mental, Epilepsia	Incapacidade Inteletual
234	Feminino	1995-05-24	2024-03-28 14:51:19.757385+00			Analfabeto	Urbana	Reformado(a)		Satisfatria	Solteiro(a)	Vive sozinho(a)	f	0	Nem mau nem bom	1	342	331	11	411	Participante	Sndrome de Down, Doena Mental	Incapacidade Inteletual
233	Masculino	1999-01-20	2024-03-28 14:49:57.432167+00	Portuguesa	Lisboa	1-4	Urbana	Reformado(a)		Satisfatria	Solteiro(a)	Vive sozinho(a)	f	0	Nem mau nem bom	1	342	330	11	410	Participante	Doena Mental	Incapacidade Inteletual
241	Feminino	1973-08-28	2024-03-28 15:46:56.932148+00			1-4	Urbana	Reformado(a)		Satisfatria	Solteiro(a)	Vive sozinho(a)	f	0	Nem mau nem bom	1	342	338	11	418	Participante		Alzheimer
249	Masculino	1986-03-01	2024-03-29 17:44:31.843599+00	Portuguesa	Lisboa	1-4	Urbana	Reformado(a)		Satisfatria	Solteiro(a)	Vive com os pais	f	0	Nem mau nem bom	1	342	346	11	426	Participante	Paralisia Cerebral, Epilepsia 	Incapacidade Inteletual
252	Masculino	1988-02-28	2024-03-29 20:05:40.179441+00			1-4	Urbana	Reformado(a)		Satisfatria	Solteiro(a)	Vive sozinho(a)	f	0	Nem mau nem bom	1	342	349	11	429	Participante	Sndrome de Down, Doena Mental	Incapacidade Inteletual
237	Feminino	1993-05-13	2024-03-28 14:55:56.349812+00			1-4	Urbana	Reformado(a)		Satisfatria	Solteiro(a)	Vive sozinho(a)	f	0	Nem mau nem bom	1	342	334	11	414	Participante	Doena Mental	Incapacidade Inteletual
254	Feminino	1996-03-28	2024-03-29 20:10:39.458192+00	Portuguesa	Lisboa	1-4	Urbana	Reformado(a)		Satisfatria	Solteiro(a)	Vive com os pais	f	0	Nem mau nem bom	1	342	351	11	431	Participante	Autismo	Incapacidade Inteletual
256	Masculino	1993-02-24	2024-03-29 20:14:04.931545+00	Portuguesa	Lisboa	1-4	Urbana	Reformado(a)		Satisfatria	Solteiro(a)	Vive sozinho(a)	f	0	Nem mau nem bom	1	342	353	11	433	Participante	Sndrome de Down, Doena Mental	Incapacidade Inteletual
230	Masculino	1986-10-17	2024-03-28 14:42:54.080643+00			1-4	Urbana	Reformado(a)		Satisfatria	Solteiro(a)	Vive sozinho(a)	f	0	Mau	1	342	327	11	407	Participante	Doena Mental,  Doena Renal Crnica	Incapacidade Inteletual
195	Masculino	1968-08-06	2024-03-28 06:26:45.665335+00			1-4	Urbana	Reformado(a)		Satisfatria	Solteiro(a)	Vive sozinho(a)	f	0	Nem mau nem bom	1	342	292	11	372	Participante	Doena Mental, Epilepsia, Fenilcetonria	Incapacidade Inteletual
259	Feminino	1991-04-25	2024-03-31 16:46:54.111112+00	Portuguesa	Lisboa	1-4	Urbana	Reformado(a)		Satisfatria	Solteiro(a)	Vive com os pais	f	0	Nem mau nem bom	1	342	356	11	436	Participante		Incapacidade Inteletual
267	Masculino	1965-07-13	2024-05-13 14:14:41.266949+00	Moambique	Lisboa	5-10	Urbana	Reformado(a)		Satisfatria	Solteiro(a)	Vive com terceiros	f	0	Bom	1	265	369	7	448	Cuidador		Esquizofrenia
257	Masculino	1986-10-23	2024-03-29 20:15:51.948675+00	Portuguesa	Lisboa	1-4	Urbana	Reformado(a)		Satisfatria	Solteiro(a)	Vive com os pais	f	0	Nem mau nem bom	1	342	354	11	434	Participante	Sndrome de Down	Incapacidade Inteletual
260	Feminino	1991-07-04	2024-03-31 16:54:41.948203+00			1-4	Urbana	Reformado(a)		Satisfatria	Solteiro(a)	Vive sozinho(a)	f	0	Nem mau nem bom	1	342	357	11	437	Participante	Doena Mental	Incapacidade Inteletual
198	Feminino	1975-06-13	2024-03-28 06:34:54.067469+00	Portuguesa	Lisboa	1-4	Urbana	Reformado(a)		Satisfatria	Solteiro(a)	Vive com terceiros	f	0	Nem mau nem bom	1	342	295	11	375	Participante	Sndrome de Down	Incapacidade Inteletual
206	Feminino	1969-08-30	2024-03-28 06:51:53.160879+00	Portuguesa	Lisboa	1-4	Urbana	Reformado(a)		Satisfatria	Solteiro(a)	Vive sozinho(a)	f	0	Nem mau nem bom	1	342	303	11	383	Participante	Paralisia Cerebral	Incapacidade Inteletual
133	Masculino	1976-12-25	2023-10-04 16:18:47.410519+00	Portuguesa	Albufeira	11+	Urbana	Desempregado(a)	Contabilidade 	Satisfatria	Solteiro(a)	Vive com os pais	f	0	Mau	1	167	201	10	241	Familiar	Colocar aqui os outros diagnsticos...	Depresso Maior
279	Masculino	1979-01-31	2024-05-26 14:49:48.633582+00	Portuguesa	Olho	11+	Urbana	Desempregado(a)	Formador Informtica	Satisfatria	Solteiro(a)	Vive com os pais	f	0	Nem mau nem bom	1	165	381	10	460	Participante		Alzheimer
280	Masculino	1979-10-16	2024-05-26 15:02:13.968006+00	Portuguesa	Loul	1-4	Urbana	Reformado(a)	Carpinteiro	Satisfatria	Solteiro(a)	Vive com terceiros	f	0	Bom	1	165	382	10	461	Participante		Alzheimer
211	Masculino	1969-06-24	2024-03-28 12:37:53.004214+00	Portuguesa	Amadora	Analfabeto	Urbana	Reformado(a)		Satisfatria	Solteiro(a)	Vive com terceiros	f	0	Nem mau nem bom	1	342	308	11	388	Participante	Sndrome de Down, Doena Mental	Incapacidade Inteletual
281	Masculino	1973-09-22	2024-05-26 15:33:20.58626+00			1-4	Urbana	Reformado(a)		Satisfatria	Solteiro(a)	Vive sozinho(a)	f	0	Nem mau nem bom	1	165	383	10	462	Participante		Alzheimer
266	Masculino	1955-12-08	2024-05-13 14:13:05.970417+00	Cabo Verde	Lisboa	1-4	Urbana	Reformado(a)		Satisfatria	Vivo(a)	Vive com terceiros	f	1	Bom	1	265	368	7	447	Cuidador		Esquizofrenia
265	Feminino	1982-12-03	2024-05-13 14:09:29.001578+00	Portuguesa	Lisboa	11+	Urbana	Reformado(a)	-	Satisfatria	Solteiro(a)	Vive com os pais	f	0	Bom	1	265	367	7	446	Cuidador	Perturbao Esquizo-afectiva	No tem
272	Masculino	1965-12-29	2024-05-13 14:23:59.701378+00	Portugus	Lisboa	11+	Urbana	Desempregado(a)		Satisfatria	Solteiro(a)	Vive com terceiros	f	0	Bom	1	265	374	7	453	Cuidador	Perturbao Esquizo-afectiva	No tem
270	Masculino	1961-08-05	2024-05-13 14:20:55.383511+00	Angola	Lisboa	1-4	Urbana	Desempregado(a)		Satisfatria	Solteiro(a)	Vive com terceiros	f	0	Nem mau nem bom	1	265	372	7	451	Cuidador		Esquizofrenia
271	Feminino	1957-05-10	2024-05-13 14:22:35.559434+00	Portuguesa	Lisboa	5-10	Urbana	Reformado(a)		Satisfatria	Solteiro(a)	Vive com terceiros	f	0	Bom	1	265	373	7	452	Cuidador		Esquizofrenia
278	Feminino	1996-04-15	2024-05-21 15:33:34.679294+00			1-4	Urbana	Reformado(a)		Satisfatria	Solteiro(a)	Vive sozinho(a)	f	0	Nem mau nem bom	1	265	380	7	459	Participante		Alzheimer
274	Feminino	1969-01-08	2024-05-13 14:28:41.778788+00	Portuguesa	Lisboa	11+	Urbana	Reformado(a)		Satisfatria	Solteiro(a)	Vive com terceiros	f	0	Bom	1	265	376	7	455	Cuidador	Perturbao Esquizo-afectiva	No tem
273	Masculino	1969-05-28	2024-05-13 14:26:08.842633+00	Portugus	Lisboa	1-4	Urbana	Reformado(a)		Satisfatria	Solteiro(a)	Vive com terceiros	f	0	Bom	1	265	375	7	454	Cuidador	Perturbao Esquizo-afectiva e Dfice Intelectual	No tem
268	Masculino	1979-05-03	2024-05-13 14:17:27.751013+00	Moambique	Lisboa	5-10	Urbana	Reformado(a)		Satisfatria	Solteiro(a)	Vive com terceiros	f	0	Nem mau nem bom	1	265	370	7	449	Cuidador		Esquizofrenia
282	Masculino	1985-08-02	2024-05-26 15:36:17.639122+00			1-4	Urbana	Reformado(a)		Satisfatria	Solteiro(a)	Vive sozinho(a)	f	0	Nem mau nem bom	1	165	384	10	463	Participante		Alzheimer
276	Masculino	1968-09-18	2024-05-13 14:34:00.649974+00	Angola	Lisboa	11+	Urbana	Reformado(a)		Satisfatria	Solteiro(a)	Vive com terceiros	f	0	Bom	1	265	378	7	457	Cuidador	Perturbao Esquizo-afectiva	No tem
275	Masculino	1970-11-12	2024-05-13 14:32:58.279654+00	Portuguesa	Lisboa	11+	Urbana	Reformado(a)		Satisfatria	Solteiro(a)	Vive com terceiros	f	0	Bom	1	265	377	7	456	Cuidador		Esquizofrenia
277	Masculino	1970-12-24	2024-05-13 14:35:09.032278+00	Portugal	Lisboa	11+	Urbana	Reformado(a)		Satisfatria	Solteiro(a)	Vive com terceiros	f	0	Bom	1	265	379	7	458	Cuidador		Esquizofrenia
283	Masculino	1991-07-13	2024-05-26 15:58:05.578975+00			1-4	Urbana	Reformado(a)		Satisfatria	Solteiro(a)	Vive sozinho(a)	f	0	Nem mau nem bom	1	165	385	10	464	Participante		Alzheimer
284	Feminino	1979-10-18	2024-05-26 16:01:58.509525+00			1-4	Urbana	Reformado(a)		Satisfatria	Solteiro(a)	Vive sozinho(a)	f	0	Nem mau nem bom	1	165	386	10	465	Participante		Alzheimer
285	Masculino	1990-03-29	2024-05-26 16:05:48.6158+00			1-4	Urbana	Reformado(a)		Satisfatria	Solteiro(a)	Vive sozinho(a)	f	0	Nem mau nem bom	1	165	387	10	466	Participante		Alzheimer
269	Feminino	1958-12-14	2024-05-13 14:18:55.664858+00	Portuguesa	Lisboa	1-4	Urbana	Reformado(a)		Satisfatria	Divorciado(a) ou separado(a)	Vive com terceiros	f	0	Nem mau nem bom	1	265	371	7	450	Participante		Esquizofrenia
186	Masculino	1980-07-13	2024-03-27 21:59:18.103052+00		Lisboa	Analfabeto	Urbana	Reformado(a)		Satisfatria	Solteiro(a)	Vive com terceiros	f	0	Nem mau nem bom	1	342	283	11	363	Participante	Doena Mental, Cegueira ...	Incapacidade Inteletual
299	Masculino	1959-05-31	2024-05-27 12:40:06.791619+00			1-4	Urbana	Reformado(a)		Satisfatria	Solteiro(a)	Vive sozinho(a)	f	0	Nem mau nem bom	1	165	401	10	483	Participante		Alzheimer
294	Masculino	1969-10-16	2024-05-27 10:59:28.3972+00	Portuguesa		5-10	Urbana	Reformado(a)		Pouco satisfatria	Solteiro(a)	Vive sozinho(a)	f	0	Nem mau nem bom	1	265	396	7	475	Cuidador		Esquizofrenia
298	Feminino	1969-08-11	2024-05-27 11:21:40.81347+00			5-10	Urbana	Reformado(a)		Pouco satisfatria	Solteiro(a)	Vive com terceiros	f	0	Nem mau nem bom	1	265	400	7	479	Cuidador		Esquizofrenia
289	Masculino	1975-10-21	2024-05-27 10:45:20.358339+00			5-10	Urbana	Reformado(a)		Pouco satisfatria	Solteiro(a)	Vive com os pais	f	0	Nem mau nem bom	1	265	391	7	470	Cuidador		Esquizofrenia
300	Feminino	1982-05-03	2024-05-27 13:12:27.577278+00	Portuguesa	Faro	5-10	Urbana	Reformado(a)	Hotelaria	Satisfatria	Solteiro(a)	Vive sozinho(a)	f	3	Mau	1	165	402	10	484	Participante		Alzheimer
286	Masculino	1981-04-20	2024-05-27 10:12:01.979977+00			11+	Urbana	Reformado(a)		Satisfatria	Solteiro(a)	Vive com os pais	f	0	Bom	1	265	388	7	467	Participante		Esquizofrenia
291	Masculino	1972-08-21	2024-05-27 10:50:40.109543+00	Portuguesa	Lisboa	11+	Urbana	Reformado(a)		Satisfatria	Solteiro(a)	Vive com terceiros	f	0	Bom	1	265	393	7	472	Cuidador		Esquizofrenia
301	Feminino	1962-02-21	2024-05-27 23:40:03.288107+00	Portuguesa	Almancil	1-4	Urbana	Reformado(a)	Escritrio	Satisfatria	Divorciado(a) ou separado(a)	Vive com terceiros	f	1	Mau	1	165	403	10	485	Participante		Alzheimer
292	Masculino	1959-03-19	2024-05-27 10:53:31.399522+00			5-10	Urbana	Reformado(a)	Segurana	Pouco satisfatria	Solteiro(a)	Vive sozinho(a)	f	0	Bom	1	265	394	7	473	Cuidador		Esquizofrenia
302	Feminino	1968-02-25	2024-05-27 23:46:13.842612+00	Portuguesa	Faro	1-4	Urbana	Desempregado(a)	Nunca trabalhou	Satisfatria	Solteiro(a)	Vive com terceiros	f	0	Nem mau nem bom	1	165	404	10	486	Participante		Alzheimer
303	Masculino	1978-07-25	2024-05-27 23:59:13.089525+00			1-4	Urbana	Reformado(a)		Satisfatria	Solteiro(a)	Vive sozinho(a)	f	0	Nem mau nem bom	1	165	405	10	490	Participante		Alzheimer
304	Feminino	1965-03-30	2024-05-28 00:04:53.549601+00			1-4	Urbana	Reformado(a)		Satisfatria	Solteiro(a)	Vive sozinho(a)	f	0	Nem mau nem bom	1	165	406	10	491	Participante		Alzheimer
305	Masculino	1969-12-15	2024-05-28 00:10:55.404458+00			1-4	Urbana	Reformado(a)		Satisfatria	Solteiro(a)	Vive sozinho(a)	f	0	Nem mau nem bom	1	165	407	10	492	Participante		Alzheimer
311	Feminino	1959-12-17	2024-05-28 10:30:13.75824+00	Portuguesa		Analfabeto	Urbana	Reformado(a)		Pouco satisfatria	Solteiro(a)	Vive com terceiros	f	0	Nem mau nem bom	1	265	413	7	498	Cuidador	Oligofrenia	No tem
310	Feminino	1976-02-27	2024-05-28 10:26:17.750266+00	Portuguesa		1-4	Urbana	Reformado(a)		Satisfatria	Solteiro(a)	Vive sozinho(a)	f	0	Bom	1	265	412	7	497	Cuidador	Dfice Cognitivo	Perturbao Bipolar
306	Feminino	1964-06-14	2024-05-28 00:59:39.865173+00			1-4	Urbana	Reformado(a)		Satisfatria	Solteiro(a)	Vive sozinho(a)	f	0	Nem mau nem bom	1	165	408	10	493	Participante		Alzheimer
295	Masculino	1979-01-28	2024-05-27 11:16:26.256017+00	Portuguesa		11+	Urbana	Reformado(a)		Pouco satisfatria	Solteiro(a)	Vive com terceiros	f	0	Bom	1	265	397	7	476	Cuidador	Psicose SOE   	No tem
307	Feminino	1974-04-10	2024-05-28 01:03:14.937644+00			1-4	Urbana	Reformado(a)		Satisfatria	Solteiro(a)	Vive sozinho(a)	f	0	Nem mau nem bom	1	165	409	10	494	Participante		Alzheimer
293	Masculino	1971-03-14	2024-05-27 10:55:26.810818+00	Portugesa		11+	Urbana	Reformado(a)		Satisfatria	Solteiro(a)	Vive com os pais	f	0	Bom	1	265	395	7	474	Cuidador		Esquizofrenia
296	Masculino	1980-04-04	2024-05-27 11:18:43.24019+00	Portuguesa		Analfabeto	Urbana	Reformado(a)		Satisfatria	Solteiro(a)	Vive com terceiros	f	0	Bom	1	265	398	7	477	Cuidador	Psicose SOE e Dfice Cognitivo	No tem
308	Feminino	1987-01-20	2024-05-28 01:06:35.752735+00			1-4	Urbana	Reformado(a)		Satisfatria	Solteiro(a)	Vive sozinho(a)	f	0	Nem mau nem bom	1	165	410	10	495	Participante		Alzheimer
315	Masculino	1961-04-27	2024-06-03 11:47:07.793982+00			1-4	Urbana	Reformado(a)		Satisfatria	Solteiro(a)	Vive sozinho(a)	f	0	Nem mau nem bom	1	165	417	10	505	Participante		Alzheimer
316	Masculino	1953-04-10	2024-06-09 10:28:53.374123+00			1-4	Urbana	Reformado(a)		Satisfatria	Solteiro(a)	Vive sozinho(a)	f	0	Nem mau nem bom	1	165	418	10	506	Participante		Alzheimer
297	Masculino	1972-08-25	2024-05-27 11:20:11.222552+00	Portuguesa		11+	Urbana	Reformado(a)	Contabilista	Satisfatria	Solteiro(a)	Vive com os pais	f	0	Bom	1	265	399	7	478	Cuidador		Esquizofrenia
287	Masculino	1959-10-04	2024-05-27 10:16:25.166153+00			5-10	Urbana	Reformado(a)		Satisfatria	Solteiro(a)	Vive com terceiros	f	0	Bom	1	265	389	7	468	Cuidador		Esquizofrenia
290	Masculino	1975-03-26	2024-05-27 10:47:04.591798+00	Portuguesa	Almada	5-10	Urbana	Reformado(a)		Satisfatria	Solteiro(a)	Vive com os pais	f	0	Bom	1	265	392	7	471	Cuidador	Psicose SOE e Dfice Cognitivo	No tem
309	Feminino	1956-08-09	2024-05-28 10:24:01.587597+00	Portuguesa		1-4	Urbana	Reformado(a)		Satisfatria	Solteiro(a)	Vive com terceiros	f	0	Bom	1	265	411	7	496	Cuidador	Dfice Cognitivo	No tem
312	Masculino	1985-10-15	2024-05-28 10:32:37.807951+00			1-4	Urbana	Reformado(a)		Pouco satisfatria	Solteiro(a)	Vive com terceiros	f	0	Bom	1	265	414	7	499	Cuidador		Esquizofrenia
314	Feminino	1996-03-15	2024-06-03 11:41:33.567645+00			1-4	Urbana	Reformado(a)		Satisfatria	Solteiro(a)	Vive sozinho(a)	f	0	Nem mau nem bom	1	165	416	10	504	Participante		Alzheimer
313	Feminino	1975-11-20	2024-05-28 10:45:41.16998+00			5-10	Urbana	Reformado(a)		Satisfatria	Solteiro(a)	Vive com terceiros	f	0	Nem mau nem bom	1	265	415	7	503	Cuidador		Esquizofrenia
317	Feminino	1955-12-17	2024-06-09 10:36:09.421572+00			1-4	Urbana	Reformado(a)		Satisfatria	Solteiro(a)	Vive sozinho(a)	f	0	Nem mau nem bom	1	165	419	10	508	Participante		Alzheimer
318	Masculino	1993-06-16	2024-06-18 18:10:47.106305+00			1-4	Urbana	Reformado(a)		Satisfatria	Solteiro(a)	Vive sozinho(a)	f	0	Nem mau nem bom	1	3	420	\N	509	Participante		Alzheimer
319	Masculino	2024-06-11	2024-06-28 09:41:34.560412+00			1-4	Urbana	Reformado(a)		Satisfatria	Solteiro(a)	Vive sozinho(a)	f	0	Nem mau nem bom	1	3	421	\N	510	Participante		Alzheimer
320	Masculino	2024-06-18	2024-06-28 20:33:35.48844+00			1-4	Urbana	Reformado(a)		Satisfatria	Solteiro(a)	Vive sozinho(a)	f	0	Nem mau nem bom	1	3	422	\N	512	Participante		Alzheimer
\.


--
-- Data for Name: diario_participante_cuidadores; Type: TABLE DATA; Schema: public; Owner: leda
--

COPY public.diario_participante_cuidadores (id, participante_id, cuidador_id) FROM stdin;
\.


--
-- Data for Name: diario_participante_diagnosticos; Type: TABLE DATA; Schema: public; Owner: leda
--

COPY public.diario_participante_diagnosticos (id, participante_id, doenca_id) FROM stdin;
225	139	6
226	97	6
227	129	6
186	99	6
\.


--
-- Data for Name: diario_participante_grupo; Type: TABLE DATA; Schema: public; Owner: leda
--

COPY public.diario_participante_grupo (id, participante_id, grupo_id) FROM stdin;
203	83	148
204	84	148
205	83	151
208	99	151
209	88	151
210	94	151
211	85	151
212	89	151
237	144	148
239	101	173
240	91	173
243	109	151
245	171	179
246	133	151
247	123	151
249	117	148
251	107	173
252	109	182
253	117	182
254	154	182
255	121	151
257	142	185
258	144	185
259	185	186
260	188	186
261	181	186
262	192	186
263	204	186
264	194	186
265	213	186
266	216	186
267	220	186
268	318	188
269	320	188
270	97	188
271	136	190
273	119	148
279	109	194
280	117	194
281	97	194
282	148	188
\.


--
-- Data for Name: diario_partilha; Type: TABLE DATA; Schema: public; Owner: leda
--

COPY public.diario_partilha (id, partilha, data, cuidador_id, participante_id, partilha_dinamizador_id, partilha_mentor_id, sessao_grupo_id, ficheiro, imagem, aprovada) FROM stdin;
\.


--
-- Data for Name: diario_partilhagrupo; Type: TABLE DATA; Schema: public; Owner: leda
--

COPY public.diario_partilhagrupo (id, descricao, data, imagem, ficheiro, grupo_id, partilha_dinamizador_id, partilha_mentor_id, sessao_grupo_id) FROM stdin;
\.


--
-- Data for Name: diario_pergunta; Type: TABLE DATA; Schema: public; Owner: leda
--

COPY public.diario_pergunta (id, fase, sessao_numero, ordem, texto) FROM stdin;
22	\N	0	1	Documentao distribuda
12	I	0	1	Considero que o meu conhecimento acerca de estratgias de autocuidado :
41	\N	0	12	Ajudou a sentir-me mais seguro(a) e confiante no meu papel de cuidador(a).
53	\N	0	1	De um modo geral, em relao ao programa psicoeducativo do MentHA, encontro-me:
24	\N	0	2	Dinamizador
26	\N	0	4	Assistente Social
28	\N	0	6	Enfermeiro
9	I	8	0	Com o desenvolvimento das sesses, considero que neste momento o meu conhecimento sobre este assunto :
8	I	8	0	Se pudesse rever a minha resposta anterior, diria que o meu conhecimento acerca deste assunto era:
35	\N	0	6	Ajudou-me a compreender a relao entre o stresse, a prestao de cuidados e a minha sade.
33	\N	0	4	Exigiu muito de mim.
20	\N	0	6	Acessibilidade
31	\N	0	2	Ensinou-me a cuidar melhor.
39	\N	0	10	Ajudou-me a reconhecer que  importante cuidar de mim.
40	\N	0	11	Fez-me sentir mais apoiado(a) pelos servios e pelos tcnicos.
15	\N	0	1	Apoio prestado e disponibilidade da pessoa de contacto do projeto
16	\N	0	2	Nmero de horas da ao face aos seus objetivos
18	\N	0	4	Luminosidade
36	\N	0	7	Forneceu-me informao til.
32	\N	0	3	Ajudou-me a melhorar a qualidade de vida do meu familiar.
43	\N	0	14	Ajudou-me a compreender melhor as alteraes verificadas no meu familiar/ amigo e a adquirir estratgias que me permitem lidar de forma adequada com essas alteraes.
44	\N	0	15	Fez-me aceitar melhor a minha situao.
45	\N	0	16	Deu-me conhecimentos que permitiram melhorar a relao que tenho com o meu familiar/ amigo.
52	\N	0	23	Os cuidadores ao falar das suas experincias, ajudaram-me a resolver os meus problemas/dificuldades.
17	\N	0	3	Condies do espao
38	\N	0	9	Ajudou-me a lidar melhor com as minhas emoes.
10	I	0	1	Considero que o meu conhecimento acerca das formas de entretenimento e estimulao do RC :
34	\N	0	5	Aumentou a minha confiana no meu papel de cuidador.
25	\N	0	3	Psiclogo
49	\N	0	20	Motivou-me a participar nas iniciativas que existem na minha localidade.
50	\N	0	21	Fez-me sentir feliz quando ajudei os outros elementos do grupo a solucionar os seus problemas.
51	\N	0	22	Ajudou-me a organizar melhor o meu tempo, de modo a cuidar do meu familiar e de mim tambm.
2	F	0	2	Se pudesse rever a minha resposta anterior, diria que o meu conhecimento acerca deste assunto era:
23	\N	0	1	Dinamizador
14	F	12	3	Com o desenvolvimento da sesso, considero que neste momento o meu conhecimento sobre este assunto :
54	\N	0	2	Descreva, de forma breve, a **importncia** que teve para si participar nas sesses do programa psicoeducativo do MentHA e o que considerou de **mais e menos positivo**:
13	F	12	2	Se pudesse rever a minha resposta anterior, diria que o meu conhecimento acerca deste assunto era:
29	\N	0	7	Ter. Ocupacional/ Fisioterapeuta/ Enfermeiro:
30	\N	0	1	Aumentou a minha capacidade de cuidar do meu familiar.
46	\N	0	17	Fez-me alterar para melhor algumas das tarefas de cuidar.
37	\N	0	8	Ajudou-me a compreender melhor a doena do meu familiar.
47	\N	0	18	Fez-me sentir til quando partilhei a minha experincia com os outros cuidadores.
4	I	0	1	Considero que o meu conhecimento acerca dos recursos de apoio sociais, legais e da comunidade :
5	I	0	1	Considero que o meu conhecimento acerca dos cuidados de higiene e conforto, eliminao, alimentao e medicao :
42	\N	0	13	Permitiu conhecer pessoas novas e fazer algumas amizades.
48	\N	0	19	Permitiu-me perceber que h outras pessoas na mesma situao que eu, e que o que eu sinto  normal.
1	I	0	1	Considero que o meu conhecimento acerca da demncia, perturbao bipolar, esquizofrenia ou incapacidade intelectual
6	I	0	1	Considero que o meu conhecimento acerca das transferncias e posicionamentos :
19	\N	0	5	Temperatura
3	F	0	3	Com o desenvolvimento da sesso, considero que neste momento o meu conhecimento sobre este assunto :
7	I	0	1	Considero que o meu conhecimento acerca das estratgias de comunicao e gesto de comportamentos desafiantes :
27	\N	0	5	Jurista
11	I	0	1	Considero que o meu conhecimento acerca das estratgias de gesto emocional e de coping :
21	\N	0	1	Concretizao das suas expectativas face ao programa
\.


--
-- Data for Name: diario_pergunta_exercicio; Type: TABLE DATA; Schema: public; Owner: leda
--

COPY public.diario_pergunta_exercicio (id, nome, postexto, tipo_resposta, dificuldade) FROM stdin;
47	Como se chamam as pessoas que fazem parte da famlia?	\N	RESPOSTA_ESCRITA	A
19	Palavra 2		RESPOSTA_ESCRITA	A
20	Palavra 3		RESPOSTA_ESCRITA	A
25	Co que ladra no	\N	RESPOSTA_ESCRITA	A
22	Palavra 2		RESPOSTA_ESCRITA	B
1	Dia:		RESPOSTA_ESCRITA	A
78	Escolher o po	\N	ESCOLHA_MULTIPLA	Indefinido
27	gua mole em pedra dura,	\N	RESPOSTA_ESCRITA	A
12	Escreva aqui as suas respostas, separadas por vrgulas		RESPOSTA_ESCRITA	B
44	O que mais marcou negativamente?	\N	RESPOSTA_ESCRITA	B
54	O que fez a famlia depois de comer?	\N	RESPOSTA_ESCRITA	A
11	Escreva aqui as suas respostas, separadas por vrgulas		RESPOSTA_ESCRITA	A
6	Realize a cpia de um desenho (2D):		UPLOAD_FOTOGRAFIA	A
13	Imagem 1		RESPOSTA_ESCRITA	A
81	Deitar-se na cama	\N	ESCOLHA_MULTIPLA	Indefinido
16	Imagem 4		RESPOSTA_ESCRITA	B
5	Indique a localizao da sesso:		RESPOSTA_ESCRITA	A
7	Realize a cpia de um desenho (3D):		UPLOAD_FOTOGRAFIA	B
40	Quando?	\N	RESPOSTA_ESCRITA	B
15	Imagem 3		RESPOSTA_ESCRITA	A
23	Palavra 3		RESPOSTA_ESCRITA	B
2	Ms:		RESPOSTA_ESCRITA	A
9	Descreva a imagem que viu:		RESPOSTA_ESCRITA	A
26	De	se torce o pepino	RESPOSTA_ESCRITA	A
53	Como estava o tempo?	\N	RESPOSTA_ESCRITA	A
48	Em que poca do ano  que esta famlia decidiu fazer o piquenique?	\N	RESPOSTA_ESCRITA	A
35	5. Expresso	\N	RESPOSTA_ESCRITA	B
37	7. Expresso	\N	RESPOSTA_ESCRITA	B
36	6. Expresso	\N	RESPOSTA_ESCRITA	B
34	4. Expresso	\N	RESPOSTA_ESCRITA	B
33	3. Expresso	\N	RESPOSTA_ESCRITA	B
32	2. Expresso	\N	RESPOSTA_ESCRITA	B
31	1. Expresso	\N	RESPOSTA_ESCRITA	B
10	Descreva a imagem que viu:	\N	RESPOSTA_ESCRITA	B
58	Assinale algumas caractersticas sobre a pessoa	\N	RESPOSTA_ESCRITA	Indefinido
59	Procure apenas os nmeros	\N	APENAS_MOSTRAR	Indefinido
60	Procure os smbolos iguais a estes	\N	APENAS_MOSTRAR	B
61	Azul - Amarelo	\N	RESPOSTA_ESCRITA	Indefinido
62	Camisa - Calas	\N	UPLOAD_FOTOGRAFIA	Indefinido
63	Banana - Laranja	\N	RESPOSTA_ESCRITA	Indefinido
64	Banana - Laranja	\N	RESPOSTA_ESCRITA	Indefinido
65	Cavalo - Burro	\N	RESPOSTA_ESCRITA	Indefinido
66	Rosa - Malmequer	\N	RESPOSTA_ESCRITA	Indefinido
67	Batata - Cenoura	\N	RESPOSTA_ESCRITA	Indefinido
68	Co - Pssaro	\N	RESPOSTA_ESCRITA	Indefinido
69	Camisa - meias	\N	RESPOSTA_ESCRITA	Indefinido
70	Banana - Pera	\N	RESPOSTA_ESCRITA	Indefinido
45	Qual  o apelido da famlia?	\N	RESPOSTA_ESCRITA	A
55	A que horas regressaram a casa?	\N	RESPOSTA_ESCRITA	A
82	Vestir o pijama	\N	ESCOLHA_MULTIPLA	Indefinido
28	\N	no se olha a dente	RESPOSTA_ESCRITA	A
83	Cobrir-se com o cobertor	\N	ESCOLHA_MULTIPLA	Indefinido
84	Tirar a roupa	\N	ESCOLHA_MULTIPLA	Indefinido
30	A	faz a fora	RESPOSTA_ESCRITA	A
43	O que mais marcou positivamente?	\N	RESPOSTA_ESCRITA	B
57	memoria remota visual	Quem  esta pessoa? De que forma se destacou e que caractersticas se recorda dela?	APENAS_MOSTRAR	A
71	Garfo - faca	\N	RESPOSTA_ESCRITA	Indefinido
24	A ocasio faz o	\N	RESPOSTA_ESCRITA	A
39	O que?	\N	RESPOSTA_ESCRITA	B
56	O que se recorda da histria?	\N	RESPOSTA_ESCRITA	B
49	Onde fizeram o piquenique?	\N	RESPOSTA_ESCRITA	A
21	Palavra 1		RESPOSTA_ESCRITA	B
50	Que bolo fez a D. Rosa Fonseca?	\N	RESPOSTA_ESCRITA	A
52	Que outras coisas levaram eles para comer?	\N	RESPOSTA_ESCRITA	A
8	Escolher smiles		ESCOLHA_MULTIPLA	Indefinido
17	Imagem 5		RESPOSTA_ESCRITA	B
18	Palavra 1		RESPOSTA_ESCRITA	A
14	Imagem 2		RESPOSTA_ESCRITA	A
72	Carro - Camio	\N	RESPOSTA_ESCRITA	Indefinido
73	Televiso - Rdio	\N	RESPOSTA_ESCRITA	Indefinido
74	\N	\N	UPLOAD_FOTOGRAFIA	A
46	Quantas pessoas fazem parte dessa famlia?	\N	RESPOSTA_ESCRITA	A
3	Ano:		RESPOSTA_ESCRITA	A
75	\N	\N	UPLOAD_FOTOGRAFIA	A
41	Onde?	\N	RESPOSTA_ESCRITA	B
42	Quem?	\N	RESPOSTA_ESCRITA	B
80	Entrar na loja	\N	ESCOLHA_MULTIPLA	Indefinido
4	Indique a hora, colocando os ponteiros da hora e minutos:		UPLOAD_FOTOGRAFIA	A
29	Amigos, amigos	\N	RESPOSTA_ESCRITA	A
76	\N	\N	UPLOAD_FOTOGRAFIA	B
77	\N	\N	UPLOAD_FOTOGRAFIA	B
51	Quem gastava desse bolo?	\N	RESPOSTA_ESCRITA	A
79	Pagar	\N	ESCOLHA_MULTIPLA	Indefinido
85	Esfregar a loua	\N	ESCOLHA_MULTIPLA	Indefinido
86	Pr detergente no esfrego	\N	ESCOLHA_MULTIPLA	Indefinido
87	Passar por gua	\N	ESCOLHA_MULTIPLA	Indefinido
88	Deixar escorrer	\N	ESCOLHA_MULTIPLA	Indefinido
89	Selecionar o canal	\N	ESCOLHA_MULTIPLA	Indefinido
90	Ligar a televiso	\N	ESCOLHA_MULTIPLA	Indefinido
91	Ver o programa	\N	ESCOLHA_MULTIPLA	Indefinido
92	Pegar no comando	\N	ESCOLHA_MULTIPLA	Indefinido
93	Vestir o casaco	\N	ESCOLHA_MULTIPLA	Indefinido
94	Escolher a roupa	\N	ESCOLHA_MULTIPLA	Indefinido
95	Vestir as calas e a camisola	\N	ESCOLHA_MULTIPLA	Indefinido
96	Vestir a roupa interior	\N	ESCOLHA_MULTIPLA	Indefinido
97	Pr pasta de dentes na escova	\N	ESCOLHA_MULTIPLA	Indefinido
98	Pegar na escova de dentes	\N	ESCOLHA_MULTIPLA	Indefinido
99	Lavar a boca com gua	\N	ESCOLHA_MULTIPLA	Indefinido
100	Escovar os dentes	\N	ESCOLHA_MULTIPLA	Indefinido
101	Acertos	\N	RESPOSTA_ESCRITA	Indefinido
102	Erros	\N	RESPOSTA_ESCRITA	Indefinido
103	Copie o desenho	\N	UPLOAD_FOTOGRAFIA	A
104	Copie o desenho	\N	UPLOAD_FOTOGRAFIA	B
105	Como organizaria o evento?	\N	RESPOSTA_ESCRITA	B
106	Descubra a sada do Labirinto	\N	UPLOAD_FOTOGRAFIA	Indefinido
107	Descubra a sada do Labirinto	\N	UPLOAD_FOTOGRAFIA	Indefinido
108	Descubra a sada do Labirinto	\N	UPLOAD_FOTOGRAFIA	Indefinido
109	Verde, vermelho, azul;	\N	UPLOAD_FOTOGRAFIA	Indefinido
110	Amarelo, azul, vermelho, verde;	\N	UPLOAD_FOTOGRAFIA	Indefinido
111	Bola, quadrado, tringulo e cruz;	\N	UPLOAD_FOTOGRAFIA	Indefinido
\.


--
-- Data for Name: diario_pergunta_exercicio_opcoes; Type: TABLE DATA; Schema: public; Owner: leda
--

COPY public.diario_pergunta_exercicio_opcoes (id, pergunta_exercicio_id, opcao_id) FROM stdin;
29	8	20
30	8	21
31	8	22
32	8	23
33	78	24
34	78	25
35	78	26
36	79	24
37	79	25
38	79	26
39	80	24
40	80	25
41	80	26
42	81	24
43	81	25
44	81	26
45	82	24
46	82	25
47	82	26
48	83	24
49	83	25
50	83	26
51	84	24
52	84	25
53	84	26
54	85	24
55	85	25
56	85	26
57	86	24
58	86	25
59	86	26
60	87	24
61	87	25
62	87	26
63	88	24
64	88	25
65	88	26
66	89	24
67	89	25
68	89	26
69	90	24
70	90	25
71	90	26
72	91	24
73	91	25
74	91	26
75	92	24
76	92	25
77	92	26
78	93	24
79	93	25
80	93	26
81	94	24
82	94	25
83	94	26
84	95	24
85	95	25
86	95	26
87	96	24
88	96	25
89	96	26
90	97	24
91	97	25
92	97	26
93	98	24
94	98	25
95	98	26
96	99	24
97	99	25
98	99	26
99	100	24
100	100	25
101	100	26
\.


--
-- Data for Name: diario_pergunta_opcoes; Type: TABLE DATA; Schema: public; Owner: leda
--

COPY public.diario_pergunta_opcoes (id, pergunta_id, opcao_id) FROM stdin;
1695	1	1
1696	1	2
1697	1	3
1698	1	4
1699	1	5
1700	2	1
1701	2	2
1702	2	3
1703	2	4
1704	2	5
1705	3	1
1706	3	2
1707	3	3
1708	3	4
1709	3	5
1710	4	1
1711	4	2
1712	4	3
1713	4	4
1714	4	5
1715	5	1
1716	5	2
1717	5	3
1718	5	4
1719	5	5
1720	6	1
1721	6	2
1722	6	3
1723	6	4
1724	6	5
1725	7	1
1726	7	2
1727	7	3
1728	7	4
1729	7	5
1730	8	1
1731	8	2
1732	8	3
1733	8	4
1734	8	5
1735	9	1
1736	9	2
1737	9	3
1738	9	4
1739	9	5
1740	10	1
1741	10	2
1742	10	3
1743	10	4
1744	10	5
1745	11	1
1746	11	2
1747	11	3
1748	11	4
1749	11	5
1750	12	1
1751	12	2
1752	12	3
1753	12	4
1754	12	5
1755	13	1
1756	13	2
1757	13	3
1758	13	4
1759	13	5
1760	14	1
1761	14	2
1762	14	3
1763	14	4
1764	14	5
1765	15	6
1766	15	7
1767	15	8
1768	15	9
1769	15	10
1770	16	6
1771	16	7
1772	16	8
1773	16	9
1774	16	10
1775	17	6
1776	17	7
1777	17	8
1778	17	9
1779	17	10
1780	18	6
1781	18	7
1782	18	8
1783	18	9
1784	18	10
1785	19	6
1786	19	7
1787	19	8
1788	19	9
1789	19	10
1790	20	6
1791	20	7
1792	20	8
1793	20	9
1794	20	10
1795	21	6
1796	21	7
1797	21	8
1798	21	9
1799	21	10
1800	22	6
1801	22	7
1802	22	8
1803	22	9
1804	22	10
1805	23	6
1806	23	7
1807	23	8
1808	23	9
1809	23	10
1810	24	6
1811	24	7
1812	24	8
1813	24	9
1814	24	10
1815	25	6
1816	25	7
1817	25	8
1818	25	9
1819	25	10
1820	26	6
1821	26	7
1822	26	8
1823	26	9
1824	26	10
1825	27	6
1826	27	7
1827	27	8
1828	27	9
1829	27	10
1830	28	6
1831	28	7
1832	28	8
1833	28	9
1834	28	10
1835	29	6
1836	29	7
1837	29	8
1838	29	9
1839	29	10
1840	30	11
1841	30	12
1842	30	13
1843	30	14
1844	31	11
1845	31	12
1846	31	13
1847	31	14
1848	32	11
1849	32	12
1850	32	13
1851	32	14
1852	33	11
1853	33	12
1854	33	13
1855	33	14
1856	34	11
1857	34	12
1858	34	13
1859	34	14
1860	35	11
1861	35	12
1862	35	13
1863	35	14
1864	36	11
1865	36	12
1866	36	13
1867	36	14
1868	37	11
1869	37	12
1870	37	13
1871	37	14
1872	38	11
1873	38	12
1874	38	13
1875	38	14
1876	39	11
1877	39	12
1878	39	13
1879	39	14
1880	40	11
1881	40	12
1882	40	13
1883	40	14
1884	41	11
1885	41	12
1886	41	13
1887	41	14
1888	42	11
1889	42	12
1890	42	13
1891	42	14
1892	43	11
1893	43	12
1894	43	13
1895	43	14
1896	44	11
1897	44	12
1898	44	13
1899	44	14
1900	45	11
1901	45	12
1902	45	13
1903	45	14
1904	46	11
1905	46	12
1906	46	13
1907	46	14
1908	47	11
1909	47	12
1910	47	13
1911	47	14
1912	48	11
1913	48	12
1914	48	13
1915	48	14
1916	49	11
1917	49	12
1918	49	13
1919	49	14
1920	50	11
1921	50	12
1922	50	13
1923	50	14
1924	51	11
1925	51	12
1926	51	13
1927	51	14
1928	52	11
1929	52	12
1930	52	13
1931	52	14
1932	53	15
1933	53	16
1934	53	17
1935	53	18
1936	53	19
\.


--
-- Data for Name: diario_presenca; Type: TABLE DATA; Schema: public; Owner: leda
--

COPY public.diario_presenca (id, data, "tipoSessao", present, faltou, mode, "withApp", descricao, cuidador_id, participante_id, "sessaoDoGrupo_id") FROM stdin;
770	\N	CR	t	f	P	\N	\N	\N	117	1010
771	\N	CR	t	f	P	\N	\N	\N	144	1010
772	\N	CR	t	f	P	\N	\N	\N	83	1010
773	\N	CR	t	f	P	\N	\N	\N	84	1010
774	\N	CR	t	f	P	\N	\N	\N	318	1409
775	\N	CR	t	f	P	\N	\N	\N	320	1409
776	\N	CR	t	f	P	\N	\N	\N	97	1409
777	\N	CR	t	f	P	\N	\N	\N	318	1407
778	\N	CR	t	f	P	\N	\N	\N	320	1407
779	\N	CR	t	f	P	\N	\N	\N	97	1407
780	\N	CR	t	f	P	\N	\N	43	\N	1433
729	\N	CR	t	f	P	\N	\N	\N	83	1042
781	\N	CR	t	f	P	\N	\N	36	\N	1433
730	\N	CR	t	f	P	\N	\N	\N	85	1042
722	\N	CR	t	f	P	\N	\N	\N	85	1036
728	\N	CR	t	f	O	\N	\N	\N	94	1036
726	\N	CR	t	f	O	\N	\N	\N	99	1036
732	\N	CR	t	f	P	\N	\N	\N	89	1042
724	\N	CR	t	f	O	\N	\N	\N	89	1036
721	\N	CR	t	f	P	\N	\N	\N	83	1036
727	\N	CR	t	f	P	\N	\N	\N	88	1036
734	\N	CR	t	f	P	\N	\N	\N	99	1042
735	\N	CR	t	f	P	\N	\N	\N	88	1042
782	\N	CR	t	f	P	\N	\N	46	\N	1433
736	\N	CR	t	f	P	\N	\N	\N	94	1042
752	\N	CR	t	f	O	\N	\N	\N	101	1221
783	\N	CR	t	f	P	\N	\N	\N	142	1381
753	\N	CR	t	f	P	\N	\N	\N	91	1221
784	\N	CR	t	f	P	\N	\N	\N	144	1381
761	\N	CR	t	f	P	\N	\N	\N	185	1395
762	\N	CR	t	f	P	\N	\N	\N	188	1395
763	\N	CR	t	f	P	\N	\N	\N	194	1395
764	\N	CR	t	f	P	\N	\N	\N	181	1395
765	\N	CR	t	f	P	\N	\N	\N	192	1395
766	\N	CR	t	f	P	\N	\N	\N	220	1395
767	\N	CR	t	f	P	\N	\N	\N	216	1395
768	\N	CR	t	f	P	\N	\N	\N	213	1395
769	\N	CR	t	f	P	\N	\N	\N	204	1395
\.


--
-- Data for Name: diario_questionario; Type: TABLE DATA; Schema: public; Owner: leda
--

COPY public.diario_questionario (id, nome, topico, concluido, "continuacaoDe_id") FROM stdin;
12	Documentao	Avaliao de satisfao	f	13
13	Avaliao dos Dinamizadores	Avaliao de satisfao	f	13
14	Avaliao da Experincia de Participao	\N	f	13
15	Avaliacao Geral do Programa	\N	f	13
1	Compreender a doena I	\N	f	2
2	Compreender a doena II	\N	f	3
3	Medidas de apoio	\N	f	4
4	Cuidados  pessoa I	\N	f	5
5	Cuidados  pessoa II	\N	f	6
6	Comunicao I/II	\N	f	7
7	Ocupao	\N	f	9
8	Emoes no cuidar	\N	f	10
9	Cuidar do cuidador I/II	\N	f	11
10	Logstica e Organizao	Avaliao de satisfao	f	13
11	Expectativas	Avaliao de satisfao	f	13
\.


--
-- Data for Name: diario_questionario_perguntas; Type: TABLE DATA; Schema: public; Owner: leda
--

COPY public.diario_questionario_perguntas (id, questionario_id, pergunta_id) FROM stdin;
470	1	1
471	1	2
472	1	3
473	2	1
474	2	2
475	2	3
476	3	2
477	3	3
478	3	4
479	4	2
480	4	3
481	4	5
482	5	2
483	5	3
484	5	6
485	6	8
486	6	9
487	6	7
488	7	10
489	7	2
490	7	3
491	8	11
492	8	2
493	8	3
494	9	12
495	9	13
496	9	14
497	10	15
498	10	16
499	10	17
500	10	18
501	10	19
502	10	20
503	11	21
504	12	22
505	13	23
506	13	24
507	13	25
508	13	26
509	13	27
510	13	28
511	13	29
512	14	30
513	14	31
514	14	32
515	14	33
516	14	34
517	14	35
518	14	36
519	14	37
520	14	38
521	14	39
522	14	40
523	14	41
524	14	42
525	14	43
526	14	44
527	14	45
528	14	46
529	14	47
530	14	48
531	14	49
532	14	50
533	14	51
534	14	52
535	15	53
536	15	54
\.


--
-- Data for Name: diario_reference; Type: TABLE DATA; Schema: public; Owner: leda
--

COPY public.diario_reference (id, nome) FROM stdin;
4	ADEB
5	Cruz Vermelha
6	Elo Social
7	GIRA
8	Familiarmente
10	ASMAL
11	CRINABEL
\.


--
-- Data for Name: diario_resposta; Type: TABLE DATA; Schema: public; Owner: leda
--

COPY public.diario_resposta (id, resposta_escrita, resposta_submetida, apontamento, data, certo, parte_exercicio_id, parte_grupo_id, participante_id, pergunta_id, resposta_escolha_id, sessao_grupo_id) FROM stdin;
24	\N		\N	2024-02-07 21:40:46.245472+00	\N	\N	\N	\N	\N	\N	\N
25	aa		\N	2024-02-07 21:41:36.409159+00	t	3	4849	88	1	\N	1042
26	2		\N	2024-02-07 21:41:36.413269+00	f	3	4849	88	2	\N	1042
28	aa		\N	2024-02-07 21:41:36.452327+00	t	5	4849	88	5	\N	1042
27	2001		\N	2024-02-07 21:41:36.41742+00	f	3	4849	88	3	\N	1042
29	\N		\N	2024-02-18 15:06:34.18852+00	\N	\N	\N	\N	\N	\N	\N
30	\N		\N	2024-04-13 11:47:34.075707+00	\N	\N	\N	\N	\N	\N	\N
31	\N		\N	2024-04-13 11:51:01.497631+00	\N	\N	\N	\N	\N	\N	\N
32	\N		\N	2024-04-13 19:10:56.209064+00	\N	\N	\N	\N	\N	\N	\N
33	\N		\N	2024-04-13 19:11:06.603068+00	\N	\N	\N	\N	\N	\N	\N
3	\N		\N	2023-07-18 15:00:53.388248+00	\N	\N	\N	\N	\N	\N	\N
5	\N		\N	2023-07-25 16:46:20.099009+00	\N	\N	\N	\N	\N	\N	\N
7	\N		\N	2023-09-22 11:24:35.390908+00	\N	\N	\N	\N	\N	\N	\N
10	2001		\N	2023-10-04 17:02:03.456787+00	f	3	4849	85	3	\N	1042
9	maio		\N	2023-10-04 17:02:03.45447+00	f	3	4849	85	2	\N	1042
8	22		\N	2023-10-04 17:02:03.451829+00	f	3	4849	85	1	\N	1042
12	\N	users/85/12-univ-lusofona_KgIwEM3.jpg	\N	2023-10-04 17:04:10.591787+00	f	9	4850	85	7	\N	1042
13	\N	users/85/None-univ-lusofona_3XvauOL.jpg	\N	2023-10-04 17:05:18.762191+00	f	8	4850	85	6	\N	1042
14	\N		\N	2024-01-13 15:12:17.095171+00	\N	\N	\N	\N	\N	\N	\N
15	\N		\N	2024-01-13 15:12:22.060075+00	\N	\N	\N	\N	\N	\N	\N
16	\N		\N	2024-01-13 15:12:56.452618+00	\N	\N	\N	\N	\N	\N	\N
17	\N		\N	2024-01-13 15:12:58.346583+00	\N	\N	\N	\N	\N	\N	\N
18	\N		\N	2024-01-13 15:13:02.526843+00	\N	\N	\N	\N	\N	\N	\N
19	\N		\N	2024-01-13 15:13:06.812724+00	\N	\N	\N	\N	\N	\N	\N
20	\N		\N	2024-01-13 15:13:07.341815+00	\N	\N	\N	\N	\N	\N	\N
22	2001		\N	2024-01-13 15:14:56.782164+00	f	3	4849	94	3	\N	1042
23	12		\N	2024-01-13 15:14:56.841129+00	t	3	4849	94	2	\N	1042
21	24		\N	2024-01-13 15:14:56.779916+00	t	3	4849	94	1	\N	1042
11	Lisboa		\N	2023-10-04 17:03:34.822338+00	t	5	4849	94	5	\N	1042
\.


--
-- Data for Name: diario_sessao; Type: TABLE DATA; Schema: public; Owner: leda
--

COPY public.diario_sessao (id, nome, "numeroSessao", tema, dinamizadores, componentes, "instrumentoAvaliacao", programa, materiais) FROM stdin;
3	Compreender a doena II	3	* Informao sobre as doenas (esquizofrenia, incapacidade intelectual) ou continuao da sesso anterior\r\n* Dificuldades sentidas face aos desafios das doenas	1 Dinamizador; 1 Psiclogo	Educativa e Emocional		CARE	
2	Compreender a doena I	2	* Informao sobre as doenas (demncia e perturbao bipolar)\r\n* Dificuldades sentidas face aos desafios das doenas	1 Dinamizador; 1 Psiclogo	Educativa e Emocional		CARE	
5	Cuidados  pessoa I	5	* Cuidados  pessoa I: higiene e conforto, eliminao, alimentao e medicao\r\n* Dificuldades sentidas face aos cuidados prestados	1 Dinamizador; 1 Enfermeiro	Educativa e Emocional		CARE	
10	Emoes no Cuidar	10	* Stresse e emoes no cuidar\r\n* Estratgias de coping	1 Dinamizador; 1 psiclogo	Educativa e Emocional		CARE	
11	Cuidar do Cuidador I	11	* Estratgias de autocuidado, valorizao pessoal\r\n* Exerccios de relaxamento\r\n* Reflexes sobre a importncia do bem-estar	2 Dinamizadores	Educativa e Emocional		CARE	
16	Sesso 3	3	Ateno e Memria visual imediata, Ateno e Memria e Memria Visual Diferida.	2 Dinamizadores	\N		COG	
14	Sesso 1	1	* Apresentao do programa\r\n* Orientao Pessoal\r\n* Orientao temporal e espacial\r\n* Memria de aprendizagem / associao caralugar dos participantes do grupo	2 Dinamizadores	\N		COG	
17	Sesso 4	4	Memria lgica Verbal Imediata e Leitura, Memria remota e Abstrao verbal.	2 Dinamizadores	\N		COG	
18	Sesso 5	5	Memria Remota biogrfica ,Escrita e Iniciativa verbal e Memria remota Visual.	2 Dinamizadores	\N		COG	
19	Sesso 6	6	Linguagem / Fluncia Semntica.	2 Dinamizadores	\N		COG	
21	Sesso 8	8	Memria verbal imediata, Leitura, Compreenso, Crtica, Ateno e Memria operativa.	2 Dinamizadores	\N		COG	
22	Sesso 9	9	Ateno, Memria Visual Imediata, Memria Operativa, Controlo mental, Reconhecimento Visual  de caras no familiares e evocao diferida.	2 Dinamizadores	\N		COG	
23	Sesso 10	10	Ateno-concentrao, Compreenso de instrues simples.\r\nPraxia  Uso de objetos	2 Dinamizadores	\N		COG	
24	Sesso 11	11	Discriminao numrica, calculo e resoluo de problemas e abstrao Verbal.	2 Dinamizadores	\N		COG	
25	Sesso 12	12	Raciocnio Lgico e Planificao.	2 Dinamizadores	\N		COG	
26	Sesso 13	13	Inibio de resposta, Praxia construtiva e Planificao.	2 Dinamizadores	\N		COG	
27	Sesso 14	14	Flexibilidade mental e Planificao.	2 Dinamizadores	\N		COG	
20	Sesso 7	7	Nomeao, Memria imediata, Memria verbal remota e Reconhecimento visual.	2 Dinamizadores	\N		COG	
15	Sesso 2	2	Ateno, Praxia construtiva e Percepo	2 Dinamizadores	\N		COG	
12	Cuidar do Cuidador II	12	* Atividades de lazer\r\n* Reflexes sobre a importncia do bem-estar	2 Dinamizadores	Educativa e Emocional		CARE	
13	Encerramento	13	* Reflexes acerca do programa\r\n* Convvio	2 Dinamizadores	Emocional		CARE	
4	Medidas de apoio	4	* Medidas de apoio social e jurdico\r\n* Recursos da comunidade	1 Dinamizador; 1 Assistente Social; 1 Jurista	Educativa		CARE	
7	Comunicao I	7	* Estratgias de comunicao e de resposta a comportamentos desafiantes\r\n* Dificuldades sentidas face aos cuidados prestados	1 Dinamizador; 1 Psiclogo	Educativa e Emocional		CARE	
9	Ocupao	9	* Estratgias de ocupao do RC: formas de entretenimento e estimulao\r\n* Reflexes sobre a importncia da ocupao	2 Dinamizadores	Educativa e Emocional		CARE	
8	Comunicao II	8	* Estratgias de comunicao e de resposta a comportamentos desafiantes\r\n* Dificuldades sentidas face aos cuidados prestados	1 Dinamizador; 1 Psiclogo	Educativa e Emocional		CARE	
6	Cuidados  pessoa II	6	* Cuidados  pessoa II: transferncias e posicionamentos\r\n* Exerccios de postura e alvio da sobrecarga mecnica	1 Dinamizador; 1 Terapeuta Ocupacional ou Fisioterapeuta ou Enfermeiro	Educativa		CARE	
1	Acolhimento	1	* Apresentao e acolhimento dos CI \r\n* Apresentao do programa  PPCI-MentHA	2 Dinamizadores	Emocional		CARE	
\.


--
-- Data for Name: diario_sessaodogrupo; Type: TABLE DATA; Schema: public; Owner: leda
--

COPY public.diario_sessaodogrupo (id, regime, estado, data, inicio, fim, concluido, relatorio, diario_bordo, grupo_id, parte_ativa_id, sessao_id) FROM stdin;
1003	P	PR	\N	\N	\N	f			148	\N	26
1004	P	PR	\N	\N	\N	f			148	\N	25
1005	P	PR	\N	\N	\N	f			148	\N	21
1006	P	PR	\N	\N	\N	f			148	\N	27
1007	P	PR	\N	\N	\N	f			148	\N	17
1008	P	PR	\N	\N	\N	f			148	\N	24
1353	P	PR	\N	\N	\N	f			183	\N	3
1011	P	PR	\N	\N	\N	f			148	\N	22
1012	P	PR	\N	\N	\N	f			148	\N	23
1013	P	PR	\N	\N	\N	f			148	\N	19
1014	P	PR	\N	\N	\N	f			148	\N	18
1016	P	PR	\N	\N	\N	f			148	\N	16
1354	P	PR	\N	\N	\N	f			183	\N	2
1355	P	PR	\N	\N	\N	f			183	\N	5
1356	P	PR	\N	\N	\N	f			183	\N	10
1357	P	PR	\N	\N	\N	f			183	\N	11
1358	P	PR	\N	\N	\N	f			183	\N	12
1359	P	PR	\N	\N	\N	f			183	\N	13
1360	P	PR	\N	\N	\N	f			183	\N	4
1361	P	PR	\N	\N	\N	f			183	\N	7
1362	P	PR	\N	\N	\N	f			183	\N	9
1363	P	PR	\N	\N	\N	f			183	\N	8
1364	P	PR	\N	\N	\N	f			183	\N	6
1365	P	PR	\N	\N	\N	f			183	\N	1
1009	P	PR	\N	\N	\N	f			148	1	14
1496	P	PR	\N	\N	\N	f			194	\N	21
1497	P	PR	\N	\N	\N	f			194	\N	22
1498	P	PR	\N	\N	\N	f			194	\N	23
1499	P	PR	\N	\N	\N	f			194	\N	24
1500	P	PR	\N	\N	\N	f			194	\N	25
1015	P	PR	\N	\N	\N	f			148	9	15
1030	P	PR	\N	\N	\N	f			151	\N	26
1031	P	PR	\N	\N	\N	f			151	\N	25
1032	P	PR	\N	\N	\N	f			151	\N	21
1033	P	PR	\N	\N	\N	f			151	\N	27
1034	P	PR	\N	\N	\N	f			151	\N	17
1035	P	PR	\N	\N	\N	f			151	\N	24
1421	P	PR	\N	\N	\N	f			189	\N	3
1037	P	PR	\N	\N	\N	f			151	\N	20
1038	P	PR	\N	\N	\N	f			151	\N	22
1039	P	PR	\N	\N	\N	f			151	\N	23
1040	P	PR	\N	\N	\N	f			151	\N	19
1041	P	PR	\N	\N	\N	f			151	\N	18
1422	P	PR	\N	\N	\N	f			189	\N	2
1043	P	PR	\N	\N	\N	f			151	\N	16
1423	P	PR	\N	\N	\N	f			189	\N	5
1424	P	PR	\N	\N	\N	f			189	\N	10
1425	P	PR	\N	\N	\N	f			189	\N	11
1426	P	PR	\N	\N	\N	f			189	\N	12
1427	P	PR	\N	\N	\N	f			189	\N	13
1428	P	PR	\N	\N	\N	f			189	\N	4
1036	P	R	2023-09-26 20:58:00+00	2023-09-26 19:57:44.553815+00	2023-09-26 20:02:27.926415+00	t		diarios/diarioBordoSessaoCOGSesso1.dogrupoMentha-COG.docx	151	\N	14
1429	P	PR	\N	\N	\N	f			189	\N	7
1430	P	PR	\N	\N	\N	f			189	\N	9
1431	P	PR	\N	\N	\N	f			189	\N	8
1432	P	PR	\N	\N	\N	f			189	\N	6
1501	P	PR	\N	\N	\N	f			194	\N	26
1010	P	EC	2024-01-18 16:46:00+00	2024-10-18 13:05:11.470536+00	\N	f			148	1	20
1502	P	PR	\N	\N	\N	f			194	\N	27
1433	P	R	2024-10-31 20:21:00+00	2024-10-31 20:22:10.662132+00	2024-10-31 20:38:08.928364+00	t	relatorios/relatorioSessaoCARESesso1.AcolhimentodogrupoTomsNave.docx	diarios/diarioBordoSessaoCARESesso1.AcolhimentodogrupoTomsNave.docx	189	\N	1
1489	P	PR	\N	\N	\N	f			194	\N	15
1490	P	PR	\N	\N	\N	f			194	\N	16
1491	P	PR	\N	\N	\N	f			194	\N	14
1492	P	PR	\N	\N	\N	f			194	\N	17
1493	P	PR	\N	\N	\N	f			194	\N	18
1494	P	PR	\N	\N	\N	f			194	\N	19
1495	P	PR	\N	\N	\N	f			194	\N	20
1299	P	PR	\N	\N	\N	f			179	\N	15
1300	P	PR	\N	\N	\N	f			179	\N	16
1302	P	PR	\N	\N	\N	f			179	\N	17
1303	P	PR	\N	\N	\N	f			179	\N	18
1304	P	PR	\N	\N	\N	f			179	\N	19
1305	P	PR	\N	\N	\N	f			179	\N	20
1306	P	PR	\N	\N	\N	f			179	\N	21
1219	P	PR	\N	\N	\N	f			173	\N	15
1307	P	PR	\N	\N	\N	f			179	\N	22
1139	P	PR	\N	\N	\N	f			164	\N	3
1140	P	PR	\N	\N	\N	f			164	\N	2
1141	P	PR	\N	\N	\N	f			164	\N	5
1142	P	PR	\N	\N	\N	f			164	\N	10
1143	P	PR	\N	\N	\N	f			164	\N	11
1144	P	PR	\N	\N	\N	f			164	\N	12
1145	P	PR	\N	\N	\N	f			164	\N	13
1146	P	PR	\N	\N	\N	f			164	\N	4
1147	P	PR	\N	\N	\N	f			164	\N	7
1148	P	PR	\N	\N	\N	f			164	\N	9
1149	P	PR	\N	\N	\N	f			164	\N	8
1150	P	PR	\N	\N	\N	f			164	\N	6
1151	P	PR	\N	\N	\N	f			164	\N	1
1308	P	PR	\N	\N	\N	f			179	\N	23
1220	P	PR	\N	\N	\N	f			173	\N	16
1222	P	PR	\N	\N	\N	f			173	\N	17
1309	P	PR	\N	\N	\N	f			179	\N	24
1366	P	PR	\N	\N	\N	f			184	\N	3
1310	P	PR	\N	\N	\N	f			179	\N	25
1223	P	PR	\N	\N	\N	f			173	\N	18
1311	P	PR	\N	\N	\N	f			179	\N	26
1152	P	PR	\N	\N	\N	f			165	\N	3
1153	P	PR	\N	\N	\N	f			165	\N	2
1154	P	PR	\N	\N	\N	f			165	\N	5
1155	P	PR	\N	\N	\N	f			165	\N	10
1156	P	PR	\N	\N	\N	f			165	\N	11
1157	P	PR	\N	\N	\N	f			165	\N	12
1158	P	PR	\N	\N	\N	f			165	\N	13
1159	P	PR	\N	\N	\N	f			165	\N	4
1160	P	PR	\N	\N	\N	f			165	\N	7
1161	P	PR	\N	\N	\N	f			165	\N	9
1162	P	PR	\N	\N	\N	f			165	\N	8
1163	P	PR	\N	\N	\N	f			165	\N	6
1164	P	PR	\N	\N	\N	f			165	\N	1
1367	P	PR	\N	\N	\N	f			184	\N	2
1368	P	PR	\N	\N	\N	f			184	\N	5
1369	P	PR	\N	\N	\N	f			184	\N	10
1370	P	PR	\N	\N	\N	f			184	\N	11
1371	P	PR	\N	\N	\N	f			184	\N	12
1372	P	PR	\N	\N	\N	f			184	\N	13
1373	P	PR	\N	\N	\N	f			184	\N	4
1374	P	PR	\N	\N	\N	f			184	\N	7
1375	P	PR	\N	\N	\N	f			184	\N	9
1376	P	PR	\N	\N	\N	f			184	\N	8
1377	P	PR	\N	\N	\N	f			184	\N	6
1378	P	PR	\N	\N	\N	f			184	\N	1
1393	P	PR	\N	\N	\N	f			186	\N	15
1394	P	PR	\N	\N	\N	f			186	\N	16
1396	P	PR	\N	\N	\N	f			186	\N	17
1397	P	PR	\N	\N	\N	f			186	\N	18
1398	P	PR	\N	\N	\N	f			186	\N	19
1399	P	PR	\N	\N	\N	f			186	\N	20
1400	P	PR	\N	\N	\N	f			186	\N	21
1401	P	PR	\N	\N	\N	f			186	\N	22
1402	P	PR	\N	\N	\N	f			186	\N	23
1403	P	PR	\N	\N	\N	f			186	\N	24
1404	P	PR	\N	\N	\N	f			186	\N	25
1405	P	PR	\N	\N	\N	f			186	\N	26
1406	P	PR	\N	\N	\N	f			186	\N	27
1441	P	PR	\N	\N	\N	f			190	\N	21
1312	P	PR	\N	\N	\N	f			179	\N	27
1301	P	PR	2024-04-17 12:53:00+00	\N	\N	f			179	\N	14
1343	P	PR	\N	\N	\N	f			182	\N	18
1344	P	PR	\N	\N	\N	f			182	\N	19
1042	P	R	2023-10-16 10:00:00+00	2023-10-01 15:22:23.325675+00	2024-06-27 15:49:39.625738+00	t		diarios/diarioBordoSessaoCOGSesso2.Sesso2dogrupoMentha-COG.docx	151	\N	15
1339	P	PR	\N	\N	\N	f			182	\N	15
1341	P	PR	\N	\N	\N	f			182	\N	14
1342	P	PR	\N	\N	\N	f			182	\N	17
1345	P	PR	\N	\N	\N	f			182	\N	20
1346	P	PR	\N	\N	\N	f			182	\N	21
1347	P	PR	\N	\N	\N	f			182	\N	22
1348	P	PR	\N	\N	\N	f			182	\N	23
1349	P	PR	\N	\N	\N	f			182	\N	24
1224	P	PR	\N	\N	\N	f			173	\N	19
1350	P	PR	\N	\N	\N	f			182	\N	25
1351	P	PR	\N	\N	\N	f			182	\N	26
1352	P	PR	\N	\N	\N	f			182	\N	27
1340	P	PR	2024-06-18 09:42:00+00	\N	\N	f			182	\N	16
1395	P	EC	2024-10-14 15:54:00+00	2024-10-11 14:55:53.136293+00	\N	f			186	\N	14
1434	P	PR	\N	\N	\N	f			190	\N	15
1435	P	PR	\N	\N	\N	f			190	\N	16
1436	P	PR	\N	\N	\N	f			190	\N	14
1437	P	PR	\N	\N	\N	f			190	\N	17
1438	P	PR	\N	\N	\N	f			190	\N	18
1439	P	PR	\N	\N	\N	f			190	\N	19
1440	P	PR	\N	\N	\N	f			190	\N	20
1442	P	PR	\N	\N	\N	f			190	\N	22
1443	P	PR	\N	\N	\N	f			190	\N	23
1225	P	PR	\N	\N	\N	f			173	\N	20
1226	P	PR	\N	\N	\N	f			173	\N	21
1227	P	PR	\N	\N	\N	f			173	\N	22
1228	P	PR	\N	\N	\N	f			173	\N	23
1229	P	PR	\N	\N	\N	f			173	\N	24
1230	P	PR	\N	\N	\N	f			173	\N	25
1231	P	PR	\N	\N	\N	f			173	\N	26
1232	P	PR	\N	\N	\N	f			173	\N	27
1444	P	PR	\N	\N	\N	f			190	\N	24
1221	P	EC	2024-01-18 20:58:00+00	2024-01-21 20:58:47.243933+00	\N	f			173	\N	14
1445	P	PR	\N	\N	\N	f			190	\N	25
1446	P	PR	\N	\N	\N	f			190	\N	26
1447	P	PR	\N	\N	\N	f			190	\N	27
1379	P	PR	\N	\N	\N	f			185	\N	15
1380	P	PR	\N	\N	\N	f			185	\N	16
1313	P	PR	\N	\N	\N	f			180	\N	3
1314	P	PR	\N	\N	\N	f			180	\N	2
1315	P	PR	\N	\N	\N	f			180	\N	5
1316	P	PR	\N	\N	\N	f			180	\N	10
1317	P	PR	\N	\N	\N	f			180	\N	11
1318	P	PR	\N	\N	\N	f			180	\N	12
1319	P	PR	\N	\N	\N	f			180	\N	13
1320	P	PR	\N	\N	\N	f			180	\N	4
1321	P	PR	\N	\N	\N	f			180	\N	7
1322	P	PR	\N	\N	\N	f			180	\N	9
1323	P	PR	\N	\N	\N	f			180	\N	8
1324	P	PR	\N	\N	\N	f			180	\N	6
1260	P	PR	\N	\N	\N	f			176	\N	3
1262	P	PR	\N	\N	\N	f			176	\N	5
1263	P	PR	\N	\N	\N	f			176	\N	10
1264	P	PR	\N	\N	\N	f			176	\N	11
1265	P	PR	\N	\N	\N	f			176	\N	12
1266	P	PR	\N	\N	\N	f			176	\N	13
1267	P	PR	\N	\N	\N	f			176	\N	4
1268	P	PR	\N	\N	\N	f			176	\N	7
1269	P	PR	\N	\N	\N	f			176	\N	9
1270	P	PR	\N	\N	\N	f			176	\N	8
1271	P	PR	\N	\N	\N	f			176	\N	6
1272	P	PR	\N	\N	\N	f			176	\N	1
1325	P	PR	\N	\N	\N	f			180	\N	1
1261	P	PR	2024-06-19 16:48:00+00	\N	\N	f			176	\N	2
1382	P	PR	\N	\N	\N	f			185	\N	17
1383	P	PR	\N	\N	\N	f			185	\N	18
1384	P	PR	\N	\N	\N	f			185	\N	19
1385	P	PR	\N	\N	\N	f			185	\N	20
1386	P	PR	\N	\N	\N	f			185	\N	21
1387	P	PR	\N	\N	\N	f			185	\N	22
1388	P	PR	\N	\N	\N	f			185	\N	23
1389	P	PR	\N	\N	\N	f			185	\N	24
1390	P	PR	\N	\N	\N	f			185	\N	25
1391	P	PR	\N	\N	\N	f			185	\N	26
1392	P	PR	\N	\N	\N	f			185	\N	27
1408	P	PR	\N	\N	\N	f			188	\N	16
1410	P	PR	\N	\N	\N	f			188	\N	17
1411	P	PR	\N	\N	\N	f			188	\N	18
1412	P	PR	\N	\N	\N	f			188	\N	19
1413	P	PR	\N	\N	\N	f			188	\N	20
1414	P	PR	\N	\N	\N	f			188	\N	21
1415	P	PR	\N	\N	\N	f			188	\N	22
1416	P	PR	\N	\N	\N	f			188	\N	23
1417	P	PR	\N	\N	\N	f			188	\N	24
1418	P	PR	\N	\N	\N	f			188	\N	25
1419	P	PR	\N	\N	\N	f			188	\N	26
1420	P	PR	\N	\N	\N	f			188	\N	27
1409	P	R	2024-10-18 14:07:00+00	2024-10-18 13:07:29.422779+00	2024-10-18 13:07:45.959421+00	t		diarios/diarioBordoSessaoCOGSesso1.Sesso1dogrupoteste2025.docx	188	\N	14
1407	P	EC	2024-10-18 14:08:00+00	2024-10-18 13:08:08.348121+00	\N	f			188	\N	15
1381	P	R	2025-03-05 17:01:00+00	2025-03-05 17:01:28.126709+00	2025-03-05 17:05:10.944983+00	t		diarios/diarioBordoSessaoCOGSesso1.Sesso1dogrupoteste.docx	185	\N	14
1448	P	PR	\N	\N	\N	f			191	\N	3
1449	P	PR	\N	\N	\N	f			191	\N	2
1450	P	PR	\N	\N	\N	f			191	\N	5
1451	P	PR	\N	\N	\N	f			191	\N	10
1452	P	PR	\N	\N	\N	f			191	\N	11
1453	P	PR	\N	\N	\N	f			191	\N	12
1454	P	PR	\N	\N	\N	f			191	\N	13
1455	P	PR	\N	\N	\N	f			191	\N	4
1456	P	PR	\N	\N	\N	f			191	\N	7
1457	P	PR	\N	\N	\N	f			191	\N	9
1458	P	PR	\N	\N	\N	f			191	\N	8
1459	P	PR	\N	\N	\N	f			191	\N	6
1460	P	PR	\N	\N	\N	f			191	\N	1
\.


--
-- Data for Name: django_admin_log; Type: TABLE DATA; Schema: public; Owner: leda
--

COPY public.django_admin_log (id, action_time, object_id, object_repr, action_flag, change_message, content_type_id, user_id) FROM stdin;
46	2023-06-20 15:27:24.508575+00	62	cristovaoFreire	2	[{"changed": {"fields": ["Groups"]}}]	4	3
45	2023-06-20 15:27:09.361207+00	67	custodiaMartins	2	[{"changed": {"fields": ["Groups"]}}]	4	3
44	2023-06-20 15:26:58.698365+00	75	danielaFidalgo	2	[{"changed": {"fields": ["Groups"]}}]	4	3
43	2023-06-20 15:26:51.460825+00	44	elisaSousa	2	[{"changed": {"fields": ["Groups"]}}]	4	3
42	2023-06-20 15:26:43.034834+00	40	emiliaNogueira	2	[{"changed": {"fields": ["Groups"]}}]	4	3
41	2023-06-20 15:26:33.713672+00	52	fatimaAmorim	2	[{"changed": {"fields": ["Groups"]}}]	4	3
40	2023-06-20 15:26:26.176782+00	41	fernandaMartins	2	[{"changed": {"fields": ["Groups"]}}]	4	3
39	2023-06-20 15:26:18.912757+00	73	franciscaTomas	2	[{"changed": {"fields": ["Groups"]}}]	4	3
38	2023-06-20 15:26:12.404202+00	54	franciscoVieira	2	[{"changed": {"fields": ["Groups"]}}]	4	3
36	2023-06-20 15:25:40.191194+00	80	goncaloCoimbra	2	[{"changed": {"fields": ["Groups"]}}]	4	3
35	2023-06-20 15:25:18.047479+00	63	gustavoCorreia	2	[{"changed": {"fields": ["Groups"]}}]	4	3
34	2023-06-20 15:25:06.281909+00	43	helderCerqueira	2	[{"changed": {"fields": ["Groups"]}}]	4	3
33	2023-06-20 15:24:59.072115+00	78	henriqueTorres	2	[{"changed": {"fields": ["Groups"]}}]	4	3
32	2023-06-20 15:24:50.646915+00	57	inacioPaiva	2	[{"changed": {"fields": ["Groups"]}}]	4	3
31	2023-06-20 15:24:39.793315+00	59	jacintoCorreia	2	[{"changed": {"fields": ["Groups"]}}]	4	3
30	2023-06-20 15:24:33.218079+00	74	jaimeDias	2	[{"changed": {"fields": ["Groups"]}}]	4	3
29	2023-06-20 15:24:26.91353+00	38	josePaiva	2	[{"changed": {"fields": ["Groups"]}}]	4	3
28	2023-06-20 15:24:18.040254+00	56	julioMendes	2	[{"changed": {"fields": ["Groups"]}}]	4	3
27	2023-06-20 15:24:10.866763+00	35	manuelMachado	2	[{"changed": {"fields": ["Groups"]}}]	4	3
26	2023-06-20 15:24:00.801231+00	47	marceloGama	2	[{"changed": {"fields": ["Groups"]}}]	4	3
25	2023-06-20 15:23:50.878965+00	64	marianaMiranda	2	[{"changed": {"fields": ["Groups"]}}]	4	3
24	2023-06-20 15:23:36.913733+00	45	matildeFreire	2	[{"changed": {"fields": ["Groups"]}}]	4	3
23	2023-06-20 15:23:27.39732+00	66	monicaBrito	2	[{"changed": {"fields": ["Groups"]}}]	4	3
22	2023-06-20 15:23:19.386813+00	2	nuno	2	[{"changed": {"fields": ["Groups"]}}]	4	3
21	2023-06-20 15:23:08.755239+00	70	nuriaMonteiro	2	[{"changed": {"fields": ["Groups"]}}]	4	3
20	2023-06-20 15:23:02.291088+00	53	oliviaBaptista	2	[{"changed": {"fields": ["Groups"]}}]	4	3
19	2023-06-20 15:22:51.187968+00	60	pauloSilva	2	[{"changed": {"fields": ["Groups"]}}]	4	3
18	2023-06-20 15:22:31.621549+00	77	ritaAguiar	2	[{"changed": {"fields": ["Groups"]}}]	4	3
17	2023-06-20 15:22:23.976627+00	72	rosarioFernandes	2	[{"changed": {"fields": ["Groups"]}}]	4	3
16	2023-06-20 15:22:16.747126+00	51	sandroDantas	2	[{"changed": {"fields": ["Groups"]}}]	4	3
15	2023-06-20 15:22:09.76347+00	36	soniaMendonca	2	[{"changed": {"fields": ["Groups"]}}]	4	3
14	2023-06-20 15:22:02.780113+00	48	soraiaMendes	2	[{"changed": {"fields": ["Groups"]}}]	4	3
13	2023-06-20 15:21:56.312115+00	76	victorCruz	2	[{"changed": {"fields": ["Groups"]}}]	4	3
12	2023-06-20 15:21:50.865186+00	39	xavierLobo	2	[{"changed": {"fields": ["Groups"]}}]	4	3
11	2023-06-20 15:21:31.575678+00	3	superuser	2	[]	4	3
10	2023-06-20 15:21:22.743355+00	83	avaliador	2	[{"changed": {"fields": ["Groups"]}}]	4	3
9	2023-06-20 15:21:15.223945+00	82	risk-avaliador	2	[{"changed": {"fields": ["Groups"]}}]	4	3
8	2023-06-20 15:20:53.660625+00	3	superuser	2	[{"changed": {"fields": ["Groups"]}}]	4	3
7	2023-06-20 15:20:32.399341+00	6	Participante	1	[{"added": {}}]	3	3
6	2023-06-20 15:20:15.162504+00	5	Dinamizador	1	[{"added": {}}]	3	3
5	2023-06-20 15:19:56.228838+00	4	Cuidador	1	[{"added": {}}]	3	3
4	2023-06-20 15:19:45.845085+00	3	Avaliador-Risk	1	[{"added": {}}]	3	3
3	2023-06-20 15:19:28.421509+00	2	Avaliador	1	[{"added": {}}]	3	3
1	2023-06-20 15:18:23.256514+00	1	Administrador	1	[{"added": {}}]	3	3
68	2023-06-20 16:09:29.683746+00	8	Esto prontos os guies para experimentar prottipos	2	[{"changed": {"fields": ["Titulo", "Texto"]}}]	58	3
173	2023-07-13 12:06:11.931421+00	67	MentHA-Risk Miguel Carvalho	3		45	3
67	2023-06-20 16:09:13.035238+00	9	Desenho de casos de uso das aplicaes e modelao concluses	2	[]	58	3
65	2023-06-20 16:07:55.779063+00	9	Desenho de casos de uso das aplicaes e modelao concluses	2	[{"changed": {"fields": ["Titulo", "Texto"]}}]	58	3
66	2023-06-20 16:09:05.841106+00	10	Defesa de projetos	2	[{"changed": {"fields": ["Texto", "Url"]}}]	58	3
64	2023-06-20 16:07:21.632391+00	12	Sesso de validao dos Prottipos MentHA	2	[{"changed": {"fields": ["Titulo"]}}]	58	3
62	2023-06-20 16:05:33.975305+00	13	Projeto MentHA Digital Premiado com Bolsa de Investigao Akira 2022 da SPA	2	[{"changed": {"fields": ["Titulo", "Texto"]}}]	58	3
63	2023-06-20 16:07:11.764475+00	12	Sesso de validao dos Protos MentHA	2	[{"changed": {"fields": ["Titulo", "Texto"]}}]	58	3
60	2023-06-20 15:29:33.996356+00	58	andreBrito	2	[{"changed": {"fields": ["Groups"]}}]	4	3
59	2023-06-20 15:29:28.705883+00	65	angelaCoutinho	2	[{"changed": {"fields": ["Groups"]}}]	4	3
58	2023-06-20 15:29:13.074534+00	61	anselmoPinho	2	[{"changed": {"fields": ["Groups"]}}]	4	3
57	2023-06-20 15:28:55.308059+00	34	antonioFaria	2	[{"changed": {"fields": ["Groups"]}}]	4	3
56	2023-06-20 15:28:43.800817+00	84	avaliador-risk	2	[{"changed": {"fields": ["Groups"]}}]	4	3
55	2023-06-20 15:28:36.838588+00	81	beatrizDuarte	2	[{"changed": {"fields": ["Groups"]}}]	4	3
54	2023-06-20 15:28:28.46294+00	50	bernardoMoreira	2	[{"changed": {"fields": ["Groups"]}}]	4	3
53	2023-06-20 15:28:21.39242+00	37	candidaQueiroz	2	[{"changed": {"fields": ["Groups"]}}]	4	3
52	2023-06-20 15:28:13.114882+00	49	carminhoSilva	2	[{"changed": {"fields": ["Groups"]}}]	4	3
51	2023-06-20 15:28:04.006443+00	79	carolinaPascoal	2	[{"changed": {"fields": ["Groups"]}}]	4	3
50	2023-06-20 15:27:57.41936+00	68	catiaLuz	2	[{"changed": {"fields": ["Groups"]}}]	4	3
49	2023-06-20 15:27:51.175789+00	71	claudiaTorres	2	[{"changed": {"fields": ["Groups"]}}]	4	3
48	2023-06-20 15:27:42.520184+00	55	claudioMatos	2	[{"changed": {"fields": ["Groups"]}}]	4	3
47	2023-06-20 15:27:34.080087+00	69	cristianaGusmao	2	[{"changed": {"fields": ["Groups"]}}]	4	3
61	2023-06-20 15:29:40.931799+00	46	alfredoMonteiro	2	[{"changed": {"fields": ["Groups"]}}]	4	3
93	2023-07-11 13:29:25.385465+00	4	Sessao n:1, D, objetivo: Apresentar o PPCI - MentHA	2	[{"changed": {"fields": ["Ordem"]}}]	17	3
92	2023-07-11 13:29:22.943103+00	3	Sessao n:1, D, objetivo: Apresentar e acolher os CI	2	[{"changed": {"fields": ["Ordem"]}}]	17	3
91	2023-07-11 13:29:20.474323+00	2	Sessao n:1, D, objetivo: Apresentar o projeto MentHA e sua equipa	2	[{"changed": {"fields": ["Ordem"]}}]	17	3
90	2023-07-11 13:29:13.407325+00	1	Sessao n:1, I, objetivo: Receber e integrar os participantes.	2	[{"changed": {"fields": ["Ordem"]}}]	17	3
89	2023-07-11 11:54:01.614346+00	45	Sessao n:12, I, objetivo: Receber os participantes.	2	[{"changed": {"fields": ["Duracao"]}}]	17	3
88	2023-07-11 10:40:53.359831+00	30	Sessao n:8, I, objetivo: Receber os participantes.	2	[{"changed": {"fields": ["Sessao"]}}]	17	3
87	2023-07-11 10:17:23.215657+00	14	Sessao n:4, I, objetivo: Receber os participantes	2	[{"changed": {"fields": ["Apresentacao"]}}]	17	3
86	2023-07-11 10:17:13.594581+00	10	Sessao n:3, I, objetivo: Receber os participantes.	2	[{"changed": {"fields": ["Apresentacao"]}}]	17	3
85	2023-07-11 10:17:04.433197+00	6	Sessao n:2, I, objetivo: Receber e integrar os participantes.	2	[{"changed": {"fields": ["Apresentacao"]}}]	17	3
84	2023-07-11 10:16:47.698299+00	1	Sessao n:1, I, objetivo: Receber e integrar os participantes.	2	[{"changed": {"fields": ["Apresentacao"]}}]	17	3
83	2023-07-11 10:16:03.403458+00	26	Sessao n:7, I, objetivo: Receber os participantes.	2	[{"changed": {"fields": ["Apresentacao"]}}]	17	3
82	2023-07-11 10:15:31.634618+00	14	Sessao n:4, I, objetivo: Receber os participantes	2	[{"changed": {"fields": ["Apresentacao"]}}]	17	3
81	2023-07-11 10:15:19.862621+00	10	Sessao n:3, I, objetivo: Receber os participantes.	2	[{"changed": {"fields": ["Apresentacao"]}}]	17	3
80	2023-07-11 10:15:05.153801+00	6	Sessao n:2, I, objetivo: Receber e integrar os participantes.	2	[{"changed": {"fields": ["Apresentacao"]}}]	17	3
79	2023-07-11 09:52:07.222736+00	1	Sessao n:1, I, objetivo: Receber e integrar os participantes.	2	[{"changed": {"fields": ["Apresentacao"]}}]	17	3
78	2023-07-08 15:53:48.99046+00	36	Nria Monteiro	2	[{"changed": {"fields": ["Grupo"]}}]	20	3
77	2023-07-08 02:49:24.634469+00	153	Provrbio B	2	[{"changed": {"fields": ["Question type"]}}]	54	3
76	2023-06-20 16:11:54.250911+00	11	5 novos colaboradores do MentHA Digital	2	[{"changed": {"fields": ["Texto"]}}]	58	3
75	2023-06-20 16:11:45.7489+00	12	Sesso de validao dos Prottipos MentHA	2	[{"changed": {"fields": ["Texto"]}}]	58	3
74	2023-06-20 16:11:07.797279+00	1	MentHA Digital ganhou concurso DGS	2	[{"changed": {"fields": ["Texto"]}}]	58	3
73	2023-06-20 16:10:57.138372+00	2	Reunio de apresentao aos Parceiros	2	[{"changed": {"fields": ["Titulo", "Texto"]}}]	58	3
72	2023-06-20 16:10:39.979032+00	3	Levantamento e anlise de requisitos	2	[{"changed": {"fields": ["Titulo", "Texto"]}}]	58	3
71	2023-06-20 16:10:23.091684+00	4	Questionrio de viabilidade e pertinncia	2	[{"changed": {"fields": ["Titulo", "Texto"]}}]	58	3
116	2023-07-11 13:33:46.409362+00	27	Sessao n:7, D, objetivo: Explorar estratgias de comunicao e de gesto de comportamentos desafiantes.	2	[{"changed": {"fields": ["Ordem"]}}]	17	3
115	2023-07-11 13:33:44.186412+00	26	Sessao n:7, I, objetivo: Receber os participantes.	2	[{"changed": {"fields": ["Ordem"]}}]	17	3
114	2023-07-11 13:33:34.694211+00	25	Sessao n:6, F, objetivo: Encerrar a sesso	2	[{"changed": {"fields": ["Ordem"]}}]	17	3
113	2023-07-11 13:33:32.085442+00	24	Sessao n:6, D, objetivo: Conhecer boas prticas na prestao de cuidados ao nvel das transferncias e posicionamentos	2	[{"changed": {"fields": ["Ordem"]}}]	17	3
112	2023-07-11 13:33:29.701078+00	23	Sessao n:6, D, objetivo: Conhecer boas prticas na prestao de cuidados ao nvel das transferncias e posicionamentos	2	[{"changed": {"fields": ["Ordem"]}}]	17	3
111	2023-07-11 13:33:27.184153+00	22	Sessao n:6, I, objetivo: Receber os participantes.	2	[{"changed": {"fields": ["Ordem"]}}]	17	3
110	2023-07-11 13:33:18.783893+00	21	Sessao n:5, F, objetivo: Encerrar a sesso	2	[{"changed": {"fields": ["Ordem"]}}]	17	3
109	2023-07-11 13:33:16.668748+00	20	Sessao n:5, D, objetivo: Partilhar experincias no sentido da ventilao de emoes e normalizao de sentimentos	2	[{"changed": {"fields": ["Ordem"]}}]	17	3
108	2023-07-11 13:33:14.479087+00	19	Sessao n:5, D, objetivo: Conhecer boas prticas na prestao de cuidados de higiene e conforto,  eliminao, alimentao e medicao	2	[{"changed": {"fields": ["Ordem"]}}]	17	3
107	2023-07-11 13:33:11.977401+00	18	Sessao n:5, I, objetivo: Receber os participantes.	2	[{"changed": {"fields": ["Ordem"]}}]	17	3
106	2023-07-11 13:33:02.183239+00	17	Sessao n:4, F, objetivo: Encerrar a sesso	2	[{"changed": {"fields": ["Ordem"]}}]	17	3
105	2023-07-11 13:32:59.715555+00	16	Sessao n:4, D, objetivo: Promover o conhecimento dos participantes quanto aos processos de inabilitao e interdio (apoios legais).	2	[{"changed": {"fields": ["Ordem"]}}]	17	3
104	2023-07-11 13:32:57.301722+00	15	Sessao n:4, D, objetivo: Promover o conhecimento dos participantes quanto aos apoios sociais e recursos da comunidade existentes.	2	[{"changed": {"fields": ["Ordem"]}}]	17	3
103	2023-07-11 13:32:55.0027+00	14	Sessao n:4, I, objetivo: Receber os participantes	2	[{"changed": {"fields": ["Ordem"]}}]	17	3
102	2023-07-11 13:32:43.403742+00	13	Sessao n:3, F, objetivo: Encerrar a sesso	2	[{"changed": {"fields": ["Ordem"]}}]	17	3
101	2023-07-11 13:32:41.164457+00	12	Sessao n:3, D, objetivo: Partilhar experincias no sentido da ventilao de emoes e normalizao de sentimentos	2	[{"changed": {"fields": ["Ordem"]}}]	17	3
100	2023-07-11 13:32:38.807213+00	11	Sessao n:3, D, objetivo: Promover o conhecimento acerca das doenas mentais (esquizofrenia, incapacidade intelectual)	2	[{"changed": {"fields": ["Ordem"]}}]	17	3
99	2023-07-11 13:32:36.313204+00	10	Sessao n:3, I, objetivo: Receber os participantes.	2	[{"changed": {"fields": ["Ordem"]}}]	17	3
98	2023-07-11 13:32:12.222562+00	9	Sessao n:2, F, objetivo: Encerrar a sesso	2	[{"changed": {"fields": ["Ordem"]}}]	17	3
97	2023-07-11 13:32:09.303718+00	8	Sessao n:2, D, objetivo: Partilhar experincias no sentido da ventilao de emoes e normalizao de sentimentos	2	[{"changed": {"fields": ["Ordem"]}}]	17	3
96	2023-07-11 13:32:06.81983+00	7	Sessao n:2, D, objetivo: Promover o conhecimento acerca das doenas mentais (demncia e perturbao bipolar)	2	[{"changed": {"fields": ["Ordem"]}}]	17	3
95	2023-07-11 13:32:03.44035+00	6	Sessao n:2, I, objetivo: Receber e integrar os participantes.	2	[{"changed": {"fields": ["Ordem"]}}]	17	3
94	2023-07-11 13:29:27.922295+00	5	Sessao n:1, F, objetivo: Encerrar a sesso	2	[{"changed": {"fields": ["Ordem"]}}]	17	3
127	2023-07-11 13:36:43.400804+00	54	Sessao n:10, F, objetivo: Encerrar a sesso	3		17	3
121	2023-07-11 13:34:04.889174+00	32	Sessao n:8, D, objetivo: Partilhar experincias no sentido da ventilao de emoes e normalizao de sentimentos	2	[{"changed": {"fields": ["Ordem"]}}]	17	3
171	2023-07-13 12:04:05.464143+00	55	55. Miguel Carvalho -  (13/7/2023, 11:59)	3		52	3
170	2023-07-13 12:02:57.271913+00	53	53. Miguel Carvalho -  (13/7/2023, 11:52)	3		52	3
134	2023-07-11 13:38:01.64957+00	51	Sessao n:11, D, objetivo: Partilhar experincias e refletir acerca do tema: diminuio de ansiedade e depresso; diminuio da sobrecarga; desenvolvimento de estratgias de coping;	2	[{"changed": {"fields": ["Ordem"]}}]	17	3
133	2023-07-11 13:37:56.030377+00	43	Sessao n:11, D, objetivo: Incentivar o autocuidado e a valorizao do papel de cuidador	2	[{"changed": {"fields": ["Ordem"]}}]	17	3
132	2023-07-11 13:37:50.179465+00	42	Sessao n:11, I, objetivo: Receber os participantes.	2	[{"changed": {"fields": ["Ordem"]}}]	17	3
119	2023-07-11 13:34:00.39108+00	30	Sessao n:8, I, objetivo: Receber os participantes.	2	[{"changed": {"fields": ["Ordem"]}}]	17	3
117	2023-07-11 13:33:48.521871+00	28	Sessao n:7, D, objetivo: Partilhar experincias no sentido da ventilao de emoes e normalizao de sentimentos	2	[{"changed": {"fields": ["Ordem"]}}]	17	3
131	2023-07-11 13:37:28.538203+00	41	Sessao n:10, F, objetivo: Encerrar a sesso	2	[{"changed": {"fields": ["Ordem"]}}]	17	3
130	2023-07-11 13:37:25.75548+00	40	Sessao n:10, D, objetivo: Partilhar experincias e refletir acerca do tema: diminuio de ansiedade e depresso; diminuio da sobrecarga; desenvolvimento de estratgias de coping;	2	[{"changed": {"fields": ["Ordem"]}}]	17	3
125	2023-07-11 13:34:22.120927+00	36	Sessao n:9, D, objetivo: Partilhar experincias e refletir sobre a importncia da ocupao no bem-estar	2	[{"changed": {"fields": ["Ordem"]}}]	17	3
123	2023-07-11 13:34:16.010616+00	34	Sessao n:9, I, objetivo: Receber os participantes.	2	[{"changed": {"fields": ["Ordem"]}}]	17	3
124	2023-07-11 13:34:18.407302+00	35	Sessao n:9, D, objetivo: Promover boas prticas na prestao de cuidados: estratgias de ocupao do RC	2	[{"changed": {"fields": ["Ordem"]}}]	17	3
70	2023-06-20 16:10:05.670002+00	5	Prottipos interativos prontos	2	[{"changed": {"fields": ["Titulo", "Texto"]}}]	58	3
161	2023-07-12 16:47:21.471552+00	36	Nria Monteiro	2	[]	20	3
169	2023-07-13 12:02:57.261304+00	54	54. Miguel Carvalho -  (13/7/2023, 11:52)	3		52	3
168	2023-07-13 10:42:08.247792+00	38	Joaquim MS	3		20	3
140	2023-07-11 13:38:33.252026+00	48	Sessao n:13, I, objetivo: Receber os participantes.	2	[{"changed": {"fields": ["Ordem"]}}]	17	3
139	2023-07-11 13:38:21.851749+00	47	Sessao n:12, F, objetivo: Encerrar a sesso	2	[{"changed": {"fields": ["Ordem"]}}]	17	3
129	2023-07-11 13:37:23.462974+00	39	Sessao n:10, D, objetivo: Explorar estratgias de gesto emocional e de coping	2	[{"changed": {"fields": ["Ordem"]}}]	17	3
128	2023-07-11 13:37:21.145908+00	38	Sessao n:10, I, objetivo: Receber os participantes.	2	[{"changed": {"fields": ["Ordem"]}}]	17	3
126	2023-07-11 13:34:24.390796+00	37	Sessao n:9, F, objetivo: Encerrar a sesso	2	[{"changed": {"fields": ["Ordem"]}}]	17	3
122	2023-07-11 13:34:07.694613+00	33	Sessao n:8, F, objetivo: Encerrar a sesso	2	[{"changed": {"fields": ["Ordem"]}}]	17	3
37	2023-06-20 15:25:51.415038+00	42	fredericoVarejao	2	[{"changed": {"fields": ["Groups"]}}]	4	3
2	2023-06-20 15:19:07.453689+00	1	Administrador	2	[{"changed": {"fields": ["Permissions"]}}]	3	3
158	2023-07-12 15:27:17.881999+00	90	asmal-utente-3	3		4	3
118	2023-07-11 13:33:50.617164+00	29	Sessao n:7, F, objetivo: Encerrar a sesso	2	[{"changed": {"fields": ["Ordem"]}}]	17	3
167	2023-07-13 10:41:42.972873+00	37	3213	3		20	3
138	2023-07-11 13:38:18.885091+00	52	Sessao n:12, D, objetivo: Promover a diminuio de ansiedade e depresso; diminuio da sobrecarga; desenvolvimento de estratgias de coping e de redes sociais de apoio.	2	[{"changed": {"fields": ["Ordem"]}}]	17	3
137	2023-07-11 13:38:16.839509+00	46	Sessao n:12, D, objetivo: Incentivar o autocuidado.	2	[{"changed": {"fields": ["Ordem"]}}]	17	3
120	2023-07-11 13:34:02.578768+00	31	Sessao n:8, D, objetivo: Explorar estratgias de comunicao e de gesto de comportamentos desafiantes	2	[{"changed": {"fields": ["Ordem"]}}]	17	3
164	2023-07-12 19:25:28.361609+00	70	nuriaMonteiro	2	[{"changed": {"fields": ["password"]}}]	4	3
136	2023-07-11 13:38:14.358348+00	45	Sessao n:12, I, objetivo: Receber os participantes.	2	[{"changed": {"fields": ["Ordem"]}}]	17	3
135	2023-07-11 13:38:03.992238+00	44	Sessao n:11, F, objetivo: Encerrar a sesso	2	[{"changed": {"fields": ["Ordem"]}}]	17	3
166	2023-07-12 19:59:04.93401+00	1	1	3		26	3
165	2023-07-12 19:59:04.923445+00	2	2	3		26	3
163	2023-07-12 16:49:50.622894+00	2	Administrador object (2)	1	[{"added": {}}]	60	3
162	2023-07-12 16:47:41.124868+00	36	Nria Monteiro	2	[]	20	3
159	2023-07-12 15:29:56.789476+00	3	superuser	2	[{"changed": {"fields": ["password"]}}]	4	3
148	2023-07-11 15:15:38.847716+00	85	asmal-adm	2	[{"changed": {"fields": ["First name", "Last name", "Groups"]}}]	4	3
157	2023-07-12 15:27:17.876247+00	88	asmal-utente-1	3		4	3
145	2023-07-11 15:10:18.129816+00	10	ASMAL	1	[{"added": {}}]	23	3
156	2023-07-12 15:27:17.870513+00	91	asmal-utente	3		4	3
155	2023-07-12 15:27:17.864784+00	87	asmal-avaliador-2	3		4	3
142	2023-07-11 13:38:37.931906+00	53	Sessao n:13, D, objetivo: Promover as redes sociais de apoio.	2	[{"changed": {"fields": ["Ordem"]}}]	17	3
154	2023-07-12 15:27:17.85345+00	92	asmal-avaliador1	3		4	3
153	2023-07-12 15:27:17.843203+00	86	asmal-avaliador-1	3		4	3
152	2023-07-12 15:25:34.818169+00	3	asmal-avaliador1	3		59	3
151	2023-07-12 11:47:22.634085+00	1	Avaliador object (1)	3		59	3
150	2023-07-12 11:47:22.621708+00	2	Avaliador object (2)	3		59	3
147	2023-07-11 15:11:27.739968+00	1	Administrador object (1)	1	[{"added": {}}]	60	3
146	2023-07-11 15:11:22.218478+00	85	asmal-adm	1	[{"added": {}}]	4	3
144	2023-07-11 15:10:10.05322+00	9	ASMAL-demo	2	[{"changed": {"fields": ["Nome"]}}]	23	3
143	2023-07-11 13:38:41.124788+00	50	Sessao n:13, F, objetivo: Encerrar a sesso	2	[{"changed": {"fields": ["Ordem"]}}]	17	3
141	2023-07-11 13:38:35.67234+00	49	Sessao n:13, D, objetivo: Promover as redes sociais de apoio.	2	[{"changed": {"fields": ["Ordem"]}}]	17	3
253	2023-07-17 11:45:51.473557+00	9	Outro	1	[{"added": {}}]	10	3
249	2023-07-17 11:23:03.359599+00	20	None	1	[{"added": {}}]	56	3
251	2023-07-17 11:45:00.602513+00	7	Deficincia Intelect	1	[{"added": {}}]	10	3
250	2023-07-17 11:44:41.267758+00	6	Esquizofrenia	1	[{"added": {}}]	10	3
245	2023-07-17 10:32:26.537562+00	3	superuser	2	[{"changed": {"fields": ["First name"]}}]	4	3
248	2023-07-17 10:44:51.374618+00	123	123 0 meses Roseta Gonalves	3		45	3
247	2023-07-17 10:44:26.28097+00	129	129. Roseta Gonalves -  (16/7/2023, 10:40)	3		52	3
243	2023-07-17 10:31:11.209397+00	132	132. Amlia Rodrigues Rosa -  (17/7/2023, 10:23)	3		52	3
246	2023-07-17 10:33:36.27742+00	125	125 MentHA-Risk Roseta Gonalves	3		45	3
237	2023-07-15 18:18:07.916518+00	109	Jos Carrusca Concepcion	2	[{"changed": {"fields": ["Nome"]}}]	14	3
241	2023-07-17 10:23:47.092771+00	73	73. Amlia Rodrigues Rosa -  (13/7/2023, 15:18)	3		52	3
244	2023-07-17 10:31:32.259095+00	126	126 MentHA-Risk Amlia Rodrigues Rosa	3		45	3
222	2023-07-14 14:00:43.482948+00	48	 Questionrio Sociodemogrfico >> 1. Questionrio Sociodemogrfico	1	[{"added": {}}]	42	3
242	2023-07-17 10:30:57.209733+00	27	Risk object (27)	3		51	3
219	2023-07-14 13:55:23.197314+00	4	4 meses	2	[{"changed": {"fields": ["Order", "Part number"]}}]	44	3
240	2023-07-17 10:22:54.773576+00	72	72. Roseta Gonalves -  (13/7/2023, 15:14)	3		52	3
239	2023-07-15 18:26:34.479819+00	114	Rodrigo Eira	3		14	3
238	2023-07-15 18:26:21.447411+00	136	baiaEira	3		4	3
236	2023-07-15 18:17:40.224921+00	111	Lus Miguel Pacinha Milher	2	[{"changed": {"fields": ["Nome", "Email"]}}]	14	3
235	2023-07-15 18:17:25.651688+00	133	luisMilhero	2	[{"changed": {"fields": ["Username", "Email address"]}}]	4	3
234	2023-07-14 14:19:32.569371+00	86	MentHA-Risk teste123	3		45	3
233	2023-07-14 14:19:32.563727+00	87	MentHA-Risk teste123	3		45	3
232	2023-07-14 14:19:32.55794+00	91	MentHA-Risk teste123	3		45	3
231	2023-07-14 14:19:32.552276+00	95	MentHA-Risk teste123	3		45	3
216	2023-07-14 13:54:19.658107+00	1	Rastreio	2	[{"changed": {"fields": ["Order", "Part number"]}}]	44	3
230	2023-07-14 14:19:32.546476+00	96	MentHA-Risk teste123	3		45	3
229	2023-07-14 14:19:32.540764+00	98	Rastreio teste123	3		45	3
228	2023-07-14 14:19:32.535036+00	99	6 meses teste123	3		45	3
227	2023-07-14 14:19:32.529332+00	100	MentHA-Risk teste123	3		45	3
226	2023-07-14 14:19:32.523603+00	101	MentHA-Risk teste123	3		45	3
225	2023-07-14 14:19:32.517888+00	111	Questionrio Sociodemogrfico teste123	3		45	3
224	2023-07-14 14:19:32.510545+00	112	MentHA-Risk teste123	3		45	3
223	2023-07-14 14:19:32.496451+00	113	MentHA-Risk teste123	3		45	3
221	2023-07-14 13:55:56.142567+00	6	Teste Livre	2	[{"changed": {"fields": ["Order", "Part number"]}}]	44	3
220	2023-07-14 13:55:34.857803+00	5	6 meses	2	[{"changed": {"fields": ["Order", "Part number"]}}]	44	3
218	2023-07-14 13:55:08.387495+00	3	2 meses	2	[{"changed": {"fields": ["Order", "Part number"]}}]	44	3
217	2023-07-14 13:54:28.603886+00	2	0 meses	2	[{"changed": {"fields": ["Order", "Part number"]}}]	44	3
215	2023-07-14 13:54:02.511702+00	10	Questionrio Sociodemogrfico	1	[{"added": {}}]	44	3
183	2023-07-13 15:13:14.067669+00	107	anacatarina	2	[{"changed": {"fields": ["password"]}}]	4	3
214	2023-07-14 13:12:38.979741+00	54	Lucio Studer	3		20	3
213	2023-07-14 13:12:38.974183+00	55	Pedro Studer	3		20	3
181	2023-07-13 14:58:47.81576+00	44	teste	3		20	3
212	2023-07-14 13:12:38.964494+00	56	andre studer	3		20	3
211	2023-07-14 10:38:19.904064+00	87	87. Alexandra Arronches -  (14/7/2023, 10:1)	3		52	3
179	2023-07-13 14:34:36.112263+00	40	Carolina Martins	3		20	3
210	2023-07-14 09:33:56.603174+00	115	nunoRasteiro	3		4	3
209	2023-07-14 09:33:39.035545+00	51	Nuno Rasteiro	3		20	3
208	2023-07-14 09:25:37.65447+00	45	teste1234	3		20	3
207	2023-07-14 08:05:30.093362+00	1	Risk object (1)	3		51	3
206	2023-07-14 08:05:30.087095+00	2	Risk object (2)	3		51	3
205	2023-07-14 08:05:30.071631+00	3	Risk object (3)	3		51	3
204	2023-07-13 15:57:56.503797+00	78	teste	3		12	3
203	2023-07-13 15:57:56.498061+00	79	Teresa Almada	3		12	3
202	2023-07-13 15:57:56.492378+00	80	teste	3		12	3
201	2023-07-13 15:57:56.486818+00	81	teste	3		12	3
200	2023-07-13 15:57:56.48087+00	82	Teste	3		12	3
199	2023-07-13 15:57:56.475122+00	83	AAAAAAAAAAAAAA	3		12	3
198	2023-07-13 15:57:56.469478+00	84	Grupo A	3		12	3
197	2023-07-13 15:57:56.463753+00	85	teste	3		12	3
195	2023-07-13 15:57:56.452364+00	87	Grupo A	3		12	3
194	2023-07-13 15:57:56.446782+00	88	Grupo A	3		12	3
193	2023-07-13 15:57:56.440822+00	89	Grupo A	3		12	3
192	2023-07-13 15:57:56.435136+00	90	Grupo A	3		12	3
191	2023-07-13 15:57:56.429463+00	91	Grupo A	3		12	3
190	2023-07-13 15:57:56.423906+00	92	Grupo A	3		12	3
189	2023-07-13 15:57:56.418084+00	93	Grupo A	3		12	3
188	2023-07-13 15:57:56.412534+00	94	Eira	3		12	3
187	2023-07-13 15:57:56.406595+00	95	Grupo A	3		12	3
186	2023-07-13 15:57:56.400945+00	96	fewfwe	3		12	3
185	2023-07-13 15:57:56.389531+00	97	xxxxxxxxxx	3		12	3
182	2023-07-13 15:11:31.911778+00	107	anacatarina	2	[{"changed": {"fields": ["password"]}}]	4	3
180	2023-07-13 14:34:36.117905+00	39	teste	3		20	3
260	2023-07-18 08:37:55.822229+00	1	Atividade 1: O meu barco	2	[{"changed": {"fields": ["Descricao"]}}]	7	3
178	2023-07-13 14:34:36.106637+00	41	Ana Brito	3		20	3
256	2023-07-17 15:24:36.797139+00	9	Outro	3		10	3
177	2023-07-13 14:34:36.08745+00	42	Miguel Carvalho	3		20	3
176	2023-07-13 14:34:36.076077+00	43	Tiago Silva	3		20	3
175	2023-07-13 12:06:11.950978+00	62	Rastreio Miguel Carvalho	3		45	3
262	2023-07-18 08:38:49.045826+00	3	Atividade 3: As comadres	2	[{"changed": {"fields": ["Descricao"]}}]	7	3
261	2023-07-18 08:38:25.915251+00	2	Atividade 2: Regras de funcionamento do grupo	2	[]	7	3
255	2023-07-17 15:04:15.46711+00	7	Deficincia Intelectual	2	[{"changed": {"fields": ["Nome"]}}]	10	3
259	2023-07-17 16:57:30.16519+00	98	Asmal-FARO	3		12	3
252	2023-07-17 11:45:43.118585+00	8	Demncia	1	[{"added": {}}]	10	3
254	2023-07-17 11:46:17.445094+00	10	Perturbao Bipolar	1	[{"added": {}}]	10	3
319	2023-07-18 08:54:48.023132+00	20	(COG) Sesso 7. 	2	[]	24	3
318	2023-07-18 08:54:43.640583+00	14	(COG) Sesso 1. 	2	[]	24	3
317	2023-07-18 08:54:40.066166+00	13	(CARE) Sesso 13. Encerramento	2	[]	24	3
316	2023-07-18 08:54:36.012194+00	12	(CARE) Sesso 12. Cuidar do Cuidador II	2	[]	24	3
315	2023-07-18 08:54:33.019838+00	11	(CARE) Sesso 11. Cuidar do Cuidador I	2	[]	24	3
314	2023-07-18 08:54:13.5317+00	10	(CARE) Sesso 10. Emoes no Cuidar	2	[]	24	3
313	2023-07-18 08:54:07.418001+00	11	(CARE) Sesso 11. Cuidar do Cuidador I	2	[]	24	3
312	2023-07-18 08:54:03.431202+00	10	(CARE) Sesso 10. Emoes no Cuidar	2	[]	24	3
311	2023-07-18 08:53:59.497166+00	9	(CARE) Sesso 9. Ocupao	2	[]	24	3
310	2023-07-18 08:53:55.493731+00	8	(CARE) Sesso 8. Comunicao II	2	[]	24	3
309	2023-07-18 08:53:51.12448+00	7	(CARE) Sesso 7. Comunicao I	2	[]	24	3
308	2023-07-18 08:53:47.19024+00	6	(CARE) Sesso 6. Cuidados  pessoa II	2	[]	24	3
307	2023-07-18 08:53:42.373664+00	5	(CARE) Sesso 5. Cuidados  pessoa I	2	[]	24	3
306	2023-07-18 08:53:36.619538+00	4	(CARE) Sesso 4. Medidas de apoio	2	[]	24	3
305	2023-07-18 08:53:30.142347+00	3	(CARE) Sesso 3. Compreender a doena II	2	[]	24	3
304	2023-07-18 08:53:25.737915+00	2	(CARE) Sesso 2. Compreender a doena I	2	[]	24	3
303	2023-07-18 08:53:25.711376+00	2	(CARE) Sesso 2. Compreender a doena I	2	[]	24	3
302	2023-07-18 08:53:25.69362+00	2	(CARE) Sesso 2. Compreender a doena I	2	[]	24	3
301	2023-07-18 08:53:25.686484+00	2	(CARE) Sesso 2. Compreender a doena I	2	[]	24	3
300	2023-07-18 08:53:25.679409+00	2	(CARE) Sesso 2. Compreender a doena I	2	[]	24	3
299	2023-07-18 08:53:15.739905+00	1	(CARE) Sesso 1. Acolhimento	2	[{"changed": {"fields": ["Tema"]}}]	24	3
298	2023-07-18 08:51:59.687721+00	27	Atividade 27: A teia da amizade	2	[{"changed": {"fields": ["Descricao"]}}]	7	3
296	2023-07-18 08:51:33.618287+00	25	Atividade 25: Mapa de atividades do CI	2	[]	7	3
295	2023-07-18 08:51:29.422615+00	25	Atividade 25: Mapa de atividades do CI	2	[{"changed": {"fields": ["Descricao"]}}]	7	3
294	2023-07-18 08:51:16.899135+00	24	Atividade 24: O frasco (meio) cheio	2	[{"changed": {"fields": ["Descricao"]}}]	7	3
293	2023-07-18 08:50:38.171713+00	23	Atividade 23: Participao semanal - Pensar positivo	2	[{"changed": {"fields": ["Nome"]}}]	7	3
292	2023-07-18 08:50:29.462058+00	22	Atividade 22: Estar bem para cuidar bem	2	[{"changed": {"fields": ["Descricao"]}}]	7	3
291	2023-07-18 08:50:12.250427+00	21	Atividade 21: "Importantmetro"	2	[{"changed": {"fields": ["Nome", "Descricao"]}}]	7	3
289	2023-07-18 08:49:33.249701+00	19	Atividade 19: ... Mas que tem solues!	2	[{"changed": {"fields": ["Descricao"]}}]	7	3
288	2023-07-18 08:49:26.395122+00	18	Atividade 18: Sou um ser emocional...	2	[{"changed": {"fields": ["Descricao"]}}]	7	3
287	2023-07-18 08:48:07.840068+00	17	Atividade 17: Participao semanal - Um "bom" dia	2	[{"changed": {"fields": ["Nome"]}}]	7	3
286	2023-07-18 08:47:57.012814+00	16	Atividade 16: Mapa de atividades do RC	2	[]	7	3
285	2023-07-18 08:47:53.430074+00	15	Atividade 15: Participao semanal - Ajudar a famlia a comunicar melhor	2	[]	7	3
284	2023-07-18 08:47:48.926034+00	16	Atividade 16: Mapa de atividades do RC	2	[{"changed": {"fields": ["Descricao"]}}]	7	3
283	2023-07-18 08:47:38.251533+00	15	Atividade 15: Participao semanal - Ajudar a famlia a comunicar melhor	2	[{"changed": {"fields": ["Nome"]}}]	7	3
282	2023-07-18 08:47:31.148533+00	14	Atividade 14: Pintar as emoes	2	[]	7	3
281	2023-07-18 08:47:27.929909+00	13	Atividade 13: A comunicao  um desafio no meu dia-a-dia	2	[]	7	3
280	2023-07-18 08:47:21.155282+00	14	Atividade 14: Pintar as emoes	2	[{"changed": {"fields": ["Descricao"]}}]	7	3
279	2023-07-18 08:47:02.299309+00	13	Atividade 13: A comunicao  um desafio no meu dia-a-dia	2	[]	7	3
278	2023-07-18 08:46:57.059814+00	12	Atividade 12: Participao semanal - As dificuldades do dia-a-dia	2	[]	7	3
277	2023-07-18 08:46:01.607961+00	12	Atividade 12: Participao semanal - As dificuldades do dia-a-dia	2	[]	7	3
276	2023-07-18 08:45:53.790507+00	11	Atividade 11: Momento de reflexo	2	[]	7	3
275	2023-07-18 08:45:45.893651+00	13	Atividade 13: A comunicao  um desafio no meu dia-a-dia	2	[{"changed": {"fields": ["Descricao"]}}]	7	3
274	2023-07-18 08:45:34.068386+00	1	Atividade 1: O meu barco	2	[]	7	3
273	2023-07-18 08:41:30.162995+00	1	Atividade 1: O meu barco	2	[{"changed": {"fields": ["Descricao"]}}]	7	3
272	2023-07-18 08:40:52.202444+00	11	Atividade 11: Momento de reflexo	2	[{"changed": {"fields": ["Descricao"]}}]	7	3
271	2023-07-18 08:40:40.063688+00	12	Atividade 12: Participao semanal - As dificuldades do dia-a-dia	2	[{"changed": {"fields": ["Nome"]}}]	7	3
270	2023-07-18 08:40:32.354324+00	10	Atividade 10: A comunicao  um desafio	2	[]	7	3
269	2023-07-18 08:40:23.971477+00	10	Atividade 10: A comunicao  um desafio	2	[{"changed": {"fields": ["Descricao"]}}]	7	3
268	2023-07-18 08:40:10.751918+00	9	Atividade 9: Participao semanal - Em busca da boa postura	2	[{"changed": {"fields": ["Nome", "Descricao"]}}]	7	3
267	2023-07-18 08:39:57.097865+00	8	Atividade 8: Participao semanal - Agarro a oportunidade	2	[{"changed": {"fields": ["Nome", "Descricao"]}}]	7	3
266	2023-07-18 08:39:44.802489+00	7	Atividade 7: Imagens sentidas	2	[{"changed": {"fields": ["Descricao"]}}]	7	3
265	2023-07-18 08:39:23.363134+00	6	Atividade 6: Emoticons	2	[]	7	3
264	2023-07-18 08:39:16.955802+00	5	Atividade 5: Participao semanal - conhecer a doena	2	[{"changed": {"fields": ["Nome", "Descricao"]}}]	7	3
328	2023-07-18 08:59:17.000068+00	13	Exerccio 11	2	[{"changed": {"fields": ["Duracao", "Instrucao"]}}]	11	3
327	2023-07-18 08:58:42.574212+00	15	Exerccio 13	2	[{"changed": {"fields": ["Duracao", "Instrucao"]}}]	11	3
326	2023-07-18 08:57:15.241256+00	29	Exerccio 27	2	[{"changed": {"fields": ["Duracao", "Instrucao"]}}]	11	3
325	2023-07-18 08:57:01.155328+00	30	Exerccio 28	2	[{"changed": {"fields": ["Duracao"]}}]	11	3
324	2023-07-18 08:56:57.736912+00	31	Exerccio 29	2	[{"changed": {"fields": ["Duracao"]}}]	11	3
323	2023-07-18 08:56:54.207985+00	32	Exerccio 30	2	[{"changed": {"fields": ["Duracao"]}}]	11	3
322	2023-07-18 08:56:50.168383+00	33	Exerccio 31	2	[{"changed": {"fields": ["Duracao"]}}]	11	3
321	2023-07-18 08:56:45.032416+00	34	Exerccio 32	2	[{"changed": {"fields": ["Duracao"]}}]	11	3
378	2023-07-19 09:41:57.453389+00	1	Exerccio 0	2	[{"changed": {"fields": ["Duracao", "Instrucao"]}}]	11	3
377	2023-07-18 14:13:28.078086+00	3	Administrador object (3)	1	[{"added": {}}]	60	3
376	2023-07-18 14:13:11.463013+00	139	adeb-adm	2	[{"changed": {"fields": ["Username", "Groups"]}}]	4	3
375	2023-07-18 14:12:51.266997+00	139	adeb_adm	2	[{"changed": {"fields": ["First name", "Last name", "Email address"]}}]	4	3
374	2023-07-18 14:12:26.162004+00	139	adeb_adm	1	[{"added": {}}]	4	3
362	2023-07-18 09:14:57.53798+00	52	Sessao n:12, D, objetivo: Promover a diminuio de ansiedade e depresso; diminuio da sobrecarga; desenvolvimento de estratgias de coping e de redes sociais de apoio.	2	[{"changed": {"fields": ["Materiais"]}}]	17	3
373	2023-07-18 13:48:09.310889+00	100	ASMAL-Cog-Loul	3		12	3
372	2023-07-18 13:48:09.305267+00	101	ASMAL-COG-Faro	3		12	3
359	2023-07-18 09:12:00.696611+00	43	Sessao n:11, D, objetivo: Incentivar o autocuidado e a valorizao do papel de cuidador	2	[{"changed": {"fields": ["Materiais"]}}]	17	3
371	2023-07-18 13:48:09.299508+00	102	Asmal-cog	3		12	3
370	2023-07-18 13:48:09.293708+00	103	ASMAL-cog-faro	3		12	3
356	2023-07-18 09:10:44.344113+00	41	Sessao n:10, F, objetivo: Encerrar a sesso	2	[{"changed": {"fields": ["Descricao"]}}]	17	3
369	2023-07-18 13:48:09.288029+00	104	ASMAL-Lagos	3		12	3
368	2023-07-18 13:48:09.282354+00	105	ASMAL-COG-Lagoa	3		12	3
367	2023-07-18 13:48:09.276608+00	106	asd	3		12	3
366	2023-07-18 13:48:09.270812+00	107	ASMAL - teste	3		12	3
365	2023-07-18 13:48:09.262585+00	108	teste	3		12	3
361	2023-07-18 09:12:48.942724+00	51	Sessao n:11, D, objetivo: Partilhar experincias e refletir acerca do tema: diminuio de ansiedade e depresso; diminuio da sobrecarga; desenvolvimento de estratgias de coping;	2	[{"changed": {"fields": ["Descricao"]}}]	17	3
360	2023-07-18 09:12:31.796624+00	50	Sessao n:13, F, objetivo: Encerrar a sesso	2	[{"changed": {"fields": ["Descricao"]}}]	17	3
358	2023-07-18 09:11:25.019197+00	44	Sessao n:11, F, objetivo: Encerrar a sesso	2	[{"changed": {"fields": ["Descricao"]}}]	17	3
357	2023-07-18 09:11:02.220989+00	42	Sessao n:11, I, objetivo: Receber os participantes.	2	[{"changed": {"fields": ["Descricao"]}}]	17	3
355	2023-07-18 09:10:13.3307+00	38	Sessao n:10, I, objetivo: Receber os participantes.	2	[{"changed": {"fields": ["Descricao"]}}]	17	3
354	2023-07-18 09:10:00.101169+00	37	Sessao n:9, F, objetivo: Encerrar a sesso	2	[{"changed": {"fields": ["Descricao"]}}]	17	3
353	2023-07-18 09:09:35.07135+00	36	Sessao n:9, D, objetivo: Partilhar experincias e refletir sobre a importncia da ocupao no bem-estar	2	[{"changed": {"fields": ["Materiais"]}}]	17	3
352	2023-07-18 09:09:09.412019+00	34	Sessao n:9, I, objetivo: Receber os participantes.	2	[{"changed": {"fields": ["Descricao"]}}]	17	3
351	2023-07-18 09:08:59.413473+00	33	Sessao n:8, F, objetivo: Encerrar a sesso	2	[{"changed": {"fields": ["Descricao"]}}]	17	3
350	2023-07-18 09:08:39.71657+00	30	Sessao n:8, I, objetivo: Receber os participantes.	2	[{"changed": {"fields": ["Descricao"]}}]	17	3
349	2023-07-18 09:08:05.358128+00	27	Sessao n:7, D, objetivo: Explorar estratgias de comunicao e de gesto de comportamentos desafiantes.	2	[{"changed": {"fields": ["Materiais"]}}]	17	3
348	2023-07-18 09:07:39.925865+00	29	Sessao n:7, F, objetivo: Encerrar a sesso	2	[{"changed": {"fields": ["Descricao"]}}]	17	3
347	2023-07-18 09:07:24.914787+00	26	Sessao n:7, I, objetivo: Receber os participantes.	2	[]	17	3
346	2023-07-18 09:07:10.643946+00	26	Sessao n:7, I, objetivo: Receber os participantes.	2	[{"changed": {"fields": ["Descricao"]}}]	17	3
345	2023-07-18 09:06:23.392397+00	25	Sessao n:6, F, objetivo: Encerrar a sesso	2	[{"changed": {"fields": ["Descricao"]}}]	17	3
344	2023-07-18 09:06:13.884977+00	24	Sessao n:6, D, objetivo: Conhecer boas prticas na prestao de cuidados ao nvel das transferncias e posicionamentos	2	[{"changed": {"fields": ["Descricao"]}}]	17	3
343	2023-07-18 09:06:00.607615+00	22	Sessao n:6, I, objetivo: Receber os participantes.	2	[{"changed": {"fields": ["Descricao"]}}]	17	3
342	2023-07-18 09:05:44.32813+00	21	Sessao n:5, F, objetivo: Encerrar a sesso	2	[{"changed": {"fields": ["Descricao"]}}]	17	3
341	2023-07-18 09:05:05.262752+00	19	Sessao n:5, D, objetivo: Conhecer boas prticas na prestao de cuidados de higiene e conforto,  eliminao, alimentao e medicao	2	[]	17	3
340	2023-07-18 09:04:56.464155+00	14	Sessao n:4, I, objetivo: Receber os participantes	2	[{"changed": {"fields": ["Descricao"]}}]	17	3
339	2023-07-18 09:04:47.152685+00	13	Sessao n:3, F, objetivo: Encerrar a sesso	2	[{"changed": {"fields": ["Descricao"]}}]	17	3
338	2023-07-18 09:04:23.894293+00	10	Sessao n:3, I, objetivo: Receber os participantes.	2	[{"changed": {"fields": ["Descricao"]}}]	17	3
337	2023-07-18 09:04:11.893338+00	9	Sessao n:2, F, objetivo: Encerrar a sesso	2	[{"changed": {"fields": ["Descricao"]}}]	17	3
336	2023-07-18 09:03:33.994763+00	4	Sessao n:1, D, objetivo: Apresentar o PPCI - MentHA	2	[{"changed": {"fields": ["Descricao", "Materiais"]}}]	17	3
333	2023-07-18 09:00:59.54225+00	6	Exerccio 6	2	[{"changed": {"fields": ["Duracao"]}}]	11	3
335	2023-07-18 09:02:06.977543+00	1	ijj	3		32	3
334	2023-07-18 09:02:06.96835+00	2	ola	3		32	3
330	2023-07-18 09:00:14.052815+00	10	Exerccio 8	2	[{"changed": {"fields": ["Duracao", "Instrucao"]}}]	11	3
332	2023-07-18 09:00:53.336948+00	9	Exerccio 7	2	[{"changed": {"fields": ["Duracao"]}}]	11	3
331	2023-07-18 09:00:45.21122+00	10	Exerccio 8	2	[{"changed": {"fields": ["Duracao", "Instrucao"]}}]	11	3
386	2023-07-19 09:50:28.41644+00	27	Exerccio 25	2	[{"changed": {"fields": ["Duracao", "Instrucao"]}}]	11	3
816	2023-09-04 13:31:46.570806+00	21	Pessoa Desconhecida 4	1	[{"added": {}}]	13	3
387	2023-07-19 09:50:28.617288+00	27	Exerccio 25	2	[{"changed": {"fields": ["Duracao"]}}]	11	3
384	2023-07-19 09:49:07.546649+00	23	Exerccio 21	2	[{"changed": {"fields": ["Duracao", "Instrucao"]}}]	11	3
383	2023-07-19 09:45:49.796495+00	5	Exerccio 5	2	[{"changed": {"fields": ["Duracao", "Instrucao"]}}]	11	3
382	2023-07-19 09:44:15.906502+00	3	Exerccio 2	2	[{"changed": {"fields": ["Duracao", "Instrucao"]}}]	11	3
381	2023-07-19 09:44:05.126347+00	3	Exerccio 2	2	[{"changed": {"fields": ["Duracao", "Instrucao"]}}]	11	3
380	2023-07-19 09:43:53.265138+00	2	Exerccio 1	2	[{"changed": {"fields": ["Duracao"]}}]	11	3
379	2023-07-19 09:43:45.496584+00	1	Exerccio 0	2	[{"changed": {"fields": ["Duracao"]}}]	11	3
1058	2023-09-22 10:03:20.232588+00	65	angelaCoutinho	3		4	3
1059	2023-09-22 10:03:20.238285+00	61	anselmoPinho	3		4	3
1060	2023-09-22 10:03:20.244039+00	34	antonioFaria	3		4	3
1061	2023-09-22 10:03:20.249795+00	117	antonioJose	3		4	3
446	2023-07-20 16:01:08.725102+00	4	(CARE) Sesso 4. Medidas de apoio	2	[]	24	3
445	2023-07-20 16:01:01.47949+00	3	(CARE) Sesso 3. Compreender a doena II	2	[{"changed": {"fields": ["Dinamizadores"]}}]	24	3
444	2023-07-20 16:00:53.891986+00	2	(CARE) Sesso 2. Compreender a doena I	2	[{"changed": {"fields": ["Dinamizadores"]}}]	24	3
443	2023-07-20 16:00:45.844547+00	1	(CARE) Sesso 1. Acolhimento	2	[{"changed": {"fields": ["Dinamizadores", "Componentes"]}}]	24	3
442	2023-07-20 15:59:54.375804+00	2	(CARE) Sesso 2. Compreender a doena I	2	[{"changed": {"fields": ["Dinamizadores"]}}]	24	3
441	2023-07-20 15:59:43.395721+00	1	(CARE) Sesso 1. Acolhimento	2	[{"changed": {"fields": ["Dinamizadores", "Componentes"]}}]	24	3
440	2023-07-20 14:33:49.661168+00	142	jorginhoEira	2	[{"changed": {"fields": ["Groups"]}}]	4	3
439	2023-07-20 14:33:27.487768+00	75	Jorge Eira	2	[{"changed": {"fields": ["Sexo"]}}]	20	3
438	2023-07-20 14:29:46.970763+00	13	(CARE) Sesso 13. Encerramento	2	[{"changed": {"fields": ["Tema"]}}]	24	3
437	2023-07-20 14:29:37.746167+00	12	(CARE) Sesso 12. Cuidar do Cuidador II	2	[]	24	3
436	2023-07-20 14:29:32.399653+00	11	(CARE) Sesso 11. Cuidar do Cuidador I	2	[]	24	3
435	2023-07-20 14:29:27.134922+00	10	(CARE) Sesso 10. Emoes no Cuidar	2	[]	24	3
434	2023-07-20 14:29:21.448515+00	9	(CARE) Sesso 9. Ocupao	2	[]	24	3
433	2023-07-20 14:29:11.477218+00	8	(CARE) Sesso 8. Comunicao II	2	[]	24	3
432	2023-07-20 14:29:05.861822+00	11	(CARE) Sesso 11. Cuidar do Cuidador I	2	[{"changed": {"fields": ["Tema"]}}]	24	3
431	2023-07-20 14:28:54.184621+00	24	(COG) Sesso 11. 	2	[]	24	3
430	2023-07-20 14:28:50.232868+00	10	(CARE) Sesso 10. Emoes no Cuidar	2	[]	24	3
429	2023-07-20 14:28:43.836088+00	9	(CARE) Sesso 9. Ocupao	2	[{"changed": {"fields": ["Tema"]}}]	24	3
428	2023-07-20 14:28:38.748182+00	49	Manuel Gomes	2	[]	20	3
427	2023-07-20 14:28:38.658083+00	49	Manuel Gomes	2	[{"changed": {"fields": ["User"]}}]	20	3
426	2023-07-20 14:28:33.973359+00	8	(CARE) Sesso 8. Comunicao II	2	[{"changed": {"fields": ["Tema"]}}]	24	3
425	2023-07-20 14:28:19.238652+00	7	(CARE) Sesso 7. Comunicao I	2	[{"changed": {"fields": ["Tema"]}}]	24	3
424	2023-07-20 14:28:10.872851+00	6	(CARE) Sesso 6. Cuidados  pessoa II	2	[]	24	3
423	2023-07-20 14:28:05.800711+00	6	(CARE) Sesso 6. Cuidados  pessoa II	2	[{"changed": {"fields": ["Tema"]}}]	24	3
422	2023-07-20 14:27:55.051352+00	5	(CARE) Sesso 5. Cuidados  pessoa I	2	[{"changed": {"fields": ["Tema"]}}]	24	3
421	2023-07-20 14:27:44.749203+00	4	(CARE) Sesso 4. Medidas de apoio	2	[{"changed": {"fields": ["Tema"]}}]	24	3
420	2023-07-20 14:27:33.004528+00	3	(CARE) Sesso 3. Compreender a doena II	2	[{"changed": {"fields": ["Tema"]}}]	24	3
419	2023-07-20 14:27:03.104407+00	1	(CARE) Sesso 1. Acolhimento	2	[]	24	3
418	2023-07-20 14:26:56.982347+00	12	(CARE) Sesso 12. Cuidar do Cuidador II	2	[{"changed": {"fields": ["Tema"]}}]	24	3
417	2023-07-20 14:23:46.216794+00	12	(CARE) Sesso 12. Cuidar do Cuidador II	2	[{"changed": {"fields": ["Materiais"]}}]	24	3
416	2023-07-20 14:23:39.447906+00	12	(CARE) Sesso 12. Cuidar do Cuidador II	2	[]	24	3
415	2023-07-20 14:18:36.031064+00	12	(CARE) Sesso 12. Cuidar do Cuidador II	2	[{"changed": {"fields": ["Materiais"]}}]	24	3
414	2023-07-20 10:09:20.935103+00	74	Teste 1807	2	[{"changed": {"fields": ["User"]}}]	20	3
409	2023-07-19 18:03:49.39306+00	38	Exerccio -1	2	[{"changed": {"fields": ["Duracao", "Descricao"]}}]	11	3
413	2023-07-19 18:14:14.751392+00	109	ADEB-Alcantara	3		12	3
412	2023-07-19 18:14:14.745657+00	110	GIRA-1	3		12	3
406	2023-07-19 18:00:02.500286+00	38	Exerccio -1	1	[{"added": {}}]	11	3
411	2023-07-19 18:14:14.740075+00	111	teste 2	3		12	3
410	2023-07-19 18:14:14.733109+00	112	testando	3		12	3
403	2023-07-19 13:51:20.398685+00	4	Administrador object (4)	1	[{"added": {}}]	60	3
408	2023-07-19 18:02:24.235605+00	8	Exerccio 3	2	[{"changed": {"fields": ["Dominio", "Duracao"]}}]	11	3
407	2023-07-19 18:02:01.688811+00	8	Exerccio 3	2	[{"changed": {"fields": ["Dominio", "Duracao"]}}]	11	3
405	2023-07-19 17:58:44.176709+00	1	Exerccio 0	2	[{"changed": {"fields": ["Duracao", "Descricao"]}}]	11	3
404	2023-07-19 17:20:28.182951+00	7	Exerccio 99	2	[{"changed": {"fields": ["Numero", "Duracao"]}}]	11	3
402	2023-07-19 13:51:18.005446+00	141	gira-adm	1	[{"added": {}}]	4	3
401	2023-07-19 11:03:31.356049+00	150	Trail Making Test - Parte B - Teste	2	[]	54	3
399	2023-07-19 11:00:52.152318+00	149	Trail Making Test - Parte B - Treino	2	[{"changed": {"fields": ["Instruction"]}}]	54	3
398	2023-07-19 10:59:09.377695+00	148	Trail Making Test - Parte A - Teste	2	[{"changed": {"fields": ["Instruction"]}}]	54	3
397	2023-07-19 10:57:48.851867+00	147	Trail Making Test - Parte A - Treino	2	[{"changed": {"fields": ["Instruction"]}}]	54	3
396	2023-07-19 10:43:53.376174+00	2	Sessao n:1, D, objetivo: Apresentar o projeto MentHA e sua equipa	2	[{"changed": {"fields": ["Descricao"]}}]	17	3
395	2023-07-19 10:26:30.194641+00	143	Desenho B	2	[{"changed": {"fields": ["Instruction"]}}]	54	3
394	2023-07-19 10:25:42.36635+00	144	Desenho C	2	[{"changed": {"fields": ["Instruction"]}}]	54	3
393	2023-07-19 10:25:23.381808+00	145	Desenho D	2	[{"changed": {"fields": ["Instruction"]}}]	54	3
392	2023-07-19 10:25:06.489303+00	146	Desenho E	2	[{"changed": {"fields": ["Instruction"]}}]	54	3
391	2023-07-19 10:24:20.454346+00	142	Desenho A	2	[{"changed": {"fields": ["Instruction"]}}]	54	3
390	2023-07-19 10:07:17.953248+00	144	144. n 53 - 1	2	[{"changed": {"fields": ["Name"]}}]	46	3
389	2023-07-19 09:59:23.077688+00	104	Memria Antergrada	2	[{"changed": {"fields": ["Instruction"]}}]	54	3
388	2023-07-19 09:58:15.890075+00	174	As vezes ao ler poesia e ao olhar para uma obra de arte, sinto um arrepio de emoo.	2	[{"changed": {"fields": ["Name"]}}]	54	3
454	2023-07-21 07:30:18.727336+00	14	Apresenta\\ao de trabalhos finais de curso desenvolvidos no mbito do MentHA Digital	1	[{"added": {}}]	58	3
453	2023-07-21 07:26:47.998677+00	10	Defesa de projetos	2	[]	58	3
452	2023-07-20 16:01:39.292981+00	9	(CARE) Sesso 9. Ocupao	2	[]	24	3
451	2023-07-20 16:01:35.70033+00	8	(CARE) Sesso 8. Comunicao II	2	[]	24	3
450	2023-07-20 16:01:31.331447+00	8	(CARE) Sesso 8. Comunicao II	2	[]	24	3
449	2023-07-20 16:01:24.409145+00	7	(CARE) Sesso 7. Comunicao I	2	[]	24	3
448	2023-07-20 16:01:19.311629+00	6	(CARE) Sesso 6. Cuidados  pessoa II	2	[]	24	3
447	2023-07-20 16:01:13.462024+00	5	(CARE) Sesso 5. Cuidados  pessoa I	2	[]	24	3
512	2023-07-26 10:35:38.421738+00	17	 Rastreio >> 1. Questionrio Sociodemogrfico	2	[{"changed": {"fields": ["Order"]}}]	42	3
511	2023-07-24 17:02:53.989694+00	16	Nicolau Breyner	2	[{"changed": {"fields": ["Imagem"]}}]	13	3
510	2023-07-24 16:50:02.795941+00	17	Beatriz Costa	2	[{"changed": {"fields": ["Imagem"]}}]	13	3
509	2023-07-24 13:56:40.602714+00	12	Exerccio 10	2	[{"changed": {"fields": ["Duracao", "Partes do exercicio"]}}]	11	3
508	2023-07-24 13:56:25.01093+00	35	Exerccio [] - parte 2 - Beatriz Costa	1	[{"added": {}}]	18	3
507	2023-07-24 13:55:15.164629+00	17	Beatriz Costa	1	[{"added": {}}]	13	3
506	2023-07-24 13:50:02.448166+00	34	Exerccio [] - parte 1 - Nicolau Breyner	1	[{"added": {}}]	18	3
505	2023-07-24 13:49:50.224849+00	57	(A) memoria remota visual	1	[{"added": {}}]	22	3
504	2023-07-24 13:47:54.884937+00	16	Nicolau Breyner	1	[{"added": {}}]	13	3
503	2023-07-21 18:38:09.268527+00	3	Exerccio 2	2	[{"changed": {"fields": ["Dominio", "Duracao"]}}]	11	3
502	2023-07-21 17:57:45.645792+00	19	Token Test	2	[{"changed": {"fields": ["Image"]}}]	48	3
501	2023-07-21 17:55:49.017981+00	18	TMT B - Teste	2	[{"changed": {"fields": ["Image"]}}]	48	3
500	2023-07-21 17:54:47.384764+00	17	TMT B - Treino	2	[{"changed": {"fields": ["Image"]}}]	48	3
499	2023-07-21 17:53:55.106845+00	16	TMT A - Teste	2	[{"changed": {"fields": ["Image"]}}]	48	3
498	2023-07-21 17:46:26.169731+00	15	TMT A - Treino	2	[{"changed": {"fields": ["Image"]}}]	48	3
497	2023-07-21 17:43:09.959099+00	14	Desenho E	2	[{"changed": {"fields": ["Image"]}}]	48	3
496	2023-07-21 17:42:30.467+00	13	Desenho D	2	[{"changed": {"fields": ["Image"]}}]	48	3
495	2023-07-21 17:42:00.385656+00	12	Desenho C	2	[{"changed": {"fields": ["Image"]}}]	48	3
494	2023-07-21 17:41:22.326129+00	11	Desenho B	2	[{"changed": {"fields": ["Image"]}}]	48	3
493	2023-07-21 17:40:45.252838+00	10	Desenho A	2	[{"changed": {"fields": ["Image"]}}]	48	3
492	2023-07-21 17:32:10.51716+00	6	Dimension object (6)	2	[{"changed": {"fields": ["Name"]}}]	43	3
491	2023-07-21 17:22:27.760993+00	129	Ateno e Concentrao (Soletrar)	2	[]	54	3
490	2023-07-21 17:22:15.597508+00	161	Ateno e Concentrao (Clculo)	2	[{"changed": {"fields": ["Instruction"]}}]	54	3
489	2023-07-21 17:21:12.143494+00	9	Folha de Estimulos 9	2	[{"changed": {"fields": ["Image"]}}]	48	3
488	2023-07-21 17:19:36.471408+00	8	Folha de Estimulos 8	2	[{"changed": {"fields": ["Image"]}}]	48	3
487	2023-07-21 17:14:52.841613+00	7	Cubo (Cotao)	2	[{"changed": {"fields": ["Image"]}}]	48	3
486	2023-07-21 17:14:00.980516+00	6	Cubo	2	[{"changed": {"fields": ["Image"]}}]	48	3
485	2023-07-21 17:07:29.326035+00	5	Pentgonos (Cotao)	2	[{"changed": {"fields": ["Image"]}}]	48	3
484	2023-07-21 17:02:58.821246+00	113	Leitura	2	[{"changed": {"fields": ["Helping images"]}}]	54	3
483	2023-07-21 17:02:56.115603+00	21	Folha de Estimulos 3	1	[{"added": {}}]	48	3
482	2023-07-21 16:58:43.097659+00	134	Nomeao	2	[{"changed": {"fields": ["Helping images"]}}]	54	3
481	2023-07-21 16:20:43.116558+00	2	Folha de Estimulos 1	2	[{"changed": {"fields": ["Image"]}}]	48	3
480	2023-07-21 16:15:19.752224+00	3	Folha de Estimulos 2	2	[{"changed": {"fields": ["Image"]}}]	48	3
479	2023-07-21 16:11:53.796134+00	20	estimulos1	2	[{"changed": {"fields": ["Image"]}}]	48	3
478	2023-07-21 16:10:45.120637+00	20	estimulos1	1	[{"added": {}}]	48	3
476	2023-07-21 13:52:48.245664+00	5	(CARE) Sesso 5. Cuidados  pessoa I	2	[]	24	3
475	2023-07-21 13:51:29.276038+00	3	(CARE) Sesso 3. Compreender a doena II	2	[{"changed": {"fields": ["Materiais"]}}]	24	3
474	2023-07-21 12:58:16.177676+00	19	MentHA Digital no XII Seminrio de Gerontologia	2	[{"changed": {"fields": ["Texto"]}}]	58	3
473	2023-07-21 12:54:18.819068+00	19	MentHA Digital no XII Seminrio de Gerontologia	2	[{"changed": {"fields": ["Imagem"]}}]	58	3
472	2023-07-21 08:46:20.385272+00	20	DGS estende apoio ao MentHA Digital por mais 6 meses	2	[{"changed": {"fields": ["Texto"]}}]	58	3
471	2023-07-21 08:45:51.778253+00	20	DGS estende apoio ao MentHA Digital por mais 6 meses	2	[{"changed": {"fields": ["Titulo"]}}]	58	3
470	2023-07-21 08:45:34.029868+00	20	Prolongamento do apoio da DGS por mais 6 meses	1	[{"added": {}}]	58	3
469	2023-07-21 08:37:39.287189+00	19	MentHA Digital no XII Seminrio de Gerontologia	2	[{"changed": {"fields": ["Texto"]}}]	58	3
468	2023-07-21 08:37:15.445559+00	19	MentHA Digital no XII Seminrio de Gerontologia	1	[{"added": {}}]	58	3
467	2023-07-21 08:17:11.394689+00	18	GIRA recebe equipa do MentHA Digital	2	[{"changed": {"fields": ["Titulo"]}}]	58	3
466	2023-07-21 08:16:49.045678+00	15	ASMAL no Algarve recebe equipa do MentHA Digital	2	[{"changed": {"fields": ["Titulo"]}}]	58	3
465	2023-07-21 08:16:21.884958+00	15	MentHA Digital no Algarve com a ASMAL	2	[{"changed": {"fields": ["Texto"]}}]	58	3
463	2023-07-21 08:14:04.824714+00	14	Apresentao de trabalhos finais de curso desenvolvidos no mbito do MentHA Digital	2	[{"changed": {"fields": ["Imagem"]}}]	58	3
462	2023-07-21 08:09:30.312668+00	18	MentHA Digital na GIRA	1	[{"added": {}}]	58	3
461	2023-07-21 08:07:19.982792+00	17	MentHA Digital na ADEB	2	[]	58	3
460	2023-07-21 08:07:01.126321+00	17	MentHA Digital na ADEB	1	[{"added": {}}]	58	3
459	2023-07-21 08:00:56.104602+00	16	Protocolo e patrocnio da Roche Sistemas de Diagnsticos	2	[{"changed": {"fields": ["Titulo"]}}]	58	3
458	2023-07-21 08:00:22.963769+00	16	MentHA Digital estabelece protocolo e recebe patrocnio da Roche	1	[{"added": {}}]	58	3
457	2023-07-21 07:51:14.43631+00	15	MentHA Digital no Algarve com a ASMAL	2	[{"changed": {"fields": ["Imagem"]}}]	58	3
521	2023-07-26 10:40:23.78046+00	13	No Tem	1	[{"added": {}}]	10	3
520	2023-07-26 10:40:08.40962+00	12	Outra	1	[{"added": {}}]	10	3
519	2023-07-26 10:39:59.466879+00	11	Perturbao Neurocognitiva Ligeira (DCL)	1	[{"added": {}}]	10	3
518	2023-07-26 10:39:41.510353+00	8	Perturbao Neurocognitiva Major (Demncia)	2	[{"changed": {"fields": ["Nome"]}}]	10	3
516	2023-07-26 10:36:32.099682+00	18	 0 meses >> 1. Conscicia, Humor e Comportamento	2	[{"changed": {"fields": ["Order"]}}]	42	3
515	2023-07-26 10:36:06.528025+00	16	 Rastreio >> 4. Relao com o Avaliador	2	[{"changed": {"fields": ["Order"]}}]	42	3
514	2023-07-26 10:35:59.797881+00	15	 Rastreio >> 3. Cooperao dada na entrevista	2	[{"changed": {"fields": ["Order"]}}]	42	3
513	2023-07-26 10:35:46.210214+00	18	 0 meses >> 2. Conscicia, Humor e Comportamento	2	[{"changed": {"fields": ["Order"]}}]	42	3
576	2023-08-05 14:42:53.97218+00	46	None >> None	1	[{"added": {}}]	43	3
575	2023-08-05 14:42:39.11521+00	24	None	1	[{"added": {}}]	56	3
574	2023-08-05 14:42:14.5885+00	78	 Questionrio Sociodemogrfico >> 1. Questionrio Sociodemogrfico	1	[{"added": {}}]	42	3
573	2023-08-05 14:42:02.803056+00	14	Questionrio Sociodemogrfico	2	[]	44	3
572	2023-08-05 14:41:59.893351+00	14	Questionrio Sociodemogrfico	1	[{"added": {}}]	44	3
571	2023-08-03 17:23:35.756109+00	75	Jorge Eira	2	[{"changed": {"fields": ["Diagnosticos"]}}]	20	3
570	2023-08-03 17:23:16.869609+00	75	Jorge Eira	2	[{"changed": {"fields": ["Cuidadores"]}}]	20	3
569	2023-08-03 17:18:17.683984+00	2	Administrador object (2)	2	[{"changed": {"fields": ["Reference"]}}]	60	3
568	2023-08-03 17:14:23.427299+00	32	Xavier Lobo	2	[{"changed": {"fields": ["Diagnosticos"]}}]	8	3
566	2023-08-03 17:08:40.213899+00	23	Jos Paiva	2	[{"changed": {"fields": ["Diagnosticos", "PeriodicidadeCuidado"]}}]	8	3
567	2023-08-03 17:10:21.039121+00	115	Teste	3		12	3
565	2023-08-03 17:05:23.918561+00	32	Xavier Lobo	2	[{"changed": {"fields": ["Diagnosticos", "PeriodicidadeCuidado"]}}]	8	3
562	2023-08-03 17:03:45.830311+00	114	Teste	2	[{"changed": {"fields": ["Diagnostico"]}}]	12	3
564	2023-08-03 17:05:17.87538+00	12	Alfredo Monteiro	2	[{"changed": {"fields": ["Diagnosticos"]}}]	8	3
563	2023-08-03 17:04:32.37587+00	114	Teste	3		12	3
559	2023-08-03 16:58:48.332183+00	74	Teste 1807	2	[{"changed": {"fields": ["Localizacao"]}}]	20	3
561	2023-08-03 17:02:56.669606+00	12	Alfredo Monteiro	2	[{"changed": {"fields": ["Referenciacao", "PeriodicidadeCuidado"]}}]	8	3
560	2023-08-03 16:59:09.972368+00	74	Teste 1807	2	[{"changed": {"fields": ["Localizacao"]}}]	20	3
557	2023-08-03 16:47:48.91339+00	7	Sessao n:2, D, objetivo: Promover o conhecimento acerca das doena mental	2	[{"changed": {"fields": ["Materiais"]}}]	17	3
554	2023-08-03 16:46:32.390679+00	7	Sessao n:2, D, objetivo: Promover o conhecimento acerca das doena mental	2	[{"changed": {"fields": ["Apresentacao"]}}]	17	3
556	2023-08-03 16:47:28.954649+00	11	Sessao n:3, D, objetivo: Promover o conhecimento acerca das doenas mental	2	[{"changed": {"fields": ["Apresentacao"]}}]	17	3
553	2023-08-03 16:46:23.761284+00	7	Sessao n:2, D, objetivo: Promover o conhecimento acerca das doena mental	2	[{"changed": {"fields": ["Objetivo", "Descricao"]}}]	17	3
552	2023-08-03 16:46:04.220001+00	7	Sessao n:2, D, objetivo: Promover o conhecimento acerca das doenas mentais (demncia e perturbao bipolar)	2	[{"changed": {"fields": ["Apresentacao esquizofrenia", "Apresentacao perturbacao bipolar", "Apresentacao demencia", "Apresentacao incapacidade intelectual"]}}]	17	3
548	2023-08-03 15:53:41.490458+00	15	Incapacidade Intelectual	1	[{"added": {}}]	10	3
551	2023-08-03 16:41:58.152804+00	4	Bipolar	3		10	3
550	2023-08-03 16:41:58.146993+00	5	Amnsia	3		10	3
546	2023-08-03 15:53:08.249967+00	8	Perturbao Neurocognitiva Major (Demncia)	3		10	3
549	2023-08-03 16:41:58.135246+00	3	Alzheimer	3		10	3
547	2023-08-03 15:53:29.138213+00	14	Demncia	1	[{"added": {}}]	10	3
544	2023-08-03 15:53:08.238385+00	12	Outra	3		10	3
541	2023-07-26 11:30:36.568288+00	34	 2 meses >> 6. Cognio	2	[{"changed": {"fields": ["Order"]}}]	42	3
545	2023-08-03 15:53:08.244054+00	11	Perturbao Neurocognitiva Ligeira (DCL)	3		10	3
538	2023-07-26 11:29:13.009801+00	6	 6 meses >> 6. Cognio	2	[{"changed": {"fields": ["Order"]}}]	42	3
543	2023-08-03 15:53:08.231453+00	13	No Tem	3		10	3
535	2023-07-26 11:28:33.078721+00	41	 4 meses >> 6. Cognio	2	[{"changed": {"fields": ["Order"]}}]	42	3
542	2023-08-03 15:53:08.154039+00	7	Deficincia Intelectual	3		10	3
540	2023-07-26 11:30:32.276236+00	33	 2 meses >> 5. Ansiedade e Depresso	2	[{"changed": {"fields": ["Order"]}}]	42	3
539	2023-07-26 11:30:27.23861+00	32	 2 meses >> 4. Estado de  nimo	2	[{"changed": {"fields": ["Order"]}}]	42	3
537	2023-07-26 11:29:01.154103+00	5	 6 meses >> 5. Psicossintomatologia	2	[{"changed": {"fields": ["Order"]}}]	42	3
536	2023-07-26 11:28:53.420485+00	10	 6 meses >> 4. Funcionalidade	2	[{"changed": {"fields": ["Order"]}}]	42	3
534	2023-07-26 11:28:29.602435+00	40	 4 meses >> 5. Ansiedade e Depresso	2	[{"changed": {"fields": ["Order"]}}]	42	3
533	2023-07-26 11:28:24.06096+00	39	 4 meses >> 4. Estado de  nimo	2	[{"changed": {"fields": ["Order"]}}]	42	3
532	2023-07-26 11:28:17.901177+00	27	 0 meses >> 9. Estadio de Deteriorao	2	[{"changed": {"fields": ["Order"]}}]	42	3
531	2023-07-26 11:28:12.859061+00	26	 0 meses >> 8. Cognio	2	[{"changed": {"fields": ["Order"]}}]	42	3
530	2023-07-26 11:28:08.005919+00	25	 0 meses >> 7. Ansiedade e Depresso	2	[{"changed": {"fields": ["Order"]}}]	42	3
529	2023-07-26 11:28:03.479843+00	24	 0 meses >> 6. Personalidade	2	[{"changed": {"fields": ["Order"]}}]	42	3
528	2023-07-26 11:27:56.250688+00	23	 0 meses >> 5. Funcionalidade	2	[{"changed": {"fields": ["Order"]}}]	42	3
527	2023-07-26 11:27:46.820395+00	22	 0 meses >> 4. Estado de  nimo	2	[{"changed": {"fields": ["Order"]}}]	42	3
526	2023-07-26 11:09:31.385841+00	3	(3) 1. Nervosismo ou tenso interior	2	[{"changed": {"fields": ["Instruction"]}}]	54	3
607	2023-08-31 12:39:50.953277+00	32	(B) 2. Expresso	2	[{"changed": {"fields": ["Nome"]}}]	22	3
525	2023-07-26 10:42:54.768814+00	4	 6 meses >> 4. Questionrio Sociodemogrfico	3		42	3
524	2023-07-26 10:42:54.76318+00	21	 0 meses >> 4. Questionrio Sociodemogrfico	3		42	3
582	2023-08-05 14:51:52.997641+00	4	4 meses	2	[{"changed": {"fields": ["Caderno estimulos"]}}]	44	3
523	2023-07-26 10:42:54.751734+00	31	 2 meses >> 4. Questionrio Sociodemogrfico	3		42	3
584	2023-08-05 14:52:02.589692+00	6	Teste Livre	2	[{"changed": {"fields": ["Caderno estimulos"]}}]	44	3
579	2023-08-05 14:51:41.784517+00	1	Rastreio	2	[{"changed": {"fields": ["Caderno estimulos"]}}]	44	3
583	2023-08-05 14:51:57.573167+00	5	6 meses	2	[{"changed": {"fields": ["Caderno estimulos"]}}]	44	3
581	2023-08-05 14:51:49.609674+00	3	2 meses	2	[{"changed": {"fields": ["Caderno estimulos"]}}]	44	3
580	2023-08-05 14:51:45.9603+00	2	0 meses	2	[{"changed": {"fields": ["Caderno estimulos"]}}]	44	3
578	2023-08-05 14:43:35.369068+00	187	(187) 0. Questionrio Sociodemogrfico	2	[{"changed": {"fields": ["Section"]}}]	54	3
577	2023-08-05 14:43:08.509595+00	118	118 None >> None >> None	1	[{"added": {}}]	50	3
608	2023-08-31 12:39:56.689774+00	31	(B) 1. Expresso	2	[{"changed": {"fields": ["Nome"]}}]	22	3
609	2023-08-31 12:40:52.45739+00	10	(B) Descreva a imagem que viu:	2	[{"changed": {"fields": ["Nome"]}}]	22	3
664	2023-08-31 13:04:34.071951+00	65	65. No viaja - 0	2	[{"changed": {"fields": ["Name"]}}]	46	3
815	2023-09-04 13:31:28.483879+00	38	Exerccio [] - parte 3 - Pessoa desconhecida 3	1	[{"added": {}}]	18	3
558	2023-08-03 16:48:15.946156+00	11	Sessao n:3, D, objetivo: Promover o conhecimento acerca das doenas mental (Continuao)	2	[{"changed": {"fields": ["Objetivo", "Materiais"]}}]	17	3
184	2023-07-13 15:14:11.560849+00	107	anacatarina	2	[{"changed": {"fields": ["password"]}}]	4	3
555	2023-08-03 16:47:20.18671+00	11	Sessao n:3, D, objetivo: Promover o conhecimento acerca das doenas mental	2	[{"changed": {"fields": ["Objetivo", "Descricao", "Materiais", "Apresentacao esquizofrenia", "Apresentacao perturbacao bipolar", "Apresentacao demencia", "Apresentacao incapacidade intelectual"]}}]	17	3
160	2023-07-12 16:20:54.883112+00	93	PMS	2	[{"changed": {"fields": ["password"]}}]	4	3
149	2023-07-11 18:49:04.128585+00	1480	Parte Sessao n:1, F, objetivo: Encerrar a sesso e sessao Sessao (CARE) Sesso 1. Acolhimento do grupo ADEB Lisboa 01	2	[{"changed": {"fields": ["Concluido"]}}]	19	3
69	2023-06-20 16:09:45.432649+00	7	Desenvolvimento das aplicaes em bom andamento	2	[{"changed": {"fields": ["Titulo", "Texto"]}}]	58	3
586	2023-08-05 18:13:49.702061+00	256	(256) 0. Questionrio Sociodemogrfico (Cuidador)	2	[{"changed": {"fields": ["Name"]}}]	54	3
587	2023-08-05 18:14:54.831088+00	77	 Questionrio Sociodemogrfico (Cuidador) >> 0. Questionrio Sociodemogrfico (Cuidador)	2	[{"changed": {"fields": ["Name"]}}]	42	3
588	2023-08-05 18:16:16.123534+00	17	 Rastreio >> 1. Questionrio Sociodemogrfico	3		42	3
589	2023-08-05 18:16:16.138122+00	48	 0 meses >> 1. Questionrio Sociodemogrfico	3		42	3
590	2023-08-05 18:30:28.081369+00	13	Questionrio Sociodemogrfico (Cuidador)	2	[{"changed": {"fields": ["Name"]}}]	44	3
591	2023-08-31 12:16:14.165822+00	24	Atividade 24: O frasco (meio) cheio	2	[{"changed": {"fields": ["Descricao"]}}]	7	3
592	2023-08-31 12:20:25.19694+00	28	Exerccio 26	2	[{"changed": {"fields": ["Duracao", "Material"]}}]	11	3
517	2023-07-26 10:36:36.605443+00	14	 Rastreio >> 2. Conscincia, Humor e Comportamento	2	[{"changed": {"fields": ["Order"]}}]	42	3
477	2023-07-21 16:05:21.365743+00	129	Ateno e Concentrao (Soletrar)	2	[{"changed": {"fields": ["Instruction"]}}]	54	3
464	2023-07-21 08:15:13.0027+00	16	Roche Sistemas de Diagnsticos estabelece protocolo e patrocnio com MentHA Digital	2	[{"changed": {"fields": ["Titulo"]}}]	58	3
456	2023-07-21 07:42:48.667466+00	15	MentHA Digital no Algarve com a ASMAL	1	[{"added": {}}]	58	3
455	2023-07-21 07:30:26.612634+00	14	Apresentao de trabalhos finais de curso desenvolvidos no mbito do MentHA Digital	2	[{"changed": {"fields": ["Titulo"]}}]	58	3
593	2023-08-31 12:26:39.458182+00	47	Sessao n:12, F, objetivo: Encerrar a sesso	2	[{"changed": {"fields": ["Descricao"]}}]	17	3
400	2023-07-19 11:03:31.286502+00	150	Trail Making Test - Parte B - Teste	2	[{"changed": {"fields": ["Instruction"]}}]	54	3
385	2023-07-19 09:49:35.560027+00	24	Exerccio 22	2	[{"changed": {"fields": ["Duracao", "Instrucao"]}}]	11	3
364	2023-07-18 09:26:40.882391+00	344	Sessao (CARE) Sesso 4. Medidas de apoio do grupo ADEB Lisboa 01	2	[{"changed": {"fields": ["Estado", "Fim", "Concluido"]}}]	25	3
363	2023-07-18 09:15:01.765432+00	52	Sessao n:12, D, objetivo: Promover a diminuio de ansiedade e depresso; diminuio da sobrecarga; desenvolvimento de estratgias de coping e de redes sociais de apoio.	2	[]	17	3
329	2023-07-18 08:59:35.745097+00	12	Exerccio 10	2	[{"changed": {"fields": ["Duracao"]}}]	11	3
320	2023-07-18 08:56:40.054499+00	35	Exerccio 33	2	[{"changed": {"fields": ["Duracao", "Instrucao"]}}]	11	3
297	2023-07-18 08:51:41.211781+00	26	Atividade 26: Participao semanal - Fazer mais e melhor	2	[{"changed": {"fields": ["Nome"]}}]	7	3
594	2023-08-31 12:27:54.649679+00	39	Sessao n:10, D, objetivo: Explorar estratgias de gesto emocional e de coping	2	[{"changed": {"fields": ["Descricao"]}}]	17	3
196	2023-07-13 15:57:56.458102+00	86	Teste	3		12	3
174	2023-07-13 12:06:11.94542+00	63	Rastreio Miguel Carvalho	3		45	3
290	2023-07-18 08:49:43.387122+00	20	Atividade 20: Participao semanal - Compreender o stresse e as emoes	2	[{"changed": {"fields": ["Nome", "Descricao"]}}]	7	3
263	2023-07-18 08:38:58.553016+00	4	Atividade 4: rbitro de emoes	2	[]	7	3
258	2023-07-17 15:39:36.625845+00	3	3. Necessidade total de ajuda humana ou de alimentao artificial (conta, perfuso) - 2	2	[{"changed": {"fields": ["Name"]}}]	46	3
257	2023-07-17 15:39:16.613443+00	2	2. Necessita parcialmente de auxlio ou de alimentao triturada - 1	2	[{"changed": {"fields": ["Name"]}}]	46	3
595	2023-08-31 12:28:42.39961+00	35	Sessao n:9, D, objetivo: Promover boas prticas na prestao de cuidados: estratgias de ocupao do RC	2	[{"changed": {"fields": ["Materiais"]}}]	17	3
172	2023-07-13 12:04:05.481909+00	52	52. Miguel Carvalho -  (13/7/2023, 11:38)	3		52	3
596	2023-08-31 12:29:25.005687+00	32	Sessao n:8, D, objetivo: Partilhar experincias no sentido da ventilao de emoes e normalizao de sentimentos	2	[{"changed": {"fields": ["Materiais"]}}]	17	3
597	2023-08-31 12:29:41.876284+00	31	Sessao n:8, D, objetivo: Explorar estratgias de comunicao e de gesto de comportamentos desafiantes	2	[]	17	3
522	2023-07-26 10:42:54.74324+00	38	 4 meses >> 4. Questionrio Sociodemogrfico	3		42	3
598	2023-08-31 12:34:24.313202+00	11	Sessao n:3, D, objetivo: Promover o conhecimento acerca das doena mental (Continuao)	2	[{"changed": {"fields": ["Objetivo"]}}]	17	3
599	2023-08-31 12:34:58.492598+00	7	Sessao n:2, D, objetivo: Promover o conhecimento acerca da doena mental	2	[{"changed": {"fields": ["Objetivo"]}}]	17	3
600	2023-08-31 12:35:06.928319+00	11	Sessao n:3, D, objetivo: Promover o conhecimento acerca da doena mental (Continuao)	2	[{"changed": {"fields": ["Objetivo"]}}]	17	3
601	2023-08-31 12:35:57.266069+00	6	Sessao n:2, I, objetivo: Receber e integrar os participantes.	2	[{"changed": {"fields": ["Descricao"]}}]	17	3
602	2023-08-31 12:39:16.958641+00	37	(B) 7. Expresso	2	[{"changed": {"fields": ["Nome"]}}]	22	3
585	2023-08-05 18:04:31.133529+00	250	(250) 1. Quantos familiares v ou fala pelo menos uma vez por ms?	2	[{"changed": {"fields": ["Instruction"]}}]	54	3
603	2023-08-31 12:39:27.483494+00	36	(B) 6. Expresso	2	[{"changed": {"fields": ["Nome"]}}]	22	3
604	2023-08-31 12:39:34.028333+00	35	(B) 5. Expresso	2	[{"changed": {"fields": ["Nome"]}}]	22	3
605	2023-08-31 12:39:39.368902+00	34	(B) 4. Expresso	2	[{"changed": {"fields": ["Nome"]}}]	22	3
606	2023-08-31 12:39:45.670716+00	33	(B) 3. Expresso	2	[{"changed": {"fields": ["Nome"]}}]	22	3
610	2023-08-31 12:44:37.619313+00	49	 0 meses >> 1. Conscincia, Humor e Comportamento	2	[{"changed": {"fields": ["Name"]}}]	42	3
611	2023-08-31 12:45:03.592909+00	50	 0 meses >> 2. Cooperao dada na entrevista	2	[{"changed": {"fields": ["Name"]}}]	42	3
612	2023-08-31 12:45:32.5303+00	51	 0 meses >> 3. Relao com o Avaliador	2	[{"changed": {"fields": ["Name"]}}]	42	3
613	2023-08-31 12:45:45.655508+00	55	 0 meses >> 5. Ansiedade e Depresso	2	[{"changed": {"fields": ["Name"]}}]	42	3
614	2023-08-31 12:46:48.203579+00	58	 0 meses >> 8. Estratgias de Coping	2	[{"changed": {"fields": ["Name"]}}]	42	3
615	2023-08-31 12:47:06.312899+00	59	 2 meses >> 1. Conscincia, Humor e Comportamento	2	[{"changed": {"fields": ["Name"]}}]	42	3
616	2023-08-31 12:47:18.482781+00	60	 2 meses >> 2. Cooperao dada na entrevista	2	[{"changed": {"fields": ["Name"]}}]	42	3
617	2023-08-31 12:47:35.422016+00	61	 2 meses >> 3. Relao com o Avaliador	2	[{"changed": {"fields": ["Name"]}}]	42	3
618	2023-08-31 12:47:54.010953+00	67	 2 meses >> 7. Estratgias de Coping	2	[{"changed": {"fields": ["Name"]}}]	42	3
619	2023-08-31 12:48:08.052897+00	68	 6 meses >> 1. Conscincia, Humor e Comportamento	2	[{"changed": {"fields": ["Name"]}}]	42	3
620	2023-08-31 12:48:22.323834+00	69	 6 meses >> 2. Cooperao dada na entrevista	2	[{"changed": {"fields": ["Name"]}}]	42	3
621	2023-08-31 12:48:34.921488+00	70	 6 meses >> 3. Relao com o Avaliador	2	[{"changed": {"fields": ["Name"]}}]	42	3
622	2023-08-31 12:48:53.388935+00	71	 6 meses >> 4. Avaliao Psicolgica	2	[{"changed": {"fields": ["Name"]}}]	42	3
623	2023-08-31 12:49:15.968552+00	76	 6 meses >> 9. Estratgias de Coping	2	[{"changed": {"fields": ["Name"]}}]	42	3
624	2023-08-31 12:51:11.327798+00	10	0 meses (Avaliao Cuidador)	2	[{"changed": {"fields": ["Description"]}}]	44	3
625	2023-08-31 12:51:21.592467+00	11	2 meses (Avaliao Cuidador)	2	[{"changed": {"fields": ["Description"]}}]	44	3
626	2023-08-31 12:51:26.133244+00	12	6 meses (Avaliao Cuidador)	2	[{"changed": {"fields": ["Description"]}}]	44	3
627	2023-08-31 12:51:45.528233+00	2	2. Necessita parcialmente de auxlio ou de alimentao - 1	2	[{"changed": {"fields": ["Name"]}}]	46	3
628	2023-08-31 12:51:52.880396+00	3	3. Necessidade total de ajuda humana ou de alimentao - 2	2	[{"changed": {"fields": ["Name"]}}]	46	3
629	2023-08-31 12:52:03.982219+00	12	12. Necesita de ajuda humana ou tcnica - 1	2	[{"changed": {"fields": ["Name"]}}]	46	3
630	2023-08-31 12:52:11.231238+00	13	13. Necessidade de uma cadeira de rodas ou impossibilidade de deslocao - 2	2	[{"changed": {"fields": ["Name"]}}]	46	3
631	2023-08-31 12:52:31.822945+00	19	19. Dificuldade na compreensso ou afasia - 2	2	[{"changed": {"fields": ["Name"]}}]	46	3
632	2023-08-31 12:52:39.191023+00	21	21. M - 1	2	[{"changed": {"fields": ["Name"]}}]	46	3
633	2023-08-31 12:52:44.475845+00	22	22. Muito m ou cegueira - 2	2	[{"changed": {"fields": ["Name"]}}]	46	3
634	2023-08-31 12:52:49.677862+00	23	23. Muito m ou surdez - 2	2	[{"changed": {"fields": ["Name"]}}]	46	3
635	2023-08-31 12:53:19.731357+00	27	27. Mico e defecao normal - 0	2	[{"changed": {"fields": ["Name"]}}]	46	3
636	2023-08-31 12:53:43.990639+00	28	28. Incontinncia urinria e fecal ocasional - 1	2	[{"changed": {"fields": ["Name"]}}]	46	3
637	2023-08-31 12:54:05.409483+00	17	17. Expresso verbal perfeita - 0	2	[{"changed": {"fields": ["Name"]}}]	46	3
638	2023-08-31 12:54:15.911993+00	29	29. Incontinncia urinria e fecal permanente (alglia ou doente ostomizado) - 2	2	[{"changed": {"fields": ["Name"]}}]	46	3
639	2023-08-31 12:54:50.440825+00	29	29. Incontinncia urinria e fecal permanente (alglia ou doente ostomizado) - 2	2	[{"changed": {"fields": ["Name"]}}]	46	3
640	2023-08-31 12:55:03.807505+00	31	31. Esquecimentos muito frequentes ou amnsia - 2	2	[{"changed": {"fields": ["Name"]}}]	46	3
641	2023-08-31 12:55:23.08563+00	32	32. Perturbaes (minor): teimosia, emotividade, lamentao - 1	2	[{"changed": {"fields": ["Name"]}}]	46	3
642	2023-08-31 12:55:32.856309+00	32	32. Perturbaes (minor): teimosia, emotividade, lamentao - 1	2	[{"changed": {"fields": ["Name"]}}]	46	3
643	2023-08-31 12:55:57.180416+00	33	33. Perturbaes (major): agitao, desorientao, fuga - 2	2	[{"changed": {"fields": ["Name"]}}]	46	3
644	2023-08-31 12:56:07.169776+00	32	32. Perturbaes (minor): teimosia, emotividade, lamentao - 1	2	[{"changed": {"fields": ["Name"]}}]	46	3
645	2023-08-31 12:56:21.240062+00	41	41. Utiliza o telefone por iniciativa prpria - 1	2	[{"changed": {"fields": ["Name"]}}]	46	3
646	2023-08-31 12:57:00.08266+00	42	42.  capaz de marcar bem alguns nmeros familiares - 1	2	[{"changed": {"fields": ["Name"]}}]	46	3
647	2023-08-31 12:57:33.248892+00	43	43.  capaz de pedir para telefonar, mas no  capaz de marcar - 1	2	[{"changed": {"fields": ["Name"]}}]	46	3
648	2023-08-31 12:57:47.49539+00	44	44. No  capaz de usar o telefone - 0	2	[{"changed": {"fields": ["Name"]}}]	46	3
649	2023-08-31 12:57:59.679239+00	45	45. Realiza todas as compras necessrias independentemente - 1	2	[{"changed": {"fields": ["Name"]}}]	46	3
650	2023-08-31 12:58:15.819623+00	48	48.  totalmente incapaz de comprar - 0	2	[{"changed": {"fields": ["Name"]}}]	46	3
651	2023-08-31 12:58:39.41306+00	49	49. Organiza, prepara e serve as refeies sozinho e adequadamente - 1	2	[{"changed": {"fields": ["Name"]}}]	46	3
652	2023-08-31 12:58:48.573366+00	50	50. Prepara adequadamente as refeies se se fornecem os alimentos - 1	2	[{"changed": {"fields": ["Name"]}}]	46	3
653	2023-08-31 12:59:02.661336+00	51	51. Prepara, aquece e serve as refeies, mas no segue uma dieta adequada - 1	2	[{"changed": {"fields": ["Name"]}}]	46	3
654	2023-08-31 12:59:21.07321+00	52	52. Necessita que lhe preparem e sirvam as refeies - 0	2	[{"changed": {"fields": ["Name"]}}]	46	3
655	2023-08-31 13:00:00.175311+00	53	53. Mantm a casa sozinho ou com ajuda ocasional (trabalhos pesados) - 1	2	[{"changed": {"fields": ["Name"]}}]	46	3
656	2023-08-31 13:00:14.726339+00	56	56. Necessita de ajuda em todas as tarefas domsticas - 0	2	[{"changed": {"fields": ["Name"]}}]	46	3
657	2023-08-31 13:00:29.401233+00	57	57. No participa em nenhuma tarefa domstica - 0	2	[{"changed": {"fields": ["Name"]}}]	46	3
658	2023-08-31 13:00:44.448695+00	55	55. Realiza tarefas ligeiras, mas no pode manter um nvel adequado de limpeza - 1	2	[{"changed": {"fields": ["Name"]}}]	46	3
659	2023-08-31 13:02:08.331833+00	59	59. Lava sozinho pequenas peas de roupa - 1	2	[{"changed": {"fields": ["Name"]}}]	46	3
660	2023-08-31 13:02:53.371031+00	61	61. Viaja sozinho em transporte pblico ou conduz o seu prprio carro - 1	2	[{"changed": {"fields": ["Name"]}}]	46	3
661	2023-08-31 13:03:25.304096+00	62	62.  capaz de apanhar um txi, mas no usa outro transporte - 1	2	[{"changed": {"fields": ["Name"]}}]	46	3
662	2023-08-31 13:03:37.181374+00	63	63. Viaja em transportes pblicos quando vai acompanhado - 1	2	[{"changed": {"fields": ["Name"]}}]	46	3
663	2023-08-31 13:04:24.314782+00	64	64. S utiliza o txi ou o automvel com ajuda de terceiros - 0	2	[{"changed": {"fields": ["Name"]}}]	46	3
1171	2023-09-22 10:06:42.304024+00	120	Alberto	3		14	3
665	2023-08-31 13:04:47.577281+00	66	66.  capaz de tomar a medicao  hora e dose corretas - 1	2	[{"changed": {"fields": ["Name"]}}]	46	3
666	2023-08-31 13:05:06.692718+00	67	67. Toma a medicao se a dose  preparada previamente - 0	2	[{"changed": {"fields": ["Name"]}}]	46	3
667	2023-08-31 13:05:29.254945+00	68	68. No  capaz de administrar a sua medicao - 0	2	[{"changed": {"fields": ["Name"]}}]	46	3
668	2023-08-31 13:05:43.383405+00	70	70. Realiza as compras dirias, mas necessita de ajuda em grandes compras e no banco - 1	2	[{"changed": {"fields": ["Name"]}}]	46	3
669	2023-08-31 13:06:44.086319+00	77	77. No tanto agora - 2	2	[{"changed": {"fields": ["Name"]}}]	46	3
670	2023-08-31 13:06:55.148424+00	78	78. S um pouco - 1	2	[{"changed": {"fields": ["Name"]}}]	46	3
671	2023-08-31 13:07:02.97382+00	81	81. Sim, mas no muito forte - 2	2	[{"changed": {"fields": ["Name"]}}]	46	3
672	2023-08-31 13:07:16.103977+00	85	85. No tanto como antes - 2	2	[{"changed": {"fields": ["Name"]}}]	46	3
673	2023-08-31 13:07:32.508534+00	82	82. Um pouco, mas no me aflige - 1	2	[{"changed": {"fields": ["Name"]}}]	46	3
674	2023-08-31 13:07:57.397049+00	109	109. No dou a ateno que devia - 2	2	[{"changed": {"fields": ["Name"]}}]	46	3
675	2023-08-31 13:08:05.711872+00	114	114. No muito - 1	2	[{"changed": {"fields": ["Name"]}}]	46	3
676	2023-08-31 13:08:15.187006+00	117	117. No tanto como antes - 2	2	[{"changed": {"fields": ["Name"]}}]	46	3
677	2023-08-31 13:08:26.056378+00	128	128. Dia do Ms - 1	2	[{"changed": {"fields": ["Name"]}}]	46	3
678	2023-08-31 13:08:41.311004+00	129	129. Ms - 1	2	[{"changed": {"fields": ["Name"]}}]	46	3
679	2023-08-31 13:08:49.749408+00	131	131. Estao do Ano - 1	2	[{"changed": {"fields": ["Name"]}}]	46	3
680	2023-08-31 13:08:59.404526+00	137	137. Limo - 1	2	[{"changed": {"fields": ["Name"]}}]	46	3
681	2023-08-31 13:09:10.586694+00	140	140. Joo - 1	2	[{"changed": {"fields": ["Name"]}}]	46	3
682	2023-08-31 13:09:28.500982+00	142	142. Prata - 1	2	[{"changed": {"fields": ["Name"]}}]	46	3
683	2023-08-31 13:13:51.729691+00	142	142. Praa - 1	2	[{"changed": {"fields": ["Name"]}}]	46	3
684	2023-08-31 13:13:59.13007+00	144	144. n 53 - 1	2	[{"changed": {"fields": ["Name"]}}]	46	3
685	2023-08-31 13:14:13.441292+00	151	151. Ano em que se deu a revoluo do 25 de Abril - 1	2	[{"changed": {"fields": ["Name"]}}]	46	3
686	2023-08-31 13:14:22.506317+00	153	153. Pegou com a mo direita - 1	2	[{"changed": {"fields": ["Name"]}}]	46	3
687	2023-08-31 13:14:41.268767+00	156	156. Hipoptamo - 0	2	[{"changed": {"fields": ["Name"]}}]	46	3
688	2023-08-31 13:14:53.777804+00	160	160. Primeira subtrao correta - 1	2	[{"changed": {"fields": ["Name"]}}]	46	3
689	2023-08-31 13:15:01.054043+00	161	161. Segunda subtrao correta - 1	2	[{"changed": {"fields": ["Name"]}}]	46	3
690	2023-08-31 13:15:08.393878+00	162	162. Terceira subtrao correta - 1	2	[{"changed": {"fields": ["Name"]}}]	46	3
691	2023-08-31 13:15:14.926141+00	163	163. Quarta subtrao correta - 1	2	[{"changed": {"fields": ["Name"]}}]	46	3
692	2023-08-31 13:15:23.547113+00	164	164. Quinta subtrao correta - 1	2	[{"changed": {"fields": ["Name"]}}]	46	3
693	2023-08-31 13:15:32.262736+00	170	170. ... a que est associada  monarquia. - 1	2	[{"changed": {"fields": ["Name"]}}]	46	3
694	2023-08-31 13:16:21.377713+00	171	171. ... a que  um rptil. - 1	2	[{"changed": {"fields": ["Name"]}}]	46	3
695	2023-08-31 13:16:28.433167+00	172	172. ... a que est associada ao deserto. - 1	2	[{"changed": {"fields": ["Name"]}}]	46	3
696	2023-08-31 13:16:41.578514+00	173	173. ... a que est relacionada com a navegao - 1	2	[{"changed": {"fields": ["Name"]}}]	46	3
697	2023-08-31 13:16:52.098755+00	183	183. Relgio - 1	2	[{"changed": {"fields": ["Name"]}}]	46	3
698	2023-08-31 13:17:08.076544+00	186	186. ncora - 1	2	[{"changed": {"fields": ["Name"]}}]	46	3
699	2023-08-31 13:17:25.263254+00	194	194. Joo Macedo - 1	2	[{"changed": {"fields": ["Name"]}}]	46	3
700	2023-08-31 13:17:37.135346+00	193	193. Acordeo - 1	2	[{"changed": {"fields": ["Name"]}}]	46	3
701	2023-08-31 13:17:46.754249+00	195	195. Praa do Infante - 1	2	[{"changed": {"fields": ["Name"]}}]	46	3
702	2023-08-31 13:17:58.649691+00	199	199. Mostre-me a sua mo esquerda - 1	2	[{"changed": {"fields": ["Name"]}}]	46	3
703	2023-08-31 13:18:06.376962+00	200	200. Mostre-me o seu p direito - 1	2	[{"changed": {"fields": ["Name"]}}]	46	3
704	2023-08-31 13:18:16.359487+00	201	201. Com a sua mo direita aponte para o meu ombro direito - 2	2	[{"changed": {"fields": ["Name"]}}]	46	3
705	2023-08-31 13:18:21.558749+00	202	202. Com a sua mo esquerda aponte para o seu joelho direito - 2	2	[{"changed": {"fields": ["Name"]}}]	46	3
706	2023-08-31 13:18:27.04442+00	207	207. Toque em qualquer pea verde - 1	2	[{"changed": {"fields": ["Name"]}}]	46	3
707	2023-08-31 13:18:58.113109+00	215	215. Sem dfice de memria objectivo durante a entrevista clnica. - 0	2	[{"changed": {"fields": ["Name"]}}]	46	3
708	2023-08-31 13:19:19.209847+00	216	216. Sem  dfice objectivo no emprego ou em ocasies sociais. - 0	2	[{"changed": {"fields": ["Name"]}}]	46	3
709	2023-08-31 13:19:30.878726+00	217	217. Preocupao legtima em relao aos sintomas. - 0	2	[{"changed": {"fields": ["Name"]}}]	46	3
710	2023-08-31 13:19:40.517621+00	219	219. Os colegas do-se conta do desempenho relativamente pobre do paciente. - 0	2	[{"changed": {"fields": ["Name"]}}]	46	3
711	2023-08-31 13:19:52.59508+00	220	220. As dificuldades em encontrar palavras e/ou nomes tornam-se evidentes para as pessoas mais prximas. - 0	2	[{"changed": {"fields": ["Name"]}}]	46	3
712	2023-08-31 13:20:02.10956+00	222	222. O paciente pode apresentar facilidade diminuda em recordar os nomes de pessoas a quem  apresentado. - 0	2	[{"changed": {"fields": ["Name"]}}]	46	3
713	2023-08-31 13:20:16.326324+00	224	224. Os testes clnicos podem evidenciar dfice de concentrao. - 0	2	[{"changed": {"fields": ["Name"]}}]	46	3
714	2023-08-31 13:20:43.329266+00	225	225. Dfice de memria objectivo, evidente s no decurso duma entrevista intensiva. - 0	2	[{"changed": {"fields": ["Name"]}}]	46	3
715	2023-08-31 13:21:25.777018+00	226	226. Diminuio de desempenho em ocupaes laborais de maior exigncia, e em situaes sociais. - 0	2	[{"changed": {"fields": ["Name"]}}]	46	3
716	2023-08-31 13:21:41.069979+00	227	227. O paciente comea a manifestar denegao. - 0	2	[{"changed": {"fields": ["Name"]}}]	46	3
717	2023-08-31 13:21:51.846205+00	229	229. Decrscimo no conhecimento de acontecimentos correntes e recentes. - 0	2	[{"changed": {"fields": ["Name"]}}]	46	3
718	2023-08-31 13:22:09.14919+00	230	230. Pode apresentar algum dfice de memria na sua prpria histria pessoal. - 0	2	[{"changed": {"fields": ["Name"]}}]	46	3
719	2023-08-31 13:22:30.02883+00	231	231. Dfice de concentrao evidenciado nas subtraes seriadas. - 0	2	[{"changed": {"fields": ["Name"]}}]	46	3
720	2023-08-31 13:22:44.354267+00	232	232. Diminuio da capacidade para viajar, gerir as finanas, etc - 0	2	[{"changed": {"fields": ["Name"]}}]	46	3
721	2023-08-31 13:22:53.19913+00	233	233. Orientao no tempo e no espao. - 0	2	[{"changed": {"fields": ["Name"]}}]	46	3
722	2023-08-31 13:23:05.1215+00	234	234. Orientao no tempo e no espao. - 0	2	[{"changed": {"fields": ["Name"]}}]	46	3
723	2023-08-31 13:23:17.65539+00	237	237. A denegao  o mecanismo de defesa dominante - 0	2	[{"changed": {"fields": ["Name"]}}]	46	3
724	2023-08-31 13:23:34.178514+00	238	238. Embotamento dos afectos e desistncia em situaes de desafio - 0	2	[{"changed": {"fields": ["Name"]}}]	46	3
725	2023-08-31 13:23:51.609818+00	239	239. Do seu endereo, ou do seu nmero de telefone, que tem desde h muitos anos. - 0	2	[{"changed": {"fields": ["Name"]}}]	46	3
726	2023-08-31 13:23:59.940902+00	240	240. Dos nomes dos seus familiares mais prximos (tais como os seus netos). - 0	2	[{"changed": {"fields": ["Name"]}}]	46	3
727	2023-08-31 13:24:07.966074+00	241	241. Do nome do liceu (escola secundria), ou da faculdade em que se formou. - 0	2	[{"changed": {"fields": ["Name"]}}]	46	3
728	2023-08-31 13:24:32.809108+00	242	242. Apresenta frequentemente alguma desorientao relativamente ao tempo (data, dia da semana, estao do ano, etc), ou  ao local. - 0	2	[{"changed": {"fields": ["Name"]}}]	46	3
729	2023-08-31 13:25:17.955129+00	243	243. Uma pessoa escolarizada pode ter alguma dificuldade na subtrao em sries de 4 em 40, ou de 2 em 20. - 0	2	[{"changed": {"fields": ["Name"]}}]	46	3
730	2023-08-31 13:25:46.46135+00	244	244. As pessoas neste nvel retm a lembrana dos factos mais importantes relativamente a si prprios, e a outros. - 0	2	[{"changed": {"fields": ["Name"]}}]	46	3
731	2023-08-31 13:25:55.94899+00	245	245. Sabem  invariavelmente os seus prprios nomes, e conhecem, geralmente, os nomes do conjuge e dos filhos. - 0	2	[{"changed": {"fields": ["Name"]}}]	46	3
732	2023-08-31 13:26:22.74014+00	246	246. No precisam de auxlio para os cuidados de higiene, nem para as refeies, mas podem ter dificuldade na escolha da roupa adequada para vestir. - 0	2	[{"changed": {"fields": ["Name"]}}]	46	3
733	2023-08-31 13:26:40.291588+00	247	247. Podem de todo no se aperceber de todos os acontecimentos e experincias recentes das suas vidas. - 0	2	[{"changed": {"fields": ["Name"]}}]	46	3
734	2023-08-31 13:26:59.667271+00	248	248. Retm alguma noo do que os rodeia, do ano, da estao do ano, etc. - 0	2	[{"changed": {"fields": ["Name"]}}]	46	3
735	2023-08-31 13:27:12.508885+00	249	249. Podem ter dificuldade em contar de 1 at 10, em ordem decrescente, e por vezes em ordem crescente. - 0	2	[{"changed": {"fields": ["Name"]}}]	46	3
736	2023-08-31 13:27:42.028138+00	251	251. Necessitaro de assistncia para viajar, mas podero, ocasionalmente, ser capazes de viajar para locais  conhecidos. - 0	2	[{"changed": {"fields": ["Name"]}}]	46	3
737	2023-08-31 13:27:54.129867+00	253	253. Lembram-se quase sempre do seu prprio nome. - 0	2	[{"changed": {"fields": ["Name"]}}]	46	3
738	2023-08-31 13:28:37.381279+00	254	254. Comportamento delirante, isto , o paciente pode acusar o seu cnjuge de ser uma pessoa impostora; pode falar para  figuras imaginrias  sua volta, ou para a sua prpria imagem reflectida no esp	2	[{"changed": {"fields": ["Name"]}}]	46	3
739	2023-08-31 13:29:30.237956+00	255	255. Comportamento delirante, isto , o paciente pode acusar o seu cnjuge de ser uma pessoa impostora; pode falar para figuras imaginrias  sua volta, ou para a sua prpria imagem reflectida no espe	2	[{"changed": {"fields": ["Name"]}}]	46	3
740	2023-08-31 13:29:48.781757+00	256	256. Podem ocorrer: sintomas de ansiedade, de agitao e mesmo um comportamento violento antes inexistente. - 0	2	[{"changed": {"fields": ["Name"]}}]	46	3
741	2023-08-31 13:30:21.477417+00	257	257. Abulia cognitiva, isto , perda da fora de vontade, por o indivduo no conseguir manter um pensamento at completar uma ao - 0	2	[{"changed": {"fields": ["Name"]}}]	46	3
742	2023-08-31 13:32:19.492957+00	258	258. Na fase inicial deste nvel as palavras e as frases so faladas, mas o discurso  muito limitado. Mais tarde deixa de haver discurso - apenas sons grunhidos. - 0	2	[{"changed": {"fields": ["Name"]}}]	46	3
743	2023-08-31 13:32:49.260334+00	260	260. Requer assistncia na higiene e na alimentao. - 0	2	[{"changed": {"fields": ["Name"]}}]	46	3
744	2023-08-31 13:33:25.683699+00	261	261. As competncias psicomotoras bsicas (como por ex. a capacidade de andar) vo sendo perdidas com a progresso deste nvel. - 0	2	[{"changed": {"fields": ["Name"]}}]	46	3
745	2023-08-31 13:33:39.343805+00	262	262. O  crebro parece no ser mais capaz de comandar o corpo. - 0	2	[{"changed": {"fields": ["Name"]}}]	46	3
746	2023-08-31 13:33:55.798731+00	263	263. Presena frequente de sinais e sintomas neurolgicos difusos  e corticais. - 0	2	[{"changed": {"fields": ["Name"]}}]	46	3
747	2023-08-31 13:34:10.659016+00	275	275. Hipercintico - 0	2	[{"changed": {"fields": ["Name"]}}]	46	3
748	2023-08-31 13:34:17.925638+00	276	276. Hipocintico - 0	2	[{"changed": {"fields": ["Name"]}}]	46	3
749	2023-08-31 13:34:26.553684+00	281	281. Depresso - 0	2	[{"changed": {"fields": ["Name"]}}]	46	3
750	2023-08-31 13:34:34.828028+00	284	284. Razovel - 0	2	[{"changed": {"fields": ["Name"]}}]	46	3
751	2023-08-31 13:34:43.036207+00	285	285. M - 0	2	[{"changed": {"fields": ["Name"]}}]	46	3
752	2023-08-31 13:34:58.207877+00	300	300. No - 1	2	[{"changed": {"fields": ["Name"]}}]	46	3
753	2023-08-31 13:35:12.291639+00	303	303. s vezes - 3	2	[{"changed": {"fields": ["Name"]}}]	46	3
754	2023-08-31 13:35:18.006027+00	306	306. Nunca fao isto - 1	2	[{"changed": {"fields": ["Name"]}}]	46	3
755	2023-08-31 13:35:28.826939+00	307	307. Fao isto por vezes - 2	2	[{"changed": {"fields": ["Name"]}}]	46	3
756	2023-08-31 13:35:39.424196+00	308	308. Em mdia,  isto que fao - 3	2	[{"changed": {"fields": ["Name"]}}]	46	3
757	2023-08-31 13:35:44.330768+00	309	309. Fao quase sempre isto - 4	2	[{"changed": {"fields": ["Name"]}}]	46	3
758	2023-08-31 13:37:30.845236+00	23	(23) 21. Sentir que as outras pessoas no so amigas ou no gostam de si	2	[{"changed": {"fields": ["Name"]}}]	54	3
759	2023-08-31 13:37:56.663847+00	51	(51) 49. Sentir-se to desassossegado que no consegue manter-se sentado quieto	2	[{"changed": {"fields": ["Name"]}}]	54	3
760	2023-08-31 13:42:11.692772+00	191	(191) 2. Considera que, tomar conta do seu familiar  psicologicamente difcil?	2	[{"changed": {"fields": ["Name"]}}]	54	3
761	2023-08-31 13:42:36.564549+00	193	(193) 4. Entra em conflito consigo prpria por estar a tomar conta do seu familiar?	2	[{"changed": {"fields": ["Name"]}}]	54	3
762	2023-08-31 13:42:50.106668+00	194	(194) 5. Pensa que o seu estado de sade tem piorado por estar a cuidar do seu familiar?	2	[{"changed": {"fields": ["Name"]}}]	54	3
763	2023-08-31 13:43:06.67662+00	195	(195) 6. Cuidar do seu familiar tem exigido um grande esforo fsico?	2	[{"changed": {"fields": ["Name"]}}]	54	3
764	2023-08-31 13:43:27.874888+00	197	(197) 8. Os planos que tinha feito para esta fase da vida tm sido alterados em virtude de estar a tomar conta do seu familiar?	2	[{"changed": {"fields": ["Name"]}}]	54	3
814	2023-09-04 13:31:19.0818+00	20	Pessoa Desconhecida 3	1	[{"added": {}}]	13	3
765	2023-08-31 13:43:45.12305+00	198	(198) 9. Acha que se dedica demasiado tempo a cuidar do seu familiar e que o tempo  insuficiente para si?	2	[{"changed": {"fields": ["Name"]}}]	54	3
766	2023-08-31 13:44:17.670088+00	200	(200) 11.  difcil planear o futuro dado que as necessidades do seu familiar no se podem prever?	2	[{"changed": {"fields": ["Name"]}}]	54	3
767	2023-08-31 13:44:31.819282+00	201	(201) 12. Tomar conta do seu familiar d-lhe a sensao de estar preso(a)?	2	[{"changed": {"fields": ["Name"]}}]	54	3
768	2023-08-31 13:44:51.01675+00	203	(203) 14. A sua vida social (p.ex. frias, conviver, com familiares e amigos) tem siso prejudicada por estar a cuidar do seu familiar?	2	[{"changed": {"fields": ["Name"]}}]	54	3
769	2023-08-31 13:45:04.036283+00	204	(204) 15. Sente-se s e isolado(a) por estar a cuidar do seu familiar?	2	[{"changed": {"fields": ["Name"]}}]	54	3
770	2023-08-31 13:45:17.518694+00	206	(206) 17. Sente que o seu futuro econmico  incerto, por estar a cuidar do seu familiar?	2	[{"changed": {"fields": ["Name"]}}]	54	3
771	2023-08-31 13:45:25.596228+00	207	(207) 18. J se sentiu ofendido(a) e zangado(a) com o comportamento do seu familiar?	2	[{"changed": {"fields": ["Name"]}}]	54	3
772	2023-08-31 13:45:37.136805+00	208	(208) 19. J se sentiu embaraado(a) com o comportamento do seu familiar?	2	[{"changed": {"fields": ["Name"]}}]	54	3
773	2023-08-31 13:45:57.492203+00	209	(209) 20. Sente que o seu familiar o(a) solicita demasiado para situaes desnecessrias?	2	[{"changed": {"fields": ["Name"]}}]	54	3
774	2023-08-31 13:46:15.726661+00	214	(214) 25. Considera que tem conhecimentos e experincia para cuidar do seu familiar?	2	[{"changed": {"fields": ["Name"]}}]	54	3
775	2023-08-31 13:46:39.172555+00	218	(218) 29. O seu familiar mostra gratido pelo que est a fazer por ele?	2	[{"changed": {"fields": ["Name"]}}]	54	3
776	2023-08-31 13:46:50.250707+00	220	(220) 31. Sente-se mais prximo(a) do seu familiar por estar a cuidar dele?	2	[{"changed": {"fields": ["Name"]}}]	54	3
777	2023-08-31 13:47:05.432265+00	222	(222) 1. Refugio-me noutras atividades para me abstrair da situao	2	[{"changed": {"fields": ["Name"]}}]	54	3
778	2023-08-31 13:47:26.195607+00	223	(223) 2. Concentro os meus esforos para fazer alguma coisa que me permita enfrentar a situao	2	[{"changed": {"fields": ["Name"]}}]	54	3
779	2023-08-31 13:48:54.657871+00	224	(224) 3. Tenho dito para mim prprio(a): "Isto no  verdade"	2	[{"changed": {"fields": ["Name"]}}]	54	3
780	2023-08-31 13:49:05.601628+00	225	(225) 4. Refugio-me no lcool ou noutras drogas (comprimidos, etc.) para me sentir melhor	2	[{"changed": {"fields": ["Name"]}}]	54	3
781	2023-08-31 13:49:16.216046+00	226	(226) 5. Procuro apoio emocional de algum (famlia, amigos)	2	[{"changed": {"fields": ["Name"]}}]	54	3
782	2023-08-31 13:49:29.187607+00	228	(228) 7. Tomo medidas para tentar melhorar a minha situao	2	[{"changed": {"fields": ["Name"]}}]	54	3
783	2023-08-31 13:49:49.138359+00	231	(231) 10. Peo conselhos e ajuda a outras pessoas para enfrentar melhor a situao	2	[{"changed": {"fields": ["Name"]}}]	54	3
784	2023-08-31 13:50:23.545455+00	232	(232) 11. Uso lcool ou outras drogas (comprimidos, etc.) para me ajudar a ultrapassar os problemas	2	[{"changed": {"fields": ["Name"]}}]	54	3
785	2023-08-31 13:50:39.602304+00	233	(233) 12. Tento analisar a situao de maneira diferente, de forma a torn-la mais positiva	2	[{"changed": {"fields": ["Name"]}}]	54	3
786	2023-08-31 13:50:53.291244+00	234	(234) 13. Fao crticas a mim prprio	2	[{"changed": {"fields": ["Name"]}}]	54	3
787	2023-08-31 13:51:07.277945+00	235	(235) 14. Tento encontrar uma estratgia que me ajude no que tenho que fazer	2	[{"changed": {"fields": ["Name"]}}]	54	3
788	2023-08-31 13:51:36.125564+00	236	(236) 15. Procuro o conforto e compreenso de algum	2	[{"changed": {"fields": ["Name"]}}]	54	3
789	2023-08-31 13:51:50.502203+00	237	(237) 16. Desisto de me esforar para lidar com a situao	2	[{"changed": {"fields": ["Name"]}}]	54	3
790	2023-08-31 13:51:59.320439+00	238	(238) 17. Procuro algo positivo em tudo o que est a acontecer	2	[{"changed": {"fields": ["Name"]}}]	54	3
791	2023-08-31 13:52:09.534391+00	239	(239) 18. Enfrento a situao levando-a para a brincadeira	2	[{"changed": {"fields": ["Name"]}}]	54	3
792	2023-08-31 13:52:40.183556+00	240	(240) 19. Fao outras coisas para pensar menos na situao, tal como ir ao cinema, ver TV, ler, sonhar, ou ir s compras	2	[{"changed": {"fields": ["Name"]}}]	54	3
793	2023-08-31 13:52:53.094095+00	241	(241) 20. Tento aceitar as coisas tal como esto a acontecer	2	[{"changed": {"fields": ["Name"]}}]	54	3
794	2023-08-31 13:53:09.804357+00	243	(243) 22. Tento encontrar conforto na minha religio ou crena espiritual	2	[{"changed": {"fields": ["Name"]}}]	54	3
795	2023-08-31 13:53:20.087003+00	244	(244) 23. Peo conselhos e ajuda a pessoas que passaram pelo mesmo	2	[{"changed": {"fields": ["Name"]}}]	54	3
796	2023-08-31 13:53:47.817431+00	245	(245) 24. Tento aprender a viver com a situao	2	[{"changed": {"fields": ["Name"]}}]	54	3
797	2023-08-31 13:53:56.690647+00	246	(246) 25. Penso muito sobre a melhor forma de lidar com a situao	2	[{"changed": {"fields": ["Name"]}}]	54	3
798	2023-08-31 13:54:03.394194+00	247	(247) 26. Culpo-me pelo que est a acontecer	2	[{"changed": {"fields": ["Name"]}}]	54	3
799	2023-08-31 13:54:12.089995+00	249	(249) 28. Enfrento a situao com sentido de humor	2	[{"changed": {"fields": ["Name"]}}]	54	3
800	2023-08-31 13:54:27.388961+00	250	(250) 1. Quantos familiares v ou fala pelo menos uma vez por ms?	2	[{"changed": {"fields": ["Name"]}}]	54	3
801	2023-08-31 13:54:40.34823+00	251	(251) 2. De quantos familiares se sente prximo de tal forma que possa ligar-lhes para pedir ajuda?	2	[{"changed": {"fields": ["Name"]}}]	54	3
802	2023-08-31 13:54:49.840102+00	252	(252) 3. Com quantos familiares se sente  vontade para falar sobre assuntos pessoais?	2	[{"changed": {"fields": ["Name"]}}]	54	3
803	2023-08-31 13:55:08.303419+00	253	(253) 4. Quantos amigos v ou fala pelo menos uma vez por ms?	2	[{"changed": {"fields": ["Name"]}}]	54	3
804	2023-08-31 13:55:27.709621+00	254	(254) 5. De quantos amigos se sente prximo de tal forma que possa ligar-lhes a pedir ajuda?	2	[{"changed": {"fields": ["Name"]}}]	54	3
805	2023-08-31 13:55:38.353142+00	255	(255) 6. Com quantos amigos se sente  vontade para falar sobre assuntos pessoais?	2	[{"changed": {"fields": ["Name"]}}]	54	3
806	2023-09-04 13:16:34.155615+00	18	Pessoa Desconhecida 1	1	[{"added": {}}]	13	3
807	2023-09-04 13:18:17.685856+00	58	 Assinale algumas caractersticas da pessoa	1	[{"added": {}}]	22	3
808	2023-09-04 13:18:27.318699+00	36	Exerccio [] - parte 1 - Pessoa desconhecida 1	1	[{"added": {}}]	18	3
809	2023-09-04 13:19:47.039415+00	58	 Assinale algumas caractersticas sobre a pessoa	2	[{"changed": {"fields": ["Nome"]}}]	22	3
810	2023-09-04 13:19:54.175288+00	36	Exerccio [] - parte 1 - Pessoa desconhecida 1	2	[]	18	3
811	2023-09-04 13:30:04.108777+00	22	Exerccio 20	2	[{"changed": {"fields": ["Duracao", "Partes do exercicio"]}}]	11	3
812	2023-09-04 13:30:42.13799+00	19	Pessoa Desconhecida 2	1	[{"added": {}}]	13	3
813	2023-09-04 13:31:04.123993+00	37	Exerccio [] - parte 2 - Pessoa desconhecida 2	1	[{"added": {}}]	18	3
817	2023-09-04 13:32:07.261095+00	39	Exerccio [] - parte 4 - Pessoa Desconhecida 4	1	[{"added": {}}]	18	3
818	2023-09-04 13:48:32.651976+00	22	Pessoa Desconhecida 5	1	[{"added": {}}]	13	3
819	2023-09-04 13:48:44.203856+00	40	Exerccio [] - parte 5 - Pessoa Desconhecida 5	1	[{"added": {}}]	18	3
820	2023-09-04 13:49:15.475291+00	23	Pessoa Desconhecida 6	1	[{"added": {}}]	13	3
821	2023-09-04 13:49:28.560612+00	41	Exerccio [] - parte 6 - Pessoa Desconhecida 6	1	[{"added": {}}]	18	3
822	2023-09-04 13:49:43.832683+00	24	Pessoa Desconhecida 7	1	[{"added": {}}]	13	3
823	2023-09-04 13:49:51.139999+00	42	Exerccio [] - parte 7 - Pessoa Desconhecida 7	1	[{"added": {}}]	18	3
824	2023-09-04 13:49:52.779163+00	22	Exerccio 20	2	[{"changed": {"fields": ["Duracao", "Partes do exercicio"]}}]	11	3
825	2023-09-04 14:20:18.373821+00	25	1 serie	1	[{"added": {}}]	13	3
826	2023-09-04 14:20:19.984113+00	43	Exerccio [] - parte 0 - 1 Serie	1	[{"added": {}}]	18	3
827	2023-09-04 14:20:35.889477+00	26	2serie	1	[{"added": {}}]	13	3
828	2023-09-04 14:20:39.072462+00	44	Exerccio [] - parte 0 - 2 Srie	1	[{"added": {}}]	18	3
829	2023-09-04 14:20:56.778583+00	27	3serie	1	[{"added": {}}]	13	3
830	2023-09-04 14:21:00.693868+00	45	Exerccio [] - parte 3 - 3 Srie	1	[{"added": {}}]	18	3
831	2023-09-04 14:21:26.232099+00	28	4serie	1	[{"added": {}}]	13	3
832	2023-09-04 14:21:27.835705+00	46	Exerccio [] - parte 4 - 4 Srie	1	[{"added": {}}]	18	3
833	2023-09-04 14:21:43.192335+00	29	5serie	1	[{"added": {}}]	13	3
834	2023-09-04 14:21:44.747196+00	47	Exerccio [] - parte 5 - 5 Srio	1	[{"added": {}}]	18	3
835	2023-09-04 14:22:04.356107+00	30	6serie	1	[{"added": {}}]	13	3
836	2023-09-04 14:22:08.283309+00	48	Exerccio [] - parte 6 - 6 Srie	1	[{"added": {}}]	18	3
837	2023-09-04 14:22:37.104759+00	43	Exerccio [] - parte 1 - 1 Serie	2	[{"changed": {"fields": ["Ordem"]}}]	18	3
838	2023-09-04 14:22:41.827159+00	44	Exerccio [] - parte 2 - 2 Srie	2	[{"changed": {"fields": ["Ordem"]}}]	18	3
839	2023-09-04 14:23:37.137324+00	23	Exerccio 21	2	[{"changed": {"fields": ["Duracao", "Partes do exercicio"]}}]	11	3
840	2023-09-04 15:45:47.445995+00	31	Procurar nmeros	1	[{"added": {}}]	13	3
841	2023-09-04 16:06:31.533211+00	59	 Procure apenas os nmeros	1	[{"added": {}}]	22	3
842	2023-09-04 16:06:34.887514+00	49	Exerccio [] - parte 1 - Procure apenas os nmeros	1	[{"added": {}}]	18	3
843	2023-09-04 16:07:18.634758+00	60	(B) Procure os smbolos iguais a estes	1	[{"added": {}}]	22	3
844	2023-09-04 16:07:25.06082+00	32	simbolos	1	[{"added": {}}]	13	3
845	2023-09-04 16:07:26.887593+00	50	Exerccio [] - parte 2 - Procurar simbolos	1	[{"added": {}}]	18	3
846	2023-09-04 16:13:35.799487+00	26	Exerccio 24	2	[{"changed": {"fields": ["Duracao", "Partes do exercicio"]}}]	11	3
847	2023-09-05 13:51:21.879439+00	61	 Azul - Amarelo	1	[{"added": {}}]	22	3
848	2023-09-05 13:52:03.714381+00	62	 Camisa - Calas	1	[{"added": {}}]	22	3
849	2023-09-05 13:52:21.713707+00	63	 Banana - Laranja	1	[{"added": {}}]	22	3
850	2023-09-05 13:52:23.625933+00	51	Exerccio [] - parte 0 - Comum entre palavras	1	[{"added": {}}]	18	3
851	2023-09-05 13:53:12.32406+00	64	 Banana - Laranja	1	[{"added": {}}]	22	3
852	2023-09-05 13:54:07.724621+00	65	 Cavalo - Burro	1	[{"added": {}}]	22	3
853	2023-09-05 13:54:21.312916+00	66	 Rosa - Malmequer	1	[{"added": {}}]	22	3
854	2023-09-05 13:54:33.292461+00	67	 Batata - Cenoura	1	[{"added": {}}]	22	3
855	2023-09-05 13:54:36.179623+00	52	Exerccio [] - parte 2 - Comum entre palavras 2	1	[{"added": {}}]	18	3
856	2023-09-05 14:06:00.10902+00	51	Exerccio [] - parte 1 - Comum entre palavras	2	[{"changed": {"fields": ["Ordem"]}}]	18	3
857	2023-09-05 14:06:06.133916+00	30	Exerccio 28	2	[{"changed": {"fields": ["Duracao", "Partes do exercicio"]}}]	11	3
858	2023-09-05 14:07:57.620378+00	30	Exerccio 28	2	[{"changed": {"fields": ["Duracao"]}}]	11	3
859	2023-09-05 14:09:07.072584+00	68	 Co - Pssaro	1	[{"added": {}}]	22	3
860	2023-09-05 14:09:23.928974+00	69	 Camisa - meias	1	[{"added": {}}]	22	3
861	2023-09-05 14:09:40.809466+00	70	 Banana - Pera	1	[{"added": {}}]	22	3
862	2023-09-05 14:09:42.843827+00	53	Exerccio [] - parte 1 - Diferente entre palavras	1	[{"added": {}}]	18	3
863	2023-09-05 14:11:14.923595+00	71	 Garfo - faca	1	[{"added": {}}]	22	3
864	2023-09-05 14:11:23.174853+00	72	 Carro - Camio	1	[{"added": {}}]	22	3
865	2023-09-05 14:11:36.306089+00	73	 Televiso - Rdio	1	[{"added": {}}]	22	3
866	2023-09-05 14:11:37.979093+00	54	Exerccio [] - parte 2 - Diferente entre palavras 2	1	[{"added": {}}]	18	3
867	2023-09-05 14:11:47.148083+00	30	Exerccio 28	2	[{"changed": {"fields": ["Duracao", "Partes do exercicio"]}}]	11	3
868	2023-09-05 15:34:49.603799+00	74	(A) None	1	[{"added": {}}]	22	3
869	2023-09-05 15:35:01.018533+00	33	sequencialogica1	1	[{"added": {}}]	13	3
870	2023-09-05 15:35:04.405459+00	55	Exerccio [] - parte 1 - Sequncias lgicas 1	1	[{"added": {}}]	18	3
871	2023-09-05 16:04:12.361455+00	34	sequencialogica2	1	[{"added": {}}]	13	3
872	2023-09-05 16:04:23.72567+00	75	(A) None	1	[{"added": {}}]	22	3
873	2023-09-05 16:04:24.887577+00	56	Exerccio [] - parte 2 - Sequncias lgicas 2	1	[{"added": {}}]	18	3
874	2023-09-05 16:04:40.554076+00	35	sequencialogica3	1	[{"added": {}}]	13	3
875	2023-09-05 16:04:50.188178+00	76	(B) None	1	[{"added": {}}]	22	3
876	2023-09-05 16:04:51.887339+00	57	Exerccio [] - parte 3 - Sequncias lgicas 3	1	[{"added": {}}]	18	3
877	2023-09-05 16:05:05.254602+00	36	sequencialogica4	1	[{"added": {}}]	13	3
878	2023-09-05 16:05:11.238977+00	77	(B) None	1	[{"added": {}}]	22	3
879	2023-09-05 16:05:14.549788+00	58	Exerccio [] - parte 4 - Sequncias lgicas 4	1	[{"added": {}}]	18	3
880	2023-09-05 16:05:16.069391+00	31	Exerccio 29	2	[{"changed": {"fields": ["Duracao", "Partes do exercicio"]}}]	11	3
881	2023-09-05 16:25:14.515265+00	24	1	1	[{"added": {}}]	16	3
882	2023-09-05 16:25:18.832511+00	25	2	1	[{"added": {}}]	16	3
883	2023-09-05 16:25:22.576328+00	26	3	1	[{"added": {}}]	16	3
884	2023-09-05 16:25:27.967973+00	78	(A) Escolher o po	1	[{"added": {}}]	22	3
885	2023-09-05 16:25:42.572988+00	79	 Pagar	1	[{"added": {}}]	22	3
886	2023-09-05 16:25:54.600099+00	80	(A) Entrar na loja	1	[{"added": {}}]	22	3
887	2023-09-05 16:26:19.810466+00	79	(A) Pagar	2	[{"changed": {"fields": ["Dificuldade"]}}]	22	3
888	2023-09-05 16:37:30.451228+00	59	Exerccio [] - parte 1 - Para comprar o po	1	[{"added": {}}]	18	3
889	2023-09-05 16:44:41.55453+00	81	 Deitar-se na cama	1	[{"added": {}}]	22	3
890	2023-09-05 16:45:00.194513+00	82	 Vestir o pijama	1	[{"added": {}}]	22	3
891	2023-09-05 16:45:30.463845+00	83	 Cobrir-se com o cobertor	1	[{"added": {}}]	22	3
892	2023-09-05 16:45:40.100296+00	84	 Tirar a roupa	1	[{"added": {}}]	22	3
893	2023-09-05 16:45:47.246387+00	60	Exerccio [] - parte 2 - Para dormir	1	[{"added": {}}]	18	3
894	2023-09-05 16:46:18.274316+00	80	 Entrar na loja	2	[{"changed": {"fields": ["Dificuldade"]}}]	22	3
895	2023-09-05 16:46:20.59655+00	79	 Pagar	2	[{"changed": {"fields": ["Dificuldade"]}}]	22	3
896	2023-09-05 16:46:23.153157+00	78	 Escolher o po	2	[{"changed": {"fields": ["Dificuldade"]}}]	22	3
897	2023-09-05 16:48:29.736341+00	85	 Esfregar a loua	1	[{"added": {}}]	22	3
898	2023-09-05 16:48:40.547481+00	86	 Pr detergente no esfrego	1	[{"added": {}}]	22	3
899	2023-09-05 16:48:56.748502+00	87	 Passar por gua	1	[{"added": {}}]	22	3
900	2023-09-05 16:49:07.221218+00	88	 Deixar escorrer	1	[{"added": {}}]	22	3
901	2023-09-05 16:49:08.585786+00	61	Exerccio [] - parte 3 - Para lavar a loua	1	[{"added": {}}]	18	3
902	2023-09-05 16:49:46.556849+00	89	 Selecionar o canal	1	[{"added": {}}]	22	3
903	2023-09-05 16:50:03.607816+00	90	 Ligar a televiso	1	[{"added": {}}]	22	3
904	2023-09-05 16:50:13.858682+00	91	 Ver o programa	1	[{"added": {}}]	22	3
905	2023-09-05 16:50:21.869126+00	92	 Pegar no comando	1	[{"added": {}}]	22	3
906	2023-09-05 16:50:24.033154+00	62	Exerccio [] - parte 4 - Para ver televiso	1	[{"added": {}}]	18	3
907	2023-09-05 16:56:42.726309+00	32	Exerccio 30	2	[{"changed": {"fields": ["Duracao", "Partes do exercicio"]}}]	11	3
908	2023-09-05 16:57:20.900486+00	93	 Vestir o casaco	1	[{"added": {}}]	22	3
909	2023-09-05 16:57:30.058227+00	94	 Escolher a roupa	1	[{"added": {}}]	22	3
910	2023-09-05 16:57:43.058498+00	95	 Vestir as calas e a camisola	1	[{"added": {}}]	22	3
911	2023-09-05 16:57:51.020462+00	96	 Vestir a roupa interior	1	[{"added": {}}]	22	3
912	2023-09-05 16:57:52.478678+00	63	Exerccio [] - parte 5 - Para se vestir	1	[{"added": {}}]	18	3
913	2023-09-05 16:59:00.095244+00	97	 Pr pasta de dentes na escova	1	[{"added": {}}]	22	3
914	2023-09-05 16:59:11.179912+00	98	 Pegar na escova de dentes	1	[{"added": {}}]	22	3
915	2023-09-05 16:59:21.555933+00	99	 Lavar a boca com gua	1	[{"added": {}}]	22	3
916	2023-09-05 16:59:28.332867+00	100	 Escovar os dentes	1	[{"added": {}}]	22	3
917	2023-09-05 16:59:29.117964+00	64	Exerccio [] - parte 6 - Para lavar os dentes	1	[{"added": {}}]	18	3
918	2023-09-05 16:59:30.753897+00	32	Exerccio 30	2	[{"changed": {"fields": ["Duracao", "Partes do exercicio"]}}]	11	3
919	2023-09-05 17:10:50.740852+00	37	inibicao1	1	[{"added": {}}]	13	3
920	2023-09-05 17:10:56.144385+00	38	inibicao2	1	[{"added": {}}]	13	3
921	2023-09-05 17:13:24.012374+00	101	 Acertos	1	[{"added": {}}]	22	3
922	2023-09-05 17:13:28.759076+00	102	 Erros	1	[{"added": {}}]	22	3
923	2023-09-05 17:13:31.79402+00	65	Exerccio [] - parte 1 - Inibio de Resposta 1	1	[{"added": {}}]	18	3
924	2023-09-05 17:13:44.381545+00	66	Exerccio [] - parte 2 - Inibio de Resposta 2	1	[{"added": {}}]	18	3
925	2023-09-05 17:13:46.262876+00	33	Exerccio 31	2	[{"changed": {"fields": ["Duracao", "Partes do exercicio"]}}]	11	3
926	2023-09-05 17:16:32.904579+00	39	Desenho 1	1	[{"added": {}}]	13	3
927	2023-09-05 17:16:43.365549+00	103	(A) Copie o desenho	1	[{"added": {}}]	22	3
928	2023-09-05 17:16:45.560596+00	67	Exerccio [] - parte 1 - Copiar o Desenho 1	1	[{"added": {}}]	18	3
929	2023-09-05 17:16:59.836095+00	40	Desenho 2	1	[{"added": {}}]	13	3
930	2023-09-05 17:17:08.815914+00	104	(B) Copie o desenho	1	[{"added": {}}]	22	3
931	2023-09-05 17:17:09.952231+00	68	Exerccio [] - parte 2 - Copiar o Desenho 2	1	[{"added": {}}]	18	3
932	2023-09-05 17:17:10.99866+00	34	Exerccio 32	2	[{"changed": {"fields": ["Duracao", "Partes do exercicio"]}}]	11	3
933	2023-09-05 17:27:07.846665+00	105	(B) Como organizaria o evento?	1	[{"added": {}}]	22	3
934	2023-09-05 17:27:08.635477+00	69	Exerccio [] - parte 1 - Organizar o evento	1	[{"added": {}}]	18	3
935	2023-09-05 17:27:16.052396+00	37	Exerccio 35	2	[{"changed": {"fields": ["Duracao", "Partes do exercicio"]}}]	11	3
936	2023-09-06 13:46:44.916649+00	41	Labirinto 1	1	[{"added": {}}]	13	3
937	2023-09-06 13:53:03.024475+00	106	 None	1	[{"added": {}}]	22	3
938	2023-09-06 13:53:08.519907+00	70	Exerccio [] - parte 1 - Labirinto 1	1	[{"added": {}}]	18	3
939	2023-09-06 13:54:20.439126+00	106	 Descubra a sada do Labirinto	2	[{"changed": {"fields": ["Nome"]}}]	22	3
940	2023-09-06 13:54:36.956177+00	42	Labirinto 2	1	[{"added": {}}]	13	3
941	2023-09-06 13:54:44.430132+00	107	 Descubra a sada do Labirinto	1	[{"added": {}}]	22	3
942	2023-09-06 13:54:46.105073+00	71	Exerccio [] - parte 2 - Labirinto 2	1	[{"added": {}}]	18	3
943	2023-09-06 13:54:57.986901+00	43	Labirinto 3	1	[{"added": {}}]	13	3
944	2023-09-06 13:55:08.14295+00	108	 Descubra a sada do Labirinto	1	[{"added": {}}]	22	3
945	2023-09-06 13:55:09.222832+00	72	Exerccio [] - parte 3 - Labirinto 3	1	[{"added": {}}]	18	3
946	2023-09-06 13:55:10.690426+00	35	Exerccio 33	2	[{"changed": {"fields": ["Duracao", "Partes do exercicio"]}}]	11	3
947	2023-09-06 13:55:28.15558+00	35	Exerccio 33	2	[{"changed": {"fields": ["Duracao"]}}]	11	3
948	2023-09-06 13:57:20.414332+00	44	Unir 1	1	[{"added": {}}]	13	3
949	2023-09-06 13:58:16.271791+00	109	 Verde, vermelho, azul;	1	[{"added": {}}]	22	3
950	2023-09-06 13:59:01.133425+00	73	Exerccio [] - parte 1 - Unir 1	1	[{"added": {}}]	18	3
951	2023-09-06 14:00:03.897021+00	110	 Amarelo, azul, vermelho, verde;	1	[{"added": {}}]	22	3
952	2023-09-06 14:00:11.337893+00	74	Exerccio [] - parte 2 - Unam as figuras de acordo com as seguintes ordens:	1	[{"added": {}}]	18	3
953	2023-09-06 14:00:28.730154+00	45	Unir 3	1	[{"added": {}}]	13	3
954	2023-09-06 14:00:43.967803+00	111	 Bola, quadrado, tringulo e cruz;	1	[{"added": {}}]	22	3
955	2023-09-06 14:00:49.992084+00	75	Exerccio [] - parte 3 - Unam as figuras de acordo com as seguintes ordens:	1	[{"added": {}}]	18	3
956	2023-09-06 14:01:14.087655+00	46	Unir 2	1	[{"added": {}}]	13	3
957	2023-09-06 14:01:28.434188+00	74	Exerccio [] - parte 2 - Unam as figuras de acordo com as seguintes ordens:	2	[{"changed": {"fields": ["Imagens"]}}]	18	3
958	2023-09-06 14:01:32.807529+00	73	Exerccio [] - parte 1 - Unam as figuras de acordo com as seguintes ordens:	2	[{"changed": {"fields": ["Nome"]}}]	18	3
959	2023-09-06 14:01:40.544174+00	36	Exerccio 34	2	[{"changed": {"fields": ["Duracao", "Partes do exercicio"]}}]	11	3
960	2023-09-06 14:16:50.760066+00	75	Exerccio [34] - parte 3 - Unir 3	2	[{"changed": {"fields": ["Nome", "Descricao"]}}]	18	3
961	2023-09-06 14:16:57.045761+00	74	Exerccio [34] - parte 2 - Unir 2	2	[{"changed": {"fields": ["Nome", "Descricao"]}}]	18	3
962	2023-09-06 14:17:03.086479+00	73	Exerccio [34] - parte 1 - Unir 1	2	[{"changed": {"fields": ["Nome", "Descricao"]}}]	18	3
963	2023-09-06 14:27:30.335492+00	7	Mentor	1	[{"added": {}}]	3	3
964	2023-09-06 14:28:02.166485+00	1	Administrador	2	[{"changed": {"fields": ["Permissions"]}}]	3	3
965	2023-09-06 14:28:45.168884+00	2	Avaliador	2	[{"changed": {"fields": ["Permissions"]}}]	3	3
966	2023-09-06 14:29:36.340598+00	3	Avaliador-Risk	2	[{"changed": {"fields": ["Permissions"]}}]	3	3
967	2023-09-06 14:32:30.771885+00	4	Cuidador	2	[{"changed": {"fields": ["Permissions"]}}]	3	3
968	2023-09-06 14:33:24.873578+00	4	Cuidador	2	[]	3	3
969	2023-09-06 14:36:08.859808+00	5	Dinamizador	2	[{"changed": {"fields": ["Permissions"]}}]	3	3
970	2023-09-06 14:36:18.889926+00	7	Mentor	2	[{"changed": {"fields": ["Permissions"]}}]	3	3
971	2023-09-06 14:36:47.493498+00	6	Participante	2	[{"changed": {"fields": ["Permissions"]}}]	3	3
972	2023-09-06 14:39:40.998329+00	14	Cristiano Ronaldo	2	[{"changed": {"fields": ["Funcao", "Reference"]}}]	9	3
973	2023-09-06 14:41:06.506075+00	120	Setembro	2	[{"changed": {"fields": ["Referenciacao"]}}]	12	3
974	2023-09-06 14:41:29.194678+00	119	Setembro	3		12	3
975	2023-09-06 14:41:57.294644+00	118	Teste Care	3		12	3
976	2023-09-06 14:41:57.303092+00	117	Teste	3		12	3
977	2023-09-06 14:43:25.386687+00	14	Cristiano Ronaldo	2	[{"changed": {"fields": ["Reference"]}}]	9	3
978	2023-09-06 14:45:06.299752+00	152	cristianoRonaldo	3		4	3
979	2023-09-06 14:45:22.350572+00	123	Cristiano Ronaldo	3		14	3
980	2023-09-06 14:47:04.599725+00	153	teste-adm	1	[{"added": {}}]	4	3
981	2023-09-06 14:47:26.798946+00	5	teste-adm	1	[{"added": {}}]	60	3
982	2023-09-06 14:48:25.886188+00	153	teste-adm	2	[{"changed": {"fields": ["First name", "Last name", "Email address"]}}]	4	3
983	2023-09-06 14:49:34.116532+00	153	teste-adm	2	[{"changed": {"fields": ["Groups"]}}]	4	3
984	2023-09-06 14:51:02.25232+00	153	teste-adm	2	[{"changed": {"fields": ["Email address"]}}]	4	3
985	2023-09-06 15:10:47.854821+00	32	Xavier Lobo	2	[{"changed": {"fields": ["Referenciacao"]}}]	8	3
986	2023-09-06 15:11:33.609674+00	32	Xavier Lobo	2	[{"changed": {"fields": ["Grupo"]}}]	8	3
987	2023-09-06 15:13:29.681693+00	32	Xavier Lobo	2	[{"changed": {"fields": ["Referenciacao"]}}]	8	3
988	2023-09-06 15:18:44.223105+00	32	Xavier Lobo	2	[{"changed": {"fields": ["Referenciacao"]}}]	8	3
989	2023-09-06 15:21:23.393839+00	32	Xavier Lobo	2	[{"changed": {"fields": ["Referenciacao"]}}]	8	3
990	2023-09-06 15:26:08.642761+00	32	Xavier Lobo	2	[{"changed": {"fields": ["Referenciacao"]}}]	8	3
991	2023-09-06 15:38:24.415789+00	129	Teste Cuidador	3		12	3
992	2023-09-06 15:38:24.429552+00	128	Teste Cuidador	3		12	3
993	2023-09-06 15:38:24.435147+00	127	Teste Cuidador	3		12	3
994	2023-09-06 15:38:24.440725+00	126	Teste	3		12	3
995	2023-09-06 15:38:24.446533+00	125	Teste	3		12	3
996	2023-09-06 15:38:24.452204+00	124	Teste	3		12	3
997	2023-09-06 15:38:24.457881+00	123	Teste	3		12	3
998	2023-09-06 15:38:24.463804+00	122	Teste	3		12	3
999	2023-09-06 15:38:24.469351+00	121	Teste	3		12	3
1000	2023-09-06 15:45:14.864068+00	154	tiagoS	2	[{"changed": {"fields": ["Groups"]}}]	4	3
1001	2023-09-06 15:52:00.315261+00	154	tiagoS	2	[{"changed": {"fields": ["Groups"]}}]	4	3
1002	2023-09-06 15:52:30.729673+00	154	tiagoS	2	[{"changed": {"fields": ["password"]}}]	4	3
1003	2023-09-06 16:06:16.218446+00	124	Tiago Silva	3		14	3
1004	2023-09-06 16:06:33.659054+00	154	tiagoS	3		4	3
1005	2023-09-06 16:11:22.147954+00	155	tiagoS	2	[{"changed": {"fields": ["password"]}}]	4	3
1006	2023-09-13 14:05:23.328398+00	158	dinamizador1	2	[{"changed": {"fields": ["password"]}}]	4	3
1007	2023-09-13 14:08:20.473712+00	159	participante1	2	[{"changed": {"fields": ["password"]}}]	4	3
1008	2023-09-13 14:09:27.286865+00	77	participante1	2	[{"changed": {"fields": ["User"]}}]	20	3
1009	2023-09-13 14:32:10.91796+00	164	Participante 6	2	[{"changed": {"fields": ["password"]}}]	4	3
1010	2023-09-13 14:33:34.458633+00	164	Participante 6	2	[{"changed": {"fields": ["password"]}}]	4	3
1011	2023-09-13 14:33:45.791422+00	164	participante6	2	[{"changed": {"fields": ["Username"]}}]	4	3
1012	2023-09-13 14:49:53.679071+00	131	Grupo de Teste	3		12	3
1013	2023-09-13 14:51:19.765574+00	132	Grupo de Teste	3		12	3
1014	2023-09-13 14:51:47.293415+00	133	Grupo de Teste	3		12	3
1015	2023-09-13 14:55:23.852925+00	134	Grupo de Teste	3		12	3
1016	2023-09-13 14:56:02.839016+00	135	grupo de testes	3		12	3
1017	2023-09-13 14:57:45.710508+00	136	gt	3		12	3
1018	2023-09-13 14:58:11.296372+00	137	gt	3		12	3
1019	2023-09-13 14:59:19.851101+00	138	gt	3		12	3
1020	2023-09-13 15:05:41.027546+00	139	gt	3		12	3
1021	2023-09-13 15:11:40.056654+00	140	gt	3		12	3
1022	2023-09-13 15:25:09.052818+00	141	gt	3		12	3
1023	2023-09-13 15:28:06.042673+00	142	Grupo de Teste	3		12	3
1024	2023-09-13 15:37:17.59861+00	143	Grupo de Teste	3		12	3
1025	2023-09-13 15:38:05.449734+00	144	Grupo de Teste	3		12	3
1026	2023-09-13 15:39:39.361314+00	145	Grupo de Teste	3		12	3
1027	2023-09-15 09:38:14.177829+00	158	dinamizador1	2	[{"changed": {"fields": ["Groups"]}}]	4	3
1028	2023-09-19 12:54:00.423552+00	9	Escolha object (9)	3		37	3
1029	2023-09-22 10:02:40.92586+00	94	superpartici	3		4	3
1030	2023-09-22 10:02:40.939209+00	126	susanaDias	3		4	3
1031	2023-09-22 10:02:40.944876+00	138	teresaAlmada	3		4	3
1032	2023-09-22 10:02:40.950624+00	96	teste	3		4	3
1033	2023-09-22 10:02:40.958668+00	104	teste123	3		4	3
1034	2023-09-22 10:02:40.964319+00	143	teste123111111	3		4	3
1035	2023-09-22 10:02:40.969932+00	105	teste1234	3		4	3
1036	2023-09-22 10:02:40.97573+00	140	teste1807	3		4	3
1037	2023-09-22 10:02:40.981357+00	153	teste-adm	3		4	3
1038	2023-09-22 10:02:40.98704+00	156	testeParticipante	3		4	3
1039	2023-09-22 10:02:40.9927+00	151	testeSetembro	3		4	3
1040	2023-09-22 10:02:40.998507+00	157	tiago	3		4	3
1041	2023-09-22 10:02:41.004246+00	155	tiagoS	3		4	3
1042	2023-09-22 10:02:41.009901+00	102	tiagosilva	3		4	3
1043	2023-09-22 10:02:41.015722+00	130	vaniaMatos	3		4	3
1044	2023-09-22 10:02:41.021348+00	76	victorCruz	3		4	3
1045	2023-09-22 10:02:41.027014+00	39	xavierLobo	3		4	3
1046	2023-09-22 10:03:20.159279+00	116	ab1231sdasd	3		4	3
1047	2023-09-22 10:03:20.16976+00	139	adeb-adm	3		4	3
1048	2023-09-22 10:03:20.175399+00	149	Alberto caeiro	3		4	3
1049	2023-09-22 10:03:20.181186+00	121	alexandraarronches	3		4	3
1050	2023-09-22 10:03:20.186901+00	46	alfredoMonteiro	3		4	3
1051	2023-09-22 10:03:20.192525+00	97	Almira	3		4	3
1052	2023-09-22 10:03:20.198244+00	108	amaliarosa	3		4	3
1053	2023-09-22 10:03:20.204179+00	100	Ana Brito	3		4	3
1054	2023-09-22 10:03:20.209729+00	107	anacatarina	3		4	3
1055	2023-09-22 10:03:20.215613+00	124	anaIsabel	3		4	3
1056	2023-09-22 10:03:20.221361+00	120	andre	3		4	3
1057	2023-09-22 10:03:20.22715+00	58	andreBrito	3		4	3
1062	2023-09-22 10:03:20.255461+00	125	antonioSousa	3		4	3
1063	2023-09-22 10:03:20.261225+00	85	asmal-adm	3		4	3
1064	2023-09-22 10:03:20.266896+00	83	avaliador	3		4	3
1065	2023-09-22 10:03:20.272577+00	84	avaliador-risk	3		4	3
1066	2023-09-22 10:03:20.278366+00	137	BE	3		4	3
1067	2023-09-22 10:03:20.284039+00	81	beatrizDuarte	3		4	3
1068	2023-09-22 10:03:20.289824+00	50	bernardoMoreira	3		4	3
1069	2023-09-22 10:03:20.295528+00	37	candidaQueiroz	3		4	3
1070	2023-09-22 10:03:20.301151+00	49	carminhoSilva	3		4	3
1071	2023-09-22 10:03:20.30688+00	99	Carolina	3		4	3
1072	2023-09-22 10:03:20.312637+00	79	carolinaPascoal	3		4	3
1073	2023-09-22 10:03:20.318379+00	68	catiaLuz	3		4	3
1074	2023-09-22 10:03:20.324069+00	123	claudiaFernandes	3		4	3
1075	2023-09-22 10:03:20.329869+00	71	claudiaTorres	3		4	3
1076	2023-09-22 10:03:20.335509+00	55	claudioMatos	3		4	3
1077	2023-09-22 10:03:20.341212+00	69	cristianaGusmao	3		4	3
1078	2023-09-22 10:03:20.346942+00	62	cristovaoFreire	3		4	3
1079	2023-09-22 10:03:20.352615+00	67	custodiaMartins	3		4	3
1080	2023-09-22 10:03:20.358506+00	75	danielaFidalgo	3		4	3
1081	2023-09-22 10:03:20.364104+00	158	dinamizador1	3		4	3
1082	2023-09-22 10:03:20.369926+00	106	Dona Roseta	3		4	3
1083	2023-09-22 10:03:20.375519+00	44	elisaSousa	3		4	3
1084	2023-09-22 10:03:20.381285+00	40	emiliaNogueira	3		4	3
1085	2023-09-22 10:03:20.392875+00	52	fatimaAmorim	3		4	3
1086	2023-09-22 10:03:20.398372+00	41	fernandaMartins	3		4	3
1087	2023-09-22 10:03:20.404097+00	73	franciscaTomas	3		4	3
1088	2023-09-22 10:03:20.409984+00	54	franciscoVieira	3		4	3
1089	2023-09-22 10:03:20.415486+00	42	fredericoVarejao	3		4	3
1090	2023-09-22 10:03:20.42119+00	141	gira-adm	3		4	3
1091	2023-09-22 10:03:20.427135+00	80	goncaloCoimbra	3		4	3
1092	2023-09-22 10:03:20.432649+00	63	gustavoCorreia	3		4	3
1093	2023-09-22 10:03:20.438415+00	43	helderCerqueira	3		4	3
1094	2023-09-22 10:03:20.44433+00	129	helenaJohanna	3		4	3
1095	2023-09-22 10:03:20.449796+00	78	henriqueTorres	3		4	3
1096	2023-09-22 10:03:20.455511+00	57	inacioPaiva	3		4	3
1097	2023-09-22 10:03:20.461223+00	1	ines	3		4	3
1098	2023-09-22 10:03:20.467164+00	98	inesgermano	3		4	3
1099	2023-09-22 10:03:20.472698+00	59	jacintoCorreia	3		4	3
1100	2023-09-22 10:03:20.478538+00	74	jaimeDias	3		4	3
1101	2023-09-22 10:03:20.484109+00	150	Jmary	3		4	3
1102	2023-09-22 10:03:20.489895+00	95	JMS	3		4	3
1103	2023-09-22 10:03:20.495526+00	132	joaoChopim	3		4	3
1104	2023-09-22 10:03:20.501478+00	111	jorgepereira	3		4	3
1105	2023-09-22 10:03:20.507003+00	142	jorginhoEira	3		4	3
1106	2023-09-22 10:03:20.512663+00	127	joseAntonio	3		4	3
1107	2023-09-22 10:03:20.518407+00	131	joseCarrusca	3		4	3
1108	2023-09-22 10:03:20.524286+00	38	josePaiva	3		4	3
1109	2023-09-22 10:03:20.530128+00	134	joseRufino	3		4	3
1110	2023-09-22 10:03:20.535568+00	56	julioMendes	3		4	3
1111	2023-09-22 10:03:20.54127+00	118	lucio	3		4	3
1112	2023-09-22 10:03:20.547328+00	146	luciodina	3		4	3
1113	2023-09-22 10:03:20.552725+00	133	luisMilhero	3		4	3
1114	2023-09-22 10:03:20.558419+00	110	manuelgomes	3		4	3
1115	2023-09-22 10:03:20.564117+00	35	manuelMachado	3		4	3
1116	2023-09-22 10:03:20.569859+00	47	marceloGama	3		4	3
1117	2023-09-22 10:03:20.57561+00	64	marianaMiranda	3		4	3
1118	2023-09-22 10:03:20.58135+00	135	marioSilva	3		4	3
1119	2023-09-22 10:03:20.587166+00	45	matildeFreire	3		4	3
1120	2023-09-22 10:03:20.592826+00	101	Micas 2023	3		4	3
1121	2023-09-22 10:03:20.598405+00	66	monicaBrito	3		4	3
1122	2023-09-22 10:03:20.604134+00	2	nuno	3		4	3
1123	2023-09-22 10:03:20.610111+00	122	nunoAlvaro	3		4	3
1124	2023-09-22 10:03:20.615561+00	128	nunoSantos	3		4	3
1125	2023-09-22 10:03:20.621439+00	70	nuriaMonteiro	3		4	3
1126	2023-09-22 10:03:20.627062+00	53	oliviaBaptista	3		4	3
1127	2023-09-22 10:03:20.632745+00	5	part	3		4	3
1128	2023-09-22 10:03:20.638606+00	159	participante1	3		4	3
1129	2023-09-22 10:03:20.644374+00	160	participante2	3		4	3
1130	2023-09-22 10:03:20.649871+00	161	participante3	3		4	3
1131	2023-09-22 10:03:20.65561+00	162	participante4	3		4	3
1132	2023-09-22 10:03:20.661298+00	163	participante5	3		4	3
1133	2023-09-22 10:03:20.667014+00	164	participante6	3		4	3
1134	2023-09-22 10:03:20.672931+00	60	pauloSilva	3		4	3
1135	2023-09-22 10:03:20.678603+00	119	Pedro	3		4	3
1136	2023-09-22 10:03:20.690062+00	93	PMS	3		4	3
1137	2023-09-22 10:03:20.695588+00	82	risk-avaliador	3		4	3
1138	2023-09-22 10:03:20.701305+00	77	ritaAguiar	3		4	3
1139	2023-09-22 10:03:20.707074+00	147	Roque	3		4	3
1140	2023-09-22 10:03:20.712725+00	148	Roque2	3		4	3
1141	2023-09-22 10:03:20.718714+00	72	rosarioFernandes	3		4	3
1142	2023-09-22 10:03:20.724256+00	109	rosariomimoso 	3		4	3
1143	2023-09-22 10:03:20.729932+00	51	sandroDantas	3		4	3
1144	2023-09-22 10:03:20.735747+00	36	soniaMendonca	3		4	3
1145	2023-09-22 10:03:20.741363+00	48	soraiaMendes	3		4	3
1146	2023-09-22 10:03:56.871956+00	81	Participante 5	3		20	3
1147	2023-09-22 10:03:56.882402+00	80	Participante 4	3		20	3
1148	2023-09-22 10:03:56.888116+00	79	Participante 3	3		20	3
1149	2023-09-22 10:03:56.893722+00	78	Participante 2	3		20	3
1150	2023-09-22 10:03:56.899539+00	74	Teste 1807	3		20	3
1151	2023-09-22 10:03:56.905162+00	73	testestes	3		20	3
1152	2023-09-22 10:03:56.910843+00	52	teste123	3		20	3
1153	2023-09-22 10:04:28.049728+00	147	Grupo de Teste CARE	3		12	3
1154	2023-09-22 10:04:28.062399+00	146	Grupo de Teste	3		12	3
1155	2023-09-22 10:04:28.068079+00	130	Teste 06/09	3		12	3
1156	2023-09-22 10:04:28.073893+00	120	Setembro	3		12	3
1157	2023-09-22 10:04:28.079476+00	116	Teste	3		12	3
1158	2023-09-22 10:06:42.224046+00	135	Participante 6	3		14	3
1159	2023-09-22 10:06:42.23563+00	134	Participante 5	3		14	3
1160	2023-09-22 10:06:42.24113+00	133	Participante 4	3		14	3
1161	2023-09-22 10:06:42.246929+00	132	Participante 3	3		14	3
1162	2023-09-22 10:06:42.252685+00	131	Participante 2	3		14	3
1163	2023-09-22 10:06:42.2583+00	130	participante1	3		14	3
1164	2023-09-22 10:06:42.264099+00	129	dinamizador1	3		14	3
1165	2023-09-22 10:06:42.26979+00	128	Tiago Silva	3		14	3
1166	2023-09-22 10:06:42.275552+00	127	Participante 06/09	3		14	3
1167	2023-09-22 10:06:42.281414+00	126	Tiago S	3		14	3
1168	2023-09-22 10:06:42.287174+00	125	Tiago S	3		14	3
1169	2023-09-22 10:06:42.292647+00	122	Teste	3		14	3
1170	2023-09-22 10:06:42.298314+00	121	Joo Maria	3		14	3
1172	2023-09-22 10:06:42.309794+00	119	Lucio Studer	3		14	3
1173	2023-09-22 10:06:42.315632+00	118	Jorge Eira	3		14	3
1174	2023-09-22 10:06:42.321173+00	117	Teste 1807	3		14	3
1175	2023-09-22 10:06:42.326955+00	116	Teresa Almada	3		14	3
1176	2023-09-22 10:06:42.332744+00	115	testestes	3		14	3
1177	2023-09-22 10:06:42.338487+00	113	Mrio Rafael Rodrigues da Silva	3		14	3
1178	2023-09-22 10:06:42.344159+00	112	Jos Lus Iria Rufino	3		14	3
1179	2023-09-22 10:06:42.349931+00	111	Lus Miguel Pacinha Milher	3		14	3
1180	2023-09-22 10:06:42.355608+00	110	Joo Manuel Rosa Chopim	3		14	3
1181	2023-09-22 10:06:42.361298+00	109	Jos Carrusca Concepcion	3		14	3
1182	2023-09-22 10:06:42.367135+00	108	Vnia Isabel dos Santos Matos	3		14	3
1183	2023-09-22 10:06:42.37278+00	107	Helena Johanna zixennis	3		14	3
1184	2023-09-22 10:06:42.378643+00	106	Nuno Miguel Peres dos Santos	3		14	3
1185	2023-09-22 10:06:42.384176+00	105	Jos Antnio Da Silva Almeida	3		14	3
1186	2023-09-22 10:06:42.390087+00	104	Susana Gonalves Dias	3		14	3
1187	2023-09-22 10:06:42.395614+00	103	Antnio Lus Brito dos Santos Sousa	3		14	3
1188	2023-09-22 10:06:42.412875+00	102	Ana Isabel Peixe-Rei Brito	3		14	3
1189	2023-09-22 10:06:42.418406+00	101	Cladia Cristina Oliveira Fernandes	3		14	3
1190	2023-09-22 10:06:42.424141+00	100	Nuno Alvaro Rodrigues Loreno 	3		14	3
1191	2023-09-22 10:06:42.430244+00	99	Alexandra Arronches	3		14	3
1192	2023-09-22 10:06:42.43557+00	98	andre studer	3		14	3
1193	2023-09-22 10:06:42.441454+00	97	Pedro Studer	3		14	3
1194	2023-09-22 10:06:42.447012+00	96	Lucio Studer	3		14	3
1195	2023-09-22 10:06:42.452759+00	95	Antnio Jos	3		14	3
1196	2023-09-22 10:06:42.458548+00	94	teste123	3		14	3
1197	2023-09-22 10:06:42.464167+00	93	Nuno Rasteiro	3		14	3
1198	2023-09-22 10:06:42.469949+00	92	Jorge Pereira	3		14	3
1199	2023-09-22 10:06:42.475547+00	91	Manuel Gomes	3		14	3
1200	2023-09-22 10:06:42.481277+00	90	Maria do Rosrio	3		14	3
1201	2023-09-22 10:06:42.487078+00	89	Amlia Rodrigues Rosa	3		14	3
1202	2023-09-22 10:06:42.493002+00	88	Roseta Gonalves	3		14	3
1203	2023-09-22 10:06:42.498489+00	87	teste1234	3		14	3
1204	2023-09-22 10:06:42.504277+00	86	teste	3		14	3
1205	2023-09-22 10:06:42.509927+00	85	Tiago Silva	3		14	3
1206	2023-09-22 10:06:42.515562+00	84	Miguel Carvalho	3		14	3
1207	2023-09-22 10:06:42.52138+00	83	Ana Brito	3		14	3
1208	2023-09-22 10:06:42.527219+00	82	Carolina Martins	3		14	3
1209	2023-09-22 10:06:42.532928+00	81	teste	3		14	3
1210	2023-09-22 10:06:42.549917+00	80	Joaquim MS	3		14	3
1211	2023-09-22 10:06:42.55568+00	79	3213	3		14	3
1212	2023-09-22 10:06:42.561408+00	78	asmal utente	3		14	3
1213	2023-09-22 10:06:42.567024+00	77		3		14	3
1214	2023-09-22 10:06:42.572736+00	76	asmal utente 1	3		14	3
1215	2023-09-22 10:06:42.578472+00	75	Beatriz Duarte	3		14	3
1216	2023-09-22 10:06:42.58417+00	74	Gonalo Coimbra	3		14	3
1217	2023-09-22 10:06:42.589843+00	73	Carolina Pascoal	3		14	3
1218	2023-09-22 10:06:42.595608+00	72	Henrique Torres	3		14	3
1219	2023-09-22 10:06:42.601304+00	71	Rita Aguiar	3		14	3
1220	2023-09-22 10:06:42.607102+00	70	Victor Cruz	3		14	3
1221	2023-09-22 10:06:42.612768+00	69	Daniela Fidalgo	3		14	3
1222	2023-09-22 10:06:42.618681+00	68	Jaime Dias	3		14	3
1223	2023-09-22 10:06:42.624238+00	67	Xavier Lobo	3		14	3
1224	2023-09-22 10:06:42.629949+00	66	Soraia Mendes	3		14	3
1225	2023-09-22 10:06:42.635625+00	65	Snia Mendona	3		14	3
1226	2023-09-22 10:06:42.641374+00	64	Sandro Dantas	3		14	3
1227	2023-09-22 10:06:42.647116+00	63	Olvia Baptista	3		14	3
1228	2023-09-22 10:06:42.65281+00	62	Matilde Freire	3		14	3
1229	2023-09-22 10:06:42.658518+00	61	Marcelo Gama	3		14	3
1230	2023-09-22 10:06:42.664254+00	60	Manuel Machado	3		14	3
1231	2023-09-22 10:06:42.669926+00	59	Jos Paiva	3		14	3
1232	2023-09-22 10:06:42.675623+00	58	Hlder Cerqueira	3		14	3
1233	2023-09-22 10:06:42.681374+00	57	Frederico Varejo	3		14	3
1234	2023-09-22 10:06:42.687143+00	56	Fernanda Martins	3		14	3
1235	2023-09-22 10:06:42.692955+00	55	Ftima Amorim	3		14	3
1236	2023-09-22 10:06:42.698531+00	54	Emlia Nogueira	3		14	3
1237	2023-09-22 10:06:42.704425+00	53	Elisa Sousa	3		14	3
1238	2023-09-22 10:06:42.709935+00	52	Rosrio Fernandes	3		14	3
1239	2023-09-22 10:06:42.715676+00	51	Paulo Silva	3		14	3
1240	2023-09-22 10:06:42.721578+00	50	Nria Monteiro	3		14	3
1241	2023-09-22 10:06:42.727102+00	49	Mnica Brito	3		14	3
1242	2023-09-22 10:06:42.732777+00	48	Mariana Miranda	3		14	3
1243	2023-09-22 10:06:42.738595+00	47	Jlio Mendes	3		14	3
1244	2023-09-22 10:06:42.744496+00	46	Jacinto Correia	3		14	3
1245	2023-09-22 10:06:42.749997+00	45	Incio Paiva	3		14	3
1246	2023-09-22 10:06:42.755761+00	44	Gustavo Correia	3		14	3
1247	2023-09-22 10:06:42.761476+00	43	Francisco Vieira	3		14	3
1248	2023-09-22 10:06:42.767194+00	42	Francisca Toms	3		14	3
1249	2023-09-22 10:06:42.772859+00	41	Custdia Martins	3		14	3
1250	2023-09-22 10:06:42.778769+00	40	Cristvo Freire	3		14	3
1251	2023-09-22 10:06:42.784465+00	39	Cristiana Gusmo	3		14	3
1252	2023-09-22 10:06:42.789988+00	38	Cladio Matos	3		14	3
1253	2023-09-22 10:06:42.795942+00	37	Cladia Torres	3		14	3
1254	2023-09-22 10:06:42.8015+00	36	Ctia Luz	3		14	3
1255	2023-09-22 10:06:42.80715+00	35	Carminho Silva	3		14	3
1256	2023-09-22 10:06:42.812857+00	34	Cndida Queiroz	3		14	3
1257	2023-09-22 10:06:42.81864+00	33	Bernardo Moreira	3		14	3
1258	2023-09-22 10:06:42.824321+00	32	Antnio Faria	3		14	3
1259	2023-09-22 10:06:42.830197+00	31	Anselmo Pinho	3		14	3
1260	2023-09-22 10:06:42.835867+00	30	ngela Coutinho	3		14	3
1261	2023-09-22 10:06:42.841487+00	29	Andr Brito	3		14	3
1262	2023-09-22 10:06:42.847226+00	28	Alfredo Monteiro	3		14	3
1263	2023-09-22 10:06:42.85292+00	2	Ins Silva	3		14	3
1264	2023-09-22 10:06:42.858795+00	1	Paulo Portas	3		14	3
1265	2023-09-22 10:08:41.937692+00	165	ASMAL-adm	1	[{"added": {}}]	4	3
1266	2023-09-22 10:09:14.73203+00	6	ASMAL-adm	1	[{"added": {}}]	60	3
1267	2023-09-22 10:09:26.824515+00	9	ASMAL-demo	3		23	3
1268	2023-09-22 10:10:56.076429+00	165	ASMAL-adm	2	[{"changed": {"fields": ["Groups"]}}]	4	3
1269	2023-09-22 10:24:36.209699+00	166	almira	2	[{"changed": {"fields": ["password"]}}]	4	3
1270	2023-09-22 10:24:58.504297+00	167	carolina	2	[{"changed": {"fields": ["password"]}}]	4	3
1271	2023-09-22 10:56:58.587445+00	166	almira	2	[{"changed": {"fields": ["password"]}}]	4	3
1272	2023-09-22 11:32:21.236198+00	170	teste	3		4	3
1273	2023-09-22 11:33:16.349251+00	149	Teste CARE	3		12	3
1274	2023-10-02 13:15:34.081073+00	167	carolina	2	[{"changed": {"fields": ["password"]}}]	4	3
1275	2023-10-02 13:18:59.076817+00	101	Alexandra do Carmo Farinha Arronches	2	[{"changed": {"fields": ["Avaliador"]}}]	20	3
1276	2023-10-02 13:19:03.786159+00	100	Antonio Luis Brito Santos Sousa	2	[{"changed": {"fields": ["Avaliador"]}}]	20	3
1277	2023-10-02 13:19:11.171197+00	99	Jos Luis Iria Rofino	2	[{"changed": {"fields": ["Avaliador"]}}]	20	3
1278	2023-10-02 13:19:15.309218+00	98	Luis Miguel Pancinho Malheiro	2	[{"changed": {"fields": ["Avaliador"]}}]	20	3
1279	2023-10-02 13:19:28.792446+00	97	Joo Manuel Rosa Chapim	2	[{"changed": {"fields": ["Avaliador"]}}]	20	3
1280	2023-10-02 13:19:33.950326+00	96	Jos Inacio Vitorino Ramos Mendes	2	[{"changed": {"fields": ["Avaliador"]}}]	20	3
1281	2023-10-02 13:20:11.504063+00	95	Iran Neira Oliveira	2	[{"changed": {"fields": ["Avaliador"]}}]	20	3
1282	2023-10-02 13:20:16.071265+00	94	Jorge Alma Brs Dias	2	[{"changed": {"fields": ["Avaliador"]}}]	20	3
1283	2023-10-02 13:20:43.483923+00	91	Ana Pachiller da Rocha	2	[{"changed": {"fields": ["Avaliador"]}}]	20	3
1284	2023-10-02 13:20:48.487965+00	90	Telma Nobre Martins	2	[{"changed": {"fields": ["Avaliador"]}}]	20	3
1285	2023-10-02 13:20:53.292914+00	89	Luis Manuel Neves Pardal	2	[{"changed": {"fields": ["Avaliador"]}}]	20	3
1286	2023-10-02 13:20:59.904786+00	88	Vanda Jesus Piedade Andrade	2	[{"changed": {"fields": ["Avaliador"]}}]	20	3
1287	2023-10-02 13:21:13.154215+00	86	Fernanda Margarida Valente Mendona	2	[{"changed": {"fields": ["Avaliador"]}}]	20	3
1288	2023-10-02 13:21:18.73336+00	85	Hlio Jorge Paulo Cardoso	2	[{"changed": {"fields": ["Avaliador"]}}]	20	3
1289	2023-10-02 13:21:24.35436+00	84	Cladia Cristina Oliveira Fernandes	2	[]	20	3
1290	2023-10-02 13:21:29.470211+00	83	Otvio Jos Vargues da Silva	2	[]	20	3
1291	2023-10-02 13:23:34.013348+00	166	almira	2	[{"changed": {"fields": ["password"]}}]	4	3
1292	2023-10-02 13:26:05.561359+00	198	MiguelC	1	[{"added": {}}]	4	3
1293	2023-10-02 13:26:42.884371+00	199	telmoTeste	1	[{"added": {}}]	4	3
1294	2023-10-02 13:31:05.519922+00	214	214. Alexandra do Carmo Farinha Arronches -  (23/9/2023, 15:0)	2	[{"changed": {"fields": ["Doctor"]}}]	52	3
1295	2023-10-02 13:31:31.021459+00	213	213. Antonio Luis Brito Santos Sousa -  (23/9/2023, 14:52)	2	[{"changed": {"fields": ["Doctor"]}}]	52	3
1296	2023-10-02 13:31:36.672351+00	212	212. Jos Luis Iria Rofino -  (23/9/2023, 14:48)	2	[{"changed": {"fields": ["Doctor"]}}]	52	3
1297	2023-10-02 13:31:41.18755+00	211	211. Luis Miguel Pancinho Malheiro -  (23/9/2023, 14:45)	2	[{"changed": {"fields": ["Doctor"]}}]	52	3
1298	2023-10-02 13:31:45.677639+00	210	210. Cladia Cristina Oliveira Fernandes -  (23/9/2023, 14:44)	2	[{"changed": {"fields": ["Doctor"]}}]	52	3
1299	2023-10-02 13:31:49.287132+00	209	209. Joo Manuel Rosa Chapim -  (23/9/2023, 14:41)	2	[{"changed": {"fields": ["Doctor"]}}]	52	3
1300	2023-10-02 13:31:52.756151+00	208	208. Jos Inacio Vitorino Ramos Mendes -  (23/9/2023, 14:37)	2	[{"changed": {"fields": ["Doctor"]}}]	52	3
1301	2023-10-02 13:31:56.381573+00	207	207. Iran Neira Oliveira -  (23/9/2023, 14:30)	2	[{"changed": {"fields": ["Doctor"]}}]	52	3
1302	2023-10-02 13:32:00.677906+00	206	206. Jorge Alma Brs Dias -  (23/9/2023, 14:28)	2	[{"changed": {"fields": ["Doctor"]}}]	52	3
1303	2023-10-02 13:32:06.181097+00	204	204. Ana Pachiller da Rocha -  (23/9/2023, 14:17)	2	[{"changed": {"fields": ["Doctor"]}}]	52	3
1304	2023-10-02 13:32:10.232491+00	203	203. Telma Nobre Martins -  (23/9/2023, 14:5)	2	[{"changed": {"fields": ["Doctor"]}}]	52	3
1305	2023-10-02 13:32:13.814686+00	202	202. Luis Manuel Neves Pardal -  (23/9/2023, 9:24)	2	[{"changed": {"fields": ["Doctor"]}}]	52	3
1306	2023-10-02 13:32:18.042842+00	201	201. Vanda Jesus Piedade Andrade -  (23/9/2023, 9:19)	2	[{"changed": {"fields": ["Doctor"]}}]	52	3
1307	2023-10-02 13:32:24.951288+00	199	199. Fernanda Margarida Valente Mendona -  (23/9/2023, 9:11)	2	[{"changed": {"fields": ["Doctor"]}}]	52	3
1308	2023-10-02 13:32:29.784489+00	198	198. Hlio Jorge Paulo Cardoso -  (22/9/2023, 11:9)	2	[{"changed": {"fields": ["Doctor"]}}]	52	3
1309	2023-10-02 13:32:33.79481+00	194	194. Cladia Cristina Oliveira Fernandes -  (22/9/2023, 10:34)	2	[]	52	3
1310	2023-10-02 13:34:20.870697+00	168	Telmo	1	[{"added": {}}]	14	3
1311	2023-10-02 13:36:49.886379+00	21	Telmo	1	[{"added": {}}]	9	3
1312	2023-10-02 13:45:32.266181+00	198	miguelC	2	[{"changed": {"fields": ["Username", "First name", "Last name", "Email address"]}}]	4	3
1313	2023-10-02 14:51:22.999337+00	180	nomePaixao	3		4	3
1314	2023-10-02 14:52:01.967671+00	173	nomeDias	3		4	3
1315	2023-10-02 14:56:27.514967+00	181	nomeFroes	3		4	3
1316	2023-10-04 15:43:58.77182+00	198	miguelC	2	[]	4	3
1317	2023-10-04 15:48:48.312595+00	21	Telmo	2	[{"changed": {"fields": ["Grupo", "Reference"]}}]	9	3
1318	2023-10-04 15:49:50.778711+00	21	Telmo	2	[{"changed": {"fields": ["Grupo"]}}]	9	3
1319	2023-10-04 15:50:03.259388+00	21	Telmo	2	[{"changed": {"fields": ["Grupo"]}}]	9	3
1320	2023-10-04 15:50:39.019152+00	21	Telmo	2	[{"changed": {"fields": ["Grupo"]}}]	9	3
1321	2023-10-04 15:51:38.24329+00	70	DinamizadorConvidado_grupo object (70)	2	[]	66	3
1322	2023-10-04 15:55:12.356189+00	239	antonioTeste	1	[{"added": {}}]	4	3
1323	2023-10-04 15:56:18.715844+00	22		1	[{"added": {}}]	9	3
1324	2023-10-04 15:58:13.404909+00	240	tester1234	1	[{"added": {}}]	4	3
1325	2023-10-04 15:58:29.818633+00	200	Tester	1	[{"added": {}}]	14	3
1326	2023-10-04 15:59:01.09224+00	23	Tester	1	[{"added": {}}]	9	3
1327	2023-10-04 16:01:59.27282+00	23	Tester	2	[{"changed": {"fields": ["Nacionalidade", "Localizacao", "Reference"]}}]	9	3
1328	2023-10-04 16:43:58.053619+00	135	Jos Antonio Da Silva Almeida	2	[{"changed": {"fields": ["Avaliador"]}}]	20	3
1329	2023-10-04 16:44:10.590082+00	134	Ana Isabel Peixe-Rei Brito	2	[{"changed": {"fields": ["Avaliador"]}}]	20	3
1330	2023-10-04 16:44:18.925379+00	133	Nuno Alvaro Rodrigues Loureno	2	[{"changed": {"fields": ["Avaliador"]}}]	20	3
1331	2023-10-04 16:44:32.922621+00	132	Leila de Sousa	2	[{"changed": {"fields": ["Avaliador"]}}]	20	3
1332	2023-10-04 16:52:25.088787+00	171	helioCardoso	2	[{"changed": {"fields": ["password"]}}]	4	3
1333	2023-10-04 16:56:52.18936+00	182	jorgeDias	2	[{"changed": {"fields": ["password"]}}]	4	3
1334	2023-10-04 17:39:37.863694+00	36	Carolina	2	[{"changed": {"fields": ["Referenciacao", "PeriodicidadeCuidado"]}}]	8	3
1335	2023-10-04 17:39:46.212028+00	37	Antonio Ventura	2	[{"changed": {"fields": ["Referenciacao", "PeriodicidadeCuidado"]}}]	8	3
1336	2023-10-04 17:48:51.288513+00	195	carolDias	2	[{"changed": {"fields": ["password"]}}]	4	3
1337	2023-10-04 17:51:44.498476+00	37	Antonio Ventura	2	[{"changed": {"fields": ["Grupo"]}}]	8	3
1338	2023-10-04 17:52:21.1587+00	36	Carolina	2	[{"changed": {"fields": ["Grupo"]}}]	8	3
1339	2023-10-04 17:53:15.416699+00	37	Antonio Ventura	2	[]	8	3
1340	2023-10-04 17:53:20.804018+00	36	Carolina	2	[{"changed": {"fields": ["Grupo"]}}]	8	3
1341	2023-10-08 16:09:42.585251+00	131	Antonio Jos Jesus Santos	2	[{"changed": {"fields": ["Avaliador"]}}]	20	3
1342	2023-10-08 16:09:56.069449+00	130	Helena Johanna Zixennis	2	[{"changed": {"fields": ["Avaliador"]}}]	20	3
1343	2023-10-08 16:10:12.459253+00	129	Manuela Antonio	2	[{"changed": {"fields": ["Avaliador"]}}]	20	3
1344	2023-10-08 16:10:24.971982+00	128	Silvia Cristina Amaro Adanja	2	[{"changed": {"fields": ["Avaliador"]}}]	20	3
1345	2023-10-08 16:12:51.540346+00	127	Susana Gonalves Dias	2	[{"changed": {"fields": ["Avaliador"]}}]	20	3
1346	2023-10-08 16:14:50.092512+00	127	Susana Gonalves Dias	2	[]	20	3
1347	2023-10-08 16:14:56.390593+00	128	Silvia Cristina Amaro Adanja	2	[]	20	3
1348	2023-10-08 16:15:47.476579+00	126	Mario Rafael Rodrigues Silva	2	[{"changed": {"fields": ["Avaliador"]}}]	20	3
1349	2023-10-08 16:15:55.363989+00	126	Mario Rafael Rodrigues Silva	2	[]	20	3
1350	2023-10-08 16:16:08.886799+00	125	Jos Carrusca Compton	2	[{"changed": {"fields": ["Avaliador"]}}]	20	3
1351	2023-10-08 16:16:19.464252+00	124	Vania Isabel dos Santos Matos	2	[{"changed": {"fields": ["Avaliador"]}}]	20	3
1352	2023-10-08 16:16:31.763958+00	123	Nuno Miguel Peres Santos	2	[{"changed": {"fields": ["Avaliador"]}}]	20	3
1353	2023-10-08 16:16:43.715846+00	122	Madalena Bairro Arz	2	[{"changed": {"fields": ["Avaliador"]}}]	20	3
1354	2023-10-08 16:16:56.321713+00	121	Maria Jos de Jesus Gonalves	2	[{"changed": {"fields": ["Avaliador"]}}]	20	3
1355	2023-10-08 16:17:08.287631+00	120	Maria Ermelinda de S	2	[{"changed": {"fields": ["Avaliador"]}}]	20	3
1356	2023-10-08 16:24:51.988665+00	117	Maria Odete Martins Madeira	2	[{"changed": {"fields": ["Avaliador"]}}]	20	3
1357	2023-10-08 16:25:10.098555+00	119	Mrio Nicolau Pereira Caetano	2	[{"changed": {"fields": ["Avaliador"]}}]	20	3
1358	2023-10-08 16:25:17.172824+00	118	Maria do Rosrio Nunes Mimoso	2	[{"changed": {"fields": ["Avaliador"]}}]	20	3
1359	2023-10-08 16:25:29.79456+00	117	Maria Odete Martins Madeira	2	[]	20	3
1360	2023-10-08 16:25:40.792542+00	116	Vitor Semio	2	[{"changed": {"fields": ["Avaliador"]}}]	20	3
1361	2023-10-08 16:25:48.982954+00	115	Silveno Graa	2	[{"changed": {"fields": ["Avaliador"]}}]	20	3
1362	2023-10-08 16:26:03.015655+00	114	Nuno Jos	2	[{"changed": {"fields": ["Avaliador"]}}]	20	3
1363	2023-10-08 16:26:25.959337+00	113	Joaquim Dionisio	2	[{"changed": {"fields": ["Avaliador"]}}]	20	3
1364	2023-10-08 16:27:25.809956+00	112	Francisco Santos	2	[{"changed": {"fields": ["Avaliador"]}}]	20	3
1365	2023-10-08 16:27:38.811736+00	111	Edmundo Helena	2	[{"changed": {"fields": ["Avaliador"]}}]	20	3
1366	2023-10-08 16:27:49.145622+00	110	Manuel Gomes	2	[{"changed": {"fields": ["Avaliador"]}}]	20	3
1367	2023-10-08 16:28:00.252746+00	109	Manuel Felisberto	2	[{"changed": {"fields": ["Avaliador"]}}]	20	3
1368	2023-10-08 16:28:06.59019+00	108	Daniela Domingos	2	[{"changed": {"fields": ["Avaliador"]}}]	20	3
1369	2023-10-08 16:28:13.458457+00	107	Antonio Jose	2	[{"changed": {"fields": ["Avaliador"]}}]	20	3
1370	2023-10-08 16:28:20.697578+00	106	Amlia Rosa	2	[{"changed": {"fields": ["Avaliador"]}}]	20	3
1371	2023-10-08 16:28:38.821051+00	105	Josefa Maria Brs Dias	2	[{"changed": {"fields": ["Avaliador"]}}]	20	3
1372	2023-10-08 16:28:50.895094+00	104	Ana Cristina Bandeira do Nascimento Alves Fres	2	[{"changed": {"fields": ["Avaliador"]}}]	20	3
1373	2023-10-08 16:29:03.93484+00	103	Vanda de Freitas Ferro Paixo	2	[{"changed": {"fields": ["Avaliador"]}}]	20	3
1374	2023-10-08 16:29:49.130752+00	102	Michelle Batista Dias	2	[{"changed": {"fields": ["Avaliador"]}}]	20	3
1375	2023-10-11 17:37:01.871397+00	245	ADEB-adm	1	[{"added": {}}]	4	3
1376	2023-10-11 17:37:06.159554+00	7	ADEB-adm	1	[{"added": {}}]	60	3
1377	2023-10-11 17:39:27.8024+00	245	ADEB-adm	2	[{"changed": {"fields": ["Groups"]}}]	4	3
1378	2023-10-11 17:52:04.890344+00	21	Telmo	3		9	3
1379	2023-10-11 17:52:27.306991+00	20	Paulo	3		9	3
1380	2023-10-11 17:52:32.127623+00	23	Tester	3		9	3
1381	2023-10-11 17:52:57.170366+00	22		3		9	3
1382	2023-10-12 10:21:32.492117+00	246	pedroS	1	[{"added": {}}]	4	3
1383	2023-10-12 10:22:36.105096+00	204	Pedro S	1	[{"added": {}}]	14	3
1384	2023-10-12 10:22:54.12114+00	38	Pedro S	1	[{"added": {}}]	8	3
1385	2023-10-12 10:27:40.992717+00	15	pedroS	1	[{"added": {}}]	59	3
1386	2023-10-12 10:27:48.560096+00	15	pedroS	2	[]	59	3
1387	2023-10-12 10:27:53.654112+00	13	carolina	2	[]	59	3
1388	2023-10-12 10:28:06.036937+00	15	pedroS	2	[{"changed": {"fields": ["Reference"]}}]	59	3
1389	2023-10-12 10:29:12.863013+00	38	Pedro S	3		8	3
1390	2023-10-12 10:31:37.406974+00	246	pedroS	2	[{"changed": {"fields": ["First name", "Last name", "Groups"]}}]	4	3
1391	2023-10-12 20:53:11.620965+00	21	Avaliao Gratuita de Risco Cardiovascular na ADEB	1	[{"added": {}}]	58	3
1392	2023-10-13 09:52:58.029163+00	246	pedroS	2	[{"changed": {"fields": ["Last name", "Email address"]}}]	4	3
1393	2023-10-16 20:16:16.43174+00	15	pedroS	2	[]	59	3
1394	2023-10-19 13:28:45.618166+00	254	avaliador-ADEB	1	[{"added": {}}]	4	3
1395	2023-10-19 13:28:52.142097+00	254	avaliador-ADEB	2	[{"changed": {"fields": ["Groups"]}}]	4	3
1396	2023-10-19 13:29:26.101004+00	250	anaCarolina	3		4	3
1397	2023-10-19 13:31:27.167901+00	254	avaliador-ADEB	3		4	3
1398	2023-10-19 13:33:16.513995+00	255	avaliadorAdeb	2	[{"changed": {"fields": ["password"]}}]	4	3
1399	2023-10-19 13:37:52.332162+00	139	Miguel Nuno Dias Morbey	2	[{"changed": {"fields": ["Avaliador"]}}]	20	3
1400	2023-10-19 13:40:35.884332+00	140	maria carmen	2	[{"changed": {"fields": ["Avaliador"]}}]	20	3
1401	2023-10-21 10:22:45.969229+00	263	giraAvaliador	1	[{"added": {}}]	4	3
1402	2023-10-21 10:23:18.112384+00	264	avaliadorGira	1	[{"added": {}}]	4	3
1403	2023-10-21 10:24:02.132082+00	264	avaliadorGira	2	[{"changed": {"fields": ["First name", "Email address", "Groups"]}}]	4	3
1404	2023-10-21 10:24:26.325857+00	263	giraAvaliador	3		4	3
1405	2023-10-21 10:25:26.72735+00	265	GIRA-adm	1	[{"added": {}}]	4	3
1406	2023-10-21 10:25:31.88582+00	8	GIRA-adm	1	[{"added": {}}]	60	3
1407	2023-10-21 10:26:34.915744+00	266	ELO-adm	1	[{"added": {}}]	4	3
1408	2023-10-21 10:26:40.2524+00	9	ELO-adm	1	[{"added": {}}]	60	3
1409	2023-10-23 12:45:56.048771+00	267	CV-adm	1	[{"added": {}}]	4	3
1410	2023-10-23 12:46:00.708928+00	10	CV-adm	1	[{"added": {}}]	60	3
1411	2023-10-23 12:46:58.325653+00	267	CV-adm	2	[{"changed": {"fields": ["Groups"]}}]	4	3
1412	2023-10-23 12:47:02.434791+00	10	CV-adm	2	[]	60	3
1413	2023-10-23 16:36:55.062863+00	22		3		10	3
1414	2023-10-23 16:36:55.107701+00	21		3		10	3
1415	2023-10-23 16:36:55.136033+00	20		3		10	3
1416	2023-10-23 17:06:30.717545+00	139	Miguel Nuno Dias Morbey	2	[{"changed": {"fields": ["Diagnosticos"]}}]	20	3
1417	2023-10-23 17:26:06.823822+00	139	Miguel Nuno Dias Morbey	2	[{"changed": {"fields": ["Diagnosticos"]}}]	20	3
1418	2023-10-31 14:44:49.60651+00	269	CRUZ-adm	1	[{"added": {}}]	4	3
1419	2023-10-31 14:47:46.491403+00	269	CRUZ-adm	2	[{"changed": {"fields": ["Groups"]}}]	4	3
1420	2023-11-06 11:08:09.298898+00	269	CRUZ-adm	3		4	3
1421	2023-11-06 11:08:24.893661+00	271	CRUZ-adm	1	[{"added": {}}]	4	3
1422	2023-11-06 11:08:42.572757+00	271	CRUZ-adm	2	[{"changed": {"fields": ["Groups"]}}]	4	3
1423	2023-11-06 11:10:27.163083+00	15	pedroS	2	[{"changed": {"fields": ["Sexo"]}}]	59	3
1424	2023-11-06 11:10:54.951314+00	11	CRUZ-adm	1	[{"added": {}}]	60	3
1425	2023-11-06 11:19:54.328252+00	16	miguelTeste	3		59	3
1426	2023-11-06 11:20:02.648516+00	14	paulo1234	3		59	3
1427	2023-11-06 11:20:19.656335+00	18	aaaa	1	[{"added": {}}]	59	3
1428	2023-11-06 11:23:33.572574+00	273	aaaa	3		4	3
1429	2023-11-06 11:23:33.581248+00	253	miguelTeste	3		4	3
1430	2023-11-06 11:23:33.586871+00	272	miguelTeste2	3		4	3
1431	2023-11-06 11:23:52.079651+00	199	telmoTeste	3		4	3
1432	2023-11-06 11:23:52.089934+00	240	tester1234	3		4	3
1433	2023-11-06 11:30:30.334453+00	245	ADEB-adm	2	[]	4	3
1434	2023-11-06 11:31:03.274113+00	274	miguelTeste	1	[{"added": {}}]	4	3
1435	2023-11-06 11:31:09.890152+00	274	miguelTeste	2	[{"changed": {"fields": ["Groups"]}}]	4	3
1436	2023-11-06 11:31:37.845876+00	274	miguelTeste	2	[{"changed": {"fields": ["Groups"]}}]	4	3
1437	2023-11-06 11:31:46.589415+00	198	miguelC	3		4	3
1438	2023-11-06 11:32:13.773053+00	220	Miguel	1	[{"added": {}}]	14	3
1439	2023-11-06 11:32:17.667325+00	19	miguelTeste	1	[{"added": {}}]	59	3
1440	2023-11-06 11:33:30.663127+00	274	miguelTeste	2	[{"changed": {"fields": ["Groups"]}}]	4	3
1441	2023-11-24 13:47:27.662488+00	265	GIRA-adm	2	[{"changed": {"fields": ["Groups"]}}]	4	3
1442	2023-11-24 13:47:59.238071+00	266	ELO-adm	2	[{"changed": {"fields": ["Groups"]}}]	4	3
1443	2023-11-24 16:48:55.155961+00	278	avaliadorGIRA	1	[{"added": {}}]	4	3
1444	2023-11-24 16:49:40.470265+00	278	avaliadorGIRA	2	[{"changed": {"fields": ["First name", "Last name", "Email address", "Groups"]}}]	4	3
1445	2023-11-24 16:49:59.903681+00	279	avaliadorELO	1	[{"added": {}}]	4	3
1446	2023-11-24 16:50:16.325776+00	279	avaliadorELO	2	[{"changed": {"fields": ["First name", "Last name", "Email address", "Groups"]}}]	4	3
1447	2023-11-24 16:50:53.305223+00	20	avaliadorELO	1	[{"added": {}}]	59	3
1448	2023-11-24 16:51:15.516383+00	224	AvaliadorELO	1	[{"added": {}}]	14	3
1449	2023-11-24 16:51:24.28522+00	20	avaliadorELO	2	[{"changed": {"fields": ["Info sensivel", "Reference"]}}]	59	3
1450	2023-11-24 16:53:51.486296+00	225	Avaliador GIRA	1	[{"added": {}}]	14	3
1451	2023-11-24 16:53:53.602593+00	21	avaliadorGIRA	1	[{"added": {}}]	59	3
1452	2023-11-24 16:54:00.752941+00	21	avaliadorGIRA	2	[{"changed": {"fields": ["Reference"]}}]	59	3
1453	2023-11-24 16:54:06.907794+00	21	avaliadorGIRA	2	[]	59	3
1454	2023-11-24 16:54:20.890801+00	21	avaliadorGIRA	2	[]	59	3
1455	2023-11-24 16:54:24.957803+00	20	avaliadorELO	2	[]	59	3
1456	2023-11-25 21:43:56.024982+00	281	testeTesterCuidador	1	[{"added": {}}]	4	3
1457	2023-11-25 21:44:55.741943+00	227	testeTester	1	[{"added": {}}]	14	3
1458	2023-11-25 21:46:02.046371+00	40	testeTester	1	[{"added": {}}]	8	3
1459	2023-11-25 21:47:51.575747+00	40	testeTester	2	[{"changed": {"fields": ["Referenciacao"]}}]	8	3
1460	2023-11-25 21:53:08.479418+00	41	Mike Nite	2	[{"changed": {"fields": ["Referenciacao", "PeriodicidadeCuidado"]}}]	8	3
1461	2023-11-25 21:53:34.784422+00	40	testeTester	2	[{"changed": {"fields": ["Avaliador"]}}]	8	3
1462	2023-12-10 09:28:47.568028+00	285	aaasdasD	3		4	3
1463	2023-12-10 09:28:47.621075+00	283	TiagoDaSilvaOCara	3		4	3
1464	2023-12-10 09:33:14.706124+00	274	miguelTeste	3		4	3
1465	2023-12-10 09:33:14.722227+00	268	pabloV	3		4	3
1466	2023-12-10 09:33:14.733595+00	270	pedroTeste	3		4	3
1467	2023-12-10 09:33:14.739368+00	284	taDa	3		4	3
1468	2023-12-10 09:33:14.744991+00	276	teste	3		4	3
1469	2023-12-10 09:33:14.750725+00	249	teste13out	3		4	3
1470	2024-01-04 21:51:09.708201+00	292	miguelTeste	1	[{"added": {}}]	4	3
1471	2024-01-04 21:51:24.930144+00	238	Miguel	1	[{"added": {}}]	14	3
1472	2024-01-04 21:52:20.990086+00	25	Miguel	1	[{"added": {}}]	9	3
1473	2024-01-07 10:59:13.22037+00	14	(COG) Sesso 1. Sesso 1	2	[{"changed": {"fields": ["Nome", "Tema", "Dinamizadores"]}}]	24	3
1474	2024-01-08 14:22:00.446413+00	15	(COG) Sesso 2. Sesso 2	2	[{"changed": {"fields": ["Nome", "Tema", "Dinamizadores"]}}]	24	3
1475	2024-01-08 15:24:28.798969+00	16	(COG) Sesso 3. Sesso 3	2	[{"changed": {"fields": ["Nome", "Tema", "Dinamizadores"]}}]	24	3
1476	2024-01-08 15:56:50.796128+00	14	(COG) Sesso 1. Sesso 1	2	[{"changed": {"fields": ["Materiais"]}}]	24	3
1477	2024-01-08 16:02:46.247691+00	14	(COG) Sesso 1. Sesso 1	2	[{"changed": {"fields": ["Materiais"]}}]	24	3
1478	2024-01-08 20:31:27.868813+00	17	(COG) Sesso 4. Sesso 4	2	[{"changed": {"fields": ["Nome", "Tema", "Dinamizadores"]}}]	24	3
1479	2024-01-08 20:32:34.806754+00	18	(COG) Sesso 5. Sesso 5	2	[{"changed": {"fields": ["Nome", "Tema", "Dinamizadores"]}}]	24	3
1480	2024-01-08 20:33:38.314129+00	19	(COG) Sesso 6. Sesso 6	2	[{"changed": {"fields": ["Nome", "Tema", "Dinamizadores"]}}]	24	3
1481	2024-01-08 20:34:36.494434+00	20	(COG) Sesso 7. Sesso 7	2	[{"changed": {"fields": ["Nome", "Tema", "Dinamizadores"]}}]	24	3
1482	2024-01-09 11:00:58.442778+00	21	(COG) Sesso 8. Sesso 8	2	[{"changed": {"fields": ["Nome", "Tema", "Dinamizadores"]}}]	24	3
1483	2024-01-09 11:05:22.182199+00	22	(COG) Sesso 9. Sesso 9	2	[{"changed": {"fields": ["Nome", "Tema", "Dinamizadores"]}}]	24	3
1484	2024-01-09 11:08:55.687948+00	23	(COG) Sesso 10. Sesso 10	2	[{"changed": {"fields": ["Nome", "Tema", "Dinamizadores"]}}]	24	3
1485	2024-01-09 11:45:23.983251+00	24	(COG) Sesso 11. Sesso 11	2	[{"changed": {"fields": ["Nome", "Tema", "Dinamizadores"]}}]	24	3
1486	2024-01-09 11:46:40.194487+00	25	(COG) Sesso 12. Sesso 12	2	[{"changed": {"fields": ["Nome", "Tema", "Dinamizadores"]}}]	24	3
1487	2024-01-09 11:47:42.145742+00	26	(COG) Sesso 13. Sesso 13	2	[{"changed": {"fields": ["Nome", "Tema", "Dinamizadores"]}}]	24	3
1488	2024-01-09 11:48:23.389472+00	27	(COG) Sesso 14. Sesso 14	2	[{"changed": {"fields": ["Nome", "Tema", "Dinamizadores"]}}]	24	3
1489	2024-01-14 00:47:29.290156+00	195	carolDias	2	[{"changed": {"fields": ["password"]}}]	4	3
1490	2024-01-14 20:15:44.705316+00	196	paulo1234	2	[{"changed": {"fields": ["password"]}}]	4	3
1491	2024-01-14 20:17:40.860336+00	298	cuidadorTeste	1	[{"added": {}}]	4	3
1492	2024-01-14 20:18:21.107302+00	298	cuidadorTeste	2	[{"changed": {"fields": ["First name", "Last name", "Email address", "Groups"]}}]	4	3
1493	2024-01-14 20:18:55.050229+00	298	cuidadorTeste	2	[{"changed": {"fields": ["Groups"]}}]	4	3
1494	2024-01-22 13:55:26.704042+00	246	pedroS	2	[{"changed": {"fields": ["Groups"]}}]	4	3
1495	2024-02-08 13:38:37.227305+00	246	pedroS	2	[{"changed": {"fields": ["Groups"]}}]	4	3
1496	2024-02-12 09:21:08.309007+00	246	pedroS	2	[{"changed": {"fields": ["Groups"]}}]	4	3
1497	2024-02-12 09:26:42.854634+00	310	miguelCTeste	1	[{"added": {}}]	4	3
1498	2024-02-12 09:27:04.682701+00	243	Miguel	1	[{"added": {}}]	14	3
1499	2024-02-12 09:27:20.676871+00	25	miguelCTeste	1	[{"added": {}}]	59	3
1500	2024-02-12 09:28:02.245644+00	25	miguelCTeste	2	[]	59	3
1501	2024-02-12 09:28:20.591528+00	310	miguelCTeste	2	[{"changed": {"fields": ["Groups"]}}]	4	3
1502	2024-02-12 09:29:51.281859+00	310	miguelCTeste	2	[{"changed": {"fields": ["Groups"]}}]	4	3
1503	2024-02-12 09:30:58.365602+00	310	miguelCTeste	2	[{"changed": {"fields": ["Groups"]}}]	4	3
1504	2024-02-12 09:35:41.300468+00	12	miguelCTeste	1	[{"added": {}}]	60	3
1505	2024-02-12 09:37:31.029673+00	13	pedroS	1	[{"added": {}}]	60	3
1506	2024-03-11 21:03:33.09862+00	318	pedroSNaAsmal	1	[{"added": {}}]	4	3
1507	2024-03-11 21:03:38.190616+00	14	pedroSNaAsmal	1	[{"added": {}}]	60	3
1508	2024-03-11 21:05:37.830309+00	318	pedroSNaAsmal	2	[{"changed": {"fields": ["First name", "Last name", "Groups"]}}]	4	3
1509	2024-03-14 10:30:43.190117+00	337	miguelCardosoCuidador	1	[{"added": {}}]	4	3
1510	2024-03-14 10:31:04.729866+00	337	miguelCardosoCuidador	2	[{"changed": {"fields": ["Groups"]}}]	4	3
1511	2024-03-14 10:32:40.38592+00	337	miguelCardosoCuidador	2	[{"changed": {"fields": ["User permissions"]}}]	4	3
1512	2024-03-14 10:36:38.531197+00	291	tiagoTomas	2	[{"changed": {"fields": ["password"]}}]	4	3
1513	2024-03-18 17:28:23.854639+00	342	CRINABEL-adm	1	[{"added": {}}]	4	3
1514	2024-03-18 17:29:11.882074+00	11	CRINABEL	1	[{"added": {}}]	23	3
1515	2024-03-18 17:29:22.317019+00	15	CRINABEL-adm	1	[{"added": {}}]	60	3
1516	2024-03-21 11:47:31.409612+00	342	CRINABEL-adm	2	[{"changed": {"fields": ["Groups"]}}]	4	3
1517	2024-03-21 11:47:47.159481+00	265	GIRA-adm	2	[{"changed": {"fields": ["Groups"]}}]	4	3
1518	2024-03-21 11:48:05.695764+00	245	ADEB-adm	2	[{"changed": {"fields": ["Groups"]}}]	4	3
1519	2024-04-13 11:49:40.817275+00	177	Teste	3		12	3
1520	2024-04-13 11:49:40.827314+00	175	Teste	3		12	3
1521	2024-04-13 11:49:40.832786+00	172	Teste	3		12	3
1522	2024-04-13 11:49:40.838396+00	171	Teste	3		12	3
1523	2024-04-13 11:49:40.844224+00	163	Teste	3		12	3
1524	2024-04-13 11:49:40.850258+00	160	Teste	3		12	3
1525	2024-04-13 11:49:40.855666+00	159	Teste	3		12	3
1526	2024-04-13 11:49:40.861264+00	158	Teste	3		12	3
1527	2024-04-13 11:49:40.866957+00	157	Teste	3		12	3
1528	2024-04-13 11:49:40.872915+00	156	Teste	3		12	3
1529	2024-04-13 11:49:40.878549+00	155	Teste1	3		12	3
1530	2024-05-20 11:07:21.012417+00	41	Mike Nite	3		8	3
1531	2024-05-20 11:07:28.667238+00	42	Tifosi Lucio	3		8	3
1532	2024-05-20 11:07:40.812291+00	40	testeTester	3		8	3
1533	2024-05-25 12:43:30.224966+00	308	aaaa23	3		4	3
1534	2024-05-25 12:43:30.247296+00	239	antonioTeste	3		4	3
1535	2024-05-25 12:43:30.252863+00	288	cuidadorADEBTeste	3		4	3
1536	2024-05-25 12:43:30.258344+00	298	cuidadorTeste	3		4	3
1537	2024-05-25 12:43:30.264267+00	282	cuidadorTesteGIRA	3		4	3
1538	2024-05-25 12:43:30.270024+00	311	Cuidame	3		4	3
1539	2024-05-25 12:43:30.275598+00	297	dina_teste	3		4	3
1540	2024-05-25 12:43:30.281102+00	299	justtesting	3		4	3
1541	2024-05-25 12:43:30.287295+00	309	miguel4	3		4	3
1542	2024-05-25 12:43:30.292812+00	312	miguelCardosoTeste	3		4	3
1543	2024-05-25 12:43:30.298371+00	310	miguelCTeste	3		4	3
1544	2024-05-25 12:43:30.303903+00	292	miguelTeste	3		4	3
1545	2024-05-25 12:43:30.310068+00	439	teste123	3		4	3
1546	2024-05-25 12:43:30.315788+00	313	teste1234	3		4	3
1547	2024-05-25 12:43:30.32177+00	444	teste2345	3		4	3
1548	2024-05-25 12:43:30.327338+00	302	teste_8	3		4	3
1549	2024-05-25 12:43:30.332975+00	303	teste888	3		4	3
1550	2024-05-25 12:43:30.338755+00	304	teste899	3		4	3
1551	2024-05-25 12:43:30.344521+00	305	teste+9999	3		4	3
1552	2024-05-25 12:43:30.349926+00	306	teste+99999	3		4	3
1553	2024-05-25 12:43:30.355388+00	307	teste+99999999	3		4	3
1554	2024-05-25 12:43:30.3615+00	440	testeApresentacao	3		4	3
1555	2024-05-25 12:43:30.367216+00	445	testeColab	3		4	3
1556	2024-05-25 12:43:30.372638+00	438	tester123	3		4	3
1557	2024-05-25 12:43:30.378216+00	300	teste_tester	3		4	3
1558	2024-05-25 12:43:30.384482+00	319	testeTester	3		4	3
1559	2024-05-25 12:43:30.390236+00	301	teste_tester9	3		4	3
1560	2024-05-25 12:43:30.39584+00	281	testeTesterCuidador	3		4	3
1561	2024-05-25 12:43:30.401343+00	315	testeTT	3		4	3
1562	2024-05-25 12:43:30.40997+00	289	testeUtilizador	3		4	3
1563	2024-05-25 12:43:30.418129+00	316	testingPedro	3		4	3
1564	2024-05-25 12:43:30.424154+00	317	tiagoRapazote	3		4	3
1565	2024-05-25 12:43:30.429761+00	280	umTeste	3		4	3
1566	2024-05-25 13:04:42.00393+00	263	Teste Tomas	3		20	3
1567	2024-05-26 14:46:34.829962+00	178	David Jos Favinha Martins	3		20	3
1568	2024-05-28 08:48:53.29363+00	288	Maria da Conceio Pascoal Moreira Bastos	3		20	3
1569	2024-06-22 10:32:37.805226+00	22	MentHA Digital com a CRINABEL	1	[{"added": {}}]	58	3
1570	2024-06-26 12:03:01.186738+00	23	Projeto MentHA - Melhorar a Sade Mental dos Mais Velhos	1	[{"added": {}}]	58	3
1571	2024-07-08 19:57:37.796998+00	181	Teste Video	3		12	3
1572	2024-07-08 19:57:37.877415+00	178	TesteApresentacao	3		12	3
1573	2024-07-08 19:57:37.917423+00	174	TesteGrupo	3		12	3
1574	2024-07-08 19:57:37.924166+00	170	grupo	3		12	3
1575	2024-07-08 19:57:37.929592+00	169	grupo	3		12	3
1576	2024-07-08 19:57:37.935306+00	168	aaaaa	3		12	3
1577	2024-07-08 19:57:37.941594+00	167	Grupo Teste 2	3		12	3
1578	2024-07-08 19:57:37.947041+00	166	Grupo Teste	3		12	3
1579	2024-07-08 19:57:37.952423+00	162	test	3		12	3
1580	2024-07-08 19:57:37.958503+00	161	test	3		12	3
1581	2024-07-09 08:39:08.286186+00	515	testeCuidador	1	[{"added": {}}]	4	3
1582	2024-07-09 08:39:24.138596+00	428	teste	1	[{"added": {}}]	14	3
1583	2024-07-09 08:39:58.819321+00	47	teste	1	[{"added": {}}]	8	3
1584	2024-07-09 08:48:00.322609+00	515	testeCuidador	2	[{"changed": {"fields": ["Groups", "User permissions"]}}]	4	3
1585	2024-07-15 17:17:18.114484+00	12	Sesso de validao dos Prottipos MentHA	2	[{"changed": {"fields": ["Imagem"]}}]	58	3
1586	2024-07-15 17:19:27.265826+00	8	Esto prontos os guies para experimentar prottipos	2	[{"changed": {"fields": ["Imagem"]}}]	58	3
1587	2024-07-15 17:20:56.536317+00	1	MentHA Digital ganhou concurso DGS	2	[{"changed": {"fields": ["Imagem"]}}]	58	3
1588	2024-07-15 17:27:58.444233+00	1	MentHA Digital ganhou concurso DGS	2	[{"changed": {"fields": ["Imagem"]}}]	58	3
1589	2024-07-29 13:52:01.625124+00	24	Parceria com a Escola Superior de Sade da Cruz Vermelha Portuguesa	1	[{"added": {}}]	58	3
1590	2024-07-29 14:00:03.941934+00	25	Sesso no Algarve na ASMAL	1	[{"added": {}}]	58	3
1591	2024-07-29 14:00:32.973265+00	25	MentHA Digital vai ao Algarve fazer sesses de avaliao na ASMAL	2	[{"changed": {"fields": ["Titulo"]}}]	58	3
1592	2024-07-29 14:10:15.238132+00	26	Submetido relatrio final  Direo Geral da Sade	1	[{"added": {}}]	58	3
1593	2024-07-29 14:10:31.69583+00	26	Submetido relatrio final  Direo Geral da Sade	2	[]	58	3
1594	2024-07-29 14:25:09.603288+00	27	Apresentado com sucesso Trabalho Final de Curso no mbito do Projeto MentHA Digital	1	[{"added": {}}]	58	3
1595	2024-07-29 14:25:53.940178+00	27	Apresentado com sucesso Trabalho Final de Curso no mbito do Projeto MentHA Digital	2	[{"changed": {"fields": ["Url"]}}]	58	3
1596	2024-07-29 14:30:05.691889+00	26	Submetido relatrio  Direo Geral da Sade	2	[{"changed": {"fields": ["Titulo"]}}]	58	3
1597	2024-07-29 14:34:39.026309+00	23	Reportagem sobre o Projeto MentHA	2	[{"changed": {"fields": ["Titulo", "Texto", "Url"]}}]	58	3
1598	2024-07-29 14:36:28.903463+00	27	Trabalho Final de Curso no mbito do Projeto MentHA Digital	2	[{"changed": {"fields": ["Titulo", "Texto"]}}]	58	3
1599	2025-01-29 14:30:26.803991+00	321	Toms Nave 	3		20	3
1600	2025-03-16 18:39:26.622397+00	193	wefwfewfwf	3		12	3
1601	2025-03-16 18:39:26.636916+00	192	wfweffw	3		12	3
1602	2025-03-16 19:17:44.568757+00	27	(COG) Sesso 14. Sesso 14	2	[]	24	3
1603	2025-03-16 19:20:23.792131+00	20	(COG) Sesso 7. Sesso 7	2	[]	24	3
1604	2025-03-16 19:21:46.343104+00	15	(COG) Sesso 2. Sesso 2	2	[]	24	3
\.


--
-- Data for Name: django_content_type; Type: TABLE DATA; Schema: public; Owner: leda
--

COPY public.django_content_type (id, app_label, model) FROM stdin;
24	diario	sessao
25	diario	sessaodogrupo
26	diario	resposta
27	diario	questionario
28	diario	presenca
29	diario	partilhagrupo
30	diario	partilha
31	diario	notagrupo
64	diario	cuidador_diagnosticos
65	diario	cuidador_grupo
66	diario	dinamizadorconvidado_grupo
67	diario	exercicio_sessao
32	diario	nota
33	diario	informacoesgrupo
34	diario	informacoes
35	diario	infoparte
68	diario	colaborador
36	diario	facilitador
37	diario	escolha
38	diario	documents
62	diario	parte_atividades
63	diario	exercicio_partes_do_exercicio
1	admin	logentry
2	auth	permission
3	auth	group
4	auth	user
5	contenttypes	contenttype
17	diario	parte
18	diario	parte_exercicio
19	diario	partegrupo
39	diario	avaliacaosessao
40	diario	avaliacaoparticipante
41	protocolo	answer
42	protocolo	area
43	protocolo	dimension
44	protocolo	part
45	protocolo	partedoutilizador
46	protocolo	possibleanswer
47	protocolo	protocol
48	protocolo	questionimage
6	sessions	session
7	diario	atividade
8	diario	cuidador
59	diario	avaliador
60	diario	administrador
61	diario	respostas
9	diario	dinamizadorconvidado
10	diario	doenca
11	diario	exercicio
12	diario	grupo
13	diario	imagem
14	diario	informacaosensivel
15	diario	mentor
16	diario	opcao
49	protocolo	textinputanswer
50	protocolo	section
51	protocolo	risk
52	protocolo	resolution
53	protocolo	report
54	protocolo	question
55	protocolo	multiplechoicescheckbox
56	protocolo	instrument
57	mentha	contacto
58	mentha	noticia
20	diario	participante
21	diario	pergunta
22	diario	pergunta_exercicio
23	diario	reference
\.


--
-- Data for Name: django_migrations; Type: TABLE DATA; Schema: public; Owner: leda
--

COPY public.django_migrations (id, app, name, applied) FROM stdin;
1	contenttypes	0001_initial	2023-06-20 12:34:30.331452+00
2	auth	0001_initial	2023-06-20 12:34:30.764098+00
3	admin	0001_initial	2023-06-20 12:34:30.861587+00
4	admin	0002_logentry_remove_auto_add	2023-06-20 12:34:30.873623+00
5	admin	0003_logentry_add_action_flag_choices	2023-06-20 12:34:30.884385+00
6	contenttypes	0002_remove_content_type_name	2023-06-20 12:34:30.912717+00
7	auth	0002_alter_permission_name_max_length	2023-06-20 12:34:30.925636+00
8	auth	0003_alter_user_email_max_length	2023-06-20 12:34:30.935793+00
9	auth	0004_alter_user_username_opts	2023-06-20 12:34:30.947452+00
10	auth	0005_alter_user_last_login_null	2023-06-20 12:34:30.958754+00
11	auth	0006_require_contenttypes_0002	2023-06-20 12:34:30.963984+00
12	auth	0007_alter_validators_add_error_messages	2023-06-20 12:34:30.980476+00
13	auth	0008_alter_user_username_max_length	2023-06-20 12:34:31.018798+00
14	auth	0009_alter_user_last_name_max_length	2023-06-20 12:34:31.033445+00
15	auth	0010_alter_group_name_max_length	2023-06-20 12:34:31.047751+00
16	auth	0011_update_proxy_permissions	2023-06-20 12:34:31.06139+00
17	auth	0012_alter_user_first_name_max_length	2023-06-20 12:34:31.073345+00
18	diario	0001_initial	2023-06-20 12:34:36.437551+00
19	mentha	0001_initial	2023-06-20 12:34:36.622085+00
20	protocolo	0001_initial	2023-06-20 12:34:38.663724+00
21	sessions	0001_initial	2023-06-20 12:34:38.754183+00
22	diario	0002_rename_descrio_parte_descricao	2023-06-20 14:20:25.752318+00
23	diario	0002_avaliador_administrador	2023-07-08 02:47:20.865619+00
24	diario	0002_remove_cuidador_idade_and_more	2023-07-11 11:20:03.858405+00
25	diario	0002_administrador_avaliacaoparticipante_avaliacaosessao_and_more	2023-07-11 16:29:21.037365+00
26	diario	0003_administrador_avaliacaoparticipante_avaliacaosessao_and_more	2023-07-11 16:57:22.058644+00
27	diario	0004_partilhagrupo_ficheiro_partilhagrupo_imagem	2023-07-11 16:57:38.684824+00
28	mentha	0002_auto_20220508_0031	2023-07-13 11:05:34.428137+00
29	mentha	0003_auto_20220508_0048	2023-07-13 11:05:34.437463+00
30	mentha	0004_auto_20220511_1546	2023-07-13 11:05:34.442933+00
31	mentha	0005_rename_mensagem_noticia_texto	2023-07-13 11:05:34.448878+00
32	mentha	0006_auto_20220511_1845	2023-07-13 11:05:34.454555+00
33	mentha	0007_alter_noticia_url	2023-07-13 11:05:34.460057+00
34	mentha	0008_alter_noticia_imagem	2023-07-13 11:05:34.465827+00
35	mentha	0009_alter_noticia_titulo	2023-07-13 11:05:34.471678+00
36	mentha	0010_alter_noticia_titulo	2023-07-13 11:05:34.477248+00
37	mentha	0011_alter_noticia_titulo	2023-07-13 11:05:34.482972+00
38	protocolo	0002_remove_risk_pat_risk_pat2	2023-07-13 11:16:39.234104+00
39	protocolo	0003_remove_risk_pat2	2023-07-13 11:16:57.409471+00
40	protocolo	0004_remove_risk_pat_risk_pat2	2023-07-13 11:45:21.896999+00
41	protocolo	0005_remove_risk_pat2	2023-07-13 11:45:21.920572+00
42	protocolo	0002_remove_risk_pat_risk_pat_id	2023-07-13 11:49:11.747844+00
43	protocolo	0002_risk_horas_jejum	2023-07-14 09:27:52.826575+00
44	protocolo	0003_risk_cholhdl_risk_ldl_risk_tg_alter_risk_pat_id	2023-07-17 14:18:35.525704+00
45	protocolo	0004_remove_risk_cholhdl_remove_risk_ldl_remove_risk_tg	2023-07-17 14:22:40.719992+00
46	protocolo	0005_risk_cholhdl_risk_ldl_risk_tg	2023-07-17 14:22:53.839004+00
47	protocolo	0002_risk_batimentos	2023-07-17 14:42:25.528535+00
48	protocolo	0003_remove_risk_batimentos_remove_risk_cholhdl_and_more	2023-07-17 14:44:51.427683+00
49	diario	0002_alter_doenca_nome	2023-07-17 14:45:03.115238+00
50	protocolo	0002_remove_risk_cholhdl_remove_risk_ldl_remove_risk_tg_and_more	2023-07-17 14:48:31.11734+00
51	protocolo	0002_remove_risk_batimentos_remove_risk_cholhdl_and_more	2023-07-17 15:00:43.020672+00
52	protocolo	0003_risk_batimentos_risk_cholhdl_risk_ldl_risk_tg	2023-07-17 15:01:27.088341+00
53	protocolo	0004_remove_risk_batimentos_risk_batimentos2_and_more	2023-07-17 17:56:52.969211+00
54	protocolo	0004_remove_risk_cholhdl_remove_risk_ldl_remove_risk_tg_and_more	2023-07-17 18:04:45.798823+00
55	protocolo	0002_remove_risk_batimentos_remove_risk_batimentos2_and_more	2023-07-17 18:10:47.561982+00
56	protocolo	0004_remove_risk_batimentos_remove_risk_cholhdl_and_more	2023-07-17 18:15:06.29732+00
57	protocolo	0005_rename_ac_gnosias_quotation_report_ac_abstracao_verbal_quotation_and_more	2023-07-20 19:55:47.088162+00
58	diario	0003_remove_avaliacaosessao_sessao_grupo_and_more	2023-08-03 16:43:37.351912+00
59	protocolo	0006_alter_area_options_alter_dimension_options_and_more	2023-08-03 16:43:37.759941+00
60	diario	0002_remove_cuidador_avaliador	2023-08-05 14:40:13.245788+00
61	diario	0003_cuidador_avaliador	2023-08-05 14:40:26.101937+00
62	diario	0004_avaliador_data_entrada_avaliador_info_sensivel_and_more	2023-09-06 14:23:46.974745+00
63	diario	0005_remove_informacoes_participante_and_more	2023-09-13 14:00:23.780229+00
64	diario	0002_delete_partilhagrupo	2023-09-13 14:49:41.144469+00
65	diario	0004_avaliacaosessao_avaliacaoparticipante	2023-09-13 15:04:41.825958+00
66	diario	0005_remove_grupo_diagnostico	2023-09-22 10:01:11.177881+00
67	diario	0006_partilhagrupo	2023-09-22 10:01:26.635464+00
68	protocolo	0007_alter_risk_cholhdl	2023-09-22 16:53:23.612775+00
69	diario	0007_colaborador	2023-10-31 13:47:45.566532+00
70	diario	0008_delete_colaborador	2023-10-31 13:47:45.582637+00
71	protocolo	0008_risk_doenca_cognitiva_risk_eag_risk_ifcc_risk_ngsp_and_more	2024-01-30 22:50:20.493872+00
72	diario	0009_alter_informacaosensivel_telemovel_colaborador	2024-02-04 15:33:44.330769+00
73	diario	0010_participante_dadoscuidador	2024-02-27 12:08:39.779536+00
74	protocolo	0009_remove_risk_eag_remove_risk_ifcc_remove_risk_ngsp_and_more	2024-02-27 12:08:40.042811+00
75	diario	0011_remove_participante_dadoscuidador	2024-02-27 21:41:58.391533+00
76	protocolo	0010_remove_risk_eag_hba1_remove_risk_ifcc_hba1_and_more	2024-02-27 21:41:58.491923+00
77	protocolo	0011_remove_risk_eag_remove_risk_ifcc_remove_risk_ngsp_and_more	2024-03-01 13:58:14.307738+00
78	diario	0012_participante_dadoscuidador	2024-03-10 22:32:37.107547+00
79	diario	0013_cuidador_comorbilidades_and_more	2024-03-16 14:31:56.067864+00
80	protocolo	0012_alter_risk_fumador_and_more	2024-04-15 13:29:35.8703+00
81	protocolo	0013_risk_pat_id_v2	2024-05-18 13:39:40.17644+00
82	protocolo	0014_risk_pressao_arterial_diastolica	2024-06-02 13:03:39.570099+00
\.


--
-- Data for Name: django_session; Type: TABLE DATA; Schema: public; Owner: leda
--

COPY public.django_session (session_key, session_data, expire_date) FROM stdin;
7nalrups3569cw3blvutwxhiep4wk47x	.eJxVjMsOwiAQRf-FtSHA8HTp3m8gAwNSNTQp7cr479qkC93ec859sYjb2uI2yhInYmcG7PS7JcyP0ndAd-y3mee5r8uU-K7wgw5-nak8L4f7d9BwtG_thDBAVgkK5AFUFg4RQIeqbHZSKwsyuQJQERM4Cq5K472QRhk0VbP3B7OVNqg:1qC5DU:Q2XhIyiDwH-XvnmFouMqFlWyurRL1ttA5uAHeDK62wE	2023-07-05 21:18:16.822546+00
8rud7y38enzwjhe2rvkp8zb1g2u06lf9	.eJxVjEEOwiAQRe_C2hCHQgGX7nsGMjCDVA0kpV0Z765NutDtf-_9lwi4rSVsnZcwk7gIexan3zFienDdCd2x3ppMra7LHOWuyIN2OTXi5_Vw_w4K9vKtFRB6TWaIPuXRgWdmoBFYRzMAZGeVw2yUJ0CbNdpBK5fIJg3RK8ji_QEOGzgQ:1qBeiP:FGlPU9k6ZrIiWpbkObpMirX5ieDUO8zrJCj-RTsQeHU	2023-07-04 17:00:25.247288+00
404ljzle6l9foledgcgd2uwohl92t2sw	.eJxVjMsOwiAQRf-FtSHA8HTp3m8gAwNSNTQp7cr479qkC93ec859sYjb2uI2yhInYmcG7PS7JcyP0ndAd-y3mee5r8uU-K7wgw5-nak8L4f7d9BwtG_thDBAVgkK5AFUFg4RQIeqbHZSKwsyuQJQERM4Cq5K472QRhk0VbP3B7OVNqg:1qCe0i:CBPxmQohqKd716ghVRbD7MEsrYRijMllz93g-eaUJNI	2023-07-07 10:27:24.939652+00
wf84rbj92v5a80kvywii4pmkyprlg1jm	.eJxVjMsOwiAQRf-FtSHA8HTp3m8gAwNSNTQp7cr479qkC93ec859sYjb2uI2yhInYmcG7PS7JcyP0ndAd-y3mee5r8uU-K7wgw5-nak8L4f7d9BwtG_thDBAVgkK5AFUFg4RQIeqbHZSKwsyuQJQERM4Cq5K472QRhk0VbP3B7OVNqg:1qIsFe:MR8VO_jkM4LkYZhIsLMlYj3TfujQ-LiME9y2mLnLodo	2023-07-24 14:52:34.787018+00
m6z0dlkqvt6r9rtuf1emzngi70kfpxc0	.eJxVjDsOwjAQBe_iGllef9Y2JT1nsNY_HECOFCcV4u4QKQW0b2beiwXa1ha2UZYwZXZmICw7_a6R0qP0HeU79dvM09zXZYp8V_hBB7_OuTwvh_t30Gi0b-2dK0S16CilQPRSRHBeKI1QyUEGhQqT0s4QogNTtZJS6yRsJmMLsfcHBws3FQ:1qJy1E:Dq5c7QKMYvvKr9dV92M9XUMH9aUNItVzjlwuM1kWc1k	2023-07-27 15:14:12.44281+00
vzsqz7q0gqcw34xfc6he6rxq34mip5ae	.eJxVjMsOwiAQRf-FtSHA8HTp3m8gAwNSNTQp7cr479qkC93ec859sYjb2uI2yhInYmcG7PS7JcyP0ndAd-y3mee5r8uU-K7wgw5-nak8L4f7d9BwtG_thDBAVgkK5AFUFg4RQIeqbHZSKwsyuQJQERM4Cq5K472QRhk0VbP3B7OVNqg:1qD7W2:Dd4rI2cHyu_icoU5Uo2nEzBKBFj9Wurp6BAM7rnZdqg	2023-07-08 17:57:42.32769+00
zm3d07kq51y5ebt08ccig5dfu3j5tp4q	.eJxVjMsOwiAQRf-FtSHA8HTp3m8gAwNSNTQp7cr479qkC93ec859sYjb2uI2yhInYmcG7PS7JcyP0ndAd-y3mee5r8uU-K7wgw5-nak8L4f7d9BwtG_thDBAVgkK5AFUFg4RQIeqbHZSKwsyuQJQERM4Cq5K472QRhk0VbP3B7OVNqg:1qGJjY:p4Y4NEL2OCsyAmPSGcYJhTypfwph673mqGJOG7BL1kQ	2023-07-17 13:36:52.880386+00
lbfxlyc9bxbp5jznwxktm3ro4n3vi6pf	.eJxVjMsOwiAQRf-FtSEIHR4u3fsNzcAMUjWQlHZl_HdD0oVu7znnvsWM-1bmvfM6LyQuwilx-h0jpifXQeiB9d5kanVblyiHIg_a5a0Rv66H-3dQsJdRh2wdZtA6Ibgc0GuOzhBMJgVCVGQmna0mxRognr1S5LxVAMA2eRafLxkNOA4:1qJfTj:6I_TSSFGx1E7udTxPVnR-RbWcU3JgLlrZxjN1hT9e_U	2023-07-26 19:26:23.2757+00
yc9ogobjlw3r28aybuym59gwhyci8c5e	.eJxVjDsOwjAQBe_iGlk2izeYkj5niPbjJQGUSHFSIe4OkVJA-2bmvVxH69J3ay1zN6i7uObkDr8jkzzKuBG903ibvEzjMg_sN8XvtPp20vK87u7fQU-1_9aB1KKwgRSGjJghcQTVUo5olNXsbA0IBlaICaNhyGwCiaiRpNm9P0JTOWE:1qE9X8:cFRpqSixdFF3lc2LJvrxpM9Y6LTRU1AaoENVUv72chc	2023-07-11 14:19:06.135374+00
tdat78m0wlx07t343yimj5tukxp53wew	.eJxVjMsOwiAQRf-FtSHA8HTp3m8gAwNSNTQp7cr479qkC93ec859sYjb2uI2yhInYmcG7PS7JcyP0ndAd-y3mee5r8uU-K7wgw5-nak8L4f7d9BwtG_thDBAVgkK5AFUFg4RQIeqbHZSKwsyuQJQERM4Cq5K472QRhk0VbP3B7OVNqg:1qEbMa:jfDIq33atTJJ-geBJP3DHmx49-DG0m6bPYDWWKTUDWQ	2023-07-12 20:02:04.425197+00
k2fuwvw025xluhxz70d95tkwx2xawz68	.eJxVjEEOwiAQRe_C2pDSAgMu3XsGMjCMVA0kpV0Z765NutDtf-_9lwi4rSVsPS9hJnEWkzj9bhHTI9cd0B3rrcnU6rrMUe6KPGiX10b5eTncv4OCvXxr8IpMdiP4CWKy7BFBpaQZLANS0jgSZAXEPESrMgHToKMxxk3I7MT7A_ytON8:1qLLIY:8yBaAQeZnNSqtLGX2OfDq7Wqbh0IC6HBWZOlwrcNISo	2023-07-31 10:17:46.269824+00
5qqasrn5ygf75jf6xn6em9tmh360chwi	.eJxVjEsOAiEQBe_C2hBoaT4u3XsG0jQoowaSYWZlvLtOMgvdvqp6LxFpXWpcR5njlMVJaAPi8Lsm4kdpG8p3arcuubdlnpLcFLnTIS89l-d5d_8OKo36ra0C0gwWssOiEmsFXgd0Rh2JnMHE3lmvvCUMIXDRV00IChOUzJi8eH8AAAE3aw:1qMUvn:ViOX2zkyElp2PA69k8DKLzWt6q-LASzeeSM9_dVuJlQ	2023-08-03 14:47:03.254419+00
fugm9jj3yaads2az5n9l7w6044ty3m9k	.eJxVjMsOwiAQRf-FtSHA8HTp3m8gAwNSNTQp7cr479qkC93ec859sYjb2uI2yhInYmcG7PS7JcyP0ndAd-y3mee5r8uU-K7wgw5-nak8L4f7d9BwtG_thDBAVgkK5AFUFg4RQIeqbHZSKwsyuQJQERM4Cq5K472QRhk0VbP3B7OVNqg:1qBzPs:iyw_cTGpoop2Jz4PpPH-RJDjn59RZbIuxR58bcUd6vU	2023-07-05 15:06:40.703263+00
4mwi4drhcwqzlpw1bdjjb2wmfz20yoaf	.eJxVjMsOwiAQRf-FtSEwvAaX7v0GAmWQqoGktCvjv2uTLnR7zzn3xULc1hq2QUuYMzszNOz0O6Y4PajtJN9ju3U-9bYuc-K7wg86-LVnel4O9--gxlG_tQDjJBjKniQ45SMWABuFRCI0UugE3jivtFDZe7QiF5QaklZFW22RvT_PcDY_:1qOgdn:8OtsQ2OG2sBsPhVgrQpjQfSODSee01RudzqTKIcOKxk	2023-08-09 15:41:31.367814+00
svexfrbf7knjdda34sugqt8v93faacd1	.eJxVjEEOwiAQRe_C2pDSAgMu3XsGMjCMVA0kpV0Z765NutDtf-_9lwi4rSVsPS9hJnEWkzj9bhHTI9cd0B3rrcnU6rrMUe6KPGiX10b5eTncv4OCvXxr8IpMdiP4CWKy7BFBpaQZLANS0jgSZAXEPESrMgHToKMxxk3I7MT7A_ytON8:1qOk5g:3SPxCHe4GDA7UsKRvm0NlIuUPbaSkm3SLTOXlpo99w8	2023-08-09 19:22:32.464741+00
5rec88e9w1bdjv5yvh0l2tc053g8w3no	.eJxVjMsOwiAQRf-FtSEIHR4u3fsNzcAMUjWQlHZl_HdD0oVu7znnvsWM-1bmvfM6LyQuwilx-h0jpifXQeiB9d5kanVblyiHIg_a5a0Rv66H-3dQsJdRh2wdZtA6Ibgc0GuOzhBMJgVCVGQmna0mxRognr1S5LxVAMA2eRafLxkNOA4:1qJuJf:gEPiaWxpveoD16J4NBTeyn5qcj5tfWYv1KyxzFZMNm0	2023-07-27 11:16:59.889358+00
gqle77wjvtxf4m1rlfq3a31e1f5cs2km	.eJxVjMsOwiAQRf-FtSEwvAaX7v0GAmWQqoGktCvjv2uTLnR7zzn3xULc1hq2QUuYMzszNOz0O6Y4PajtJN9ju3U-9bYuc-K7wg86-LVnel4O9--gxlG_tQDjJBjKniQ45SMWABuFRCI0UugE3jivtFDZe7QiF5QaklZFW22RvT_PcDY_:1qJuQ2:9FyKo4ok3FkyY3LV6jlQh2fOaICZqTAZerTsRT490qo	2023-07-27 11:23:34.422293+00
nlc4147o02sbh23gs56e6arzmsq7e0qv	.eJxVjMsOwiAQRf-FtSEwvAaX7v0GAmWQqoGktCvjv2uTLnR7zzn3xULc1hq2QUuYMzszNOz0O6Y4PajtJN9ju3U-9bYuc-K7wg86-LVnel4O9--gxlG_tQDjJBjKniQ45SMWABuFRCI0UugE3jivtFDZe7QiF5QaklZFW22RvT_PcDY_:1qJuRT:7QBkhJjIOLm54wIzV-i6t438spCCNOE9FZmrf59wqps	2023-07-27 11:25:03.52114+00
tydhqu8xd70l04sgtfhb4hod5jmdy4s9	.eJxVjMsOwiAQRf-FtSEwvAaX7v0GAmWQqoGktCvjv2uTLnR7zzn3xULc1hq2QUuYMzszNOz0O6Y4PajtJN9ju3U-9bYuc-K7wg86-LVnel4O9--gxlG_tQDjJBjKniQ45SMWABuFRCI0UugE3jivtFDZe7QiF5QaklZFW22RvT_PcDY_:1qJcP0:hfzIKAZo9zPGTOf5ITMJnAvpXzFmWO3Ck9ab64V9cVg	2023-07-26 16:09:18.224168+00
vgst11s5eubwkhl6yt0mgcyu9lvm4mid	.eJxVjEEOwiAQRe_C2pDSAgMu3XsGMjCMVA0kpV0Z765NutDtf-_9lwi4rSVsPS9hJnEWkzj9bhHTI9cd0B3rrcnU6rrMUe6KPGiX10b5eTncv4OCvXxr8IpMdiP4CWKy7BFBpaQZLANS0jgSZAXEPESrMgHToKMxxk3I7MT7A_ytON8:1qJcaE:Fc2E7JEZZUrM8rSoPm8ubCwNRHt1toZwcWIFXti9VqA	2023-07-26 16:20:54.900401+00
1s7s5r1ihcdsu711gjeqwpui0m1zvg21	.eJxVjMsOwiAQRf-FtSHA8HTp3m8gAwNSNTQp7cr479qkC93ec859sYjb2uI2yhInYmcG7PS7JcyP0ndAd-y3mee5r8uU-K7wgw5-nak8L4f7d9BwtG_thDBAVgkK5AFUFg4RQIeqbHZSKwsyuQJQERM4Cq5K472QRhk0VbP3B7OVNqg:1qBnH0:1QOGnc4Epe3pyc4fdaP6Mgf8AXzGqLqnjPQkT5ljtDc	2023-07-05 02:08:42.226829+00
ff54zk3d0an23gco2xxlb9au80z58yuu	.eJxVjEEOwiAQRe_C2pDSAgMu3XsGMjCMVA0kpV0Z765NutDtf-_9lwi4rSVsPS9hJnEWkzj9bhHTI9cd0B3rrcnU6rrMUe6KPGiX10b5eTncv4OCvXxr8IpMdiP4CWKy7BFBpaQZLANS0jgSZAXEPESrMgHToKMxxk3I7MT7A_ytON8:1qMaOw:9JL2xQ7XdAyc8hDHFYoWTcimMhsQh1liZcMs_37ENDo	2023-08-03 20:37:30.11302+00
f5t3uvcq8nsrorgpkeak945ev165c6la	.eJxVjDsOwjAQBe_iGlk2izeYkj5niPbjJQGUSHFSIe4OkVJA-2bmvVxH69J3ay1zN6i7uObkDr8jkzzKuBG903ibvEzjMg_sN8XvtPp20vK87u7fQU-1_9aB1KKwgRSGjJghcQTVUo5olNXsbA0IBlaICaNhyGwCiaiRpNm9P0JTOWE:1qJJ6l:AjWVuOINW7YtmyhiVvFmh5cSXdY2GCMYcYKDyMYLnWY	2023-07-25 19:33:11.123309+00
b69j9pjrng0hz5m1andye4nuz8omtga0	.eJxVjEEOwiAQRe_C2pDSAgMu3XsGMjCMVA0kpV0Z765NutDtf-_9lwi4rSVsPS9hJnEWkzj9bhHTI9cd0B3rrcnU6rrMUe6KPGiX10b5eTncv4OCvXxr8IpMdiP4CWKy7BFBpaQZLANS0jgSZAXEPESrMgHToKMxxk3I7MT7A_ytON8:1qP9dj:UK4hHtZjFzMzC3RFzNJcbm3RTUPUQviABZN_tudxSE0	2023-08-10 22:39:23.744526+00
3emnhvttvratajnougmegvp8ofgaao53	.eJxVjDsOwjAQBe_iGlnxL44p6XMGa9e7xgHkSHFSIe5OIqWAdmbee4sI21ri1niJE4mrUNaLyy9FSE-uh6IH1Pss01zXZUJ5JPK0TY4z8et2tn8HBVrZ18kF65nMwBmZveodBeyy1VpbrXakMuXOe61cQjOAyx5MbwiC0cjBis8XQxs4og:1qXPwB:PghTErFZAXjB9CajkAfU2ge8u3kCEFSfK8MIoo59J00	2023-09-02 17:40:35.829837+00
w1foomnnzt3dye9lp9vbc6e8dxrtdv6l	.eJxVjEEOwiAQRe_C2pDSAgMu3XsGMjCMVA0kpV0Z765NutDtf-_9lwi4rSVsPS9hJnEWkzj9bhHTI9cd0B3rrcnU6rrMUe6KPGiX10b5eTncv4OCvXxr8IpMdiP4CWKy7BFBpaQZLANS0jgSZAXEPESrMgHToKMxxk3I7MT7A_ytON8:1r6W8V:tFfkqNa06WksVVge6OnCnvWN7bQr8ed9fUW1XtMWE7w	2023-12-08 13:22:23.543005+00
nmh2yaeyofwhxqfm7oxh69kyy6nprxcb	.eJxVjEEOwiAQRe_C2hBGyjC4dO8ZCAOjVA1NSrsy3l2bdKHb_977LxXTutS4dpnjWNRJATp1-F055Ye0DZV7ardJ56kt88h6U_ROu75MRZ7n3f07qKnXb20EjEfIgBCYKDs8krFp4MJANl8xAAoBi-EkyIIuDN4LiQFrrffq_QERkTd_:1qnJCN:cs6ZuClbfnPmNmUVeo8WVQ3Yvf3zMuDF3jyJgDOE3HE	2023-10-16 13:42:59.066293+00
6zwtslk1sdd9l0ovww8wkt7apjenygij	.eJxVjjsOwyAQRO9CHSEWlo9TpvcZEJ8lOImwZOwqyt1jSy6Sdt6b0byZD9ta_dZp8VNmVwbGsstvGkN6UjtQfoR2n3ma27pMkR8KP2nn45zpdTvdv4Eaet3bWkkoaJUAis4goaOcLJiMWpSgLZZhEGAigVH7CadJK2URURpMhST7fAEGbzb8:1qnJL6:yi2xijY3DU9M0eOXubjgwdASIw1JTUrsE0ldbt9JDtU	2023-10-16 13:52:00.317278+00
btqflka3m0rn2zwehmis12mneqbuu6io	.eJxVjEEOwiAQRe_C2pDSAgMu3XsGMjCMVA0kpV0Z765NutDtf-_9lwi4rSVsPS9hJnEWkzj9bhHTI9cd0B3rrcnU6rrMUe6KPGiX10b5eTncv4OCvXxr8IpMdiP4CWKy7BFBpaQZLANS0jgSZAXEPESrMgHToKMxxk3I7MT7A_ytON8:1qKF2g:bs9LKKVlUVlYeWN4Aer0_go4u2E4Z_806B3zeNhx4Dc	2023-07-28 09:24:50.607706+00
mjoxudy3wtxtfr1rlb82r73g1l2z7eom	.eJxVjEEOwiAQRe_C2pDSAgMu3XsGMjCMVA0kpV0Z765NutDtf-_9lwi4rSVsPS9hJnEWkzj9bhHTI9cd0B3rrcnU6rrMUe6KPGiX10b5eTncv4OCvXxr8IpMdiP4CWKy7BFBpaQZLANS0jgSZAXEPESrMgHToKMxxk3I7MT7A_ytON8:1qOkGk:fca4n4-n_8XA86oDWQmnEExDKf2KroUvnpjMwZoLMEU	2023-08-09 19:33:58.218005+00
whsljn98x3nzmpvwol7fkl15785oxcqj	.eJxVjEEOwiAQRe_C2pDSAgMu3XsGMjCMVA0kpV0Z765NutDtf-_9lwi4rSVsPS9hJnEWkzj9bhHTI9cd0B3rrcnU6rrMUe6KPGiX10b5eTncv4OCvXxr8IpMdiP4CWKy7BFBpaQZLANS0jgSZAXEPESrMgHToKMxxk3I7MT7A_ytON8:1qMT1h:OzyoY-qRr2lr_sPpffApMOZs0K6yRgrTEfVWchGtJoU	2023-08-03 12:45:01.655238+00
4g83wes6noxug7jmo1y15jjysux0vc3g	.eJxVjEEOwiAQRe_C2pDSAgMu3XsGMjCMVA0kpV0Z765NutDtf-_9lwi4rSVsPS9hJnEWkzj9bhHTI9cd0B3rrcnU6rrMUe6KPGiX10b5eTncv4OCvXxr8IpMdiP4CWKy7BFBpaQZLANS0jgSZAXEPESrMgHToKMxxk3I7MT7A_ytON8:1qL8Hb:KTGjgpt-Yqz9YPJPngMrceXHy5gIR0fESINMHLsXhtc	2023-07-30 20:23:55.959181+00
4lssjgovzjdoq6tomly8o82n5emm5fsd	.eJxVjEEOwiAQRe_C2pDSAgMu3XsGMjCMVA0kpV0Z765NutDtf-_9lwi4rSVsPS9hJnEWkzj9bhHTI9cd0B3rrcnU6rrMUe6KPGiX10b5eTncv4OCvXxr8IpMdiP4CWKy7BFBpaQZLANS0jgSZAXEPESrMgHToKMxxk3I7MT7A_ytON8:1qSLzD:ocgXFxpZyZS-eJw_5sMZWMY1gwo012brNizFYYdnn2U	2023-08-19 18:26:47.447323+00
kz6qmif4364mg17w5qywb74s6wxcjmdo	.eJxVjEEOwiAQRe_C2hBGyjC4dO8ZCAOjVA1NSrsy3l2bdKHb_977LxXTutS4dpnjWNRJATp1-F055Ye0DZV7ardJ56kt88h6U_ROu75MRZ7n3f07qKnXb20EjEfIgBCYKDs8krFp4MJANl8xAAoBi-EkyIIuDN4LiQFrrffq_QERkTd_:1qjeTC:pFzwlAMNX4NnjMvfB_PaiEEf0sw--LsPVa8zT3e-qnw	2023-10-06 11:37:14.077498+00
6bmuqwju7mqonjfrvqmalu2mvkas5q2s	.eJxVjMsOwiAQAP-FsyEsj7J49O43NLuAUjWQlPZk_HdD0oNeZybzFjPtW5n3ntd5SeIswKI4_VKm-Mx1qPSgem8ytrqtC8uRyMN2eW0pvy5H-zco1MsYe-204htx0hwhoMlWKW1sMIBoMSTwlnyYQGGOQU-RHQVwKrFFAC8-XwUQNuc:1qXPxA:jd_RqYVgtKo3O34u7BUPBdCP8oMCtuSLypFV7x74mcs	2023-09-02 17:41:36.371861+00
iiskeee975cssx5teboou6l385gmjg1q	.eJxVjEEOwiAQRe_C2pDSAgMu3XsGMjCMVA0kpV0Z765NutDtf-_9lwi4rSVsPS9hJnEWkzj9bhHTI9cd0B3rrcnU6rrMUe6KPGiX10b5eTncv4OCvXxr8IpMdiP4CWKy7BFBpaQZLANS0jgSZAXEPESrMgHToKMxxk3I7MT7A_ytON8:1qgQyH:uCjcm3hVL8cV8_kavB-DFGIj22Mh3PkVqc-DLciNgLo	2023-09-27 14:36:01.623403+00
ywppedq233lwqrfhpv39ubcyhcgzuv3p	.eJxVjEEOwiAQRe_C2pDSAgMu3XsGMjCMVA0kpV0Z765NutDtf-_9lwi4rSVsPS9hJnEWkzj9bhHTI9cd0B3rrcnU6rrMUe6KPGiX10b5eTncv4OCvXxr8IpMdiP4CWKy7BFBpaQZLANS0jgSZAXEPESrMgHToKMxxk3I7MT7A_ytON8:1quyBJ:HOk0TYVx6RyzdVSmSVKkymJBX97f8xBO-tTJMI8DOCk	2023-11-06 16:53:33.930224+00
6zkzogdrgxh92yfywefsz3kvp8qpzcqn	.eJxVjEEOwiAQRe_C2hBGyjC4dO8ZCAOjVA1NSrsy3l2bdKHb_977LxXTutS4dpnjWNRJATp1-F055Ye0DZV7ardJ56kt88h6U_ROu75MRZ7n3f07qKnXb20EjEfIgBCYKDs8krFp4MJANl8xAAoBi-EkyIIuDN4LiQFrrffq_QERkTd_:1qqs3Z:c3-hS8-mKB4YMm6-FrZPIyVkUOWUy9TVKiloB3PA_kM	2023-10-26 09:32:37.918488+00
b598j6dykdj3kl6p4rzvxu7w2kn7o7jl	.eJxVjEEOwiAQRe_C2pDSAgMu3XsGMjCMVA0kpV0Z765NutDtf-_9lwi4rSVsPS9hJnEWkzj9bhHTI9cd0B3rrcnU6rrMUe6KPGiX10b5eTncv4OCvXxr8IpMdiP4CWKy7BFBpaQZLANS0jgSZAXEPESrMgHToKMxxk3I7MT7A_ytON8:1qJtl4:0j4S7inb5Z-B02bCanZ_neuFHEpEgQfGR9HPspF8GRg	2023-07-27 10:41:14.791149+00
tub964ijfcpdszamqbplhw4siko72ygh	.eJxVjEEOwiAQRe_C2pDSAgMu3XsGMjCMVA0kpV0Z765NutDtf-_9lwi4rSVsPS9hJnEWkzj9bhHTI9cd0B3rrcnU6rrMUe6KPGiX10b5eTncv4OCvXxr8IpMdiP4CWKy7BFBpaQZLANS0jgSZAXEPESrMgHToKMxxk3I7MT7A_ytON8:1qSdRQ:0Lty_dhaeZElhCL8hzd-x-XKyGm4gXmTNZfZ7IrpjPg	2023-08-20 13:05:04.910798+00
b5dgiz4qjopsh2kt4eb300e95rftg7hp	.eJxVjEEOwiAQRe_C2pDSAgMu3XsGMjCMVA0kpV0Z765NutDtf-_9lwi4rSVsPS9hJnEWkzj9bhHTI9cd0B3rrcnU6rrMUe6KPGiX10b5eTncv4OCvXxr8IpMdiP4CWKy7BFBpaQZLANS0jgSZAXEPESrMgHToKMxxk3I7MT7A_ytON8:1qWXMX:eHu5s4zYWhIKxAFMJBI6WNBTN5c2GMD6a2lIvja3FvA	2023-08-31 07:24:09.373388+00
droqjg0kvkrwmvpn2yoy95ga2ozl7ote	.eJxVjEEOwiAQRe_C2pDSAgMu3XsGMjCMVA0kpV0Z765NutDtf-_9lwi4rSVsPS9hJnEWkzj9bhHTI9cd0B3rrcnU6rrMUe6KPGiX10b5eTncv4OCvXxr8IpMdiP4CWKy7BFBpaQZLANS0jgSZAXEPESrMgHToKMxxk3I7MT7A_ytON8:1qgp1s:15IGj_RP3__WHnaYhTv6Y7tzXirFX2sT61qeYifPOjY	2023-09-28 16:17:20.987002+00
vd051vwb2zh77ntzrw4u7sdd5poms5bj	.eJxVjEEOwiAQRe_C2pDSAgMu3XsGMjCMVA0kpV0Z765NutDtf-_9lwi4rSVsPS9hJnEWkzj9bhHTI9cd0B3rrcnU6rrMUe6KPGiX10b5eTncv4OCvXxr8IpMdiP4CWKy7BFBpaQZLANS0jgSZAXEPESrMgHToKMxxk3I7MT7A_ytON8:1qh5A3:MWFQ0MHPt3FQpZ2l_3AJ4Go6QXhj5foCAjh1dmTzHB8	2023-09-29 09:30:51.112656+00
ftnm8gsk7pqhdxda9ag80pydlq40m810	.eJxVjEEOwiAQRe_C2pDSAgMu3XsGMjCMVA0kpV0Z765NutDtf-_9lwi4rSVsPS9hJnEWkzj9bhHTI9cd0B3rrcnU6rrMUe6KPGiX10b5eTncv4OCvXxr8IpMdiP4CWKy7BFBpaQZLANS0jgSZAXEPESrMgHToKMxxk3I7MT7A_ytON8:1qh5VM:Q8pQslOArIrjDahmsbvVJ5Tq2EQDRyM9QO8f-UCg6oo	2023-09-29 09:52:52.316896+00
16fj6pake6c20jd9uvqkluzde42cnwba	.eJxVjEEOwiAQRe_C2pDSAgMu3XsGMjCMVA0kpV0Z765NutDtf-_9lwi4rSVsPS9hJnEWkzj9bhHTI9cd0B3rrcnU6rrMUe6KPGiX10b5eTncv4OCvXxr8IpMdiP4CWKy7BFBpaQZLANS0jgSZAXEPESrMgHToKMxxk3I7MT7A_ytON8:1qv0A4:CUx7stTnCiwi-f9nq3t_ft7DczZxvaPuDNLclS6FdBU	2023-11-06 19:00:24.382809+00
q0t4kozta7te3s4j1vg1ngov7u4yy6tq	.eJxVjEEOwiAQRe_C2pDSAgMu3XsGMjCMVA0kpV0Z765NutDtf-_9lwi4rSVsPS9hJnEWkzj9bhHTI9cd0B3rrcnU6rrMUe6KPGiX10b5eTncv4OCvXxr8IpMdiP4CWKy7BFBpaQZLANS0jgSZAXEPESrMgHToKMxxk3I7MT7A_ytON8:1qqvlu:_wM7xLoBO_CiCLRSIeDYMbx2U2-4ykOPGiYJrUVXwBE	2023-10-26 13:30:38.514969+00
pz8sxdcyr44tzabohbhcdut7y9wmyl0c	.eJxVjEEOwiAQRe_C2pDSAgMu3XsGMjCMVA0kpV0Z765NutDtf-_9lwi4rSVsPS9hJnEWkzj9bhHTI9cd0B3rrcnU6rrMUe6KPGiX10b5eTncv4OCvXxr8IpMdiP4CWKy7BFBpaQZLANS0jgSZAXEPESrMgHToKMxxk3I7MT7A_ytON8:1qia6S:PsF27dP23SDiKgAIYPDweg2Qg3f0FVBK0mRWBW6q8kU	2023-10-03 12:45:20.002858+00
221r4xsgpod6ansl3zdx9tfr266a0slt	.eJxVjEEOwiAQRe_C2hBgGC0u3fcMZIYBqZo2Ke3KeHfbpAvd_vfef6tI61Lj2vIcB1FX5RDV6XdlSs887kgeNN4nnaZxmQfWu6IP2nQ_SX7dDvfvoFKrW32xJjGkM3BwEogzGXZMghDE-wLGlmw7TOJD8M4g48YdMAQoXbGoPl88Sjgl:1qzzT7:NmC0SmpS3atyjskzNQ8qjRllEhVEs5-bqkma3BOJJ5k	2023-11-20 13:16:41.435205+00
q44x2ojt34grfdn7hpout9n0lguxp7wq	.eJxVjEEOwiAQRe_C2hBGyjC4dO8ZCAOjVA1NSrsy3l2bdKHb_977LxXTutS4dpnjWNRJATp1-F055Ye0DZV7ardJ56kt88h6U_ROu75MRZ7n3f07qKnXb20EjEfIgBCYKDs8krFp4MJANl8xAAoBi-EkyIIuDN4LiQFrrffq_QERkTd_:1qk3Ar:zYnk8WDYg9nHP9_PrxYOis4jRg8ovCuUb3DETJNKRyo	2023-10-07 13:59:57.47306+00
5m6uvwg33w350uxrlxaotb9z6f4jv7bo	.eJxVjEEOwiAQRe_C2pDSAgMu3XsGMjCMVA0kpV0Z765NutDtf-_9lwi4rSVsPS9hJnEWkzj9bhHTI9cd0B3rrcnU6rrMUe6KPGiX10b5eTncv4OCvXxr8IpMdiP4CWKy7BFBpaQZLANS0jgSZAXEPESrMgHToKMxxk3I7MT7A_ytON8:1qjL4K:tBQ0rHMkxaEXVUZijM_w_45PWEJFOSUVzvDaba8aIEA	2023-10-05 14:54:16.956306+00
h972dq0af2s2o0e06lwdzus33q3f4o6p	.eJxVjEEOwiAQRe_C2pDSAgMu3XsGMjCMVA0kpV0Z765NutDtf-_9lwi4rSVsPS9hJnEWkzj9bhHTI9cd0B3rrcnU6rrMUe6KPGiX10b5eTncv4OCvXxr8IpMdiP4CWKy7BFBpaQZLANS0jgSZAXEPESrMgHToKMxxk3I7MT7A_ytON8:1qo5zP:5s4yO9gaV4lX22g-TQ4TmS8W-EBYIo8cEMh4RXluyls	2023-10-18 17:48:51.307696+00
heclgx3v5qg8gdgazj3xqtwxabmo1dfb	.eJxVjMsOwiAURP-FtSEXuEB16d5vILyuVA0kpV0Z_12adKHLmXNm3sz5bS1u63lxc2IXJrRmp982-PjMdUfp4eu98djqusyB7wo_aOe3lvLrerh_B8X3MtZA6gyTgoQBLVnlyQdpKEMkGcyIGixgMjYCDU8IRI1GWZIUIKeJfb4oejf8:1qdvke:5vNLu_E06ec4KIBD88ClfpgzQf-KlJMTos4QMKsORuM	2023-09-20 16:51:36.582296+00
obv92417g6nrlr8fogghmpa8vg2fwfdq	.eJxVjEEOwiAQRe_C2pDSAgMu3XsGMjCMVA0kpV0Z765NutDtf-_9lwi4rSVsPS9hJnEWkzj9bhHTI9cd0B3rrcnU6rrMUe6KPGiX10b5eTncv4OCvXxr8IpMdiP4CWKy7BFBpaQZLANS0jgSZAXEPESrMgHToKMxxk3I7MT7A_ytON8:1qtqwj:WdX0Y4V4_OaFsvFgS4Vt_ha4uBh_UOgEmhSLwN6flpQ	2023-11-03 14:57:53.566648+00
84xcnqixj1jb4kuya49uz7ly18ppsukl	.eJxVjEEOwiAQRe_C2pDSAgMu3XsGMjCMVA0kpV0Z765NutDtf-_9lwi4rSVsPS9hJnEWkzj9bhHTI9cd0B3rrcnU6rrMUe6KPGiX10b5eTncv4OCvXxr8IpMdiP4CWKy7BFBpaQZLANS0jgSZAXEPESrMgHToKMxxk3I7MT7A_ytON8:1qLnLl:jjkwG4vqKHO6GGQ5EzJiIki-BmaittS76RYyDWhG420	2023-08-01 16:14:57.397294+00
x0fd0j7j43tz9eipdhi6aygxafmp9cut	.eJxVjEEOwiAQRe_C2pDSAgMu3XsGMjCMVA0kpV0Z765NutDtf-_9lwi4rSVsPS9hJnEWkzj9bhHTI9cd0B3rrcnU6rrMUe6KPGiX10b5eTncv4OCvXxr8IpMdiP4CWKy7BFBpaQZLANS0jgSZAXEPESrMgHToKMxxk3I7MT7A_ytON8:1qNyl6:dx9NUYQkAQSBaPH3rtJWDIMI153kGO--8ewCq-Jc-mE	2023-08-07 16:50:08.914978+00
cctbwv2x83h0d57f8nj15sjpmrb4qvo8	.eJxVjEEOwiAQRe_C2pDSAgMu3XsGMjCMVA0kpV0Z765NutDtf-_9lwi4rSVsPS9hJnEWkzj9bhHTI9cd0B3rrcnU6rrMUe6KPGiX10b5eTncv4OCvXxr8IpMdiP4CWKy7BFBpaQZLANS0jgSZAXEPESrMgHToKMxxk3I7MT7A_ytON8:1qLRX1:BKHbCe7mNStezmZk0UQSBNa1gnnR3_08fj6uje9ihwU	2023-07-31 16:57:07.176378+00
o6505esssuylk2509ehrn1k008q563jr	.eJxVjMsOwiAQRf-FtSEwvAaX7v0GAmWQqoGktCvjv2uTLnR7zzn3xULc1hq2QUuYMzszNOz0O6Y4PajtJN9ju3U-9bYuc-K7wg86-LVnel4O9--gxlG_tQDjJBjKniQ45SMWABuFRCI0UugE3jivtFDZe7QiF5QaklZFW22RvT_PcDY_:1qMAkT:-AWzb1m7vTBcDpqGdVZmKkgX5UzhErp66hx8C1gOtTo	2023-08-02 17:14:01.164443+00
raqh6eg0j40ofwb0vfbp8eiowo24tmmm	.eJxVjEEOwiAQRe_C2hAQOhSX7nsGMsyAVA0kpV0Z765NutDtf-_9lwi4rSVsPS1hZnER2ntx-l0j0iPVHfEd661JanVd5ih3RR60y6lxel4P9--gYC_fOuVMZ8WZXTQEFMdoKfoEMPicCLN24EZgx2B5UAa1UQ40WuWUsUYb8f4AbUg4cg:1qo45p:Egkbn5Dga6x40FbiSlI2rrxZSob5GB0uPYoNlXrb8sk	2023-10-18 15:47:21.120699+00
bhpew7o9hrb67l3ije7epai7anws9c7x	.eJxVjEEOwiAQRe_C2hBGyjC4dO8ZCAOjVA1NSrsy3l2bdKHb_977LxXTutS4dpnjWNRJATp1-F055Ye0DZV7ardJ56kt88h6U_ROu75MRZ7n3f07qKnXb20EjEfIgBCYKDs8krFp4MJANl8xAAoBi-EkyIIuDN4LiQFrrffq_QERkTd_:1qje6c:qBaE7X4Aiq2Yu1iYEAKoKlhAXiElQxlaR8VPPwXy5u8	2023-10-06 11:13:54.105375+00
fh2sagvshfd3q8sy6ib3qbjk24ggx0ej	.eJxVjEEOwiAQRe_C2pDSAgMu3XsGMjCMVA0kpV0Z765NutDtf-_9lwi4rSVsPS9hJnEWkzj9bhHTI9cd0B3rrcnU6rrMUe6KPGiX10b5eTncv4OCvXxr8IpMdiP4CWKy7BFBpaQZLANS0jgSZAXEPESrMgHToKMxxk3I7MT7A_ytON8:1qKGRz:Y_oGxuS6zhTQQ02B1w72r6RKxKANo90p8ZhjajVLHOg	2023-07-28 10:55:03.175652+00
ixr3is60wxamoxj0wsbasa45pzxpooob	.eJxVjDsOwjAQBe_iGllef9Y2JT1nsNY_HECOFCcV4u4QKQW0b2beiwXa1ha2UZYwZXZmICw7_a6R0qP0HeU79dvM09zXZYp8V_hBB7_OuTwvh_t30Gi0b-2dK0S16CilQPRSRHBeKI1QyUEGhQqT0s4QogNTtZJS6yRsJmMLsfcHBws3FQ:1qKGU2:in-oCv3HRc_vYWaVcgqMRFZ0_5P_H0dzd5qiL_Fz01Y	2023-07-28 10:57:10.794389+00
hz6czar222n8er9mwk1ais0gqg3yb6qu	.eJxVjMsOwiAQRf-FtSEwvAaX7v0GAmWQqoGktCvjv2uTLnR7zzn3xULc1hq2QUuYMzszNOz0O6Y4PajtJN9ju3U-9bYuc-K7wg86-LVnel4O9--gxlG_tQDjJBjKniQ45SMWABuFRCI0UugE3jivtFDZe7QiF5QaklZFW22RvT_PcDY_:1qJuRU:7pLTgWZdrXVwFsP6Bf7mv6vDbFFNipC9mIYWFuTVuOY	2023-07-27 11:25:04.674952+00
8edwo4sx1px04qu24dfbyylbb0pvfg6t	.eJxVjEEOwiAQRe_C2pDSAgMu3XsGMjCMVA0kpV0Z765NutDtf-_9lwi4rSVsPS9hJnEWkzj9bhHTI9cd0B3rrcnU6rrMUe6KPGiX10b5eTncv4OCvXxr8IpMdiP4CWKy7BFBpaQZLANS0jgSZAXEPESrMgHToKMxxk3I7MT7A_ytON8:1qLky2:jeZBirmmToDhVeXO6ojwxDoYn0ksxnbMZv0-tSOiI0A	2023-08-01 13:42:18.239057+00
5f6w8oyy8bii9xz2igx9a61qcjtfesu6	.eJxVjEEOwiAQRe_C2pDSAgMu3XsGMjCMVA0kpV0Z765NutDtf-_9lwi4rSVsPS9hJnEWkzj9bhHTI9cd0B3rrcnU6rrMUe6KPGiX10b5eTncv4OCvXxr8IpMdiP4CWKy7BFBpaQZLANS0jgSZAXEPESrMgHToKMxxk3I7MT7A_ytON8:1qMcNv:qeNk2Z3E0F-HiBijFdP6T69aqMwET7Kev0SCDrNbWmg	2023-08-03 22:44:35.725192+00
2g9aqps0iw9f8m9l75fwq6cbxqxpktp9	.eJxVjEEOwiAQRe_C2pDSAgMu3XsGMjCMVA0kpV0Z765NutDtf-_9lwi4rSVsPS9hJnEWkzj9bhHTI9cd0B3rrcnU6rrMUe6KPGiX10b5eTncv4OCvXxr8IpMdiP4CWKy7BFBpaQZLANS0jgSZAXEPESrMgHToKMxxk3I7MT7A_ytON8:1qPUCY:Gn-uCOo9TEkZLB2Gx0zPIUX5V0dBOjcG_1Q1IVEDs3k	2023-08-11 20:36:42.130376+00
etpeho8qqlok50ajmi3n64pc2rop801x	.eJxVjEEOwiAQRe_C2pDSAgMu3XsGMjCMVA0kpV0Z765NutDtf-_9lwi4rSVsPS9hJnEWkzj9bhHTI9cd0B3rrcnU6rrMUe6KPGiX10b5eTncv4OCvXxr8IpMdiP4CWKy7BFBpaQZLANS0jgSZAXEPESrMgHToKMxxk3I7MT7A_ytON8:1qRs5g:oxV9xQY2AaBmEmtHgshX1rxg9qrM7LZNNyIvwwhJ9kE	2023-08-18 10:31:28.509966+00
fjua6fcoiaw79jxpn3vqkcoywv2ta3uw	.eJxVjEEOwiAQRe_C2pDSAgMu3XsGMjCMVA0kpV0Z765NutDtf-_9lwi4rSVsPS9hJnEWkzj9bhHTI9cd0B3rrcnU6rrMUe6KPGiX10b5eTncv4OCvXxr8IpMdiP4CWKy7BFBpaQZLANS0jgSZAXEPESrMgHToKMxxk3I7MT7A_ytON8:1qMPtl:qr3L3yY702jWFxOsQL8vaHxQaxJFcAw2vFz-9WChe9c	2023-08-03 09:24:37.719946+00
4nslmaf1z3bv6qg7v01kbg2fag3bc0xt	.eJxVjEEOwiAQRe_C2pDSAgMu3XsGMjCMVA0kpV0Z765NutDtf-_9lwi4rSVsPS9hJnEWkzj9bhHTI9cd0B3rrcnU6rrMUe6KPGiX10b5eTncv4OCvXxr8IpMdiP4CWKy7BFBpaQZLANS0jgSZAXEPESrMgHToKMxxk3I7MT7A_ytON8:1qM5TQ:VW6VsnNoQBchhLscm11BcA7JPc76opx-c4KqQM_cgUU	2023-08-02 11:36:04.293836+00
alt3c1z2torenkddn88big80w3hc4eqa	.eJxVjEEOwiAQRe_C2pDSAgMu3XsGMjCMVA0kpV0Z765NutDtf-_9lwi4rSVsPS9hJnEWkzj9bhHTI9cd0B3rrcnU6rrMUe6KPGiX10b5eTncv4OCvXxr8IpMdiP4CWKy7BFBpaQZLANS0jgSZAXEPESrMgHToKMxxk3I7MT7A_ytON8:1qRejI:o3biRHtktfrI8mSkin8Oti0AiQF8h-QG0ZQIodzB5ak	2023-08-17 20:15:28.979845+00
q7ctrrte24459f5uakbdc21isecuw9qc	.eJxVjEEOwiAQRe_C2pDSAgMu3XsGMjCMVA0kpV0Z765NutDtf-_9lwi4rSVsPS9hJnEWkzj9bhHTI9cd0B3rrcnU6rrMUe6KPGiX10b5eTncv4OCvXxr8IpMdiP4CWKy7BFBpaQZLANS0jgSZAXEPESrMgHToKMxxk3I7MT7A_ytON8:1qgp4R:i8HcfgaiAjm3Sik6WCNCydWy2hmlGkJqLN2XHHmfkpg	2023-09-28 16:19:59.899764+00
d3db918d3ezhu8si94o330ar0tbdg54j	.eJxVjEEOwiAQRe_C2pDSAgMu3XsGMjCMVA0kpV0Z765NutDtf-_9lwi4rSVsPS9hJnEWkzj9bhHTI9cd0B3rrcnU6rrMUe6KPGiX10b5eTncv4OCvXxr8IpMdiP4CWKy7BFBpaQZLANS0jgSZAXEPESrMgHToKMxxk3I7MT7A_ytON8:1qh5Ao:w2yRl9I1UT0iKDPF6YPTX5V4UlrDvC8bEPqoZ6T8NJ0	2023-09-29 09:31:38.334766+00
71nrvcgwup16s9cn8db4cou12ip5becv	.eJxVjEEOwiAQRe_C2pDSAgMu3XsGMjCMVA0kpV0Z765NutDtf-_9lwi4rSVsPS9hJnEWkzj9bhHTI9cd0B3rrcnU6rrMUe6KPGiX10b5eTncv4OCvXxr8IpMdiP4CWKy7BFBpaQZLANS0jgSZAXEPESrMgHToKMxxk3I7MT7A_ytON8:1qr2XS:OoosVrM8SNkcUZkjJzJ0FuebCawPg3LojbiyvyLPUi8	2023-10-26 20:44:10.937172+00
dqqhxonmceyrwob7uugke72jwjrs0guy	.eJxVjEEOwiAQRe_C2hBGyjC4dO8ZCAOjVA1NSrsy3l2bdKHb_977LxXTutS4dpnjWNRJATp1-F055Ye0DZV7ardJ56kt88h6U_ROu75MRZ7n3f07qKnXb20EjEfIgBCYKDs8krFp4MJANl8xAAoBi-EkyIIuDN4LiQFrrffq_QERkTd_:1qk4H0:baocg_DgWfJXyf1CTABObc3W7Ffsn_5HJzu_8LMox0g	2023-10-07 15:10:22.882427+00
1yyz8ots2ci2qcnxzh2emyxpof5aphqt	.eJxVjEEOwiAQRe_C2pDSAgMu3XsGMjCMVA0kpV0Z765NutDtf-_9lwi4rSVsPS9hJnEWkzj9bhHTI9cd0B3rrcnU6rrMUe6KPGiX10b5eTncv4OCvXxr8IpMdiP4CWKy7BFBpaQZLANS0jgSZAXEPESrMgHToKMxxk3I7MT7A_ytON8:1qiEst:RglGbaHucvZ5zISu_HYCWXKVBQY4UR3J8IjOLZyF1O8	2023-10-02 14:05:55.755116+00
h842vlnon4pglsllqwlv4wt7i9wejxv0	.eJxVjDEOAiEQRe9CbQgw4IilvWcgwwCyaiBZdivj3XWTLbT9773_EoHWpYZ15DlMSZyFsU4cftdI_MhtQ-lO7dYl97bMU5SbInc65LWn_Lzs7t9BpVG_NSpQwLFoRkZNPqE7MRi02dmiokdQBsDaYgonSiUjoo9wNC56pTOL9wcf4zgM:1qreGK:3BwmTkn-S535uWuSFI5Sl1EgfuSdOjIrEX4WR58M5FA	2023-10-28 13:01:00.490896+00
18j1h7ddqlny427mhxtvoamf4067eule	.eJxVjjsOwyAQRO9CHSEWlo9TpvcZEJ8lOImwZOwqyt1jSy6Sdt6b0byZD9ta_dZp8VNmVwbGsstvGkN6UjtQfoR2n3ma27pMkR8KP2nn45zpdTvdv4Eaet3bWkkoaJUAis4goaOcLJiMWpSgLZZhEGAigVH7CadJK2URURpMhST7fAEGbzb8:1qo5zo:fzufFnKhCmrqaRmSfrHJNtFXkH6gUvtoaHwSbGEt7-0	2023-10-18 17:49:16.501893+00
c95l60jadfee6ob6idikq3slsavgh69i	.eJxVjjsOwyAQRO9CHSEWlo9TpvcZEJ8lOImwZOwqyt1jSy6Sdt6b0byZD9ta_dZp8VNmVwbGsstvGkN6UjtQfoR2n3ma27pMkR8KP2nn45zpdTvdv4Eaet3bWkkoaJUAis4goaOcLJiMWpSgLZZhEGAigVH7CadJK2URURpMhST7fAEGbzb8:1qqcds:-lQ9dIdNBE8vdeDim2u1BaN1LBgHbt9TgzZNtrUNXxc	2023-10-25 17:05:04.874766+00
616ixvh68mpv2lvluls8z3knt58hckhi	.eJxVjDEOwjAMRe-SGUVWkzgKIztniOzYoQXUSk07VdwdReoA63_v_cNk2rcx703XPIm5msGjufyuTOWlc0fypPmx2LLM2zqx7Yo9abP3RfR9O92_g5Ha2GtQrYShOmXvAZJIDFB9ZFRGcKow1OCpDAgSEnOIsUSsziVVSmg-X02HONU:1qwJNY:OvmCiDM7HMoFiG3Cyh2h4C6lwTfRbN_lb2qFwna6dyU	2023-11-10 09:43:44.181413+00
p2s9dqsnr7cvp77s5gptqtwlevhw1cuc	.eJxVjMsOwiAUBf-FtSFAgYJL934DOeVepGpo0sfK-O_apAvdnpk5L5GwrTVtC89pJHEW2ntx-l0H5Ae3HdEd7TbJPLV1Hge5K_Kgi7xOxM_L4f4dVCz1WzvLtqDAFuuLgYbiQD2yytGhhFic0RkhOsUEROcJljh36NgMyvXi_QFg-TmF:1qqclK:aeMfs90G9yzG7KyRznIfbx1favdF_G8Hbm2QpN2F7RU	2023-10-25 17:12:46.298384+00
brc48blc60ae1addq57j198njcxqnc6y	.eJxVjEEOwiAQRe_C2pDSAgMu3XsGMjCMVA0kpV0Z765NutDtf-_9lwi4rSVsPS9hJnEWkzj9bhHTI9cd0B3rrcnU6rrMUe6KPGiX10b5eTncv4OCvXxr8IpMdiP4CWKy7BFBpaQZLANS0jgSZAXEPESrMgHToKMxxk3I7MT7A_ytON8:1rWefL:JhBoQ2ym9B4ygcvqMm5yoGYPzxvfpmaJwgBfKPzBGg4	2024-02-18 15:44:19.209221+00
aqbtlx45xp7umy8p5kykupewci3kxxm8	.eJxVjEEOwiAQRe_C2pDSAgMu3XsGMjCMVA0kpV0Z765NutDtf-_9lwi4rSVsPS9hJnEWkzj9bhHTI9cd0B3rrcnU6rrMUe6KPGiX10b5eTncv4OCvXxr8IpMdiP4CWKy7BFBpaQZLANS0jgSZAXEPESrMgHToKMxxk3I7MT7A_ytON8:1qtSWO:sEAxzNqqXVXAEzQb2YVLsBCnPw3ZJV151EXCo8schLA	2023-11-02 12:53:04.794311+00
uurdfcvp6gmzrrvxggwsdcxgenk1ay5f	.eJxVjMEOwiAQRP-FsyGwwlI8evcbCLCLVA1NSnsy_rtt0oMmc5r3Zt4ixHWpYe08h5HERQBacfptU8xPbjuiR2z3SeapLfOY5K7Ig3Z5m4hf18P9O6ix122teOCM2hWwmEA7Bd4CbdEIhKWA8ZkNYXSYM0XLCuxgAYtRisifxecLHpg33Q:1ruw98:fbEpXSRJi9MdtJLt13DjsHdHDnOT0m-ehEGho9x5SCs	2024-04-25 15:15:26.842401+00
mjvrujxj1obxsoag1pgv2ebh6y7idy4l	.eJxVjEEOwiAQRe_C2pDSAgMu3XsGMjCMVA0kpV0Z765NutDtf-_9lwi4rSVsPS9hJnEWkzj9bhHTI9cd0B3rrcnU6rrMUe6KPGiX10b5eTncv4OCvXxr8IpMdiP4CWKy7BFBpaQZLANS0jgSZAXEPESrMgHToKMxxk3I7MT7A_ytON8:1qxowH:oCPe39EPTk1TQV4TQ0n6QTehAyNHHkfz9QYrtrpQ7dA	2023-11-14 13:37:49.490439+00
zvdv7va3sonzxu6ha7vhtzz5gxxuungq	.eJxVjEEOwiAQRe_C2pDSAgMu3XsGMjCMVA0kpV0Z765NutDtf-_9lwi4rSVsPS9hJnEWkzj9bhHTI9cd0B3rrcnU6rrMUe6KPGiX10b5eTncv4OCvXxr8IpMdiP4CWKy7BFBpaQZLANS0jgSZAXEPESrMgHToKMxxk3I7MT7A_ytON8:1qxowW:O5V4--MlOgF5gKlKC4tZAajgZBVhB9Ef8C8znSQbOig	2023-11-14 13:38:04.644013+00
evic4gqonky97w6g82be41vu7jyccvjv	.eJxVjEEOwiAQRe_C2pDSAgMu3XsGMjCMVA0kpV0Z765NutDtf-_9lwi4rSVsPS9hJnEWkzj9bhHTI9cd0B3rrcnU6rrMUe6KPGiX10b5eTncv4OCvXxr8IpMdiP4CWKy7BFBpaQZLANS0jgSZAXEPESrMgHToKMxxk3I7MT7A_ytON8:1qqdMw:fFIIdaqdnspNSqDYk_gYztM16oo1xkQYDldd2g3WHbw	2023-10-25 17:51:38.901817+00
snny264ead4cvwn48fr7zbjnjpqvpw8s	.eJxVjEEOwiAQRe_C2hBgGC0u3fcMZIYBqZo2Ke3KeHfbpAvd_vfef6tI61Lj2vIcB1FX5RDV6XdlSs887kgeNN4nnaZxmQfWu6IP2nQ_SX7dDvfvoFKrW32xJjGkM3BwEogzGXZMghDE-wLGlmw7TOJD8M4g48YdMAQoXbGoPl88Sjgl:1qtqxJ:hAaUjIEoSw_cCK84KT4_A99rSKPpunu4igwf0Orq0Sk	2023-11-03 14:58:29.534207+00
kk0axx7rue6ksnkf58erna2d1ak0qyr3	.eJxVjEEOwiAQRe_C2pDSAgMu3XsGMjCMVA0kpV0Z765NutDtf-_9lwi4rSVsPS9hJnEWkzj9bhHTI9cd0B3rrcnU6rrMUe6KPGiX10b5eTncv4OCvXxr8IpMdiP4CWKy7BFBpaQZLANS0jgSZAXEPESrMgHToKMxxk3I7MT7A_ytON8:1rMPxx:DddfeRO2ehzkl6S29zgooBmMkT1Hz8ovDz3XiW1rpL0	2024-01-21 10:01:13.088783+00
72nmekt52khd6ha4up6auizpozgzw11t	.eJxVjMEOwiAQRP-FsyGwwlI8evcbCLCLVA1NSnsy_rtt0oMmc5r3Zt4ixHWpYe08h5HERQBacfptU8xPbjuiR2z3SeapLfOY5K7Ig3Z5m4hf18P9O6ix122teOCM2hWwmEA7Bd4CbdEIhKWA8ZkNYXSYM0XLCuxgAYtRisifxecLHpg33Q:1s6WrA:-uqQrgXF7zkanJxHp1oNFRm0KFj-_vujIxoxuUVwF38	2024-05-27 14:40:48.566147+00
mq7xr6akzz36eklshnu7yfyhbspbfgm2	.eJxVjjsOwyAQRO9CHSEWlo9TpvcZEJ8lOImwZOwqyt1jSy6Sdt6b0byZD9ta_dZp8VNmVwbGsstvGkN6UjtQfoR2n3ma27pMkR8KP2nn45zpdTvdv4Eaet3bWkkoaJUAis4goaOcLJiMWpSgLZZhEGAigVH7CadJK2URURpMhST7fAEGbzb8:1rkP4n:TkveAvPFha4QpuUhi-r25kOtXAKiMOfNb3yKJqQnOe8	2024-03-27 13:55:25.388814+00
kotwr56esvscw0d5tfbiouocmk5zrmep	.eJxVjEEOwiAQRe_C2hBgGC0u3fcMZIYBqZo2Ke3KeHfbpAvd_vfef6tI61Lj2vIcB1FX5RDV6XdlSs887kgeNN4nnaZxmQfWu6IP2nQ_SX7dDvfvoFKrW32xJjGkM3BwEogzGXZMghDE-wLGlmw7TOJD8M4g48YdMAQoXbGoPl88Sjgl:1r7Lpe:ItovHqcssqznM89YN5qS8LH9LwRLzumtLrkvfMHx69s	2023-12-10 20:34:22.617564+00
5fr71x2prhg4slglg4sw23lelm9z2ush	.eJxVjMsOwiAQAP-FsyHbpQXq0bvfQGB3K1UDSR8n478rSQ96nZnMS4W4bznsqyxhZnVW6Lw6_dIU6SGlKb7HcquaatmWOemW6MOu-lpZnpej_RvkuOY2RhgGMSN4YrQsKJBcPwJY0wknQifJgyOaoiWDPPW2t-5b-M4Ceq_eHx-NN4U:1r7Y1e:uULBP-CmQbFt9r8kDy_jsQ7Rz35TmdbGw1kf7VdJSAs	2023-12-11 09:35:34.524345+00
t40avmscjd58fde54kwkvf1vzml6k8j8	.eJxVjEEOwiAQRe_C2hBgGC0u3fcMZIYBqZo2Ke3KeHfbpAvd_vfef6tI61Lj2vIcB1FX5RDV6XdlSs887kgeNN4nnaZxmQfWu6IP2nQ_SX7dDvfvoFKrW32xJjGkM3BwEogzGXZMghDE-wLGlmw7TOJD8M4g48YdMAQoXbGoPl88Sjgl:1qvzZV:cQLDn-MJ6JO1n4asvA8G3IDnbj3kq0vb_cJKqTwyvFU	2023-11-09 12:34:45.00805+00
4obojeld6ke3ynvrkzs9gxzl8r9w3dij	.eJxVjjsOwyAQRO9CHSEWlo9TpvcZEJ8lOImwZOwqyt1jSy6Sdt6b0byZD9ta_dZp8VNmVwbGsstvGkN6UjtQfoR2n3ma27pMkR8KP2nn45zpdTvdv4Eaet3bWkkoaJUAis4goaOcLJiMWpSgLZZhEGAigVH7CadJK2URURpMhST7fAEGbzb8:1rCcic:29fgO1FPs1MObp_bNo6COIWlgW8oq-a8VgPk_iRSn98	2023-12-25 09:36:54.351347+00
7v4adwqn9xyl9c34nwbgsj8nt5ii1v4j	.eJxVjjsOwyAQRO9CHSEWlo9TpvcZEJ8lOImwZOwqyt1jSy6Sdt6b0byZD9ta_dZp8VNmVwbGsstvGkN6UjtQfoR2n3ma27pMkR8KP2nn45zpdTvdv4Eaet3bWkkoaJUAis4goaOcLJiMWpSgLZZhEGAigVH7CadJK2URURpMhST7fAEGbzb8:1r2vmS:RW-jUoKAWcYOIYOQpFVGLdictE82R38tLYLYRUawPkI	2023-11-28 15:56:48.299523+00
r9l3p8m8wxbvya1l51x228sonritegle	.eJxVjEEOwiAQRe_C2hBGyjC4dO8ZCAOjVA1NSrsy3l2bdKHb_977LxXTutS4dpnjWNRJATp1-F055Ye0DZV7ardJ56kt88h6U_ROu75MRZ7n3f07qKnXb20EjEfIgBCYKDs8krFp4MJANl8xAAoBi-EkyIIuDN4LiQFrrffq_QERkTd_:1rCddR:IJuEZZg1i_7vbsCnKPc9S3fHJ2Nyj-KWnI4sLTuwgxM	2023-12-25 10:35:37.835929+00
0zbmh4a1w6iqoeiz5wjlyhcle47pv207	.eJxVjjsOwyAQRO9CHSEWlo9TpvcZEJ8lOImwZOwqyt1jSy6Sdt6b0byZD9ta_dZp8VNmVwbGsstvGkN6UjtQfoR2n3ma27pMkR8KP2nn45zpdTvdv4Eaet3bWkkoaJUAis4goaOcLJiMWpSgLZZhEGAigVH7CadJK2URURpMhST7fAEGbzb8:1rDBtj:uUpbrzmclgBfK5BIrBPlzdIqm-HrIOCNPjk_EPRJ0uY	2023-12-26 23:10:43.614202+00
k187gq5ji2dkt1xa1ohrln4r5144d7m1	.eJxVjEEOwiAQRe_C2pDSAgMu3XsGMjCMVA0kpV0Z765NutDtf-_9lwi4rSVsPS9hJnEWkzj9bhHTI9cd0B3rrcnU6rrMUe6KPGiX10b5eTncv4OCvXxr8IpMdiP4CWKy7BFBpaQZLANS0jgSZAXEPESrMgHToKMxxk3I7MT7A_ytON8:1rkn9z:AWqUEj9N0bERLdQjuB9SKri1Zj00lgV2hKNFLMCRGI0	2024-03-28 15:38:23.014506+00
jpunxqlo47bb6oe9n3bvm9ts0v1cxv9i	.eJxVjEEOwiAQRe_C2pDSAgMu3XsGMjCMVA0kpV0Z765NutDtf-_9lwi4rSVsPS9hJnEWkzj9bhHTI9cd0B3rrcnU6rrMUe6KPGiX10b5eTncv4OCvXxr8IpMdiP4CWKy7BFBpaQZLANS0jgSZAXEPESrMgHToKMxxk3I7MT7A_ytON8:1rFkQ0:ZIAhs4szHk-wdjpLKW5jtok8OkM5231GdoumJ368dGA	2024-01-03 00:26:36.466029+00
1lhrgdkzj3g8fp04vzoaqanlrobx76gy	.eJxVjEEOwiAQRe_C2pDSAgMu3XsGMjCMVA0kpV0Z765NutDtf-_9lwi4rSVsPS9hJnEWkzj9bhHTI9cd0B3rrcnU6rrMUe6KPGiX10b5eTncv4OCvXxr8IpMdiP4CWKy7BFBpaQZLANS0jgSZAXEPESrMgHToKMxxk3I7MT7A_ytON8:1rRun2:7_vESRyRBUYVkNdgQZzAOYmyRT4o2TyixgY0cwl1bhA	2024-02-05 13:56:40.332806+00
6d0iz52282nqkdxjnvly7sqsmrct593e	.eJxVjEEOwiAQRe_C2pDSAgMu3XsGMjCMVA0kpV0Z765NutDtf-_9lwi4rSVsPS9hJnEWkzj9bhHTI9cd0B3rrcnU6rrMUe6KPGiX10b5eTncv4OCvXxr8IpMdiP4CWKy7BFBpaQZLANS0jgSZAXEPESrMgHToKMxxk3I7MT7A_ytON8:1rLVHm:eJG1dwEVIsikxifJo3QeyR0jVf3ipyz677khYOQN1jc	2024-01-18 21:29:54.404259+00
52k9fjgq3nyce72lhz89n1qln1pe60nf	.eJxVjEEOwiAQRe_C2pDSAgMu3XsGMjCMVA0kpV0Z765NutDtf-_9lwi4rSVsPS9hJnEWkzj9bhHTI9cd0B3rrcnU6rrMUe6KPGiX10b5eTncv4OCvXxr8IpMdiP4CWKy7BFBpaQZLANS0jgSZAXEPESrMgHToKMxxk3I7MT7A_ytON8:1rbja5:8xI_rxNx0eGUOu9LrSniQz9lMub2ck0SxQ4TxcccptU	2024-03-03 15:59:53.385975+00
x91rqeq4vf6enwpoteb9fezsb0rpd6x1	.eJxVjEEOwiAQRe_C2pDSAgMu3XsGMjCMVA0kpV0Z765NutDtf-_9lwi4rSVsPS9hJnEWkzj9bhHTI9cd0B3rrcnU6rrMUe6KPGiX10b5eTncv4OCvXxr8IpMdiP4CWKy7BFBpaQZLANS0jgSZAXEPESrMgHToKMxxk3I7MT7A_ytON8:1rebtf:qabUoQg-kp_QXqMDVsVw7sXYlt2AESe8ucW_AoKK91w	2024-03-11 14:23:59.583402+00
uffjs8xd1ystk4dllc7awtmsficeeovr	.eJxVjDEOAiEQRe9CbQgw4IilvWcgwwCyaiBZdivj3XWTLbT9773_EoHWpYZ15DlMSZyFsU4cftdI_MhtQ-lO7dYl97bMU5SbInc65LWn_Lzs7t9BpVG_NSpQwLFoRkZNPqE7MRi02dmiokdQBsDaYgonSiUjoo9wNC56pTOL9wcf4zgM:1qr2nx:5lhDsuKTiZ85ViQs-_X9Ugg2fsyN6SpieAXY2yWBc8w	2023-10-26 21:01:13.867968+00
htlklpnq396apdpu32oqpa8k4qmhdg9r	.eJxVjjsOwyAQRO9CHSEWlo9TpvcZEJ8lOImwZOwqyt1jSy6Sdt6b0byZD9ta_dZp8VNmVwbGsstvGkN6UjtQfoR2n3ma27pMkR8KP2nn45zpdTvdv4Eaet3bWkkoaJUAis4goaOcLJiMWpSgLZZhEGAigVH7CadJK2URURpMhST7fAEGbzb8:1rk02l:-VOReZg4NmNqHTDstH6z-SeoRWnhcZ0P765EnfqVh4Y	2024-03-26 11:11:39.367207+00
skq8feb4k5f0w2rnjl6crgbg3zcs1eir	.eJxVjEEOgjAURO_StWlKp7bFpXvOQH77PxY1kFBYGe-uJCx0O--9eametrX0W5WlH1ldFJxVp981UX7ItCO-03SbdZ6ndRmT3hV90Kq7meV5Pdy_g0K1fOtEwNC6LE4aL60XeNOCvLdDboIJMUIIARmWGexyiHz2DgY2UGqg3h8nJjeq:1sBzEZ:P_U51FAaXjxWhGBct872kUlWJiaDvULv6-Zn8PFI3lc	2024-06-11 15:59:31.055774+00
ixx64if2s079ydqyabq6g7emt6ge4k4g	.eJxVjEEOwiAQRe_C2hBgGC0u3fcMZIYBqZo2Ke3KeHfbpAvd_vfef6tI61Lj2vIcB1FX5RDV6XdlSs887kgeNN4nnaZxmQfWu6IP2nQ_SX7dDvfvoFKrW32xJjGkM3BwEogzGXZMghDE-wLGlmw7TOJD8M4g48YdMAQoXbGoPl88Sjgl:1qwKNJ:rFOkUnXf0ZaVtHbjBLEForjvxcIME7-V3wRHnSEFzzg	2023-11-10 10:47:33.227223+00
b2on03kss0ncjax5z3vkiih06d4svo7x	.eJxVjDEOAiEQRe9CbQgw4IilvWcgwwCyaiBZdivj3XWTLbT9773_EoHWpYZ15DlMSZyFsU4cftdI_MhtQ-lO7dYl97bMU5SbInc65LWn_Lzs7t9BpVG_NSpQwLFoRkZNPqE7MRi02dmiokdQBsDaYgonSiUjoo9wNC56pTOL9wcf4zgM:1sQRtT:kzR63hhm_iTMpZXQW8KAMG04Ktfadeg6RWQNfL6T1Aw	2024-07-21 13:25:31.218144+00
jgefxbf07bwluzq79j0wwn4jikliam0d	.eJxVjEEOgjAURO_StWlKp7bFpXvOQH77PxY1kFBYGe-uJCx0O--9eametrX0W5WlH1ldFJxVp981UX7ItCO-03SbdZ6ndRmT3hV90Kq7meV5Pdy_g0K1fOtEwNC6LE4aL60XeNOCvLdDboIJMUIIARmWGexyiHz2DgY2UGqg3h8nJjeq:1s5UfW:GpSxp5m6CDXXYszS1skgX7L4i63wqHoOwue1Cyvjx_Y	2024-05-24 18:08:30.506173+00
7dcoxfu3yu8lqtcy9zu0r1yvpdlmdz7z	.eJxVjMEOwiAQRP-FsyGwwlI8evcbCLCLVA1NSnsy_rtt0oMmc5r3Zt4ixHWpYe08h5HERQBacfptU8xPbjuiR2z3SeapLfOY5K7Ig3Z5m4hf18P9O6ix122teOCM2hWwmEA7Bd4CbdEIhKWA8ZkNYXSYM0XLCuxgAYtRisifxecLHpg33Q:1r6ZS0:nVefYv7v-Ri0LhXk9ieDNw-omfw1hU3f6JTqnYrSVm0	2023-12-08 16:54:44.775264+00
vd306cgvb7jz8jxzgy7mmfq92bmqci78	.eJxVjDEOAiEQRe9CbQgw4IilvWcgwwCyaiBZdivj3XWTLbT9773_EoHWpYZ15DlMSZyFsU4cftdI_MhtQ-lO7dYl97bMU5SbInc65LWn_Lzs7t9BpVG_NSpQwLFoRkZNPqE7MRi02dmiokdQBsDaYgonSiUjoo9wNC56pTOL9wcf4zgM:1sRAZl:Wu4wCFm0hiAynldbYhFo0N7grGn-OANG3zFNR7mKIYo	2024-07-23 13:08:09.481353+00
rjzrzh0b4urm2no880h5k9813wczxbi3	.eJxVjEEOwiAQRe_C2hBgGC0u3fcMZIYBqZo2Ke3KeHfbpAvd_vfef6tI61Lj2vIcB1FX5RDV6XdlSs887kgeNN4nnaZxmQfWu6IP2nQ_SX7dDvfvoFKrW32xJjGkM3BwEogzGXZMghDE-wLGlmw7TOJD8M4g48YdMAQoXbGoPl88Sjgl:1qtT9X:HENqNC9aNQQYUjjFQXg7ktOsFEDXd65jiCZnIqe1ikk	2023-11-02 13:33:31.816427+00
m7x9dn86600ed07in0q2elvj04riyiky	.eJxVjEEOwiAQRe_C2pDSAgMu3XsGMjCMVA0kpV0Z765NutDtf-_9lwi4rSVsPS9hJnEWkzj9bhHTI9cd0B3rrcnU6rrMUe6KPGiX10b5eTncv4OCvXxr8IpMdiP4CWKy7BFBpaQZLANS0jgSZAXEPESrMgHToKMxxk3I7MT7A_ytON8:1s8Kk7:-uyx4Ev_1drRqDHJyyXEz6gGIA63R_To49jMcXpkY4s	2024-06-01 14:08:59.163812+00
lpccwnq7h6jm89os1f3m4m8yvfz2jzow	.eJxVjEEOwiAQRe_C2pDSAgMu3XsGMjCMVA0kpV0Z765NutDtf-_9lwi4rSVsPS9hJnEWkzj9bhHTI9cd0B3rrcnU6rrMUe6KPGiX10b5eTncv4OCvXxr8IpMdiP4CWKy7BFBpaQZLANS0jgSZAXEPESrMgHToKMxxk3I7MT7A_ytON8:1tItPp:S7uNf1LVQSIlpTnIyFlfuB1C_1JEUrCzAkvKKvfA6lw	2024-12-18 17:43:57.681977+00
x1ajkalpxd7u1wqjvti4jkcqvepzph14	.eJxVjEEOwiAQRe_C2pDSAgMu3XsGMjCMVA0kpV0Z765NutDtf-_9lwi4rSVsPS9hJnEWkzj9bhHTI9cd0B3rrcnU6rrMUe6KPGiX10b5eTncv4OCvXxr8IpMdiP4CWKy7BFBpaQZLANS0jgSZAXEPESrMgHToKMxxk3I7MT7A_ytON8:1rZSd9:FCsE4EQW5M2dRMUxcRyDW5hme-nycn-plwPEiUsvmCI	2024-02-26 09:29:39.177026+00
b49y18q4o1nqq68jzm9gty7oq1srbzt9	.eJxVjEEOwiAQRe_C2pDSAgMu3XsGMjCMVA0kpV0Z765NutDtf-_9lwi4rSVsPS9hJnEWkzj9bhHTI9cd0B3rrcnU6rrMUe6KPGiX10b5eTncv4OCvXxr8IpMdiP4CWKy7BFBpaQZLANS0jgSZAXEPESrMgHToKMxxk3I7MT7A_ytON8:1rnff8:TmLibJkfDG45d1wfc4ddH8vI45LEh8bvayP0CqFlQ94	2024-04-05 14:14:26.6612+00
yh77sxkx91er6pr7lkc01zvp4y96jssi	.eJxVjjsOwyAQRO9CHSEWlo9TpvcZEJ8lOImwZOwqyt1jSy6Sdt6b0byZD9ta_dZp8VNmVwbGsstvGkN6UjtQfoR2n3ma27pMkR8KP2nn45zpdTvdv4Eaet3bWkkoaJUAis4goaOcLJiMWpSgLZZhEGAigVH7CadJK2URURpMhST7fAEGbzb8:1ronO1:EF23XshC36OIU8ybqzdl4a3X7mRPr9Kn2IusRB5_jKE	2024-04-08 16:41:25.487384+00
lcrmafiq32141js2z04b4kt5mwh0p1m2	.eJxVjEEOwiAQRe_C2pDSAgMu3XsGMjCMVA0kpV0Z765NutDtf-_9lwi4rSVsPS9hJnEWkzj9bhHTI9cd0B3rrcnU6rrMUe6KPGiX10b5eTncv4OCvXxr8IpMdiP4CWKy7BFBpaQZLANS0jgSZAXEPESrMgHToKMxxk3I7MT7A_ytON8:1r2E3J:T4B-wzUp2D3YBBzJzSKDzykcqrC5_7o2rxplIdlEFfQ	2023-11-26 17:15:17.507779+00
xcatl6on3jj70vqzykre59mebjdffz7x	.eJxVjDEOwjAMRe-SGUVWkzgKIztniOzYoQXUSk07VdwdReoA63_v_cNk2rcx703XPIm5msGjufyuTOWlc0fypPmx2LLM2zqx7Yo9abP3RfR9O92_g5Ha2GtQrYShOmXvAZJIDFB9ZFRGcKow1OCpDAgSEnOIsUSsziVVSmg-X02HONU:1rZSkx:yGwmeTOjG111vk4CDBpjAt4alvmPn2fozx43w22HcOU	2024-02-26 09:37:43.272139+00
iat35rcbzzibvv562jxdtchqv78gkedd	.eJxVjEEOgjAURO_StWlKp7bFpXvOQH77PxY1kFBYGe-uJCx0O--9eametrX0W5WlH1ldFJxVp981UX7ItCO-03SbdZ6ndRmT3hV90Kq7meV5Pdy_g0K1fOtEwNC6LE4aL60XeNOCvLdDboIJMUIIARmWGexyiHz2DgY2UGqg3h8nJjeq:1sABvO:bJ6rC2OAiQ8XnBUf-WyPrk-Mb1KzErS7uHBEs2ZCJHk	2024-06-06 17:08:18.342359+00
5wfvwh77eok380t5tmlshpy2iqclhmk9	.eJxVjEEOwiAQRe_C2pDSAgMu3XsGMjCMVA0kpV0Z765NutDtf-_9lwi4rSVsPS9hJnEWkzj9bhHTI9cd0B3rrcnU6rrMUe6KPGiX10b5eTncv4OCvXxr8IpMdiP4CWKy7BFBpaQZLANS0jgSZAXEPESrMgHToKMxxk3I7MT7A_ytON8:1rT4gz:O_xIjjCkg0fGRQPpm1L-V1g3aDKlztlQ_-i0RGKnnj4	2024-02-08 18:43:13.040464+00
ux65yuf1m3s6bk92zbvsjljqxhu289ng	.eJxVjEEOwiAQRe_C2pDSAgMu3XsGMjCMVA0kpV0Z765NutDtf-_9lwi4rSVsPS9hJnEWkzj9bhHTI9cd0B3rrcnU6rrMUe6KPGiX10b5eTncv4OCvXxr8IpMdiP4CWKy7BFBpaQZLANS0jgSZAXEPESrMgHToKMxxk3I7MT7A_ytON8:1rknGi:K-UQvnesLlnke0aBTdzubG4ES5_YQ9strWzxGygmgJs	2024-03-28 15:45:20.14221+00
kl5bdk646au01zcl9j7dhftepxedbg34	.eJxVjMsOwiAUBf-FtSFAgYJL934DOeVepGpo0sfK-O_apAvdnpk5L5GwrTVtC89pJHEW2ntx-l0H5Ae3HdEd7TbJPLV1Hge5K_Kgi7xOxM_L4f4dVCz1WzvLtqDAFuuLgYbiQD2yytGhhFic0RkhOsUEROcJljh36NgMyvXi_QFg-TmF:1rIRTE:Qk6kEW2QSb9JXpDa7XM1Wx27r47GHCrAX3D3aqC_Gi4	2024-01-10 10:49:04.836171+00
guisozxncoc5tphcz9t14aycz17xfh0n	.eJxVjEEOgjAURO_StWlKp7bFpXvOQH77PxY1kFBYGe-uJCx0O--9eametrX0W5WlH1ldFJxVp981UX7ItCO-03SbdZ6ndRmT3hV90Kq7meV5Pdy_g0K1fOtEwNC6LE4aL60XeNOCvLdDboIJMUIIARmWGexyiHz2DgY2UGqg3h8nJjeq:1ry6zs:HnQn5FePmORz76kPAEFx72gau9qxdX_QbpYzyyComcM	2024-05-04 09:27:00.686836+00
0t85ak5jlydkbhnuaairoe9df3buxcer	.eJxVjEEOwiAQRe_C2hBGyjC4dO8ZCAOjVA1NSrsy3l2bdKHb_977LxXTutS4dpnjWNRJATp1-F055Ye0DZV7ardJ56kt88h6U_ROu75MRZ7n3f07qKnXb20EjEfIgBCYKDs8krFp4MJANl8xAAoBi-EkyIIuDN4LiQFrrffq_QERkTd_:1rmG7K:RI50aP9U0WDyoyzc95caxWdNaVs0c4_dbqXhPNVxDmM	2024-04-01 16:45:42.563183+00
bdba8qj2odlwthoixq5ms041pbds76n8	.eJxVjEEOwiAQRe_C2pDSAgMu3XsGMjCMVA0kpV0Z765NutDtf-_9lwi4rSVsPS9hJnEWkzj9bhHTI9cd0B3rrcnU6rrMUe6KPGiX10b5eTncv4OCvXxr8IpMdiP4CWKy7BFBpaQZLANS0jgSZAXEPESrMgHToKMxxk3I7MT7A_ytON8:1s1Yld:hSPYGit52ccoxWFlNoLJznb_FMWYnZ8JNK16mdGAcGk	2024-05-13 21:42:33.457606+00
veoebzewic2abyxl740yldftl68qa1ib	.eJxVjEEOwiAQRe_C2pDSAgMu3XsGMjCMVA0kpV0Z765NutDtf-_9lwi4rSVsPS9hJnEWkzj9bhHTI9cd0B3rrcnU6rrMUe6KPGiX10b5eTncv4OCvXxr8IpMdiP4CWKy7BFBpaQZLANS0jgSZAXEPESrMgHToKMxxk3I7MT7A_ytON8:1sBEbf:2bZ6fg_Ym2Z_MnrBZuSPKtFP6hlYw0LsDrt6L2pAPSI	2024-06-09 14:12:15.420817+00
scic8tsxglxvorw6wqccrct188i2ex5k	.eJxVjMEOwiAQRP-FsyGwwlI8evcbCLCLVA1NSnsy_rtt0oMmc5r3Zt4ixHWpYe08h5HERQBacfptU8xPbjuiR2z3SeapLfOY5K7Ig3Z5m4hf18P9O6ix122teOCM2hWwmEA7Bd4CbdEIhKWA8ZkNYXSYM0XLCuxgAYtRisifxecLHpg33Q:1ruw7D:qqpB-xnR8AZ2shAIkgiWJvmQ6jKYAREeXiYPm1tsc08	2024-04-25 15:13:27.346049+00
cxoxpivc7uawurk9wxrttuyyim82m70l	.eJxVjMEOwiAQRP-FsyGwwlI8evcbCLCLVA1NSnsy_rtt0oMmc5r3Zt4ixHWpYe08h5HERQBacfptU8xPbjuiR2z3SeapLfOY5K7Ig3Z5m4hf18P9O6ix122teOCM2hWwmEA7Bd4CbdEIhKWA8ZkNYXSYM0XLCuxgAYtRisifxecLHpg33Q:1sBuHj:JDKk7pKoJjbOHny6GoIEOji4RDXYu_ZKqoT7DJciGqg	2024-06-11 10:42:27.034786+00
309qv1tn3pndxvvmt0qqtq33gnvlecoe	.eJxVjEEOwiAQRe_C2pDSAgMu3XsGMjCMVA0kpV0Z765NutDtf-_9lwi4rSVsPS9hJnEWkzj9bhHTI9cd0B3rrcnU6rrMUe6KPGiX10b5eTncv4OCvXxr8IpMdiP4CWKy7BFBpaQZLANS0jgSZAXEPESrMgHToKMxxk3I7MT7A_ytON8:1tfj1K:wMFA8eVgNA4j9teZkEFImyAloJNpUu2CdfAVw_Uaevo	2025-02-19 17:17:02.59109+00
92joztvf3u9nenpg7mhnii3bcnhuage4	.eJxVjjsOwyAQRO9CHSEWlo9TpvcZEJ8lOImwZOwqyt1jSy6Sdt6b0byZD9ta_dZp8VNmVwbGsstvGkN6UjtQfoR2n3ma27pMkR8KP2nn45zpdTvdv4Eaet3bWkkoaJUAis4goaOcLJiMWpSgLZZhEGAigVH7CadJK2URURpMhST7fAEGbzb8:1qxmNC:RFDnJsK4wZ9maY8qrd6dDC6IGUIMmxdL8NAO67oa5PQ	2023-11-14 10:53:26.019731+00
1opvh6ua06h1lr6ayo6c9rwxuy54d7xd	.eJxVjjsOwyAQRO9CHSEWlo9TpvcZEJ8lOImwZOwqyt1jSy6Sdt6b0byZD9ta_dZp8VNmVwbGsstvGkN6UjtQfoR2n3ma27pMkR8KP2nn45zpdTvdv4Eaet3bWkkoaJUAis4goaOcLJiMWpSgLZZhEGAigVH7CadJK2URURpMhST7fAEGbzb8:1qxpFl:YFQLu4AGB4TQQSbznDlzIoIv_x-Bt9Dl55wAi9I97a0	2023-11-14 13:57:57.36099+00
rh8muk5t2xpifd8hwqutn171k982afu7	.eJxVjDEOAiEQRe9CbQgw4IilvWcgwwCyaiBZdivj3XWTLbT9773_EoHWpYZ15DlMSZyFsU4cftdI_MhtQ-lO7dYl97bMU5SbInc65LWn_Lzs7t9BpVG_NSpQwLFoRkZNPqE7MRi02dmiokdQBsDaYgonSiUjoo9wNC56pTOL9wcf4zgM:1r6WQK:habgVLT9-T_iGZPlNZ9pyCvT_5wB9lWpUIsAKfDYp2U	2023-12-08 13:40:48.95177+00
yubdvi8f41s6mnbgdwfmv2kv4prvzo5w	.eJxVjEEOwiAQRe_C2pDSAgMu3XsGMjCMVA0kpV0Z765NutDtf-_9lwi4rSVsPS9hJnEWkzj9bhHTI9cd0B3rrcnU6rrMUe6KPGiX10b5eTncv4OCvXxr8IpMdiP4CWKy7BFBpaQZLANS0jgSZAXEPESrMgHToKMxxk3I7MT7A_ytON8:1qtQiM:lgmgRbuPR60aQ9P-lk3W3l_JR6fKE17J8IxOvneqLgQ	2023-11-02 10:57:18.340756+00
6n49t9970pidrewrpdqu4u5xehv5euv5	.eJxVjEEOwiAQRe_C2pDSAgMu3XsGMjCMVA0kpV0Z765NutDtf-_9lwi4rSVsPS9hJnEWkzj9bhHTI9cd0B3rrcnU6rrMUe6KPGiX10b5eTncv4OCvXxr8IpMdiP4CWKy7BFBpaQZLANS0jgSZAXEPESrMgHToKMxxk3I7MT7A_ytON8:1rvw4E:aJ9OP1iIf08cWhx6EyjToEkMUxnamCjrQq8If1hE_po	2024-04-28 09:22:30.554009+00
vw822n8byruhxf16o99jap46crkz2cm8	.eJxVjEEOwiAQRe_C2pDSAgMu3XsGMjCMVA0kpV0Z765NutDtf-_9lwi4rSVsPS9hJnEWkzj9bhHTI9cd0B3rrcnU6rrMUe6KPGiX10b5eTncv4OCvXxr8IpMdiP4CWKy7BFBpaQZLANS0jgSZAXEPESrMgHToKMxxk3I7MT7A_ytON8:1sE7J6:8l8CM-6JZJPJn208RbWxRNg17S-eyYWdg8A9Gh2sAYQ	2024-06-17 13:01:00.860445+00
d2dx1bw3e8m547qhlb1a5qp4av40mwxm	.eJxVjDEOwjAMRe-SGUVWkzgKIztniOzYoQXUSk07VdwdReoA63_v_cNk2rcx703XPIm5msGjufyuTOWlc0fypPmx2LLM2zqx7Yo9abP3RfR9O92_g5Ha2GtQrYShOmXvAZJIDFB9ZFRGcKow1OCpDAgSEnOIsUSsziVVSmg-X02HONU:1qtUPz:V51Ca0jek3q9icH7oiGkiXl8zTEgAKzO_t3-mmrXAKY	2023-11-02 14:54:35.148243+00
pwap4u122rk7wcigknixc1tvjdnu8bte	.eJxVjEEOwiAQRe_C2pDSAgMu3XsGMjCMVA0kpV0Z765NutDtf-_9lwi4rSVsPS9hJnEWkzj9bhHTI9cd0B3rrcnU6rrMUe6KPGiX10b5eTncv4OCvXxr8IpMdiP4CWKy7BFBpaQZLANS0jgSZAXEPESrMgHToKMxxk3I7MT7A_ytON8:1rw5oX:g8bTlAhDLLygVH5d2YXwQ17GcSQ1mNHSOxok7QJ_mN4	2024-04-28 19:46:57.538638+00
xhd8y2ruc2w0tixen7rnrq0dbb2j24gv	.eJxVjEEOwiAQRe_C2pDSAgMu3XsGMjCMVA0kpV0Z765NutDtf-_9lwi4rSVsPS9hJnEWkzj9bhHTI9cd0B3rrcnU6rrMUe6KPGiX10b5eTncv4OCvXxr8IpMdiP4CWKy7BFBpaQZLANS0jgSZAXEPESrMgHToKMxxk3I7MT7A_ytON8:1s90qt:X5d_JmahhQtDGP0QomKV5kw7ldgnMMf6E0dT2_9gXxo	2024-06-03 11:06:47.067575+00
cq9apr1p4sh2eisgj94djs0xcpe7vzx5	.eJxVjEEOgjAURO_StWlKp7bFpXvOQH77PxY1kFBYGe-uJCx0O--9eametrX0W5WlH1ldFJxVp981UX7ItCO-03SbdZ6ndRmT3hV90Kq7meV5Pdy_g0K1fOtEwNC6LE4aL60XeNOCvLdDboIJMUIIARmWGexyiHz2DgY2UGqg3h8nJjeq:1rpYYY:jZbFdbeb5Zfe3bJky9vkczyYGWBJN4_A4I6xShWUaj8	2024-04-10 19:03:26.885615+00
ezt3z3z9et4pwwvnsqlchcwxmthzv01f	.eJxVjjsOwyAQRO9CHSEWlo9TpvcZEJ8lOImwZOwqyt1jSy6Sdt6b0byZD9ta_dZp8VNmVwbGsstvGkN6UjtQfoR2n3ma27pMkR8KP2nn45zpdTvdv4Eaet3bWkkoaJUAis4goaOcLJiMWpSgLZZhEGAigVH7CadJK2URURpMhST7fAEGbzb8:1quz4q:NWQeChv3ZWRTJBDcVFKhqJEH2L85z2hTbULmdmoDf6c	2023-11-06 17:50:56.318144+00
w6kynm0g6ut2tt1ihvlvr4uos1ywxn2p	.eJxVjEEOwiAQRe_C2pDSAgMu3XsGMjCMVA0kpV0Z765NutDtf-_9lwi4rSVsPS9hJnEWkzj9bhHTI9cd0B3rrcnU6rrMUe6KPGiX10b5eTncv4OCvXxr8IpMdiP4CWKy7BFBpaQZLANS0jgSZAXEPESrMgHToKMxxk3I7MT7A_ytON8:1rCfmE:4d8vWbomEANxBEoJVvBQB6j8wwWNubvp-ci7zlRmntY	2023-12-25 12:52:50.554428+00
b43o9q53roe6j0t7d9cy03qwsbnn22r8	.eJxVjEEOwiAQRe_C2pDSAgMu3XsGMjCMVA0kpV0Z765NutDtf-_9lwi4rSVsPS9hJnEWkzj9bhHTI9cd0B3rrcnU6rrMUe6KPGiX10b5eTncv4OCvXxr8IpMdiP4CWKy7BFBpaQZLANS0jgSZAXEPESrMgHToKMxxk3I7MT7A_ytON8:1rFA3i:2M_zBgEeWVkZpVXsqJrEdwGV4w5WNy4qe0bWBnAMTtE	2024-01-01 09:37:10.748051+00
k3agbba3sw61luq6bolu3e20zro35efx	.eJxVjEEOwiAQRe_C2pDSAgMu3XsGMjCMVA0kpV0Z765NutDtf-_9lwi4rSVsPS9hJnEWkzj9bhHTI9cd0B3rrcnU6rrMUe6KPGiX10b5eTncv4OCvXxr8IpMdiP4CWKy7BFBpaQZLANS0jgSZAXEPESrMgHToKMxxk3I7MT7A_ytON8:1rRume:y7aU8XB4m1DNa8bjcGYYffji4Ou2TXRrw6N2ey7ac98	2024-02-05 13:56:16.309553+00
u2vq4ehbwed9tzshz4cfvopebvoikx8v	.eJxVjEEOwiAQRe_C2pDSAgMu3XsGMjCMVA0kpV0Z765NutDtf-_9lwi4rSVsPS9hJnEWkzj9bhHTI9cd0B3rrcnU6rrMUe6KPGiX10b5eTncv4OCvXxr8IpMdiP4CWKy7BFBpaQZLANS0jgSZAXEPESrMgHToKMxxk3I7MT7A_ytON8:1rFC2s:KqOIky6b7j9cz5WmsVR718rQo6Pqco8pAXhnFDEi_gI	2024-01-01 11:44:26.464106+00
0fcib9ktfrausou61pjxkjf1oqyd57q7	.eJxVjEEOwiAQRe_C2pDSAgMu3XsGMjCMVA0kpV0Z765NutDtf-_9lwi4rSVsPS9hJnEWkzj9bhHTI9cd0B3rrcnU6rrMUe6KPGiX10b5eTncv4OCvXxr8IpMdiP4CWKy7BFBpaQZLANS0jgSZAXEPESrMgHToKMxxk3I7MT7A_ytON8:1rf1IM:UTWZm_CtqWodi0obpAhsb0Z2LMNb9tASou56GV4qX8A	2024-03-12 17:31:10.879976+00
npnl0b4iq8rrx6y7vn6l4ht1d7rkb8no	.eJxVjEEOwiAQRe_C2pDSAgMu3XsGMjCMVA0kpV0Z765NutDtf-_9lwi4rSVsPS9hJnEWkzj9bhHTI9cd0B3rrcnU6rrMUe6KPGiX10b5eTncv4OCvXxr8IpMdiP4CWKy7BFBpaQZLANS0jgSZAXEPESrMgHToKMxxk3I7MT7A_ytON8:1rfK8z:PUOlPzRqQ4kbIXlAR5D3-Q6PUBDywKRKZ-ThprkBQxw	2024-03-13 13:38:45.3068+00
2t11bnyhzt70it3sefnig18etraaaqby	.eJxVjEEOwiAQRe_C2pDSAgMu3XsGMjCMVA0kpV0Z765NutDtf-_9lwi4rSVsPS9hJnEWkzj9bhHTI9cd0B3rrcnU6rrMUe6KPGiX10b5eTncv4OCvXxr8IpMdiP4CWKy7BFBpaQZLANS0jgSZAXEPESrMgHToKMxxk3I7MT7A_ytON8:1rs6cc:WnLwGjchqx_gHRgwB6R6ENivw9mUgTySo74y-yQUOeo	2024-04-17 19:50:10.935202+00
2znbpinpvl02irum3067teogkihjecvx	.eJxVjjsOwyAQRO9CHSEWlo9TpvcZEJ8lOImwZOwqyt1jSy6Sdt6b0byZD9ta_dZp8VNmVwbGsstvGkN6UjtQfoR2n3ma27pMkR8KP2nn45zpdTvdv4Eaet3bWkkoaJUAis4goaOcLJiMWpSgLZZhEGAigVH7CadJK2URURpMhST7fAEGbzb8:1rwkTz:E12lyUccB7nnrH843Xdb69ohoZ85H4g2ivhZzaWcm94	2024-04-30 15:12:27.315313+00
nrbisd2q6dkl26zfaj6wm9uqky003to8	.eJxVjEEOwiAQRe_C2pDSAgMu3XsGMjCMVA0kpV0Z765NutDtf-_9lwi4rSVsPS9hJnEWkzj9bhHTI9cd0B3rrcnU6rrMUe6KPGiX10b5eTncv4OCvXxr8IpMdiP4CWKy7BFBpaQZLANS0jgSZAXEPESrMgHToKMxxk3I7MT7A_ytON8:1rTMWx:cDkBbrlaPIyyjm6jiPRD7dhZlVR5kl9eGptpXCxqZgA	2024-02-09 13:46:03.952737+00
5z4vfpxn3o657s1tdopa8hkx1rcupxm1	.eJxVjEEOwiAQRe_C2pDSAgMu3XsGMjCMVA0kpV0Z765NutDtf-_9lwi4rSVsPS9hJnEWkzj9bhHTI9cd0B3rrcnU6rrMUe6KPGiX10b5eTncv4OCvXxr8IpMdiP4CWKy7BFBpaQZLANS0jgSZAXEPESrMgHToKMxxk3I7MT7A_ytON8:1rmGej:68NUsM6pF1WlJLBbCmo6lHweYOyhNuSFL9yY806T0FM	2024-04-01 17:20:13.460657+00
yoihx807dc5udbubcx1yqz7911s511u4	.eJxVjjsOwyAQRO9CHSEWlo9TpvcZEJ8lOImwZOwqyt1jSy6Sdt6b0byZD9ta_dZp8VNmVwbGsstvGkN6UjtQfoR2n3ma27pMkR8KP2nn45zpdTvdv4Eaet3bWkkoaJUAis4goaOcLJiMWpSgLZZhEGAigVH7CadJK2URURpMhST7fAEGbzb8:1rVrC8:16exp_Zh3-mKCo_XycKEElV-6xkJJYMzEeenhkHK4BU	2024-02-16 10:54:52.252028+00
9ljho8ubbhxp6a5phjgj0nhz3dr5vtig	.eJxVjMEOwiAQRP-FsyGwwlI8evcbCLCLVA1NSnsy_rtt0oMmc5r3Zt4ixHWpYe08h5HERQBacfptU8xPbjuiR2z3SeapLfOY5K7Ig3Z5m4hf18P9O6ix122teOCM2hWwmEA7Bd4CbdEIhKWA8ZkNYXSYM0XLCuxgAYtRisifxecLHpg33Q:1ruw7I:3gm2LY9RhXQpORB_DXHk5858vD7FbtIS3hHEkUguyFI	2024-04-25 15:13:32.363285+00
wm81dqhb0ulk9ajm6efu0akc284z50zg	.eJxVjEEOgjAURO_StWlKp7bFpXvOQH77PxY1kFBYGe-uJCx0O--9eametrX0W5WlH1ldFJxVp981UX7ItCO-03SbdZ6ndRmT3hV90Kq7meV5Pdy_g0K1fOtEwNC6LE4aL60XeNOCvLdDboIJMUIIARmWGexyiHz2DgY2UGqg3h8nJjeq:1rzcvn:QxamgG9WcDiZQ7Lg6govfY9wNXd_Nn5_G_z7jayU2n0	2024-05-08 13:45:03.158299+00
f30afjkiq5lw1cs6xa6o0x6npg14ayq9	.eJxVjEEOwiAQRe_C2pDSAgMu3XsGMjCMVA0kpV0Z765NutDtf-_9lwi4rSVsPS9hJnEWkzj9bhHTI9cd0B3rrcnU6rrMUe6KPGiX10b5eTncv4OCvXxr8IpMdiP4CWKy7BFBpaQZLANS0jgSZAXEPESrMgHToKMxxk3I7MT7A_ytON8:1s4Mtq:H3P2Ihr_wiz6i6Q8XKf17eXR_CWBjUJNejmecogfFPk	2024-05-21 15:38:38.830765+00
2wosyaazgrdubac7u9lbn31c5y1o52ht	.eJxVjEEOwiAQRe_C2pDSAgMu3XsGMjCMVA0kpV0Z765NutDtf-_9lwi4rSVsPS9hJnEWkzj9bhHTI9cd0B3rrcnU6rrMUe6KPGiX10b5eTncv4OCvXxr8IpMdiP4CWKy7BFBpaQZLANS0jgSZAXEPESrMgHToKMxxk3I7MT7A_ytON8:1tfj8m:a1rI9y2F-CJ23xzfzWXbkgOCb-1H09U0mjl1wvd-Tqs	2025-02-19 17:24:44.97564+00
5jzyjeag0hglgfnoza5dc7mdzq1qzrz1	.eJxVjEEOwiAQRe_C2pDSAgMu3XsGMjCMVA0kpV0Z765NutDtf-_9lwi4rSVsPS9hJnEWkzj9bhHTI9cd0B3rrcnU6rrMUe6KPGiX10b5eTncv4OCvXxr8IpMdiP4CWKy7BFBpaQZLANS0jgSZAXEPESrMgHToKMxxk3I7MT7A_ytON8:1sTPHR:J7CYDwOY_XX_4WZL_G9H66k7btLacfjg3lFTiBn-1RU	2024-07-29 17:14:29.361986+00
rn2qi353xf8shoxniovoup3wp4h8i0p6	.eJxVjjsOwyAQRO9CHSEWlo9TpvcZEJ8lOImwZOwqyt1jSy6Sdt6b0byZD9ta_dZp8VNmVwbGsstvGkN6UjtQfoR2n3ma27pMkR8KP2nn45zpdTvdv4Eaet3bWkkoaJUAis4goaOcLJiMWpSgLZZhEGAigVH7CadJK2URURpMhST7fAEGbzb8:1sE5aO:6__0Z5J8mfm50CZU3-WkKVTepXaU6K3dwnzcf_2NH2g	2024-06-17 11:10:44.453819+00
37n340z7ml9es2e9uhce7d2i1km0hdji	.eJxVjEEOwiAQRe_C2pDSAgMu3XsGMjCMVA0kpV0Z765NutDtf-_9lwi4rSVsPS9hJnEWkzj9bhHTI9cd0B3rrcnU6rrMUe6KPGiX10b5eTncv4OCvXxr8IpMdiP4CWKy7BFBpaQZLANS0jgSZAXEPESrMgHToKMxxk3I7MT7A_ytON8:1sE7hj:Ua83edOroFoRPBh5xVcmRQ6PduLm4UDeE-XGLNGmwG8	2024-06-17 13:26:27.525515+00
i0w2mwjuwy2s8o6co3ivyev0m3sy3bkp	.eJxVjDEOwjAMRe-SGUVWkzgKIztniOzYoQXUSk07VdwdReoA63_v_cNk2rcx703XPIm5msGjufyuTOWlc0fypPmx2LLM2zqx7Yo9abP3RfR9O92_g5Ha2GtQrYShOmXvAZJIDFB9ZFRGcKow1OCpDAgSEnOIsUSsziVVSmg-X02HONU:1t6UFy:jwB2L7j_wXDAuQoW4rwvMWrIrxAG94dT5Swx-PtvEUA	2024-11-14 12:26:30.487972+00
m4zcdlai8gyxe9bjei2eqhrkcev2xtpm	.eJxVjEEOgjAURO_StWlKp7bFpXvOQH77PxY1kFBYGe-uJCx0O--9eametrX0W5WlH1ldFJxVp981UX7ItCO-03SbdZ6ndRmT3hV90Kq7meV5Pdy_g0K1fOtEwNC6LE4aL60XeNOCvLdDboIJMUIIARmWGexyiHz2DgY2UGqg3h8nJjeq:1tSHAQ:THrtfrUWFDb9O30ju0y94Z8bNLURtVnbjg_6GCZr_bs	2025-01-13 14:54:50.607021+00
pd7pvlcxubcp68ueydnj7fc19045zq4g	.eJxVjEEOwiAQRe_C2pDSAgMu3XsGMjCMVA0kpV0Z765NutDtf-_9lwi4rSVsPS9hJnEWkzj9bhHTI9cd0B3rrcnU6rrMUe6KPGiX10b5eTncv4OCvXxr8IpMdiP4CWKy7BFBpaQZLANS0jgSZAXEPESrMgHToKMxxk3I7MT7A_ytON8:1ttt2r:4BJOazxiZ4Pl8tl_qiNyptOsnjDu8r8gc0nPKnCIdBY	2025-03-30 18:49:09.823497+00
nwuqnkgfmyuelj7zy07b75hivd5o7hi1	.eJxVjEEOwiAQRe_C2pDSAgMu3XsGMjCMVA0kpV0Z765NutDtf-_9lwi4rSVsPS9hJnEWkzj9bhHTI9cd0B3rrcnU6rrMUe6KPGiX10b5eTncv4OCvXxr8IpMdiP4CWKy7BFBpaQZLANS0jgSZAXEPESrMgHToKMxxk3I7MT7A_ytON8:1tg1Kj:PxgWDb8A6TmMunPHjRiywlkDAqP6Z3UAv2E0t4p7WyY	2025-02-20 12:50:17.747373+00
n3gp4cxad0iir7gcxwwhqrjd7ismh9uo	.eJxVjEEOwiAQRe_C2pDSAgMu3XsGMjCMVA0kpV0Z765NutDtf-_9lwi4rSVsPS9hJnEWkzj9bhHTI9cd0B3rrcnU6rrMUe6KPGiX10b5eTncv4OCvXxr8IpMdiP4CWKy7BFBpaQZLANS0jgSZAXEPESrMgHToKMxxk3I7MT7A_ytON8:1tuIMf:7EWNFQ0UJpJoK_BXGlHIi8W8eGOu7yKiq9BM_pOX-SY	2025-03-31 21:51:17.545853+00
g0x8vy5igh0alfuzbes52b5ibu44w4h8	.eJxVjEEOgjAURO_StWlKp7bFpXvOQH77PxY1kFBYGe-uJCx0O--9eametrX0W5WlH1ldFJxVp981UX7ItCO-03SbdZ6ndRmT3hV90Kq7meV5Pdy_g0K1fOtEwNC6LE4aL60XeNOCvLdDboIJMUIIARmWGexyiHz2DgY2UGqg3h8nJjeq:1sUN0L:utljYQwe9hxru9mHGEYd_11Ps3JiD8b5yD7QeXvPkRA	2024-08-01 09:00:49.140818+00
1g14q1ujpukmuhb5dw7wr6836x8uy4my	.eJxVjEEOgjAURO_StWlKp7bFpXvOQH77PxY1kFBYGe-uJCx0O--9eametrX0W5WlH1ldFJxVp981UX7ItCO-03SbdZ6ndRmT3hV90Kq7meV5Pdy_g0K1fOtEwNC6LE4aL60XeNOCvLdDboIJMUIIARmWGexyiHz2DgY2UGqg3h8nJjeq:1sxoAf:z9HmhcoZeO3_ETadQvNHTKSUgUIJ56ZUqCGZwtlT0hQ	2024-10-21 13:53:09.023948+00
85618e6uoevzku9eea2lditaus6767e0	.eJxVjEEOwiAQRe_C2pDSAgMu3XsGMjCMVA0kpV0Z765NutDtf-_9lwi4rSVsPS9hJnEWkzj9bhHTI9cd0B3rrcnU6rrMUe6KPGiX10b5eTncv4OCvXxr8IpMdiP4CWKy7BFBpaQZLANS0jgSZAXEPESrMgHToKMxxk3I7MT7A_ytON8:1t6bti:HnmbUN379g6eZPxIu4n1F7R5ZDExo3kMrVmoVuolCaU	2024-11-14 20:36:02.048649+00
h8huow3jqovjfb719xczdla1vjrkx853	.eJxVjEEOwiAQRe_C2pDSAgMu3XsGMjCMVA0kpV0Z765NutDtf-_9lwi4rSVsPS9hJnEWkzj9bhHTI9cd0B3rrcnU6rrMUe6KPGiX10b5eTncv4OCvXxr8IpMdiP4CWKy7BFBpaQZLANS0jgSZAXEPESrMgHToKMxxk3I7MT7A_ytON8:1tTj44:0AXKP5INnBSlQGaARWTYTkxk1yAIFt4kU7P952WYCcg	2025-01-17 14:54:16.539864+00
v7y8ipyda4wzo2yq6mmy5z9vqf4qa7cl	.eJxVjEEOwiAQRe_C2pDSAgMu3XsGMjCMVA0kpV0Z765NutDtf-_9lwi4rSVsPS9hJnEWkzj9bhHTI9cd0B3rrcnU6rrMUe6KPGiX10b5eTncv4OCvXxr8IpMdiP4CWKy7BFBpaQZLANS0jgSZAXEPESrMgHToKMxxk3I7MT7A_ytON8:1tnjHK:jieyJ5rxwKpqtVZjmWy5zgIWH-hmyfbkH2TVJhR4LI0	2025-03-13 19:10:38.317942+00
r3xkimtvmv3zztxknr003s7b9ig2bl3x	.eJxVjEEOwiAQRe_C2pDSAgMu3XsGMjCMVA0kpV0Z765NutDtf-_9lwi4rSVsPS9hJnEWkzj9bhHTI9cd0B3rrcnU6rrMUe6KPGiX10b5eTncv4OCvXxr8IpMdiP4CWKy7BFBpaQZLANS0jgSZAXEPESrMgHToKMxxk3I7MT7A_ytON8:1sVwDJ:97p_aeJuFuWRJOXrduS2sumUAJQ70cQ5MFGvPYmHFHM	2024-08-05 16:48:41.013355+00
ttdr380cmf36y51zjzarqylvh14euivc	.eJxVjEEOwiAQRe_C2hBGyjC4dO8ZCAOjVA1NSrsy3l2bdKHb_977LxXTutS4dpnjWNRJATp1-F055Ye0DZV7ardJ56kt88h6U_ROu75MRZ7n3f07qKnXb20EjEfIgBCYKDs8krFp4MJANl8xAAoBi-EkyIIuDN4LiQFrrffq_QERkTd_:1sEtTM:89R6y6SuDvlB5JsYK-liVg3u0ltqXVu1Uu5zFGhtDZs	2024-06-19 16:26:48.436659+00
wg7gzhy3ezflefcu4vuqu61cp47blaw4	.eJxVjEEOgjAURO_StWlKp7bFpXvOQH77PxY1kFBYGe-uJCx0O--9eametrX0W5WlH1ldFJxVp981UX7ItCO-03SbdZ6ndRmT3hV90Kq7meV5Pdy_g0K1fOtEwNC6LE4aL60XeNOCvLdDboIJMUIIARmWGexyiHz2DgY2UGqg3h8nJjeq:1ssIcs:L9RbarFIciONXCDhzUQoixM09-p5iEHAt_984tGSCCo	2024-10-06 09:11:30.099625+00
7r1ybmzoprul04tbs2jj3kk75h2n5d31	.eJxVjEEOwiAQRe_C2pDSAgMu3XsGMjCMVA0kpV0Z765NutDtf-_9lwi4rSVsPS9hJnEWkzj9bhHTI9cd0B3rrcnU6rrMUe6KPGiX10b5eTncv4OCvXxr8IpMdiP4CWKy7BFBpaQZLANS0jgSZAXEPESrMgHToKMxxk3I7MT7A_ytON8:1tvH5b:5a2dXRTg70JNf3KZ3FUG_-GwLFeperNWcW7mo4LbyWg	2025-04-03 14:41:43.70084+00
tt3154jv5lq3vpaqjj0lw6o1wzo01e05	.eJxVjEEOwiAQRe_C2pDSAgMu3XsGMjCMVA0kpV0Z765NutDtf-_9lwi4rSVsPS9hJnEWkzj9bhHTI9cd0B3rrcnU6rrMUe6KPGiX10b5eTncv4OCvXxr8IpMdiP4CWKy7BFBpaQZLANS0jgSZAXEPESrMgHToKMxxk3I7MT7A_ytON8:1sNIKQ:SwAlxIqytJMaMa3ng4DSuX209bDu1lj2vgpgOk8VarQ	2024-07-12 20:36:18.281462+00
rbtctifgmo5tt3x8xpety06isog9xvil	.eJxVjEEOwiAQRe_C2pDSAgMu3XsGMjCMVA0kpV0Z765NutDtf-_9lwi4rSVsPS9hJnEWkzj9bhHTI9cd0B3rrcnU6rrMUe6KPGiX10b5eTncv4OCvXxr8IpMdiP4CWKy7BFBpaQZLANS0jgSZAXEPESrMgHToKMxxk3I7MT7A_ytON8:1t6sow:BkrQMXYyqY1MbI78lO18KTF2UfsUk9Vv9koUnKM2cSA	2024-11-15 14:40:14.247482+00
5obtwf7snxama2x607j5fam0ojvopas6	.eJxVjEEOwiAQRe_C2pDSAgMu3XsGMjCMVA0kpV0Z765NutDtf-_9lwi4rSVsPS9hJnEWkzj9bhHTI9cd0B3rrcnU6rrMUe6KPGiX10b5eTncv4OCvXxr8IpMdiP4CWKy7BFBpaQZLANS0jgSZAXEPESrMgHToKMxxk3I7MT7A_ytON8:1tcVED:oEhtidQ60-O0PY6fHMBh__1WbjtT9smd_un2vkMysaI	2025-02-10 19:57:01.423733+00
mcb10tmj39rz4he75npucv6d2prlgf7b	.eJxVjEEOwiAQRe_C2pDSAgMu3XsGMjCMVA0kpV0Z765NutDtf-_9lwi4rSVsPS9hJnEWkzj9bhHTI9cd0B3rrcnU6rrMUe6KPGiX10b5eTncv4OCvXxr8IpMdiP4CWKy7BFBpaQZLANS0jgSZAXEPESrMgHToKMxxk3I7MT7A_ytON8:1tpqU2:cxNToj0yTtqKbi12axZg4RRwrHItBQPIUFs1jcRqdcM	2025-03-19 15:16:30.080564+00
qokiapopm20ot7qk34jh6lhplq1z40c1	.eJxVjEEOwiAQRe_C2pDSAgMu3XsGMjCMVA0kpV0Z765NutDtf-_9lwi4rSVsPS9hJnEWkzj9bhHTI9cd0B3rrcnU6rrMUe6KPGiX10b5eTncv4OCvXxr8IpMdiP4CWKy7BFBpaQZLANS0jgSZAXEPESrMgHToKMxxk3I7MT7A_ytON8:1sQuUe:BVz-iznKszYryrZGLmIgJyi1G-uT7nTh8xyCgG7YMLY	2024-07-22 19:57:48.31923+00
nvqluxqgul8nw2qtcyb5ueyjnnmlnm8w	.eJxVjEEOwiAQRe_C2pDSAgMu3XsGMjCMVA0kpV0Z765NutDtf-_9lwi4rSVsPS9hJnEWkzj9bhHTI9cd0B3rrcnU6rrMUe6KPGiX10b5eTncv4OCvXxr8IpMdiP4CWKy7BFBpaQZLANS0jgSZAXEPESrMgHToKMxxk3I7MT7A_ytON8:1sYQcd:YE5wC8oJ-Wmp3DrTdzelFJqRpPkfy4Ev1iDu4jFK_tg	2024-08-12 13:41:07.74461+00
ndj1hp131x01rj8xwmuscjendzyu4mg0	.eJxVjEEOwiAQRe_C2hBGyjC4dO8ZCAOjVA1NSrsy3l2bdKHb_977LxXTutS4dpnjWNRJATp1-F055Ye0DZV7ardJ56kt88h6U_ROu75MRZ7n3f07qKnXb20EjEfIgBCYKDs8krFp4MJANl8xAAoBi-EkyIIuDN4LiQFrrffq_QERkTd_:1szeo0:lqsOFWwGVwksYIusiFwaX5whUwB4DG70Iu8VkdX0q9E	2024-10-26 16:17:24.791997+00
wmqaz2i2a79b4xskj9r4zfybrgyi1ebz	.eJxVjEEOgjAURO_StWlKp7bFpXvOQH77PxY1kFBYGe-uJCx0O--9eametrX0W5WlH1ldFJxVp981UX7ItCO-03SbdZ6ndRmT3hV90Kq7meV5Pdy_g0K1fOtEwNC6LE4aL60XeNOCvLdDboIJMUIIARmWGexyiHz2DgY2UGqg3h8nJjeq:1t7tCu:bBtI_kshWv0Fo4xiYDM8Tu2iYHnaBz7PHjsivOC4LYw	2024-11-18 09:17:08.629042+00
bwh1n3fyc9uwb6kshuf978mn4d8q7fwx	.eJxVjDEOwjAMRe-SGUVWkzgKIztniOzYoQXUSk07VdwdReoA63_v_cNk2rcx703XPIm5msGjufyuTOWlc0fypPmx2LLM2zqx7Yo9abP3RfR9O92_g5Ha2GtQrYShOmXvAZJIDFB9ZFRGcKow1OCpDAgSEnOIsUSsziVVSmg-X02HONU:1t922x:1FIfr6bnvfePZrv3L4TAWprU82oCDBAeq2zh1n147Zs	2024-11-21 12:55:35.920093+00
g8qpfqdbdjxlzdwf887dg1jvaoj1yue7	.eJxVjEEOwiAQRe_C2pDSAgMu3XsGMjCMVA0kpV0Z765NutDtf-_9lwi4rSVsPS9hJnEWkzj9bhHTI9cd0B3rrcnU6rrMUe6KPGiX10b5eTncv4OCvXxr8IpMdiP4CWKy7BFBpaQZLANS0jgSZAXEPESrMgHToKMxxk3I7MT7A_ytON8:1tdA2G:07S7R9knhgkNxzff8f3HVs6w2vmIzU3ZEfRd4Ac-Cq8	2025-02-12 15:31:24.767935+00
l7s1jzg6a0wknqvbc5gphhcvky8awyb2	.eJxVjEEOwiAQRe_C2pDSAgMu3XsGMjCMVA0kpV0Z765NutDtf-_9lwi4rSVsPS9hJnEWkzj9bhHTI9cd0B3rrcnU6rrMUe6KPGiX10b5eTncv4OCvXxr8IpMdiP4CWKy7BFBpaQZLANS0jgSZAXEPESrMgHToKMxxk3I7MT7A_ytON8:1sR8la:N1jcD9PFO1vjFUobNm4aqpk1_jgZ2u3zDe7YvZVm-wg	2024-07-23 11:12:14.302967+00
jsw7v13js4urrq82xjj6k9zuo4v82v00	.eJxVjEEOwiAQRe_C2pDSAgMu3XsGMjCMVA0kpV0Z765NutDtf-_9lwi4rSVsPS9hJnEWkzj9bhHTI9cd0B3rrcnU6rrMUe6KPGiX10b5eTncv4OCvXxr8IpMdiP4CWKy7BFBpaQZLANS0jgSZAXEPESrMgHToKMxxk3I7MT7A_ytON8:1suC48:onX8PaFsJph9DICKqPkmvAdBm33dBVjTRb9wqjwLS78	2024-10-11 14:35:28.723297+00
4tj9p68493ckys4lv1rmc1769w6qmp7t	.eJxVjEEOgjAURO_StWlKp7bFpXvOQH77PxY1kFBYGe-uJCx0O--9eametrX0W5WlH1ldFJxVp981UX7ItCO-03SbdZ6ndRmT3hV90Kq7meV5Pdy_g0K1fOtEwNC6LE4aL60XeNOCvLdDboIJMUIIARmWGexyiHz2DgY2UGqg3h8nJjeq:1sMohq:Aw04u6eXd53rI66I1f1OVv-u2nBbr6skq_3-ZcrsYNg	2024-07-11 12:58:30.37785+00
677jylfv01ien4fbxqq9dj6nyk31z69h	.eJxVjEEOwiAQRe_C2pDSAgMu3XsGMjCMVA0kpV0Z765NutDtf-_9lwi4rSVsPS9hJnEWkzj9bhHTI9cd0B3rrcnU6rrMUe6KPGiX10b5eTncv4OCvXxr8IpMdiP4CWKy7BFBpaQZLANS0jgSZAXEPESrMgHToKMxxk3I7MT7A_ytON8:1tg3N1:kpdcznSG1UT8V25-PbvoMKQ1s_XBM4G8zZdAykBoM-c	2025-02-20 15:00:47.641792+00
uqu1sssctofh7r6l8zh5u0bxw53ityhs	.eJxVjEEOwiAQRe_C2pDSAgMu3XsGMjCMVA0kpV0Z765NutDtf-_9lwi4rSVsPS9hJnEWkzj9bhHTI9cd0B3rrcnU6rrMUe6KPGiX10b5eTncv4OCvXxr8IpMdiP4CWKy7BFBpaQZLANS0jgSZAXEPESrMgHToKMxxk3I7MT7A_ytON8:1t1kQk:axTXZz1VEgCbm1SC4mO1lEWe-UuVfbkBIhKQFexEjx4	2024-11-01 10:42:02.279642+00
ytpeik85f3b1y5z4v3fq8d0tlg2f32ho	.eJxVjEEOwiAQRe_C2pDSAgMu3XsGMjCMVA0kpV0Z765NutDtf-_9lwi4rSVsPS9hJnEWkzj9bhHTI9cd0B3rrcnU6rrMUe6KPGiX10b5eTncv4OCvXxr8IpMdiP4CWKy7BFBpaQZLANS0jgSZAXEPESrMgHToKMxxk3I7MT7A_ytON8:1tAqJE:egrXQYSANx-P9xJN-Log4D4GpYzVQ9JjoYJJlUmowC4	2024-11-26 12:47:52.049922+00
wv14k8mvjwxm81umm0iyg558oc0axum1	.eJxVjEEOwiAQRe_C2pDSAgMu3XsGMjCMVA0kpV0Z765NutDtf-_9lwi4rSVsPS9hJnEWkzj9bhHTI9cd0B3rrcnU6rrMUe6KPGiX10b5eTncv4OCvXxr8IpMdiP4CWKy7BFBpaQZLANS0jgSZAXEPESrMgHToKMxxk3I7MT7A_ytON8:1sPivs:s-ZtpVTQlxbLRauVFieOJmNhm5jcQ7cR7WVAEKD8i7I	2024-07-19 13:25:00.472339+00
ca1artc5o8ldncti4q8jwnmiwk1973yd	.eJxVjEEOwiAQRe_C2pDSAgMu3XsGMjCMVA0kpV0Z765NutDtf-_9lwi4rSVsPS9hJnEWkzj9bhHTI9cd0B3rrcnU6rrMUe6KPGiX10b5eTncv4OCvXxr8IpMdiP4CWKy7BFBpaQZLANS0jgSZAXEPESrMgHToKMxxk3I7MT7A_ytON8:1tuaSP:lrc3U2bdpFf49_10WuxID-nYTXyTt0mL-bASco7zXnc	2025-04-01 17:10:25.473776+00
yvfuucg6jvp53nhm5ggbqdop8ol3b29e	.eJxVjEEOwiAQRe_C2pDSAgMu3XsGMjCMVA0kpV0Z765NutDtf-_9lwi4rSVsPS9hJnEWkzj9bhHTI9cd0B3rrcnU6rrMUe6KPGiX10b5eTncv4OCvXxr8IpMdiP4CWKy7BFBpaQZLANS0jgSZAXEPESrMgHToKMxxk3I7MT7A_ytON8:1sBtjn:QP-2GM3R0PgtZc2e4WWt1MYexnGF_szd-CQ-rD5dr3E	2024-06-11 10:07:23.935303+00
zklvat97rj96oijknk9qr2r726uwnid8	.eJxVjEEOwiAQRe_C2pDSAgMu3XsGMjCMVA0kpV0Z765NutDtf-_9lwi4rSVsPS9hJnEWkzj9bhHTI9cd0B3rrcnU6rrMUe6KPGiX10b5eTncv4OCvXxr8IpMdiP4CWKy7BFBpaQZLANS0jgSZAXEPESrMgHToKMxxk3I7MT7A_ytON8:1tqDzP:9JarEMBpUNMcS_6w_J2hgoRw6-8N72g9-1j5TpOCIdE	2025-03-20 16:22:27.91142+00
zi8xg4cjwi61485b5p80sm822qeia6bn	.eJxVjEEOgjAURO_StWlKp7bFpXvOQH77PxY1kFBYGe-uJCx0O--9eametrX0W5WlH1ldFJxVp981UX7ItCO-03SbdZ6ndRmT3hV90Kq7meV5Pdy_g0K1fOtEwNC6LE4aL60XeNOCvLdDboIJMUIIARmWGexyiHz2DgY2UGqg3h8nJjeq:1sy6Rh:6amjQagMeiM5nRLnOIhjhjPAkwk1WPa53T_N1-fWNOs	2024-10-22 09:23:57.926625+00
q71v75dxzlcq3dkfutob3ds57uwp0hw9	.eJxVjEEOgjAURO_StWlKp7bFpXvOQH77PxY1kFBYGe-uJCx0O--9eametrX0W5WlH1ldFJxVp981UX7ItCO-03SbdZ6ndRmT3hV90Kq7meV5Pdy_g0K1fOtEwNC6LE4aL60XeNOCvLdDboIJMUIIARmWGexyiHz2DgY2UGqg3h8nJjeq:1sMojP:ObEFONtpVWRH5qyONI1Dt_jYbDQsK3MAow_riAXwbjI	2024-07-11 13:00:07.453763+00
wmb1pjnb78khdczd74pr10sv2bx4qqgh	.eJxVjEEOwiAQRe_C2pDSAgMu3XsGMjCMVA0kpV0Z765NutDtf-_9lwi4rSVsPS9hJnEWkzj9bhHTI9cd0B3rrcnU6rrMUe6KPGiX10b5eTncv4OCvXxr8IpMdiP4CWKy7BFBpaQZLANS0jgSZAXEPESrMgHToKMxxk3I7MT7A_ytON8:1t1kON:-GZsF03lpNOSDzaRV8lV7OtGjhNkL6B_AFgE1cbVtpA	2024-11-01 10:39:35.551599+00
qx3xfr2f620hmuxjned1yfrpu4id3dcf	.eJxVjEEOwiAQRe_C2pDSAgMu3XsGMjCMVA0kpV0Z765NutDtf-_9lwi4rSVsPS9hJnEWkzj9bhHTI9cd0B3rrcnU6rrMUe6KPGiX10b5eTncv4OCvXxr8IpMdiP4CWKy7BFBpaQZLANS0jgSZAXEPESrMgHToKMxxk3I7MT7A_ytON8:1tEDe1:W4A5DFS514g8IpIfzu-6cXYuUTF-Fc5y2FjZ6fq2iOw	2024-12-05 20:19:17.743015+00
nbi9z4c3xvhos9d03550j8ne8v3qiyrz	.eJxVjEEOwiAQRe_C2pDSAgMu3XsGMjCMVA0kpV0Z765NutDtf-_9lwi4rSVsPS9hJnEWkzj9bhHTI9cd0B3rrcnU6rrMUe6KPGiX10b5eTncv4OCvXxr8IpMdiP4CWKy7BFBpaQZLANS0jgSZAXEPESrMgHToKMxxk3I7MT7A_ytON8:1tfJvK:rMMdS4VmQETYcj1p5ihNw00vKz0O5heRYQVutjoNmvc	2025-02-18 14:29:10.261835+00
\.


--
-- Data for Name: mentha_contacto; Type: TABLE DATA; Schema: public; Owner: leda
--

COPY public.mentha_contacto (id, nome, email, telefone, referenciacao, distrito, assunto, mensagem, data) FROM stdin;
\.


--
-- Data for Name: mentha_noticia; Type: TABLE DATA; Schema: public; Owner: leda
--

COPY public.mentha_noticia (id, titulo, texto, data, url, imagem) FROM stdin;
5	Prottipos interativos prontos	Foram desenvolvidos 3 prottipos interativos das aplicaes a produzir. Sero usados para validar as interaes e funcionalidades pensadas.\r\nSero usados numa sesso de validao de usabilidade destes por profissionais das reas vindos dos diferentes parceiros do projeto.\r\nCom base no feedback recolhido, sero validadas funcionalidades e feitas adaptaes ou integradas novas funcionalidades para que as aplicaes vo ao encontro das necessidades do pblico alvo.	2022-04-22	\N	mentha/noticias/prototipo_care.jpg
9	Desenho de casos de uso das aplicaes e modelao concluses	Foi encerrado o desenho de casos de uso e diagramas das vas atividades que estas contemplam, permitindo uma especificao detalhada do que sermplementado. \r\n\r\nA modelao dos dados, com identificao das entidades necessas e suas relaes foi feita, permitindo a sua implementao em bases de dados adequadas.	2022-04-07	\N	mentha/noticias/diagrama_atividades.png
10	Defesa de projetos	Foram defendidos dois trabalhos finais de curso, das licenciaturas em Engenharia Informtica e Informtica de Gesto da Universidade Lusfona, no mbito do MentHA Digital:\r\n\r\n* Ins Rocha e Joo Pedro Santos, MentHA CARE \r\n* Nuno Rasteiro, Protocolo MentHA\r\n\r\nOs projetos foram muito apreciados pelo jri, tendo sido <b>classificados entre os 5 melhores trabalhos do ano</b>. Esto todos de parabns. Os relatrios encontram-se disponveis no link em baixo.	2022-09-21	https://informatica.ulusofona.pt/defesas/trabalhos-finais-de-curso/	
3	Levantamento e anlise de requisitos	Foi realizado um levantamento detalhado de requisitos funcionais e no-funcionais pela equipa de desenvolvimento, com o apoio de especialistas das reas tecnolgicas e sociais. \r\n\r\nDesta forma as aplicaes a desenvolver integraro funcionalidades que vo ao encontro das necessidades do pblico alvo explorando as tecnologias mais avanadas na rea.\r\n\r\nEm termos tcnicos, estes requisitos permitiro desenhar casos de usos e diagramas de atividades, assim como pensar na modelao da base de dados que dar suporte s aplicaes.	2022-03-24	\N	mentha/noticias/requisitos.png
2	Reunio de apresentao aos Parceiros	Foi realizada uma reunio de apresentao do MentHA Digital com todos os parceiros do projeto. \r\n\r\nForam apresentados os objetivos e solues a desenvolver. O projeto ir arrancar em maro, tendo j sido delineado um cronograma de terafas a realizar que envolvem os vrios parceiros nas diferentes fases do projeto.	2022-02-22	\N	
11	5 novos colaboradores do MentHA Digital	O MentHA Digital conta com 5 novos colaboradores: Alexandre Godinho, Bernardo Roque, Rodrigo Eira, Tiago James e Tiago Silva. Desenvolvero <b>3 novos trabalhos finais de curso</b> em torno do Protocolo MentHA, MentHA CARE e MentHA COG. O objetivo ser validar com os parceiros os prottipos j desenvolvidos, identificar requisitos de melhoria e implement-las. \r\n\r\nO Nuno Rasteiro, que fez trabalho final de curso em torno do Protocolo MentHA e se licenciou em set'22, continua a trabalhar como investigador no projeto MentHA. Est a integrar as vrias aplicaes desenvolvidas.	2022-11-06	\N	
8	Esto prontos os guies para experimentar prottipos	Foram criados 3 guies para o pblico alvo poder experimentar os 3 prottipos interativos que j foram criados.\r\n\r\nSer realizada uma sesso com colaboradores dos vrios parceiros do Projeto MentHA, para experimentar os prottipos e darem o seu feedback. \r\n\r\nCom base num guio de tarefas, experimentaro todas as funcionalidades dos prottipos, permitindo-lhes aferir as funcionalidades propostas, e permitindo-nos recolher o seu valioso feedback, por forma a construirmos com os parceiros estas aplicaes. Pretende-se aprimorar a acessibilidade e usabilidade destas aplicaes.	2022-05-05	\N	mentha/noticias/Guiao_tarefas.png
1	MentHA Digital ganhou concurso DGS	O Projeto Mentha Digital da Universidade Lusfona ficou em 1 lugar num concurso da Direo Geral da Sade (DGS) a financiamento pblico, no mbito do Programa Nacional para a Sade Mental. \r\n\r\nUma equipa de investigadores e alunos de Engenharia Informtica e Informtica de Gesto do DEISI-COPELABS far o desenvolvimento de um conjunto de aplicaes para treino cognitivo de adultos mais velhos com demncia assim como um programa psico-educativo para seus cuidadores.	2022-01-06	\N	mentha/noticias/Screenshot_2024-07-15_at_18.24.29.png
7	Desenvolvimento das aplicaes em bom andamento	A equipa de desenvolvimento encontra-se a trabalhar arduamente no desenvolvimento dos prototipos funcionais. \r\n\r\nEsto a ser integradas nas aplicaes vrias funcionalidades que ajudaro a melhorar o bem-estar e a qualidade de vida de adultos mais velhos com patologia mental crnica e dos seus cuidadores formais e informais.	2022-05-11	\N	mentha/noticias/mentha-devops.jpg
4	Questionrio de viabilidade e pertinncia	Foi elaborado um inqurito de avaliao de pertinncia sobre as intervenes  distncia na rea do envelhecimento e da sade mental.\r\n\r\nEste inqurito pretende conhecer a opinio da populao em geral, incluindo as principais partes interessadas (pessoas com experincias de sade mental, cuidadores informais e formais) e, com base nos resultados, promover iniciativas que facilitem o acesso remoto a intervenes no mbito da sade mental dos adultos mais velhos.	2022-04-21	https://docs.google.com/forms/d/1MM2N4n7lNTwsJQkwHeX6BOp48S3aLe3KLhRh02qFzM4/edit?urp=gmail_link	mentha/noticias/questionario_pertinencia.png
17	MentHA Digital na ADEB	A equipa do projeto MentHA esteve no dia 18 de julho na ADEB - Associao de Apoio aos Doentes Depressivos e Bipolares. Reunimos com a equipa de tcnicos da ADEB assim como utentes e cuidadores. Foram apresentadas e demonstradas as aplicaes MentHA CARE, MentHA COG e MentHA Eval. Em esprito de co-construo, recebemos valiosos feedbacks que estamos a integrar de forma a que sejam aplicaes que satisfaam as necessidades dos seus utentes finais.	2023-07-18	\N	mentha/noticias/ADEB.png
14	Apresentao de trabalhos finais de curso desenvolvidos no mbito do MentHA Digital	Foram apresentados dois trabalhos finais de curso, das licenciaturas em Engenharia Informtica e Informtica de Gesto da Universidade Lusfona, desenvolvidos no mbito do MentHA Digital:\r\n\r\n* Tiago Silva e Rodrigo Eira, MentHA CARE \r\n* Bernardo Roque e Alexandre Godinho, Protocolo MentHA e MentHA Risk\r\n\r\nOs projetos foram muito apreciados pelo jri, tendo obtido excelentes classificaes, fruto do bom trabalho realizado ao longo deste ano. Esto todos de parabns.	2023-07-03	\N	mentha/noticias/defesa_de_TFCs_2023.07.jpeg
13	Projeto MentHA Digital Premiado com Bolsa de Investigao Akira 2022 da SPA	O projeto MentHA RISK foi premiado com a "Bolsa de Investigao Akira 2022", promovida pela Sociedade Portuguesa de Aterosclerose (SPA) e com o apoio da Daiichi Sankyo. Este projeto, integrado no MentHA Digital, visa a avaliao do risco cardiovascular em adultos mais velhos com patologia mental crnia. O prmio foi entregue numa cerimnia na Sociedade Portuguesa de Aterosclerose, com a presena do Jornal NewsPharma.	2022-09-12	https://spaterosclerose.org/noticias/item/435-bolsa-de-investigacao-akira-2022-ferramenta-de-promocao-a-investigacao-cientifica.html	mentha/noticias/mentha_risk.jpg
19	MentHA Digital no XII Seminrio de Gerontologia	A equipa do MentHA Digital esteve no XII Seminrio de Gerontologia da Universidade Lusfona a partilhar a sua experincia e desafios que tem encontrado. Foi um valioso momento de reflexo sobre estratgias para prevenir e retardar perdas cognitivas e melhorar o bem-estar de adultos mais velhos com demcia e dos seus cuidadores.	2023-06-16	https://fb.watch/lV-ev7KqpH/?mibextid=2Rb1fB	mentha/noticias/seminario.png
18	GIRA recebe equipa do MentHA Digital	A equipa do projeto MentHA esteve no dia 19 de julho numa residncia da GIRA - Grupo de Interveno e Reabilitao Ativa. Reunimos com a equipa de tcnicos da GIRA assim como utentes e cuidadores. Foram apresentadas e demonstradas as aplicaes MentHA CARE, MentHA COG e MentHA Eval. Em esprito de co-construo, recebemos valiosos feedbacks que estamos a integrar de forma a que sejam aplicaes que satisfaam as necessidades dos seus utentes finais.	2023-07-19	\N	mentha/noticias/GIRA.png
16	Roche Sistemas de Diagnsticos estabelece protocolo e patrocnio com MentHA Digital	Em 2022 ganhmos um prmio da Associao de Aterosclerose para, de forma inovadora, estudar o risco cardiovascular de adultos mais velhos com doena ou deficincia mental e perturbao neurocognitiva. \r\n\r\nPara a realizao deste estudo estabelecemos um protocolo com a Roche Sistemas de Diagnsticos, tendo recebido um patrocnio de equipamento de medida (point of care") que nos foi emprestado durante 6 meses para fazermos as medidas, assim como  dispositivos/reagentes para o clculo deste risco. \r\n\r\nPara alm dos aparelhos sero disponibilizados os reagentes necessrios e a formao dos profissionais que faro a recolha nos locais onde se encontram os participantes.	2023-02-06	\N	mentha/noticias/Point_of_care_da_Roche.jpeg
20	DGS estende apoio ao MentHA Digital por mais 6 meses	A DGS aprovou a extenso do seu apoio ao projeto MentHA Digital por mais seis meses, at julho. Permitir terminar uma parte das investigaes em curso e desenvolvimentos.\r\n\r\nestamos a trabalhar ativamente com os nossos parceiros no desenvolvimento de programas e ferramentas que sejam teis para melhorar o bem-estar de adultos mais velhos com demncia e dos seus cuidadores. O projeto entretanto tem tido apoio de outras instituies, e estabelecimento de novos protocolos para garantir a sua continuidade.	2023-02-28	\N	mentha/noticias/DGS.png
12	Sesso de validao dos Prottipos MentHA	Os parceiros do projeto MentHA Digital - Mental Health and Ageing participaram numa sesso de experimentao e validao dos Prottipos MentHA que contou com <b>19 participantes</b>.\r\n\r\n\r\nNeste encontro foram apresentados os trs prottipos interativos desenvolvidos das aplicaes web:\r\n\r\n1. Programa de treino cognitivo - MentHA COG\r\n2. Avaliao neuropsicolgica - Protocolo MentHA\r\n3. Programa psicoeducativo para cuidadores - MentHA CARE\r\n\r\nCada participante teve depois oportunidade de interagir com cada um dos prottipos aplicacionais, auxiliado por um guio de tarefas que permitiu explorar todas as funcionalidades desenvolvidas. No guio cada participante registou o sucesso de cada passo assim como deu sugestes de melhoria. \r\n\r\nA sesso correu muito bem, tendo havido feedbacks muito positivos. Temos todos os parceiros implicados na co-criao e implementao das diferentes aplicaes, devidamente validadas para os diferentes contextos. Este trabalho beneficiar da partilha de experincias e dos conhecimento das diferentes partes interessadas, reforando este desafio, indiscutivelmente  estimulante e gratificante suas diferentes variantes: humana, acadmica, clnica e tecnolgica.	2022-06-02	\N	mentha/noticias/285634740_10216205906818889_4374820038972196398_n.jpg
24	Parceria com a Escola Superior de Sade da Cruz Vermelha Portuguesa	Foi estabelecida uma parceria entre o Projeto MentHA e a Escola Superior de Sade (ESS) da Cruz Vermelha Portuguesa, no apoio  avaliao do risco cardiovascular em pessoas com mais de 40 anos e com doena mental associada.  Em abril, a rea de Ensino de Enfermagem da ESS CVP Lisboa ir apoiar o Projeto MentHA na instituio CRINABEL, em Lisboa, com as Professoras Graa Moraes Rocha, Ins Bento e Maria Pires, juntamente com as estudantes do 4 ano do curso de enfermagem Joana Arsnio e Maria Santos.	2024-03-10	https://www.esscvp.eu/ess-cvp-lisboa-estabelece-parceria-com-o-projeto-mentha/	mentha/noticias/ESS_CVP.jpg
15	ASMAL no Algarve recebe equipa do MentHA Digital	Entre os dias 12 e 14 de julho estivemos no Algarve na semana passada trs dias, na ASMAL - Associao de Sade Mental do Algarve, os coordenadores Pedro Santos e Lcio Studer assim como quatro investigadores do COPELABS, Bernardo Roque, Nuno Rasteiro, Rodrigo Eira e Tiago Silva, tendo testado a aplicao em trs centros da ASMAL (Faro, Almancil e Loul) e interagido e recolhido dados de 54 utentes. Correu muitssimo bem!\r\n\r\nEsta deslocao ao terreno, no Algarve, contou j com a aplicao de um dos programas, o MentHA Risk - avaliao do risco de AVC em adultos mais velhos com doena mental. Tivemos no primeiro dia a colaborao de um tcnico da Roche que  trabalhar com a equipa alargada e dar formao a uma equipa da Cruz Vermelha Portuguesa (entidade parceira do MentHA Digital), para utilizao dos equipamentos e materiais disponibilizados. A equipa do projeto MentHA deu formao aos diferentes profissionais dos centros da ASMAL, que tambm acompanharam a avaliao de risco cardiovascular dos seus utentes. Foram apresentadas as aplicaes desenvolvidas, MentHA Eval, MentHA-COG e MentHA-CARE. Estas foram experimentadas pelos tcnicos assim como por cuidadores e participantes. \r\n\r\nFoi uma experincia muito gratificante e inesquecvel, para todos os participantes. Os tcnicos da ASMAL ficaram muito bem impressionados e entusiasmados com a grande utilidade e apoio que a aplicaes desenvolvidas podem dar ao seu trabalho dirio.	2023-07-14	\N	mentha/noticias/asmal.jpeg
21	Avaliao Gratuita de Risco Cardiovascular na ADEB	O Projeto MentHA - Mental Health and Aging e a ADEB - Associao de Apoio aos Doentes Depressivos e Bipolares promovem no prximo sbado, 14 de outubro, uma Sesso de Preveno e Avaliao de Risco Cardiovascular em pessoas com mais de 40 anos e doena neuropsiquitrica: perturbao bipolar, esquizofrenia, deficincia intelectual, demncia.\r\n\r\nNo final da semana em que se comemora mais um Dia Mundial para a Sade Mental, este ano com o tema "Nossas Mentes, Nossos Direitos (Our minds, our rights) o Mdico Internista Francisco Arajo - Coordenador do Departamento de Medicina Interna do Hospital dos Lusadas de Lisboa - dinamizar uma sesso de sensibilizao sobre o Risco Cardiovascular no contexto da sade mental.\r\n\r\nA avaliao de risco cardiovascular ser disponibilizada de forma individualizada e gratuita, com apoio de uma equipa da Escola Superior de Sade da Cruz Vermelha Portuguesa e da Roche Sistemas de Diagnstico, no mbito do programa MentHA Risk, financiado pela Direco Geral da Sade e pela Sociedade Portuguesa de Aterosclerose. \r\n\r\nAs doenas cardiovasculares (DCV) so responsveis pela morte de cerca de 25% das pessoas com esquizofrenia e de 33% das pessoas com doena bipolar (Nielsen et al. 2020). Alguns estudos recentes sugerem os portugueses so mais afetados por demncia vascular do que por Alzheimer (Ruano et al., 2019) e que os indivduos com deficincia intelectual apresentam riscos acrescidos de DCV de incio precoce, em particular, de doena cerebrovascular, acidente vascular cerebral, insuficincia cardaca e trombose venosa profunda (Wang et al., 2023).	2023-10-14	https://www.adeb.pt	mentha/noticias/participe-mentha-risk-avaliacao-de-risco-cardiovascular.jpeg
22	MentHA Digital com a CRINABEL	Dia 16 de abril de 2024 o MentHA e a Crinabel reuniram-se pela primeira vez. A sesso foi um sucesso e pretende-se fortalecer esta parceria.	2024-04-16	https://www.crinabel.pt/a-nossa-historia	
25	MentHA Digital vai ao Algarve fazer sesses de avaliao na ASMAL	O Projeto MentHA Digital foi trs dias ao Algarve fazer uma segunda sesso para aplicao das vrias aplicaes. Com apoio da CVP, delegao do Algave, foi feita a avaliao de 45 pessoas, avaliao neuro-psicolgica assim como do risco de acidente cardiovascular.	2024-02-14	https://asmal.org.pt/asmal/	mentha/noticias/asmal.png
23	Reportagem sobre o Projeto MentHA	O MentHA teve uma reportagem feita pela equipa de ocmunicao da Universidade Lusfona, entre 16 e 19 de abril, nas sesses de aplicao das ferramentas do MentHA Digital na CRINABEL, uma cooperativa com estatuto de utilidade pblica sem fins lucrativos criada para apoio  reabilitao de jovens e adultos com atraso no desenvolvimento.	2024-05-27	https://www.youtube.com/watch?v=xOG0dOYjQLA	mentha/noticias/Captura_de_ecr_2024-06-26_130248.png
26	Submetido relatrio  Direo Geral da Sade	Foi submetido  Direo Geral de Sade o relatrio final da componente do Projeto MentHA que foi financiada pela DGS. \r\n\r\nFoi co-desenvolvido um estudo de viabilidade e pertinncia de Plataforma Digital Para Adultos Mais Velhos com Problemas de Sade Mental atravs da elaborao e implementao de "Questionrio de Avaliao de Pertinncia" e participao de representantes das diferentes partes interessadas (pessoas com doena ou deficincia mental, cuidadores formais e informais, representantes de parceiros e membros da sociedade civil).\r\n\r\nFoi co-criada a Plataforma "MentHA DIGITAL" (com participao e envolvimento de todos os parceiros) para promoo da (i) Cidadania em Sade, (ii) Equidade e Acesso, (iii) Polticas Saudveis e (iv) Bem-estar e da qualidade de vida de adultos com patologia mental crnica, em diferentes contextos de vida.\r\n\r\nForam co-criadas as aplicaes MentHA COG, MentHA CARE, MentHA RISK e Protocolo de Avaliao MentHA.\r\n\r\nForam realizadas diferentes sesses de experimentao e validao das aplicaes (presenciais e remotas) com representantes das entidades parceiras\r\n\r\nForam incluidos novos parceiros, e de valncias complementares, para reforo dos objetivos do projeto e melhoria dos cuidados de sade mental (bio-psico-socias) centrados na pessoa, reforando, nomeadamente, a componente biomdica do projeto: avaliao de risco cardiovascular e risco de diabetes;\r\n\r\nUm dos pontos fortes foi o potencial de sustentabilidade e reconhecimento social, com o Prmio de "Bolsa de Investigao Akira 2022, promovida pela Sociedade Portuguesa de Aterosclerose - SPA e da Daiichi Sankyo, assim como apoio da Roche Sistemas de Diagnsticos.	2024-07-15	\N	mentha/noticias/dgs.png
27	Trabalho Final de Curso no mbito do Projeto MentHA Digital	Foi apresentado com sucesso a concluso do Trabalho Final de Curso de Miguel Cardoso e Antnio Ventura desenvolvido no mbito do Projeto MentHA Digital. Decorreu entre setembro 2023 e julho 2024. O objetivo foi melhorar alguams ocmponentes das aplicaes MentHA Eval, RISK, CARE, COG. Focou-se no levantamento de requisitos com as vrias entidades parceiras.  medida que os parceiros utilizam a aplicao, recebem feedback e posteriormente procedem  melhoria das aplicaes. As muitas sesses com instituies parceiras do projeto realizadas foram importantes para a melhoria das aplicaes, sendo dada a devida prioridade aos requisitos consoante os pedidos feitos pelas mesmas.	2024-07-09	https://informatica.ulusofona.pt/tfcs-dissertacoes-teses/	mentha/noticias/mentha_e_ess.jpg
\.


--
-- Data for Name: protocolo_answer; Type: TABLE DATA; Schema: public; Owner: leda
--

COPY public.protocolo_answer (id, text_answer, submitted_answer, quotation, notes, multiple_choice_answer_id, question_id, resolution_id) FROM stdin;
808			0		4	23	288
770			0		\N	162	288
771			0		\N	163	288
809			0		4	24	288
773			0		\N	164	288
774			0		283	165	288
775			0		286	166	288
776			0		1	1	288
777			1		25	62	288
778			0		27	63	288
779			0		9	56	288
780			0		9	57	288
781			0		14	58	288
782			0		17	59	288
783			0		20	60	288
784			0		20	61	288
785			2		31	64	288
786			0		20	65	288
787			0		20	66	288
788			2		6	3	288
789			1		5	4	288
790			0		4	5	288
791			0		4	6	288
792			3		7	7	288
793			2		6	8	288
794			0		4	9	288
795			0		4	10	288
796			0		4	11	288
797			0		4	12	288
798			0		4	13	288
799			0		4	14	288
800			0		4	15	288
801			0		4	16	288
802			0		4	17	288
803			0		4	18	288
804			1		5	19	288
805			0		4	20	288
806			2		6	21	288
807			0		4	22	288
810			0		4	25	288
811			0		4	26	288
812			0		4	27	288
813			1		5	28	288
814			1		5	29	288
815			0		4	30	288
816			0		4	31	288
817			0		4	32	288
818			1		5	33	288
819			0		4	34	288
820			0		4	35	288
821			0		4	36	288
822			0		4	37	288
823			3		7	38	288
824			1		5	39	288
825			0		4	40	288
826			0		4	41	288
827			0		4	42	288
828			0		4	43	288
829			0		4	44	288
830			0		4	45	288
831			0		4	46	288
832			0		4	47	288
833			0		4	48	288
834			2		6	49	288
835			1		5	50	288
836			1		5	51	288
837			1		5	52	288
838			0		4	53	288
839			0		4	54	288
840			0		4	55	288
841			0	No consegue	\N	99	288
842			3		\N	100	288
843			3		\N	102	288
844			1		\N	114	288
845			5		\N	115	288
846			0		\N	103	288
847			1		\N	104	288
848			1		\N	105	288
849			0	No se lembra de nada	\N	121	288
850			3	Escolhe sempre a opo que digo em primeiro lugar.	\N	124	288
851			4	comea logo por "Paulo". Repete a instruo e depois avana bem. No final diz, "j disse perro?"	\N	101	288
852			3	" sempre com "g"?", "E  qualquer coisa?"	\N	106	288
853			1		\N	107	288
854			2	dobrou em 4	\N	108	288
855			0	"Mama mia" (repete sempre a mesma frase, neste exerccio)	\N	109	288
856			1	inteligvel	\N	110	288
857			0		\N	111	288
858			0		\N	112	288
861			9	Pssaro (pinguim), Dromedrio (camelo), Flauta (trompete) e no sei que bicho  (crocodilo)	\N	123	288
860			4		\N	116	288
862			1		152	113	288
871			0		\N	162	802
872			0		\N	163	802
873			0		\N	164	802
874			0	Teste	\N	164	812
875			0		\N	162	816
876			0		284	165	816
877			0		\N	163	820
878			0		\N	162	820
879			0		\N	164	820
880			1		2	1	820
881			2		26	62	820
882			1		28	63	820
883			2		11	56	820
884			1	Por vezes, necessita de cadeira de rodas (quando est mais prostrado devido a crises epitticas)	12	57	820
885			0	No exterior necessita de acompanhamento. Na instituio, necessita de acompanhamento ou superviso).	14	58	820
886			1		18	59	820
887			1		21	60	820
888			0		20	61	820
889			1		32	65	820
890			1	Irritabilidade	34	66	820
891			0	No sabe fazer subtraes.	\N	114	820
892			0	No conhece as letras.	\N	115	820
893			0		\N	101	820
894			0		\N	162	821
895			0		283	165	821
896			1		25	62	821
897			0		27	63	821
898			0		9	56	821
899			0		9	57	821
900			0		14	58	821
901			0		1	1	821
902			0		17	59	821
903			1		21	60	821
904			0		20	61	821
905			1		30	64	821
906			1		32	65	821
907			2	Tristeza e apatia. Mais acentuado em casa, com a irm (pais falecidos).\r\nFaz teraputica psiquitrica. Alterao da medicao a 09/10/2024	35	66	821
908			0		\N	163	821
909			0	Comportamento de apatia mais evidente em casa.\r\nSentimentos depressivos devido a alteraes na dinmica familiar (falecimento da me, vivendo atualmente com a irm). Mantm-se na casa onde sempre viveu.\r\nRelao um pouco conflituosa com a irm.	\N	164	821
\.


--
-- Data for Name: protocolo_area; Type: TABLE DATA; Schema: public; Owner: leda
--

COPY public.protocolo_area (id, name, description, "order") FROM stdin;
24	Personalidade	\N	6
25	Ansiedade e Depresso	\N	7
26	Cognio	\N	8
27	Estadio de Deteriorao	\N	9
28	Conscincia, Humor e Comportamento	\N	1
29	Cooperao dada na entrevista	\N	2
30	Relao com o Avaliador	\N	3
32	Estado de  nimo	\N	4
33	Ansiedade e Depresso	\N	5
34	Cognio	\N	6
35	Conscincia, Humor e Comportamento	\N	1
73	Ansiedade e Depresso	\N	6
74	Sobrecarga do Cuidador	\N	7
75	Rede de Apoio Social	\N	8
78	Questionrio Sociodemogrfico	\N	1
77	Questionrio Sociodemogrfico (Cuidador)	\N	0
49	Conscincia, Humor e Comportamento	\N	1
50	Cooperao dada na entrevista	\N	2
51	Relao com o Avaliador	\N	3
55	Ansiedade e Depresso	\N	5
36	Cooperao dada na entrevista	\N	2
37	Relao com o Avaliador	\N	3
58	Estratgias de Coping	\N	8
59	Conscincia, Humor e Comportamento	\N	1
60	Cooperao dada na entrevista	\N	2
39	Estado de  nimo	\N	4
40	Ansiedade e Depresso	\N	5
41	Cognio	\N	6
46	None	\N	1
47	MentHA-Risk-area	\N	0
53	Personalidade	\N	4
61	Relao com o Avaliador	\N	3
67	Estratgias de Coping	\N	7
68	Conscincia, Humor e Comportamento	\N	1
56	Sobrecarga do Cuidador	\N	6
57	Rede de Apoio Social	\N	7
64	Ansiedade e Depresso	\N	4
65	Sobrecarga do Cuidador	\N	5
66	Rede de Apoio Social	\N	6
69	Cooperao dada na entrevista	\N	2
70	Relao com o Avaliador	\N	3
71	Avaliao Psicolgica	\N	4
76	Estratgias de Coping	\N	9
1	Conscincia, Humor e Comportamento	\N	1
2	Cooperao dada na entrevista	\N	2
3	Relao com o Avaliador	\N	3
5	Psicossintomatologia	\N	5
6	Cognio	\N	6
7	Estado de  nimo	\N	7
8	Ansiedade e Depresso	\N	8
9	Estadio de Deteriorao	\N	9
10	Funcionalidade	\N	4
11	Funcionalidade	\N	5
12	Psicossintomatologia	\N	6
13	Cognio	\N	7
14	Conscincia, Humor e Comportamento	\N	2
15	Cooperao dada na entrevista	\N	3
16	Relao com o Avaliador	\N	4
18	Conscicia, Humor e Comportamento	\N	1
19	Cooperao dada na entrevista	\N	2
20	Relao com o Avaliador	\N	3
22	Estado de  nimo	\N	4
23	Funcionalidade	\N	5
72	Funcionalidade	\N	5
\.


--
-- Data for Name: protocolo_area_part; Type: TABLE DATA; Schema: public; Owner: leda
--

COPY public.protocolo_area_part (id, area_id, part_id) FROM stdin;
87	1	5
88	2	5
89	3	5
91	5	5
92	6	5
93	7	5
94	8	5
95	9	5
96	10	5
97	11	1
98	12	1
99	13	1
100	14	1
101	15	1
102	16	1
104	18	2
105	19	2
106	20	2
108	22	2
109	23	2
110	24	2
111	25	2
112	26	2
113	27	2
114	28	3
115	29	3
116	30	3
118	32	3
119	33	3
120	34	3
121	35	4
122	36	4
123	37	4
125	39	4
126	40	4
127	41	4
128	46	9
129	47	9
131	49	10
132	50	10
133	51	10
134	53	10
135	55	10
136	56	10
137	57	10
138	58	10
139	59	11
140	60	11
141	61	11
142	64	11
143	65	11
144	66	11
145	67	11
146	68	12
147	69	12
148	70	12
149	71	12
150	72	12
151	73	12
152	74	12
153	75	12
154	76	12
155	77	13
156	78	14
\.


--
-- Data for Name: protocolo_dimension; Type: TABLE DATA; Schema: public; Owner: leda
--

COPY public.protocolo_dimension (id, name, description, "order", instrument_id) FROM stdin;
10	Memria	\N	2	4
11	Fluncia	\N	3	4
12	Linguagem	\N	4	4
14	Visuo-Espacial	\N	5	4
17	Ateno e Orientao	\N	1	5
18	Memria	\N	2	5
19	Linguagem	\N	3	5
20	Visuo-Espacial	\N	5	5
21	Memria Visual Imediata - Figuras de Weschler	\N	1	6
22	Memria Diferida	\N	2	6
23	Trail Making Test - Parte A	\N	3	6
24	Trail Making Test - Parte B	\N	4	6
25	Gnosia - (Autotopognosia) Orientao Direita Esquerda	\N	6	6
26	Provrbios	\N	7	6
27	Token Test - Compreenso de ordens verbais (verso breve)	\N	8	6
28	Atribuio de Estadio	\N	1	8
29	Questionrios	\N	2	8
30	Conscincia	\N	1	10
31	Atividade Motora	\N	2	10
32	Humor	\N	3	10
33	None	\N	0	11
34	None	\N	0	12
35	None	\N	0	13
36	None	\N	0	14
40	Fumar	Fumar	40	18
1	Atividades Corporais		1	1
2	Atividades Motoras		2	1
3	Atividades Sensoriais		3	1
4	Atividades Mentais		4	1
41	MentHA-Risk-dimension	\N	0	19
42	None	\N	0	20
43	None	\N	1	21
44	None	\N	1	22
45	None	\N	0	23
46	None	\N	1	24
5	None	\N	1	3
6	PANAS	\N	1	9
7	None	\N	1	2
8	None	\N	0	7
9	Ateno e Orientao	\N	1	4
\.


--
-- Data for Name: protocolo_instrument; Type: TABLE DATA; Schema: public; Owner: leda
--

COPY public.protocolo_instrument (id, name, description, "order", tooltip) FROM stdin;
1	ABVD - MDA	\N	1	
2	AIVD	\N	2	
3	BSI	\N	1	
5	MMSE	\N	2	
6	reas Complementares	\N	3	
7	HADS	\N	1	
8	GDS	\N	1	
9	PANAS	\N	1	
10	None	\N	0	
11	None	\N	0	
12	None	\N	0	
13	NEO-FFI 20	\N	1	
14	None	\N	0	
15	None	\N	1	
16	Fumadores	\N	1	
17	None	\N	1	
18	None	\N	2	
19	MentHA-Risk-instrument	\N	0	
20	QASCI	\N	1	
21	Brief COPE	\N	1	
22	Lubben	\N	1	
23	None	\N	0	
24	None	\N	1	
4	ACE-R	\N	1	Mais de 70 anos de idade e menos de 6 anos de escolaridade\t\t\t\t\r\n\r\n|                | &nbsp; &nbsp; &nbsp; M &nbsp; &nbsp; &nbsp;     | &nbsp; &nbsp; &nbsp; DP &nbsp; &nbsp; &nbsp;  | &nbsp; &nbsp; &nbsp;  1DP &nbsp; &nbsp; &nbsp; | &nbsp; &nbsp; &nbsp;  1,5DP &nbsp; &nbsp; &nbsp; | &nbsp; &nbsp; &nbsp;  2DP &nbsp; &nbsp; &nbsp;  |\r\n|:-------------- | :-------------: | :-------------: | :-------------: | :-------------: | :-------------: |\r\n| Total          | 86,03 | 7,23 | 78,8 | 75,2  | 71,6 |\r\n| Ateno        | 16,62 | 1,58 | 15,0 | 14,3  | 13,5 |\r\n| Memria        | 23,12 | 2,39 | 20,5 | 19,2  | 17,9 |\r\n| Fluncia       | 9,09  | 1,48 | 7,6  | 6,9   | 6,1  |\r\n| Linguagem      | 24,85 | 1,86 | 23,0 | 22,1  | 21,1 |\r\n| Visuoespaccial | 12,35 | 2,56 | 9,8  | 8,5   | 7,2  |
\.


--
-- Data for Name: protocolo_instrument_area; Type: TABLE DATA; Schema: public; Owner: leda
--

COPY public.protocolo_instrument_area (id, instrument_id, area_id) FROM stdin;
101	1	10
102	1	11
103	2	10
104	2	23
105	3	12
106	3	5
107	4	13
108	4	6
109	5	13
110	5	6
111	6	41
112	6	26
113	6	34
114	6	6
115	7	8
116	7	25
117	7	40
118	7	33
119	8	9
120	8	27
121	9	32
122	9	39
123	9	22
124	9	7
125	10	1
126	10	35
127	10	14
128	10	18
129	10	28
130	11	2
131	11	36
132	11	15
133	11	19
134	11	29
135	12	3
136	12	37
137	12	16
138	12	20
139	12	30
140	13	24
146	15	46
147	16	46
148	17	46
149	18	46
150	19	47
152	20	56
153	20	65
154	20	74
155	21	58
156	21	67
157	21	76
158	22	57
159	22	66
160	22	75
161	23	77
162	24	78
\.


--
-- Data for Name: protocolo_multiplechoicescheckbox; Type: TABLE DATA; Schema: public; Owner: leda
--

COPY public.protocolo_multiplechoicescheckbox (id, name, description, "order", answer_id, choice_id) FROM stdin;
407		\N	0	773	277
414		\N	0	844	160
421		\N	0	848	151
426		\N	0	854	153
427		\N	0	854	155
432		\N	0	858	152
446		\N	0	861	182
447		\N	0	861	183
448		\N	0	861	184
449		\N	0	861	186
450		\N	0	861	187
451		\N	0	861	189
452		\N	0	861	190
453		\N	0	861	191
454		\N	0	861	193
461		\N	0	871	272
464		\N	0	874	280
466		\N	0	877	276
469		\N	0	894	271
405		\N	0	770	272
408		\N	0	842	134
409		\N	0	842	135
410		\N	0	842	136
415		\N	0	845	165
416		\N	0	845	166
417		\N	0	845	167
418		\N	0	845	168
419		\N	0	845	169
422		\N	0	850	194
423		\N	0	850	195
424		\N	0	850	196
428		\N	0	856	156
429		\N	0	856	157
430		\N	0	856	159
462		\N	0	872	275
465		\N	0	875	272
467		\N	0	878	271
470		\N	0	908	274
406		\N	0	771	274
411		\N	0	843	137
412		\N	0	843	138
413		\N	0	843	139
420		\N	0	847	142
425		\N	0	853	152
431		\N	0	857	152
442		\N	0	860	170
443		\N	0	860	171
444		\N	0	860	172
445		\N	0	860	173
463		\N	0	873	280
468		\N	0	879	279
471		\N	0	909	277
472		\N	0	909	280
473		\N	0	909	281
\.


--
-- Data for Name: protocolo_part; Type: TABLE DATA; Schema: public; Owner: leda
--

COPY public.protocolo_part (id, name, description, "order", part_number, protocol_id, caderno_estimulos) FROM stdin;
1	Rastreio	\N	2	2	1	caderno_estimulos/MentHA_Parte_1_Caderno_estimulos_Vfy3cfU.pdf
2	0 meses	\N	3	3	1	caderno_estimulos/MentHA_Parte_2_Caderno_estimulos_X5ljhmK.pdf
3	2 meses	\N	4	4	1	caderno_estimulos/MentHA_Parte_3_Caderno_estimulos_Y5mex7K.pdf
4	4 meses	\N	5	5	1	caderno_estimulos/MentHA_Parte_4_Caderno_estimulos_CT9VqyX.pdf
5	6 meses	\N	6	6	1	caderno_estimulos/MentHA_Parte_5_Caderno_estimulos_zHx5M5o.pdf
6	Teste Livre	\N	7	7	1	caderno_estimulos/MentHA_Parte_5_Caderno_estimulos_bedxiPp.pdf
9	MentHA-Risk	\N	7	7	1	
14	Questionrio Sociodemogrfico	\N	1	1	1	
13	Questionrio Sociodemogrfico (Cuidador)	\N	0	0	1	
10	0 meses	Avaliao Cuidador	1	1	1	
11	2 meses	Avaliao Cuidador	2	2	1	
12	6 meses	Avaliao Cuidador	3	3	1	
\.


--
-- Data for Name: protocolo_partedoutilizador; Type: TABLE DATA; Schema: public; Owner: leda
--

COPY public.protocolo_partedoutilizador (id, data, "time", concluido, part_id, participante_id, cuidador_id) FROM stdin;
697	2024-03-14	12:35:00	f	9	280	\N
187	2023-07-14	15:00:00	f	9	83	\N
188	2023-07-14	15:00:00	f	9	84	\N
707	2024-03-13	14:35:00	f	9	284	\N
712	2024-03-13	13:35:00	f	9	96	\N
717	2024-03-14	13:50:00	f	9	97	\N
192	2023-07-14	15:00:00	f	9	85	\N
193	2023-07-14	15:30:00	f	9	86	\N
722	2024-03-14	14:31:00	f	9	98	\N
195	2023-07-14	10:35:00	f	9	88	\N
196	2023-07-14	15:30:00	f	9	89	\N
197	2023-07-14	15:00:00	f	9	90	\N
198	2023-07-14	15:20:00	f	9	91	\N
727	2024-03-14	15:00:00	f	14	109	\N
200	2023-07-14	15:25:00	f	9	94	\N
201	2023-07-14	15:29:00	f	9	95	\N
202	2023-07-14	15:30:00	f	9	96	\N
203	2023-07-14	15:25:00	f	9	97	\N
204	2023-07-14	15:20:00	f	9	84	\N
205	2023-07-14	15:27:00	f	9	98	\N
732	2024-03-14	14:30:00	f	9	118	\N
206	1961-12-08	15:30:00	f	9	99	\N
207	2023-09-23	15:20:00	f	9	100	\N
208	2023-07-14	15:30:00	f	9	101	\N
209	2023-07-14	15:00:00	f	9	102	\N
210	2023-07-14	15:05:00	f	9	103	\N
211	2023-07-14	15:00:00	f	9	104	\N
212	2023-07-14	15:00:00	f	9	105	\N
213	2023-07-14	15:00:00	f	9	106	\N
214	2023-07-14	15:05:00	f	9	107	\N
215	2023-07-14	15:10:00	f	9	108	\N
216	2023-07-14	15:15:00	f	9	109	\N
217	2023-07-14	15:00:00	f	9	110	\N
218	2023-07-14	15:00:00	f	9	111	\N
219	2023-07-14	15:00:00	f	9	112	\N
220	2023-07-14	15:00:00	f	9	113	\N
221	2023-07-14	15:00:00	f	9	114	\N
222	2023-07-14	15:00:00	f	9	115	\N
223	2023-07-14	15:00:00	f	9	116	\N
224	2023-07-14	15:00:00	f	9	117	\N
225	2023-07-14	15:00:00	f	9	118	\N
226	2023-07-14	15:00:00	f	9	119	\N
227	2023-07-14	15:00:00	f	9	120	\N
228	2023-07-14	15:00:00	f	9	121	\N
229	2023-07-14	15:00:00	f	9	122	\N
230	2023-07-14	15:00:00	f	9	123	\N
231	2023-07-14	15:00:00	f	9	124	\N
232	2023-07-14	15:00:00	f	9	125	\N
233	2023-07-14	15:00:00	f	9	126	\N
234	2023-07-14	15:00:00	f	9	127	\N
235	2023-07-14	15:00:00	f	9	128	\N
236	2023-07-14	15:56:00	f	9	129	\N
237	2023-07-14	15:00:00	f	9	130	\N
238	2023-07-14	15:00:00	f	9	131	\N
239	2023-07-14	15:00:00	f	9	132	\N
240	2023-07-14	15:00:00	f	9	135	\N
241	2023-07-14	15:00:00	f	9	133	\N
242	2023-07-14	15:00:00	f	9	131	\N
243	2023-07-14	15:00:00	f	9	129	\N
244	2023-07-14	15:00:00	f	9	127	\N
245	2023-07-14	15:00:00	f	9	125	\N
246	2023-07-14	15:00:00	f	9	123	\N
247	2023-07-14	15:00:00	f	9	121	\N
248	2023-07-14	15:00:00	f	9	119	\N
249	2023-07-14	15:00:00	f	9	117	\N
250	2023-07-14	15:00:00	f	9	115	\N
251	2023-07-14	15:00:00	f	9	113	\N
252	2023-07-14	15:00:00	f	9	111	\N
253	2023-07-14	15:00:00	f	9	109	\N
254	2023-07-14	15:00:00	f	9	107	\N
255	2023-07-14	15:00:00	f	9	105	\N
256	2023-07-14	15:00:00	f	9	103	\N
257	2023-07-14	15:00:00	f	9	134	\N
258	2023-07-14	15:10:00	f	9	132	\N
259	2023-07-14	15:00:00	f	9	130	\N
260	2023-07-14	15:00:00	f	9	128	\N
261	2023-07-14	15:00:00	f	9	126	\N
262	2023-07-14	15:00:00	f	9	124	\N
263	2023-07-14	15:15:00	f	9	122	\N
264	2023-07-14	15:00:00	f	9	120	\N
265	2023-07-14	15:00:00	f	9	118	\N
266	2023-07-14	15:20:00	f	9	116	\N
267	2023-07-14	15:23:00	f	9	114	\N
268	2023-07-14	15:25:00	f	9	112	\N
270	2023-07-14	15:00:00	f	9	110	\N
271	2023-07-14	15:29:00	f	9	108	\N
272	2023-07-14	15:33:00	f	9	106	\N
274	2023-07-14	15:37:00	f	9	104	\N
275	2023-07-14	15:40:00	f	9	102	\N
277	2023-10-11	18:13:00	f	14	135	\N
278	2023-10-12	10:05:00	f	14	135	\N
279	2023-10-12	10:22:00	f	14	99	\N
280	2023-10-12	10:33:00	f	14	99	\N
281	2023-10-12	11:48:00	f	14	136	\N
282	2023-10-12	11:54:00	f	1	136	\N
284	2023-10-14	15:25:00	f	9	139	\N
285	2023-10-14	16:00:00	f	9	140	\N
286	2023-10-19	14:30:00	f	9	139	\N
287	2023-10-19	12:30:00	f	14	139	\N
288	2023-10-14	14:40:00	f	9	142	\N
289	2023-10-14	15:13:00	f	9	143	\N
290	2023-10-23	13:51:00	f	9	136	\N
293	2023-10-26	13:38:00	f	14	142	\N
299	2023-11-17	12:16:00	f	5	101	\N
300	2023-11-24	13:24:00	f	9	148	\N
301	2023-10-14	15:35:00	f	9	144	\N
302	2023-10-14	15:35:00	f	9	153	\N
303	2023-10-14	16:00:00	f	9	154	\N
304	2023-12-11	10:00:00	f	14	129	\N
698	2024-03-14	12:37:00	f	14	280	\N
703	2024-03-14	15:39:00	f	9	165	\N
307	2023-12-11	10:11:00	f	6	129	\N
308	2023-12-13	15:33:00	f	14	129	\N
309	2023-12-22	15:38:00	f	3	129	\N
708	2024-03-14	14:40:00	f	9	285	\N
311	2023-12-18	11:12:00	f	14	154	\N
312	2023-12-12	11:15:00	f	14	154	\N
313	2023-12-18	11:13:00	f	9	154	\N
314	2023-12-18	11:44:00	f	9	142	\N
315	2023-12-19	18:57:00	f	9	148	\N
316	2024-01-06	16:48:00	f	9	101	\N
317	2024-01-13	14:17:00	f	9	91	\N
318	2024-01-17	14:00:00	f	9	101	\N
319	2024-01-24	14:15:00	f	14	101	\N
713	2024-03-14	13:40:00	f	9	299	\N
322	2007-05-12	13:38:00	f	9	140	\N
718	2024-03-14	13:55:00	f	9	170	\N
723	2024-03-14	14:13:00	f	9	300	\N
728	2024-03-14	14:29:00	f	9	110	\N
326	2024-02-27	12:45:00	f	9	144	\N
327	2024-02-27	13:10:00	f	9	139	\N
733	2024-03-14	11:10:00	f	14	120	\N
737	2024-03-14	10:44:00	f	14	117	\N
741	2024-03-14	11:42:00	f	14	301	\N
331	2024-02-27	20:45:00	f	9	140	\N
334	2024-03-12	11:12:00	f	9	131	\N
335	2024-03-12	11:25:00	f	9	134	\N
337	2024-03-12	13:40:00	f	9	146	\N
338	2024-03-04	13:41:00	f	9	159	\N
339	2024-03-12	15:22:00	f	9	134	\N
340	2024-03-13	12:13:00	f	9	105	\N
341	2024-03-01	15:30:00	f	9	102	\N
342	2024-03-13	12:58:00	f	9	85	\N
343	2024-03-13	13:25:00	f	9	85	\N
344	2024-03-13	13:32:00	f	9	96	\N
345	2024-03-13	13:42:00	f	9	88	\N
346	2024-03-13	13:57:00	f	14	160	\N
347	2024-03-13	13:59:00	f	9	160	\N
348	2024-03-13	15:15:00	f	14	161	\N
349	2024-03-13	15:10:00	f	9	161	\N
350	2024-03-13	15:16:00	f	14	162	\N
351	2024-03-13	15:17:00	f	9	162	\N
352	2024-03-13	15:22:00	f	14	163	\N
353	2024-03-13	15:24:00	f	9	163	\N
354	2024-03-13	15:28:00	f	14	164	\N
355	2024-03-13	15:30:00	f	9	164	\N
356	2024-03-13	15:35:00	f	14	165	\N
357	2024-03-13	15:40:00	f	9	165	\N
358	2024-03-13	15:46:00	f	9	166	\N
359	2024-03-13	15:55:00	f	14	167	\N
360	2024-03-13	15:57:00	f	9	167	\N
361	2024-03-13	16:02:00	f	14	168	\N
362	2024-03-13	16:04:00	f	9	168	\N
363	2024-03-13	16:07:00	f	14	169	\N
364	2024-03-13	16:10:00	f	9	169	\N
365	2024-03-13	16:13:00	f	14	170	\N
366	2024-03-13	16:15:00	f	9	170	\N
367	2024-03-13	16:18:00	f	14	171	\N
368	2024-03-13	16:19:00	f	9	171	\N
369	2024-03-13	16:22:00	f	14	172	\N
370	2024-03-13	16:24:00	f	9	172	\N
371	2024-03-13	16:27:00	f	14	173	\N
372	2024-03-13	16:29:00	f	9	173	\N
373	2024-03-13	16:30:00	f	14	89	\N
374	2024-03-13	16:31:00	f	14	133	\N
375	2024-03-13	16:33:00	f	14	174	\N
376	2024-03-13	16:34:00	f	9	174	\N
377	2024-03-13	16:37:00	f	14	175	\N
378	2024-03-13	16:39:00	f	9	175	\N
379	2024-03-13	16:42:00	f	14	166	\N
380	2024-03-14	10:10:00	f	14	114	\N
381	2024-03-14	10:22:00	f	14	109	\N
382	2024-03-14	10:23:00	f	9	109	\N
383	2023-07-14	10:38:00	f	9	109	\N
384	2024-03-14	10:44:00	f	14	117	\N
385	2024-03-14	10:45:00	f	9	117	\N
386	0023-07-14	10:48:00	f	9	117	\N
387	2024-03-14	11:10:00	f	14	120	\N
388	2023-07-14	11:05:00	f	9	120	\N
389	2024-03-14	11:10:00	f	9	120	\N
390	2024-03-14	11:18:00	f	14	110	\N
391	2024-03-14	11:19:00	f	14	113	\N
392	2023-07-14	11:21:00	f	9	113	\N
393	2024-03-14	11:24:00	f	9	113	\N
394	2023-07-14	11:31:00	f	9	110	\N
395	2024-03-14	11:34:00	f	9	110	\N
396	2024-03-14	11:42:00	f	14	176	\N
397	2024-03-14	11:43:00	f	9	176	\N
398	2024-03-14	11:47:00	f	14	121	\N
399	2023-07-14	11:50:00	f	9	121	\N
400	2024-03-14	11:53:00	f	9	121	\N
401	2024-03-14	11:58:00	f	14	108	\N
402	2023-07-14	10:00:00	f	9	108	\N
403	2024-03-14	12:04:00	f	9	108	\N
404	2024-03-14	12:07:00	f	14	106	\N
405	2024-03-14	12:08:00	f	14	112	\N
406	2023-07-14	12:10:00	f	9	112	\N
407	2024-03-14	12:12:00	f	9	112	\N
408	2024-03-14	12:16:00	f	14	118	\N
409	2023-07-14	12:18:00	f	9	118	\N
410	2024-03-14	12:20:00	f	9	118	\N
411	2024-03-14	12:35:00	f	9	177	\N
412	2024-03-14	12:37:00	f	14	177	\N
413	2023-07-14	12:40:00	f	9	106	\N
414	2024-03-14	12:44:00	f	9	106	\N
415	2024-03-14	12:47:00	f	14	119	\N
416	2023-07-14	12:48:00	f	9	119	\N
417	2024-03-14	12:52:00	f	9	119	\N
418	2024-03-14	12:55:00	f	14	115	\N
419	2023-07-14	12:58:00	f	9	115	\N
420	2024-03-14	13:00:00	f	9	115	\N
421	2024-03-14	14:41:00	f	14	135	\N
422	2024-03-14	14:40:00	f	9	135	\N
423	2024-03-14	14:50:00	f	14	83	\N
425	2024-03-14	14:52:00	f	9	83	\N
427	2024-03-14	14:59:00	f	14	134	\N
699	2024-03-14	16:30:00	f	9	174	\N
704	2024-03-14	15:48:00	f	9	112	\N
430	2024-03-14	15:22:00	f	14	133	\N
431	2024-03-14	15:26:00	f	9	133	\N
432	2024-03-14	15:42:00	f	14	97	\N
433	2024-03-14	15:45:00	f	9	97	\N
435	2024-03-14	15:47:00	f	14	99	\N
436	2024-03-14	15:50:00	f	9	99	\N
437	2024-03-14	15:53:00	f	14	125	\N
438	2024-03-14	15:57:00	f	9	125	\N
439	2024-03-14	16:03:00	f	14	123	\N
440	2024-03-14	16:04:00	f	9	123	\N
441	2024-03-14	16:07:00	f	14	100	\N
442	2024-03-14	16:14:00	f	9	100	\N
443	2024-03-14	16:14:00	f	14	126	\N
444	2024-03-14	16:16:00	f	9	126	\N
445	2024-03-14	16:26:00	f	14	132	\N
446	2024-03-14	16:27:00	f	9	132	\N
447	2024-03-14	16:35:00	f	9	129	\N
448	2024-03-14	16:40:00	f	14	98	\N
449	2024-03-14	16:40:00	f	9	98	\N
709	2024-03-14	11:24:00	f	9	113	\N
714	2023-07-14	13:40:00	f	9	299	\N
453	2024-03-14	16:56:00	f	14	179	\N
454	2024-03-14	17:00:00	f	9	179	\N
455	2024-03-17	10:24:00	f	9	163	\N
719	2024-03-14	14:58:00	f	9	172	\N
724	2024-03-14	14:16:00	f	14	300	\N
729	2023-10-14	14:55:00	f	9	154	\N
734	2024-03-14	11:10:00	f	9	120	\N
738	2024-03-14	12:26:00	f	9	117	\N
461	2024-04-16	13:00:00	f	9	181	\N
742	2024-03-14	11:43:00	f	9	301	\N
745	2024-03-14	16:35:00	f	9	302	\N
748	2024-03-14	15:25:00	f	9	305	\N
751	2024-03-14	16:00:00	f	9	114	\N
754	2024-03-14	14:50:00	f	14	83	\N
467	2024-04-16	13:00:00	f	9	187	\N
468	2024-04-16	13:00:00	f	9	188	\N
757	2024-03-13	16:23:00	f	9	161	\N
470	2024-04-16	13:00:00	f	9	192	\N
471	2024-04-16	13:00:00	f	9	193	\N
760	2024-03-13	16:46:00	f	9	171	\N
763	2024-03-14	16:09:00	f	9	306	\N
766	2024-05-28	10:24:00	f	9	292	\N
769	2024-05-28	11:02:00	f	9	298	\N
772	2024-05-28	11:25:00	f	9	312	\N
477	2024-04-16	13:00:00	f	9	199	\N
478	2024-04-16	13:00:00	f	9	200	\N
479	2024-04-16	13:00:00	f	9	201	\N
775	2024-05-28	11:44:00	f	9	311	\N
778	2023-10-14	13:46:00	f	9	296	\N
781	2024-03-13	11:28:00	f	9	314	\N
783	2024-06-03	13:58:00	f	9	222	\N
787	2024-03-13	11:29:00	f	9	316	\N
789	2024-05-28	12:22:00	f	9	313	\N
487	2024-04-16	13:00:00	f	9	190	\N
791	2024-05-28	11:27:00	f	9	291	\N
793	2024-05-28	12:18:00	f	9	294	\N
490	2024-04-16	13:00:00	f	9	210	\N
491	2024-04-16	13:00:00	f	9	211	\N
492	2024-04-16	13:00:00	f	9	212	\N
493	2024-04-16	13:00:00	f	9	213	\N
494	2024-04-16	13:00:00	f	9	214	\N
495	2024-04-16	13:00:00	f	9	215	\N
795	2024-06-18	18:30:00	f	9	312	\N
797	2024-06-27	16:40:00	f	14	265	\N
498	2024-04-16	13:00:00	f	9	216	\N
799	2024-06-03	17:46:00	f	9	159	\N
500	2024-04-16	13:00:00	f	9	218	\N
801	2024-06-03	18:48:00	f	1	159	\N
502	2024-04-16	13:00:00	f	9	220	\N
803	2024-06-11	11:18:00	f	9	186	\N
805	2024-06-28	14:27:00	f	9	159	\N
505	2024-04-16	13:00:00	f	9	223	\N
807	2024-06-28	10:42:00	f	9	319	\N
809	2024-06-04	21:38:00	f	9	219	\N
811	2024-09-22	09:00:00	f	6	216	\N
813	2024-09-22	12:02:00	f	3	216	\N
815	2024-10-09	10:00:00	f	1	181	\N
821	2024-12-30	15:12:00	f	2	181	\N
514	2024-04-16	13:00:00	f	9	235	\N
520	2024-04-16	13:00:00	f	9	241	\N
700	2024-03-14	15:33:00	f	9	281	\N
705	2024-03-13	13:25:00	f	9	85	\N
710	2024-03-14	13:27:00	f	9	135	\N
715	2024-03-14	13:45:00	f	9	99	\N
720	2024-03-14	14:37:00	f	9	168	\N
725	2023-07-14	14:18:00	f	9	300	\N
730	2023-10-14	14:57:00	f	9	153	\N
735	2024-03-14	11:57:00	f	14	121	\N
739	2024-03-14	12:47:00	f	14	119	\N
743	2023-07-14	15:56:00	f	9	302	\N
746	2024-03-14	16:07:00	f	9	303	\N
749	2024-03-13	15:42:00	f	9	163	\N
752	2024-03-14	16:04:00	f	14	123	\N
755	2024-03-14	14:52:00	f	9	83	\N
758	2024-03-14	12:55:00	f	14	115	\N
761	2024-03-13	13:17:00	f	9	103	\N
537	2024-04-16	13:00:00	f	9	257	\N
764	2024-03-14	15:03:00	f	9	307	\N
539	2024-03-29	18:30:00	f	14	191	\N
540	2024-03-29	18:30:00	f	14	184	\N
541	2024-03-29	18:30:00	f	14	185	\N
542	2024-03-29	18:30:00	f	14	186	\N
543	2024-03-29	18:30:00	f	14	187	\N
544	2024-03-29	18:30:00	f	14	188	\N
545	2024-03-29	18:30:00	f	14	189	\N
546	2024-03-29	18:30:00	f	14	192	\N
547	2024-03-29	18:39:00	f	14	193	\N
548	2024-03-29	18:30:00	f	14	194	\N
549	2024-03-29	18:30:00	f	14	195	\N
550	2024-03-29	18:30:00	f	14	196	\N
551	2024-03-29	18:30:00	f	14	197	\N
552	2024-03-29	18:30:00	f	14	181	\N
553	2024-03-29	18:30:00	f	14	182	\N
554	2024-03-29	18:30:00	f	14	183	\N
555	2024-03-29	18:30:00	f	14	198	\N
556	2024-03-29	18:30:00	f	14	199	\N
557	2024-03-29	18:30:00	f	14	200	\N
558	2024-03-29	18:30:00	f	14	201	\N
559	2024-03-29	18:30:00	f	14	202	\N
560	2024-03-29	18:30:00	f	14	203	\N
561	2024-03-29	18:30:00	f	14	204	\N
767	2024-05-28	10:42:00	f	9	287	\N
563	2024-03-29	18:30:00	f	14	205	\N
564	2024-03-29	18:30:00	f	14	206	\N
565	2024-03-29	18:30:00	f	14	207	\N
566	2024-03-29	18:30:00	f	14	224	\N
567	2024-03-29	18:30:00	f	14	190	\N
568	2024-03-29	18:30:00	f	14	208	\N
569	2024-03-29	18:30:00	f	14	209	\N
570	2024-03-29	18:30:00	f	14	210	\N
571	2024-03-29	18:30:00	f	14	211	\N
572	2024-03-29	18:30:00	f	14	212	\N
573	2024-03-29	18:30:00	f	14	213	\N
574	2024-03-29	18:30:00	f	14	214	\N
575	2024-03-29	18:30:00	f	14	215	\N
576	2024-03-29	18:30:00	f	14	225	\N
577	2024-03-29	18:30:00	f	14	226	\N
578	2024-03-29	18:30:00	f	14	216	\N
579	2024-03-29	18:30:00	f	14	217	\N
580	2024-03-29	18:30:00	f	14	218	\N
581	2024-03-29	18:30:00	f	14	220	\N
582	2024-03-29	18:30:00	f	14	221	\N
583	2024-03-29	18:30:00	f	14	222	\N
584	2024-03-29	18:30:00	f	14	223	\N
585	2024-03-29	18:30:00	f	14	227	\N
586	2024-03-29	18:30:00	f	14	228	\N
587	2024-03-29	18:30:00	f	14	229	\N
588	2024-03-29	18:30:00	f	14	230	\N
589	2024-03-29	18:30:00	f	14	231	\N
590	2024-03-29	18:30:00	f	14	232	\N
591	2024-03-29	18:30:00	f	14	233	\N
770	2024-05-28	11:15:00	f	9	290	\N
773	2024-05-28	11:32:00	f	9	295	\N
594	2024-03-29	18:30:00	f	14	234	\N
595	2024-03-29	18:30:00	f	14	235	\N
596	2024-03-29	18:30:00	f	14	236	\N
597	2024-03-29	18:30:00	f	14	237	\N
598	2024-03-29	18:30:00	f	14	238	\N
599	2024-03-29	18:30:00	f	14	239	\N
600	2024-03-29	18:30:00	f	14	240	\N
601	2024-03-29	18:30:00	f	14	241	\N
602	2024-03-29	18:30:00	f	14	180	\N
776	2024-05-28	11:47:00	f	9	309	\N
604	2024-03-29	18:30:00	f	14	242	\N
605	2024-03-29	18:30:00	f	14	243	\N
606	2024-03-29	18:30:00	f	14	244	\N
607	2024-03-29	18:30:00	f	14	245	\N
608	2024-03-29	18:30:00	f	14	246	\N
609	2024-03-29	18:30:00	f	14	247	\N
610	2024-03-29	18:30:00	f	14	248	\N
611	2024-03-29	18:30:00	f	14	249	\N
612	2024-03-29	18:30:00	f	14	250	\N
613	2024-03-29	18:30:00	f	14	251	\N
614	2024-03-29	18:30:00	f	14	252	\N
615	2024-03-29	18:30:00	f	14	253	\N
616	2024-03-29	18:30:00	f	14	254	\N
617	2024-03-29	18:30:00	f	14	255	\N
618	2024-03-29	18:30:00	f	14	256	\N
619	2024-03-29	18:30:00	f	14	257	\N
620	2024-03-29	18:30:00	f	14	258	\N
621	2024-03-29	18:30:00	f	14	219	\N
622	2024-03-31	18:30:00	f	14	259	\N
623	2024-04-16	13:00:00	f	9	259	\N
624	2024-03-29	18:30:00	f	14	260	\N
779	2024-05-28	11:55:00	f	9	296	\N
626	2024-04-01	16:59:00	f	14	133	\N
701	2024-03-14	16:36:00	f	9	282	\N
706	2024-04-13	15:58:00	f	9	283	\N
711	2024-03-14	13:31:00	f	9	125	\N
716	2024-03-14	13:49:00	f	14	97	\N
721	2024-03-14	14:09:00	f	9	89	\N
726	2024-03-14	14:24:00	f	9	109	\N
731	2024-03-14	14:29:00	f	14	118	\N
736	2024-03-14	11:53:00	f	9	121	\N
740	2024-03-14	12:52:00	f	9	119	\N
744	2024-03-14	15:33:00	f	14	302	\N
747	2024-03-14	12:40:00	f	9	304	\N
644	2024-04-19	10:21:00	f	9	180	\N
645	2024-04-19	10:22:00	f	9	194	\N
646	2024-04-19	10:24:00	f	9	185	\N
647	2024-04-19	10:25:00	f	9	202	\N
648	2024-04-19	10:27:00	f	9	198	\N
649	2024-04-19	10:30:00	f	9	184	\N
650	2024-04-19	10:38:00	f	9	209	\N
651	2024-04-19	10:41:00	f	9	182	\N
652	2024-04-19	10:46:00	f	9	186	\N
653	2024-04-19	10:55:00	f	9	196	\N
654	2024-04-19	12:19:00	f	9	206	\N
655	2024-04-19	12:33:00	f	9	208	\N
656	2024-04-19	12:45:00	f	9	195	\N
657	2024-04-19	13:32:00	f	9	183	\N
658	2024-04-19	13:03:00	f	9	207	\N
659	2024-04-19	13:01:00	f	9	197	\N
660	2024-04-19	13:05:00	f	9	204	\N
661	2024-04-19	13:19:00	f	9	205	\N
662	2024-04-29	23:42:00	f	9	219	\N
663	2024-05-07	16:39:00	f	6	220	\N
664	2024-05-08	13:16:00	f	9	175	\N
665	2024-05-20	14:46:00	f	9	277	\N
666	2024-05-20	14:52:00	f	14	269	\N
667	2024-05-16	16:52:00	f	9	269	\N
750	2024-03-14	15:26:00	f	9	133	\N
669	2024-05-20	14:57:00	f	9	267	\N
670	2024-05-21	15:20:00	f	9	275	\N
671	2024-05-21	15:38:00	f	9	265	\N
672	2024-05-21	15:41:00	f	9	266	\N
673	2024-05-21	15:43:00	f	9	268	\N
674	2024-05-21	16:02:00	f	9	270	\N
675	2024-05-21	16:10:00	f	9	272	\N
676	2024-05-21	16:15:00	f	9	273	\N
677	2024-05-21	16:20:00	f	9	276	\N
678	2024-05-21	16:34:00	f	9	278	\N
679	2024-03-12	14:21:00	f	9	175	\N
680	2024-03-14	12:44:00	f	9	106	\N
681	2024-03-14	15:00:00	f	9	134	\N
682	2024-03-14	14:41:00	f	9	91	\N
683	2024-03-14	16:14:00	f	9	100	\N
684	2024-03-14	16:12:00	f	9	164	\N
685	2024-03-14	14:30:00	f	9	166	\N
686	2024-03-14	16:20:00	f	9	167	\N
687	2024-03-14	13:26:00	f	9	169	\N
688	2024-03-14	12:04:00	f	9	108	\N
689	2024-03-14	16:31:00	f	9	162	\N
690	2024-03-14	16:36:00	f	9	173	\N
691	2023-10-14	13:46:00	f	9	141	\N
692	2023-10-14	13:50:00	f	9	142	\N
693	2023-10-14	13:55:00	f	9	143	\N
694	2023-10-14	13:59:00	f	9	144	\N
695	2024-03-14	16:52:00	f	9	279	\N
696	2024-03-14	16:53:00	f	14	279	\N
753	2024-03-14	16:05:00	f	9	123	\N
756	2024-03-13	14:07:00	f	9	160	\N
759	2024-03-14	13:00:00	f	9	115	\N
762	2024-03-13	12:57:00	f	9	88	\N
765	2024-03-13	16:43:00	f	9	308	\N
768	2024-05-28	10:49:00	f	9	286	\N
771	2024-05-28	11:38:00	f	14	298	\N
774	2024-05-28	11:37:00	f	9	310	\N
777	2024-05-28	16:05:00	f	9	265	\N
780	2024-03-14	12:37:00	f	9	116	\N
782	2024-03-13	12:47:00	f	9	315	\N
788	2024-03-13	11:36:00	f	9	317	\N
790	2024-05-28	11:24:00	f	9	289	\N
792	2024-05-28	11:30:00	f	9	293	\N
794	2024-05-28	12:19:00	f	9	297	\N
796	2024-06-22	11:26:00	f	1	282	\N
798	2024-06-05	18:41:00	f	1	265	\N
800	2024-06-27	16:47:00	f	14	159	\N
802	2024-06-27	23:37:00	f	9	265	\N
804	2024-06-04	11:20:00	f	14	186	\N
806	2024-06-18	14:29:00	f	1	159	\N
810	2024-06-28	21:38:00	f	2	219	\N
812	2024-09-22	09:00:00	f	1	216	\N
814	2024-09-30	16:41:00	f	1	213	\N
822	2025-02-05	22:16:00	f	9	312	\N
824	2025-03-05	17:12:00	f	14	320	\N
826	2025-03-05	17:12:00	f	1	320	\N
\.


--
-- Data for Name: protocolo_possibleanswer; Type: TABLE DATA; Schema: public; Owner: leda
--

COPY public.protocolo_possibleanswer (id, name, description, "order", quotation, image) FROM stdin;
4	Nunca	\N	1	0	
5	Poucas Vezes	\N	2	1	
6	Algumas Vezes	\N	3	2	
7	Muitas Vezes	\N	4	3	
8	Muitssimas vezes	\N	5	4	
9	Efetua-se normalmente	\N	1	0	
106	Muitas vezes	\N	3	1	
124	De vez em quando	\N	2	2	
150	Nome do candidato presidencial portugus assassinado pela PIDE nos anos 60	\N	4	1	
21	M	\N	2	1	
52	Necessita que lhe preparem e sirvam as refeies	\N	4	0	
55	Realiza tarefas ligeiras, mas no pode manter um nvel adequado de limpeza	\N	3	1	
142	Praa	\N	3	1	
170	... a que est associada  monarquia.	\N	1	1	
183	Relgio	\N	2	1	possible_answers_images/relogio.png
202	Com a sua mo esquerda aponte para o seu joelho direito	\N	4	2	
226	Diminuio de desempenho em ocupaes laborais de maior exigncia, e em situaes sociais.	3	9	0	
246	No precisam de auxlio para os cuidados de higiene, nem para as refeies, mas podem ter dificuldade na escolha da roupa adequada para vestir.	5 - 2	5	0	
94	De vez em quando	\N	3	1	
95	Quase sempre	\N	4	0	
96	Quase sempre	\N	1	3	
97	Muitas vezes	\N	2	2	
98	Por vezes	\N	3	1	
208	Toque em qualquer quadrado	\N	2	1	
209	Toque em qualquer crculo pequeno	\N	3	2	
210	Toque no crculo pequeno e amarelo	\N	4	3	
212	Toque num crculo pequeno verde e no quadrado grande vermelho	\N	6	5	
213	Esquecimento do local onde colocou objectos familiares.	2	1	0	
214	Esquecimento de nomes antes bem conhecidos.	2	2	0	
259	Incontinente.	7	2	0	
215	Sem dfice de memria objectivo durante a entrevista clnica.	2	3	0	
35	Apatia ou agressividade	\N	3	2	
32	Perturbaes (minor): teimosia, emotividade, lamentao	\N	2	1	
41	Utiliza o telefone por iniciativa prpria	\N	1	1	
42	 capaz de marcar bem alguns nmeros familiares	\N	2	1	
43	 capaz de pedir para telefonar, mas no  capaz de marcar	\N	3	1	
44	No  capaz de usar o telefone	\N	4	0	
45	Realiza todas as compras necessrias independentemente	\N	1	1	
48	 totalmente incapaz de comprar	\N	4	0	
49	Organiza, prepara e serve as refeies sozinho e adequadamente	\N	1	1	
50	Prepara adequadamente as refeies se se fornecem os alimentos	\N	2	1	
51	Prepara, aquece e serve as refeies, mas no segue uma dieta adequada	\N	3	1	
10	Necessita de ajuda parcial ou de apoio	\N	2	1	
11	Necessidade total de ajuda	\N	3	2	
14	Possvel no exterior ou em casa	\N	1	0	
15	Limitado ao domiclio	\N	2	1	
16	Limitado  cama	\N	3	2	
18	Dificuldade em falar	\N	2	1	
20	Normal	\N	1	0	
24	Faz a sua higiene normalmente	\N	1	0	
25	Necessita de ajuda parcial	\N	2	1	
26	Necessita de ajuda total	\N	3	2	
1	Alimenta-se normalmente		0	0	
36	Nada ou muito ligeiramente	\N	1	1	
37	Um pouco	\N	2	2	
38	Moderadamente	\N	3	3	
39	Bastante	\N	4	4	
40	Extremamente	\N	5	5	
46	Realiza independentemente pequenas compras	\N	2	0	
47	Necessita de ir acompanhado para fazer qualquer compra	\N	3	0	
283	Boa	\N	1	0	
2	Necessita parcialmente de auxlio ou de alimentao	\N	2	1	
3	Necessidade total de ajuda humana ou de alimentao	\N	3	2	
12	Necesita de ajuda humana ou tcnica	\N	2	1	
13	Necessidade de uma cadeira de rodas ou impossibilidade de deslocao	\N	3	2	
19	Dificuldade na compreensso ou afasia	\N	3	2	
22	Muito m ou cegueira	+\\-	3	2	
23	Muito m ou surdez	\N	3	2	
27	Mico e defecao normal	\N	1	0	
30	Esquecimentos mais ou menos frequentes	\N	2	1	
34	Tristeza ou irritabilidade	\N	2	1	
28	Incontinncia urinria e fecal ocasional	\N	2	1	
17	Expresso verbal perfeita	\N	1	0	
29	Incontinncia urinria e fecal permanente (alglia ou doente ostomizado)	\N	3	2	
31	Esquecimentos muito frequentes ou amnsia	\N	3	2	
33	Perturbaes (major): agitao, desorientao, fuga	\N	3	2	
54	Realiza tarefas ligeiras, como lavar pratos ou fazer a cama	\N	2	1	
57	No participa em nenhuma tarefa domstica	\N	5	0	
59	Lava sozinho pequenas peas de roupa	\N	2	1	
58	Lava sozinho toda a sua roupa	\N	1	1	
61	Viaja sozinho em transporte pblico ou conduz o seu prprio carro	\N	1	1	
60	A lavagem da roupa tem de ser feita por terceiros	\N	3	0	
62	 capaz de apanhar um txi, mas no usa outro transporte	\N	2	1	
63	Viaja em transportes pblicos quando vai acompanhado	\N	3	1	
64	S utiliza o txi ou o automvel com ajuda de terceiros	\N	4	0	
65	No viaja	\N	5	0	
66	 capaz de tomar a medicao  hora e dose corretas	\N	1	1	
67	Toma a medicao se a dose  preparada previamente	\N	2	0	
68	No  capaz de administrar a sua medicao	\N	3	0	
70	Realiza as compras dirias, mas necessita de ajuda em grandes compras e no banco	\N	2	1	
69	Encarrega-se de assuntos financeiros sozinho	\N	1	1	
77	No tanto agora	\N	2	2	
71	Incapaz de manusear o dinheiro	\N	3	0	
72	Quase sempre	\N	1	3	
73	Muitas vezes	\N	2	2	
74	Por vezes	\N	3	1	
75	Nunca	\N	4	0	
76	Tanto como antes	\N	1	3	
78	S um pouco	\N	3	1	
81	Sim, mas no muito forte	\N	2	2	
79	Quase nada	\N	4	0	
80	Sim e muito forte	\N	1	3	
85	No tanto como antes	\N	2	2	
109	No dou a ateno que devia	\N	2	2	
83	De modo algum	\N	4	0	
84	Tanto como antes	\N	1	3	
82	Um pouco, mas no me aflige	\N	3	1	
86	Muito menos agora	\N	3	1	
87	Nunca	\N	4	0	
88	A maior parte do tempo	\N	1	3	
89	Muitas vezes	\N	2	2	
90	Por vezes	\N	3	1	
91	Quase nunca	\N	4	0	
92	Nunca	\N	1	3	
93	Poucas vezes	\N	2	2	
99	Nunca	\N	4	0	
100	Quase sempre	\N	1	3	
101	Muitas vezes	\N	2	2	
102	Por vezes	\N	3	1	
103	Nunca	\N	4	0	
104	Nunca	\N	1	3	
105	Por vezes	\N	2	2	
107	Quase sempre	\N	4	0	
108	Completamente	\N	1	3	
114	No muito	\N	3	1	
110	Talvez cuide menos que antes	\N	3	1	
111	Tenho o mesmo interesse de sempre	\N	4	0	
112	Muito	\N	1	3	
113	Bastante	\N	2	2	
117	No tanto como antes	\N	2	2	
115	Nada	\N	4	0	
116	Tanto como antes	\N	1	3	
128	Dia do Ms	\N	2	1	
118	Bastante menos agora	\N	3	1	
119	Quase nunca	\N	4	0	
120	Muitas vezes	\N	1	3	
121	Bastantes vezes	\N	2	2	
122	Por vezes	\N	3	1	
123	Nunca	\N	4	0	
125	Poucas vezes	\N	3	1	
126	Quase nunca	\N	4	0	
127	Dia da Semana	\N	1	1	
129	Ms	\N	3	1	
131	Estao do Ano	\N	5	1	
130	Ano	\N	4	1	
137	Limo	\N	1	1	
132	Edifcio	\N	1	1	
133	Piso/Andar	\N	2	1	
134	Localidade	\N	3	1	
135	Distrito	\N	4	1	
136	Pas	\N	5	1	
140	Joo	\N	1	1	
138	Chave	\N	2	1	
139	Bola	\N	3	1	
144	n 53	\N	5	1	
141	Macedo	\N	2	1	
143	Infante	\N	4	1	
151	Ano em que se deu a revoluo do 25 de Abril	\N	5	1	
145	Trancoso	\N	6	1	
146	Guarda	\N	7	1	
147	Nome do atual primeiro-ministro	\N	1	1	
148	Nome do primeiro rei de Portugal	\N	2	1	
149	Nome do atual presidente dos EUA	\N	3	1	
153	Pegou com a mo direita	\N	1	1	
152	Realizou a tarefa com sucesso	\N	1	1	
156	Hipoptamo	\N	1	0	
154	Dobrou a folha ao meio	\N	2	1	
155	Colocou a folha no colo	\N	3	1	
160	Primeira subtrao correta	\N	1	1	
157	Excentricidade	\N	2	0	
158	Ininteligvel	\N	3	0	
159	Estatstica	\N	4	0	
161	Segunda subtrao correta	\N	2	1	
162	Terceira subtrao correta	\N	3	1	
163	Quarta subtrao correta	\N	4	1	
164	Quinta subtrao correta	\N	5	1	
165	O	\N	1	1	
53	Mantm a casa sozinho ou com ajuda ocasional (trabalhos pesados)	\N	1	1	
56	Necessita de ajuda em todas as tarefas domsticas	\N	4	0	
167	N	\N	3	1	
168	U	\N	4	1	
169	M	\N	5	1	
172	... a que est associada ao deserto.	\N	3	1	
173	... a que est relacionada com a navegao	\N	4	1	
186	ncora	\N	5	1	possible_answers_images/ancora.png
174	8	\N	1	1	
175	10	\N	2	1	
176	7	\N	3	1	
177	9	\N	4	1	
178	R	\N	1	1	
179	M	\N	2	1	
180	A	\N	3	1	
181	T	\N	4	1	
182	Lapiz	\N	1	1	possible_answers_images/lapiz.png
184	Girafa	\N	3	1	possible_answers_images/girafa.png
185	Pinguim	\N	4	1	possible_answers_images/penguin.png
194	Joo Macedo	\N	1	1	
187	Camelo	\N	6	1	possible_answers_images/Camelo.png
188	Trompete	\N	7	1	possible_answers_images/trompete.png
189	Urso	\N	8	1	possible_answers_images/Urso.png
190	Barril	\N	9	1	possible_answers_images/Barril.png
191	Coroa	\N	10	1	possible_answers_images/COROA.png
192	Crocodilo	\N	11	1	possible_answers_images/crocodilo.png
195	Praa do Infante	\N	2	1	
193	Acordeo	\N	12	1	possible_answers_images/acordeao.png
199	Mostre-me a sua mo esquerda	\N	1	1	
196	53	\N	3	1	
197	Trancoso	\N	4	1	
198	Guarda	\N	5	1	
200	Mostre-me o seu p direito	\N	2	1	
201	Com a sua mo direita aponte para o meu ombro direito	\N	3	2	
207	Toque em qualquer pea verde	\N	1	1	
203	Amarelo	\N	1	1	
204	Verde	\N	2	1	
205	Branco	\N	3	1	
206	Vermelho	\N	4	1	
216	Sem  dfice objectivo no emprego ou em ocasies sociais.	2	4	0	
211	Toque num quadrado grande e num crculo branco	\N	5	4	
217	Preocupao legtima em relao aos sintomas.	2	5	0	
219	Os colegas do-se conta do desempenho relativamente pobre do paciente.	3	2	0	
218	O paciente pode ter-se perdido quando viajava para um local desconhecido.	3	1	0	
220	As dificuldades em encontrar palavras e/ou nomes tornam-se evidentes para as pessoas mais prximas.	3	3	0	
222	O paciente pode apresentar facilidade diminuda em recordar os nomes de pessoas a quem  apresentado.	3	5	0	
221	O paciente pode ler um texto, ou um livro, e reter relativamente pouco.	3	4	0	
224	Os testes clnicos podem evidenciar dfice de concentrao.	3	7	0	
223	O paciente pode ter perdido, ou colocado em local errado, um objecto de valor.	3	6	0	
225	Dfice de memria objectivo, evidente s no decurso duma entrevista intensiva.	3	8	0	
227	O paciente comea a manifestar denegao.	3	10	0	
229	Decrscimo no conhecimento de acontecimentos correntes e recentes.	4	1	0	
228	Ansiedade ligeira a moderada que acompanha frequentemente os  sintomas.	3	11	0	
230	Pode apresentar algum dfice de memria na sua prpria histria pessoal.	4	2	0	
231	Dfice de concentrao evidenciado nas subtraes seriadas.	4	3	0	
232	Diminuio da capacidade para viajar, gerir as finanas, etc	4	4	0	
233	Orientao no tempo e no espao.	4 - 2	1	0	
234	Orientao no tempo e no espao.	4 - 2	2	0	
237	A denegao  o mecanismo de defesa dominante	4 - 2	5	0	
235	Capacidade de viajar para locais conhecidos.	4 - 2	3	0	
236	Incapacidade para executar tarefas complexas.	4 - 3	2	0	
238	Embotamento dos afectos e desistncia em situaes de desafio	4 - 2	6	0	
239	Do seu endereo, ou do seu nmero de telefone, que tem desde h muitos anos.	5	1	0	
240	Dos nomes dos seus familiares mais prximos (tais como os seus netos).	5	2	0	
241	Do nome do liceu (escola secundria), ou da faculdade em que se formou.	5	3	0	
242	Apresenta frequentemente alguma desorientao relativamente ao tempo (data, dia da semana, estao do ano, etc), ou  ao local.	5 - 2	1	0	
243	Uma pessoa escolarizada pode ter alguma dificuldade na subtrao em sries de 4 em 40, ou de 2 em 20.	5 - 2	2	0	
244	As pessoas neste nvel retm a lembrana dos factos mais importantes relativamente a si prprios, e a outros.	5 - 2	3	0	
245	Sabem  invariavelmente os seus prprios nomes, e conhecem, geralmente, os nomes do conjuge e dos filhos.	5 - 2	4	0	
247	Podem de todo no se aperceber de todos os acontecimentos e experincias recentes das suas vidas.	6	1	0	
248	Retm alguma noo do que os rodeia, do ano, da estao do ano, etc.	6	2	0	
249	Podem ter dificuldade em contar de 1 at 10, em ordem decrescente, e por vezes em ordem crescente.	6	3	0	
251	Necessitaro de assistncia para viajar, mas podero, ocasionalmente, ser capazes de viajar para locais  conhecidos.	6 - 2	2	0	
250	Podem ficar incontinentes.	6 - 2	1	0	
252	O ritmo diurno encontra-se frequentemente alterado.	6 - 3	1	0	
171	... a que  um rptil.	\N	2	1	
166	D	\N	2	1	
253	Lembram-se quase sempre do seu prprio nome.	6 - 3	2	0	
254	Comportamento delirante, isto , o paciente pode acusar o seu cnjuge de ser uma pessoa impostora; pode falar para  figuras imaginrias  sua volta, ou para a sua prpria imagem reflectida no espelho.	6 - 4	1	0	
285	M	\N	3	0	
300	No	\N	1	1	
303	s vezes	\N	3	3	
306	Nunca fao isto	\N	1	1	
307	Fao isto por vezes	\N	2	2	
264	Sem Declnio Cognitivo	\N	1	1	
265	Declnio Cognitivo Muito Ligeiro	\N	2	2	
266	Declnio Cognitivo Ligeiro	\N	3	3	
267	Declnio Cognitivo Moderado	\N	4	4	
268	Declnio Cognitivo Moderadamente Grave	\N	5	5	
282	Euforia	\N	6	0	
308	Em mdia,  isto que fao	\N	3	3	
286	Simpatia	\N	1	0	
287	Indiferente	\N	2	0	
288	Hostil	\N	3	0	
289	Discordo Fortemente	\N	1	0	
290	Discordo	\N	2	1	
291	Neutro	\N	3	2	
292	Concordo	\N	4	3	
293	Concordo Fortemente	\N	5	4	
294	Discordo Fortemente	\N	1	4	
295	Discordo	\N	2	3	
255	Comportamento delirante, isto , o paciente pode acusar o seu cnjuge de ser uma pessoa impostora; pode falar para figuras imaginrias  sua volta, ou para a sua prpria imagem reflectida no espelho.	6 - 4	2	0	
256	Podem ocorrer: sintomas de ansiedade, de agitao e mesmo um comportamento violento antes inexistente.	6 - 4	3	0	
257	Abulia cognitiva, isto , perda da fora de vontade, por o indivduo no conseguir manter um pensamento at completar uma ao	6 - 4	4	0	
258	Na fase inicial deste nvel as palavras e as frases so faladas, mas o discurso  muito limitado. Mais tarde deixa de haver discurso - apenas sons grunhidos.	7	1	0	
260	Requer assistncia na higiene e na alimentao.	7	3	0	
261	As competncias psicomotoras bsicas (como por ex. a capacidade de andar) vo sendo perdidas com a progresso deste nvel.	7	4	0	
262	O  crebro parece no ser mais capaz de comandar o corpo.	7	5	0	
263	Presena frequente de sinais e sintomas neurolgicos difusos  e corticais.	7	7	0	
275	Hipercintico	\N	2	0	
276	Hipocintico	\N	3	0	
281	Depresso	\N	5	0	
284	Razovel	\N	2	0	
309	Fao quase sempre isto	\N	4	4	
269	Declnio Cognitivo Grave	\N	6	6	
270	Declnio Cognitivo Muito Grave	\N	7	7	
271	Vigil	\N	1	0	
272	Sonolento	\N	2	0	
273	Flutuante	\N	3	0	
274	Normal	\N	1	0	
277	Adaptado	\N	1	0	
278	Inadaptado	\N	2	0	
279	Flutuante	\N	3	0	
296	Neutro	\N	3	2	
297	Concordo	\N	4	1	
298	Concordo Fortemente	\N	5	0	
299	Sim	\N	1	1	
301	Nunca	\N	1	1	
302	Raramente	\N	2	2	
304	Quase sempre	\N	4	4	
305	Sempre	\N	5	5	
280	Apatia	\N	4	0	
310	0	\N	1	0	
311	1	\N	2	1	
312	2	\N	3	2	
313	3 ou 4	\N	4	3	
314	5 a 8	\N	5	4	
315	9 e mais	\N	6	5	
\.


--
-- Data for Name: protocolo_protocol; Type: TABLE DATA; Schema: public; Owner: leda
--

COPY public.protocolo_protocol (id, name, description, "order") FROM stdin;
1	Protocolo de Avaliao MentHA	\N	1
\.


--
-- Data for Name: protocolo_question; Type: TABLE DATA; Schema: public; Owner: leda
--

COPY public.protocolo_question (id, name, description, "order", question_type, instruction, quotation_max, quotation_min, pdf_page, section_id) FROM stdin;
9	Dores sobre o corao ou o peito	\N	7	3		4	0	33	4
10	Medo na rua ou praas pblicas	\N	8	3		4	0	33	4
51	Sentir-se to desassossegado que no consegue manter-se sentado quieto	\N	49	3		4	0	33	4
24	Sentir-se inferior aos outros	\N	22	3		4	0	33	4
25	Vontade de vomitar ou mal-estar do estmago	\N	23	1		4	0	33	4
26	Impresso de que os outros o costumam observar ou falar de si	\N	24	3		4	0	33	4
27	Dificuldade em adormecer	\N	25	3		4	0	33	4
28	Sentir necessidade de verificar vrias vezes o que faz	\N	26	3		4	0	33	4
29	Dificuldade em tomar decises	\N	27	3		4	0	33	4
30	Medo de viajar de autocarro, de comboio ou de metro	\N	28	3		4	0	33	4
31	Sensao de que falta o ar	\N	29	3		4	0	33	4
32	Calafrios ou afrontamentos	\N	30	3		4	0	33	4
33	Ter de evitar certas coisas, lugares ou actividades por lhe causarem medo	\N	31	3		4	0	33	4
34	Sensao de vazio na cabea	\N	32	3		4	0	33	4
35	Sensaao de anestesia (encortiamento ou formigueiro) no corpo	\N	33	3		4	0	33	4
36	Ter a ideia que deveria ser castigado pelos seus pecados	\N	34	3		4	0	33	4
37	Sentir-se sem esperana perante o futuro	\N	35	3		4	0	33	4
38	Ter dificuldade em se concentrar	\N	36	3		4	0	33	4
39	Falta de foras em partes do corpo	\N	37	3		4	0	33	4
40	Sentir-se em estado de tenso ou aflio	\N	38	3		4	0	33	4
41	Pensamentos sobre a morte ou que vai morrer	\N	39	3		4	0	33	4
42	Ter impulso de bater, ofender ou ferir algum	\N	40	3		4	0	33	4
43	Ter vontade de destruir ou partir coisas	\N	41	3		4	0	33	4
44	Sentir-se embaraado junto de pessoas	\N	42	3		4	0	33	4
45	Sentir-se mal no meio das multides como lojas, cinemas ou assembleias	\N	43	3		4	0	33	4
46	Grande dificuldade em sentir-se "prximo" de outra pessoa	\N	44	3		4	0	33	4
47	Ter ataques de terror ou pnico	\N	45	3		4	0	33	4
48	Entrar facilmente em discusso	\N	46	3		4	0	33	4
49	Sentir-se nervoso quando tem que ficar sozinho	\N	47	3		4	0	33	4
50	Sentir que as outras pessoas no do o devido valor ao seu trabalho ou s suas capacidades	\N	48	3		4	0	33	4
52	Sentir que no tem valor	\N	50	3		4	0	33	4
53	Ter a impresso que, se deixasse, as outras pessoas se aproveitariam de si	\N	51	1		4	0	33	4
54	Ter sentimentos de culpa	\N	52	3		4	0	33	4
55	Ter a impresso que alguma coisa no regula bem na sua cabea	\N	53	3		4	0	33	4
57	Deslocao	No domiclio ou no exterior	2	1	Agora vou perguntar-lhe sobre o seu funcionamento no dia-a-dia.	2	0	12	6
58	Espao de vida	+\\- ajuda humana ou tcnica	0	1	Agora vou perguntar-lhe sobre o seu funcionamento no dia-a-dia.	2	0	12	7
23	Sentir que as outras pessoas no so amigas ou no gostam de si	\N	21	3		4	0	33	4
56	Transferncia	(subir ou descer da cama)	1	1	Agora vou perguntar-lhe sobre o seu funcionamento no dia-a-dia.	2	0	12	5
5	Ter a impresso que as outras pessoas podem controlar os seus pensamentos	\N	3	3		4	0	33	4
59	Fala	\N	1	1	Agora vou perguntar-lhe sobre o seu funcionamento no dia-a-dia. No perguntar, responder de acordo com as respostas dadas anteriormente.	2	0	12	8
8	Aborrecer-se ou irritar-se facilmente	\N	6	3		4	0	33	4
6	Ter a ideia que os outros so culpados pela maioria dos seus problemas	\N	4	3		4	0	33	4
7	Dificuldade em lembrar-se de coisas passadas ou recentes	\N	5	3		4	0	33	4
11	Pensamentos de acabar com a vida	\N	9	3		4	0	33	4
13	Perder o apetite	\N	11	3		4	0	33	4
12	Sentir que no pode confiar na maioria das pessoas	\N	10	3		4	0	33	4
14	Ter um medo sbito sem razo para isso	\N	12	3		4	0	33	4
15	Ter impulsos que no se podem controlar	\N	13	3		4	0	33	4
16	Sentir-se sozinho mesmo quando est com mais pessoas	\N	14	3		4	0	33	4
17	Dificuldade em fazer qualquer trabalho	\N	15	3		4	0	33	4
18	Sentir-se sozinho	\N	16	3		4	0	33	4
19	Sentir-se triste	\N	17	3		4	0	33	4
20	No ter interesse por nada	\N	18	3		4	0	33	4
21	Sentir-se atemorizado	\N	19	2		4	0	33	4
22	Sentir-se facilmente ofendido nos seus sentimentos	\N	20	3		4	0	33	4
4	Desmaios ou tonturas	\N	2	3		4	0	33	4
81	Lavagem da roupa	\N	5	1	No caso dos homens no se contabilizam a preparao das refeies, as tarefas domsticas e a lavagem da roupa	1	0	37	19
84	Responsabilidade de assuntos financeiros	\N	8	1	No caso dos homens no se contabilizam a preparao das refeies, as tarefas domsticas e a lavagem da roupa	1	0	37	22
103	Evocao Diferida (Intervalo Curto)	\N	2	4	Perguntar: "Quais foram as palavras que eu lhe pedi para repetir e ficar?"	3	0	17	47
101	Letra P	\N	0	5	Dizer: "Durante um minuto, diga as palavras que se consegue lembrar e que comecem pela letra P. No pode dizer nomes de pessoas (ex: "Paulo"), nem de lugares (ex: "Portalegre"), nem diminutivos (ex: "Paulinho"). Tem alguma dvida?"\r\n\r\nCaso no subsidam dvidas, dizer: "Pode comear." e acionar o cronmetro.	7	0	19	42
78	Fazer compras	\N	2	1	No caso dos homens no se contabilizam a preparao das refeies, as tarefas domsticas e a lavagem da roupa	1	0	37	16
72	Ativo/a	\N	6	3		5	0	36	14
92	Sinto-me mais lento/a, como se fizesse as coisas mais devagar	\N	8	3		5	0	39	37
96	Penso com prazer nas coisas que podem acontecer no futuro	\N	12	3		5	0	39	37
102	Memria	\N	1	4	Dizer "Vou dizer-lhe trs palavras que quero que repita. As palavras so: limo, chave, bola." \r\n\r\nDepois do examinador as repetir, dizer: "Tente fixar estas palavras porque vou pedir-lhe para as dizer mais tarde".\r\n\r\n(Repetir at 3 vezes, se necessrio).\r\n\r\nRegistar o nmero de ensaios na caixa dos apontamentos.	3	0	15	64
88	Sou capaz de rir e ver o lado divertido das coisas	\N	4	3		5	0	39	37
61	Audio	\N	3	1	Agora vou perguntar-lhe sobre o seu funcionamento no dia-a-dia.	2	0	12	10
97	De repente, tenho sensaes de pnico:	\N	13	3		5	0	39	37
62	Higiene	\N	2	1	Agora vou perguntar-lhe sobre o seu funcionamento no dia-a-dia.	2	0	12	2
65	Comportamento	\N	2	1	Agora vou perguntar-lhe sobre o seu funcionamento no dia-a-dia.	2	0	12	12
66	Humor	\N	0	1	Agora vou perguntar-lhe sobre o seu funcionamento no dia-a-dia.	2	0	12	13
73	Assustado/a	\N	7	3		5	0	36	14
74	Culpado/a	\N	8	3		5	0	36	14
77	Utilizao do telefone	\N	1	1	No caso dos homens no se contabilizam a preparao das refeies, as tarefas domsticas e a lavagem da roupa	1	0	37	15
79	Preparao das refeies	\N	3	1	No caso dos homens no se contabilizam a preparao das refeies, as tarefas domsticas e a lavagem da roupa	1	0	37	17
75	Determinado/a	\N	9	3		5	0	36	14
63	Eliminao	\N	0	1	Agora vou perguntar-lhe sobre o seu funcionamento no dia-a-dia.	2	0	12	3
99	Orientao Temporal	\N	1	4	Perguntar sobre os temas abaixo.\r\n\r\nSe o Participante acertar, carregar na checkbox.	5	0	14	39
86	Ainda sinto prazer nas coisas de que costumava gostar	\N	2	3		5	0	39	37
87	Tenho uma sensao de medo, como se algo terrvel estivesse para acontecer	\N	3	3		5	0	39	37
82	Utilizao de meios de transporte	\N	6	1	No caso dos homens no se contabilizam a preparao das refeies, as tarefas domsticas e a lavagem da roupa	1	0	37	20
83	Manejo da medicao	\N	0	1	No caso dos homens no se contabilizam a preparao das refeies, as tarefas domsticas e a lavagem da roupa	1	0	37	21
93	Fico de tal forma apreensivo/a (com medo), que at sinto um aperto no estmago	\N	9	3		5	0	39	37
64	Memria	\N	0	1	Agora vou perguntar-lhe sobre o seu funcionamento no dia-a-dia. No perguntar, preencher com base nas perguntas realizadas anteriormente.	2	0	12	11
80	Tarefas domsticas	\N	4	1	No caso dos homens no se contabilizam a preparao das refeies, as tarefas domsticas e a lavagem da roupa	1	0	37	18
98	Sou capaz de apreciar um bom livro ou um programa de rudio ou televiso	\N	14	3		5	0	39	37
68	Nervoso/a	\N	2	3		5	0	36	14
100	Orientao Espacial	\N	2	4	Perguntar sobre os temas abaixo.\r\n\r\nSe o Participante acertar, carregar na checkbox.	5	0	14	41
89	Tenho a cabea cheia de preocupaes	\N	5	3		5	0	39	37
90	Sinto-me animado/a	\N	6	3		5	0	39	37
91	Sou capaz de estar descontraidamente sentado/a e sentir-me relaxado/a	\N	7	3		5	0	39	37
69	Entusiasmado/a	\N	3	3		5	0	36	14
76	Atormentado/a	\N	10	3		5	0	36	14
94	Perdi o interesse em cuidar do meu aspecto fsico	\N	10	3		5	0	39	37
95	Sinto-me de tal forma inquieto/a que no consigo estar parado/a	\N	11	3		5	0	39	37
70	Amedrontado/a	\N	4	3		5	0	36	14
71	Inspirado/a	\N	5	3		5	0	36	14
120	Percepo (Pontos)	\N	0	4	Apresente ao examinando a imagem de auxlio (Folha Estimulo 8).\r\n\r\nDizer: "Sem apontar, diga quantos pontos v em cada quadrado.".	4	0	29	65
123	Nomeao	\N	5	6	Apresentar ao examinando a Folha de Estmulo 2. Perguntar,  medida que aponta para cada uma das imagens: "O que  isto?".	12	0	23	54
109	Escrita	\N	3	4	Pedir ao examinando para escrever uma frase.\r\n\r\nDizer: "Escreva uma frase.". Virar a folha e permitir que o examinando escreva a frase no verso.	1	0	22	50
107	Compreenso (Carto)	\N	1	4	Dizer: "Vou mostrar-lhe um carto. Leia e faa o que est escrito no carto."\r\n\r\nMostrar a imagem de suporte (Folha Estimulo 1).	1	0	21	48
110	Repetio I	\N	1	4	Dizer: "Repita as seguintes palavras" .\r\n\r\n(Ler uma palavra de cada vez, esperando pela repetio do sujeito):	2	0	22	51
111	Repetio II	\N	0	4	Dizer: "Repita, por favor, o que vou dizer: 'Acima, atrs e abaixo'.".	1	0	23	52
132	Compreenso (Etapas)	\N	0	4	Dizer "Vou dar-lhe uma folha de papel. Pegue na folha de papel com a sua mo direita, dobre a folha ao meio e coloque a folha no seu colo."	3	0	22	77
115	Ateno e Concentrao (Soletrar)	\N	1	4	Aplicar esta tarefa apenas se o examinando cometer algum erro na tarefa de Clculo.\r\n\r\nPedir para soletrar a palavra MUNDO". Dizer: Diga, letra a letra, a palavra MUNDO". \r\n\r\nDepois, pedir para soletrar a mesma palavra de trs para a frente. Dizer: Agora diga, letra a letra, a palavra MUNDO, mas ao contrrio".	5	0	16	57
114	Ateno e Concentrao (Clculo)	\N	0	4	Perguntar: Quanto  100 menos 7?". \r\n\r\nDepois de o examinando ter respondido, dizer: Agora, ao nmero encontrado, volte a subtrair 7". \r\n\r\nSe o examinando cometer algum erro, continuar a tarefa. Registar e verificar as respostas subsequentes.\r\n\r\nCarrega na checkbox das subtraes que o examinando respondeu corretamente.	5	0	16	40
116	Compreenso (Figuras)	\N	1	4	Considerando as figuras apresentadas na imagem de auxilio, dizer: "Destas figuras aponte..."\r\n\r\nMarcar a checkbox dos itens que o examinando responder corretamente.	4	0	24	55
118	Capacidade Visuo-Espacial (Cubo)	\N	0	2	Apresentar ao examinando a primeira imagem de auxilio (Folha Estimulo 6) e dizer: "Copie este desenho.".\r\n\r\nCotar de acordo com a segunda iamgem de auxilio.	2	0	26	59
129	Ateno e Concentrao (Soletrar)	\N	5	4	Aplicar esta tarefa apenas se o examinando cometer algum erro na tarefa de Clculo.\r\n\r\nPedir para soletrar a palavra "MUNDO". Dizer: "Diga, letra a letra, a palavra MUNDO". \r\n\r\nDepois, pedir para soletrar a mesma palavra de trs para a frente. Dizer: "Agora diga, letra a letra, a palavra MUNDO, mas ao contrrio".	5	0	16	72
117	Capacidade Visuo-Espacial (Pentgonos)	\N	1	2	Apresentar ao examinando a primeira imagem de auxilio (Folha Estimulo 5) e dizer: "Copie este desenho.".\r\n\r\nCotar de acordo com a segunda imagem de auxilio.	1	0	25	58
121	Evocao Diferida (Intervalo Longo)	\N	0	4	Dizer: "Diga o nome e a morada que aprendeu h pouco.".	7	0	30	62
130	Evocao Diferida (Intervalo Curto)	\N	0	4	Perguntar: "Quais foram as palavras que eu lhe pedi para repetir e fixar?".	3	0	17	73
125	Orientao (Temporal)	\N	0	4	Perguntar sobre os temas abaixo.\r\n\r\nSe o Participante acertar, carregar na checkbox.	5	0	14	68
127	Memria	\N	0	4		3	0	15	70
131	Compreenso (Carto)	\N	0	2	Dizer: "Vou mostrar-lhe um carto. Leia e faa o que est escrito no carto."\r\n\r\nMostrar a imagem de suporte (Folha Estimulo 1).	1	0	21	76
133	Repetio III	\N	0	4	Dizer: "Repita, por favor, o que vou dizer: 'Nem mas, nem meio mas'.".	1	0	0	79
105	Memria Retrgrada	\N	4	4	Carregar na checkbox referente aos itens que o examinando responde corretamente.	4	0	18	46
106	Categoria "Animais"	\N	2	5	Dizer: "Agora, comeando por qualquer letra, diga TODOS os nomes de animais que se consiga lembrar. Tem um minuto. Tem alguma dvida?".\r\n\r\nCaso no subsistam dvidas, dizer: "Pode comear." e accionar o cronmetro.	7	0	20	43
119	Capacidade Visuo-Espacial (Relgio)	\N	3	2	Fornea ao examinando a pagina 7 e dizer: "Desenhe o mostrador de um relgio redondo, com os nmeros todos.". \r\n\r\nUma vez terminada esta tarefa, pedir: "Agora, coloque os ponteiros a marcar 11h10m.".	5	0	27	60
108	Compreenso (Etapas)	\N	1	4	Dizer "Vou dar-lhe uma folha de papel. Pegue na folha de papel com a sua mo direita, dobre a folha ao meio e coloque a folha no seu colo."	3	0	22	49
112	Repetio III	\N	0	4	Dizer: "Repita, por favor, o que vou dizer: 'Nem mas, nem meio mas'.".	1	0	23	53
126	Orientao (Espacial)	\N	0	4	Perguntar sobre os temas abaixo.\r\n\r\nSe o Participante acertar, carregar na checkbox.	5	0	14	69
134	Nomeao	\N	0	6	Apresentar ao examinando a Folha de Estmulo 2. Perguntar,  medida que aponta para cada uma das imagens: "O que  isto?".	2	0	23	80
113	Leitura	\N	4	1	Apresentar ao examinador a Imagem de Suporte (Folha Estimulo 3).\r\n\r\nDizer: "Leia, em voz alta, as seguintes palavras.".	1	0	25	56
122	Percepo (Letras)	\N	2	4	Apresentar ao examinando a imagem de auxlio (Folha Estimulo 9). \r\n\r\nDizer: "Diga qual a letra que est apresentada em cada quadrado.".	4	0	29	66
136	Escrita	\N	0	4	Pedir ao examinando para escrever uma frase.\r\n\r\nDizer: "Escreva uma frase.". Virar a folha e permitir que o examinando escreva a frase no verso.	1	0	22	78
139	Desenho B	\N	0	2	Depois de ter concludo o desenho A, abre-se mostrar o desenho B e diz-se: Agora vou mostra-lhe um novo desenho. Tal como h pouco quero que fixe o desenho para depois desenhar aqui. Est pronto? \r\n\r\nMostrar o Desenho B e cronometrar o tempo. Passados os 10 segundos, dizer: \r\n\r\nAgora faa o desenho. No se preocupe com os seus dotes de artista, desenhe apenas o melhor que conseguir. \r\n\r\nSe o sujeito disser que no se recorda, diz-se : Desenhe aquilo que se recorda, o melhor que conseguir.	2	0	43	83
145	Desenho D	\N	0	2	H pouco mostrei-lhe algumas pginas com desenhos. Observou os desenhos e em seguida, desenhou-os \r\nnestas folhas. Agora, quero que os volte a desenhar. No tem de os desenhar pela mesma ordem em que os \r\nfez antes. Se havia apenas um desenho numa pgina, faa esse desenho. Se havia dois desenhos numa \r\npgina, faa os dois desenhos, tal como se recorda. Agora faa um dos desenhos aqui. \r\nSe o sujeito disser que no se recorda dos desenhos, o examinador deve estimul-lo a realizar a tarefa \r\ndizendo qualquer coisa como: "Cada pgina tinha um ou mais desenhos" ou "tente, pelo menos, recordar-se \r\nde um dos desenhos". \r\n \r\nQuando o sujeito tiver terminado um desenho, diz-se: "Agora faa outro dos desenhos aqui".	2	0	43	90
141	Desenho E	\N	0	2	Depois de ter concludo o desenho D, abre-se mostrar o desenho E e diz-se: Agora vou mostra-lhe um novo desenho. Tal como h pouco quero que fixe o desenho para depois desenhar aqui. Est pronto? \r\n\r\nMostrar o Desenho E e cronometrar o tempo. Passados os 10 segundos, dizer: \r\n\r\nAgora faa o desenho. No se preocupe com os seus dotes de artista, desenhe apenas o melhor que conseguir. \r\n\r\nSe o sujeito disser que no se recorda, diz-se : Desenhe aquilo que se recorda, o melhor que conseguir.	2	0	43	86
144	Desenho C	\N	0	2	H pouco mostrei-lhe algumas pginas com desenhos. Observou os desenhos e em seguida, desenhou-os \r\nnestas folhas. Agora, quero que os volte a desenhar. No tem de os desenhar pela mesma ordem em que os \r\nfez antes. Se havia apenas um desenho numa pgina, faa esse desenho. Se havia dois desenhos numa \r\npgina, faa os dois desenhos, tal como se recorda. Agora faa um dos desenhos aqui. \r\nSe o sujeito disser que no se recorda dos desenhos, o examinador deve estimul-lo a realizar a tarefa \r\ndizendo qualquer coisa como: "Cada pgina tinha um ou mais desenhos" ou "tente, pelo menos, recordar-se \r\nde um dos desenhos". \r\n \r\nQuando o sujeito tiver terminado um desenho, diz-se: "Agora faa outro dos desenhos aqui".	2	0	43	89
146	Desenho E	\N	0	2	H pouco mostrei-lhe algumas pginas com desenhos. Observou os desenhos e em seguida, desenhou-os \r\nnestas folhas. Agora, quero que os volte a desenhar. No tem de os desenhar pela mesma ordem em que os \r\nfez antes. Se havia apenas um desenho numa pgina, faa esse desenho. Se havia dois desenhos numa \r\npgina, faa os dois desenhos, tal como se recorda. Agora faa um dos desenhos aqui. \r\nSe o sujeito disser que no se recorda dos desenhos, o examinador deve estimul-lo a realizar a tarefa \r\ndizendo qualquer coisa como: "Cada pgina tinha um ou mais desenhos" ou "tente, pelo menos, recordar-se \r\nde um dos desenhos". \r\n \r\nQuando o sujeito tiver terminado um desenho, diz-se: "Agora faa outro dos desenhos aqui".	2	0	43	91
143	Desenho B	\N	0	2	H pouco mostrei-lhe algumas pginas com desenhos. Observou os desenhos e em seguida, desenhou-os \r\nnestas folhas. Agora, quero que os volte a desenhar. No tem de os desenhar pela mesma ordem em que os \r\nfez antes. Se havia apenas um desenho numa pgina, faa esse desenho. Se havia dois desenhos numa \r\npgina, faa os dois desenhos, tal como se recorda. Agora faa um dos desenhos aqui. \r\nSe o sujeito disser que no se recorda dos desenhos, o examinador deve estimul-lo a realizar a tarefa \r\ndizendo qualquer coisa como: "Cada pgina tinha um ou mais desenhos" ou "tente, pelo menos, recordar-se \r\nde um dos desenhos". \r\n \r\nQuando o sujeito tiver terminado um desenho, diz-se: "Agora faa outro dos desenhos aqui".	2	0	43	88
142	Desenho A	\N	0	2	H pouco mostrei-lhe algumas pginas com desenhos. Observou os desenhos e em seguida, desenhou-os \r\nnestas folhas. Agora, quero que os volte a desenhar. No tem de os desenhar pela mesma ordem em que os \r\nfez antes. Se havia apenas um desenho numa pgina, faa esse desenho. Se havia dois desenhos numa \r\npgina, faa os dois desenhos, tal como se recorda. Agora faa um dos desenhos aqui. \r\nSe o sujeito disser que no se recorda dos desenhos, o examinador deve estimul-lo a realizar a tarefa \r\ndizendo qualquer coisa como: "Cada pgina tinha um ou mais desenhos" ou "tente, pelo menos, recordar-se \r\nde um dos desenhos". \r\n \r\nQuando o sujeito tiver terminado um desenho, diz-se: "Agora faa outro dos desenhos aqui".	2	0	43	87
138	Desenho C	\N	0	2	Depois de ter concludo o desenho B, abre-se mostrar o desenho C e diz-se: \r\n\r\nAgora vou mostra-lhe um novo desenho. Tal como h pouco quero que fixe o desenho para depois desenhar aqui. Est pronto? \r\n\r\nMostrar o Desenho C e cronometrar o tempo. Passados os 10 segundos, dizer: \r\nAgora faa o desenho. No se preocupe com os seus dotes de artista, desenhe apenas o melhor que conseguir. \r\n\r\nSe o sujeito disser que no se recorda, diz-se : Desenhe aquilo que se recorda, o melhor que conseguir.	2	0	43	84
140	Desenho D	\N	0	2	Depois de ter concludo o desenho C, abre-se mostrar o desenho D e diz-se: Agora vou mostra-lhe um novo desenho. Tal como h pouco quero que fixe o desenho para depois desenhar aqui. Est pronto? \r\n\r\nMostrar o Desenho D e cronometrar o tempo. Passados os 10 segundos, dizer: \r\n\r\nAgora faa o desenho. No se preocupe com os seus dotes de artista, desenhe apenas o melhor que conseguir. \r\n\r\nSe o sujeito disser que no se recorda, diz-se : Desenhe aquilo que se recorda, o melhor que conseguir.	2	0	43	85
152	Provrbio A	\N	0	2	Vou dizer-lhe uns provrbios populares que gostaria que me explicasse o que querem dizer, qual a \r\nmensagem. \r\n\r\n\r\n"Gro a gro enche a galinha o papo."\r\n\r\n\r\n__Cotao__\r\nClassificar 0, 1, 2, 3 de acordo com o grau de abstraco.	3	0	51	97
153	Provrbio B	\N	0	2	Vou dizer-lhe uns provrbios populares que gostaria que me explicasse o que querem dizer, qual a \r\nmensagem. \r\n\r\n\r\n"O Sol quando nasce  para todos".\r\n\r\n\r\n__Cotao__\r\nClassificar 0, 1, 2, 3 de acordo com o grau de abstraco.	3	0	51	98
154	Provrbio C	\N	0	2	Vou dizer-lhe uns provrbios populares que gostaria que me explicasse o que querem dizer, qual a \r\nmensagem. \r\n\r\n\r\n"Quem tem telhados de vidro no deve atirar pedras ao do vizinho".\r\n\r\n\r\n__Cotao__\r\nClassificar 0, 1, 2, 3 de acordo com o grau de abstraco.	3	0	51	99
151	Gnosia - (Autotopognosia) Orientao Direita Esquerda	\N	0	4		6	0	50	96
155	Nomeao de Cores	\N	0	4	Nomeie (diga-me o nome) a cor que eu vou indicar.	4	0	52	100
156	Ordens	\N	0	5	Aponte para as cores que lhe vou dizer respeitando exatamente a mesma ordem.	17	0	0	101
157	Respondente #1	\N	0	8	Marque os sintomas que se aplicam ao participante.	0	0	55	103
158	Respondente #2	\N	0	8	Marque os sintomas que se aplicam ao participante.	0	0	55	104
159	Respondente #3	\N	0	8	Marque os sintomas que se aplicam ao participante.	0	0	55	105
160	Atribuio de Estadio	\N	0	9	Destinado  tomada de deciso do examinador para atribuio de estadio de deteoriorao. \r\nEscolha o nvel global mais apropriado, de acordo com a cognio e funo.	7	0	55	102
161	Ateno e Concentrao (Clculo)	\N	0	4	Perguntar: "Quanto  100 menos 7?". \r\n\r\nDepois de o examinando ter respondido, dizer: "Agora, ao nmero encontrado, volte a subtrair 7". \r\n\r\nSe o examinando cometer algum erro, continuar a tarefa. Registar e verificar as respostas subsequentes.\r\n\r\nCarrega na checkbox das subtraes que o examinando respondeu corretamente.	5	0	16	71
162	Conscincia	\N	0	4	Carregue nas checkboxes que melhor descrevem o Participante.	0	0	0	106
163	Atividade Motora	\N	0	4	Carregue nas checkboxes que melhor descrevem o Participante.	0	0	0	107
164	Humor	\N	0	4	Carregue nas checkboxes que melhor descrevem o Participante.	0	0	0	108
165	Cooperao dada na entrevista	\N	0	1	Escolha a opo que melhor descreve a situao.	0	0	0	109
60	Viso	+\\- correo	2	1	Agora vou perguntar-lhe sobre o seu funcionamento no dia-a-dia.	2	0	12	9
67	Interessado/a	Este questionrio consiste num conjunto de sentimentos e emoes.	1	3	Oua com ateno, cada item e indique a resposta correta no espao  frente de cada palavra.	5	0	36	14
183	Sou dominador(a), cheio(a) de fora e combativo(a).	\N	17	3		4	0	0	111
85	Sinto-me tenso/a ou nervoso/a	\N	1	3	Este questionrio foi construdo para ajudar a saber como se sente. \r\n\r\nPedimos-lhe que leia cada uma das perguntas e faa uma cruz (X) no espao anterior  resposta que melhor descreve a forma como se tem sentido na ltima semana. \r\n\r\nNo demore muito tempo a pensar nas respostas. \r\n\r\nA sua reao imediata a cada questo ser provavelmente mais correta do que uma resposta muito ponderada.	5	0	39	37
124	Reconhecimento	\N	0	7	Esta tarefa deve ser aplicada apenas no caso do examinando no ter conseguido evocar um ou mais itens. Se todos os itens tiverem sido evocados, no aplicar esta tarefas e atribuir uma pontuao de 5 pontos.\r\n\r\nOs itens evocados devem ser assinalados. Depois testar os itens no evocados, dizendo:\r\n\r\n"Vou dar-lhe algumas pistas: o nome/nmero era x, y ou z ?".	5	0	30	67
175	A minha primeira reaco  confiar nas pessoas	\N	9	3		4	0	0	111
166	Relao com o Avaliador	\N	0	1	Escolha a opo que melhor descreve a situao.	0	0	0	110
135	Capacidade Visuo-Espacial (Pentgonos)	\N	0	2	Apresentar ao examinando a primeira imagem de auxilio (Folha Estimulo 5) e dizer: "Copie este desenho.".\r\n\r\nCotar de acordo com a segunda imagem de auxilio.	1	0	25	81
176	Sou uma pessoa muito competente.	\N	10	3		4	0	0	111
184	No dou grande importncia s coisas de arte e da beleza	\N	18	3		4	0	0	111
177	Raramente me sinto s ou abatido	\N	11	3		4	0	0	111
137	Desenho A	\N	1	2	Vou mostra-lhe alguns desenhos, um de cada vez. Vai ter 10 segundos para olhar para cada desenho. \r\n\r\nDepois vou tir-lo da sua vista e vou pedir-lhe que desenhe nesta folha. No comece a desenhar enquanto eu no lhe pedir para o fazer. Est Pronto? \r\n\r\nMostrar o Desenho A e cronometrar o tempo. Passados os 10 segundos, dizer: \r\nAgora faa o desenho. No se preocupe com os seus dotes de artista, desenhe apenas o melhor que conseguir. \r\n\r\nSe o sujeito disser que no se recorda, diz-se : Desenhe aquilo que se recorda, o melhor que conseguir. \r\n\r\nO sujeito pode apagar ou fazer as correces no desenho.	2	0	43	82
185	Tendo a ser descrente ou a duvidar das boas intenes dos outros	\N	19	3		4	0	0	111
186	Sou uma pessoa aplicada, conseguindo sempre realizar o meu trabalho.	\N	20	3		4	0	0	111
189	MentHA-Risk	\N	1	12		100	0	0	113
1	Alimentao	\N	1	1	Agora vou perguntar-lhe sobre o seu funcionamento no dia-a-dia.	2	0	12	1
3	Nervosismo ou tenso interior	Se sair desta pgina antes de submeter, o progresso no ser gravado.	1	3	Assinale, num dos espaos  direita de cada sintoma, aquele que melhor descreve o GRAU EM QUE CADA PROBLEMA O AFECTOU DURANTE A LTIMA SEMANA. \r\n\r\nPara cada problema ou sintoma marque apenas um espao com uma cruz. \r\n\r\nNo deixe nenhuma pergunta por responder. \r\n\r\nA seguir encontra-se uma lista de problemas ou sintomas que por vezes as pessoas apresentam.	4	0	33	4
104	Memria Antergrada	\N	3	4	Dizer: "Vou dizer-lhe um nome e uma morada e gostaria que repetisse depois de mim. Vamos fazer isto 3 vezes, para que possa aprender. Mais tarde, irei perguntar-lhe novamente este nome e esta morada. Tem alguma dvida?".\r\n\r\nCaso no subsistam dvidas dizer: "A morada  esta: Joo Macedo; Praa do Infante; n 53; Tracoso; Guarda".	7	0	17	45
168	Sou uma pessoa alegre e bem disposta	\N	2	3		4	0	38	111
169	A poesia pouco ou nada me diz	\N	3	3		4	0	0	111
170	Tendo a pensar o melhor acerca das pessoas	\N	4	3		4	0	0	111
171	Sou eficiente e eficaz no meu trabalho	\N	5	3		4	0	0	111
172	Sinto-me, muitas vezes, desamparado(a), desejando que algum resolva os meus problemas por mim	\N	6	3		4	0	0	111
173	Muitas vezes, sinto-me a rebentar de energia.	\N	7	3		4	0	0	111
178	Sou uma pessoa muito activa.	\N	12	3		4	0	0	111
174	As vezes ao ler poesia e ao olhar para uma obra de arte, sinto um arrepio de emoo.	\N	8	3		4	0	0	111
179	Acho as discusses filosficas aborrecidas.	\N	13	3		4	0	0	111
180	Algumas pessoas consideram-me frio(a) e calculista.	\N	14	3		4	0	0	111
181	Esforo-me por ser excelente em tudo o que fao.	\N	15	3		4	0	0	111
182	Houve alturas em que experimentei ressentimento e amargura.	\N	16	3		4	0	0	111
199	Sente que a vida lhe pregou uma partida?	\N	10	3		5	0	0	114
197	Os planos que tinha feito para esta fase da vida tm sido alterados em virtude de estar a tomar conta do seu familiar?	\N	8	3		5	0	0	114
198	Acha que se dedica demasiado tempo a cuidar do seu familiar e que o tempo  insuficiente para si?	\N	9	3		5	0	0	114
200	 difcil planear o futuro dado que as necessidades do seu familiar no se podem prever?	\N	11	3		5	0	0	114
202	Evita convidar amigos para sua casa, por causa dos problemas do seu familiar?	\N	13	3		5	0	0	114
201	Tomar conta do seu familiar d-lhe a sensao de estar preso(a)?	\N	12	3		5	0	0	114
205	Tem sentido dificuldades econmicas por estar a cuidar do seu familiar?	\N	16	3		5	0	0	114
203	A sua vida social (p.ex. frias, conviver, com familiares e amigos) tem siso prejudicada por estar a cuidar do seu familiar?	\N	14	3		5	0	0	114
204	Sente-se s e isolado(a) por estar a cuidar do seu familiar?	\N	15	3		5	0	0	114
206	Sente que o seu futuro econmico  incerto, por estar a cuidar do seu familiar?	\N	17	3		5	0	0	114
147	Trail Making Test - Parte A - Treino	\N	0	10	Dizer: \r\n\r\n\r\n"Nesta pgina encontram-se alguns nmeros. Comece no nmero "1" e desenhe uma linha entre o "1" e o "2", o "2" e o "3", o "3 e o "4" e a por diante por esta ordem (apontar com o lpis do "1" para o 2", para o "3" e para o "4"), at chegar ao fim. Desenhe as linhas o mais rpido que puder. Pronto? Comear!"\r\n\r\n\r\n__Critrios de Interrupo__\r\n\r\n* Caso o examinado no consiga compreender as instrues, repetir este procedimento at um \r\nmximo de duas vezes. \r\n* Quando o indivduo no  capaz de realizar esta condio de treino (isto , se fizer mais de 2 \r\nerros), o teste no deve ser administrado.	0	0	45	92
148	Trail Making Test - Parte A - Teste	\N	0	10	Dizer :\r\n\r\n\r\n"Esta pgina  como a anterior, apenas tem mais nmeros. Novamente, comece no nmero "1" e desenhe uma linha entre o "1 e o "2", o "2" e o "3", o "3" e o "4" e a por diante por esta ordem (apontar com o lpis do "1" para o "2", para o "3" e para" o "4" at chegar ao fim. Desenhe as linhas, o mais rpido que conseguir. Procure no levantar o lpis do papel. Tem alguma dvida? Caso no haja dvidas, dizer: Pode comear!" Accione o cronometro.\r\n\r\n__Critrio de Interrupo__\r\n* O teste deve ser descontinuado aps 240 segundos ou aps 4 erros. Exceptuam-se os casos em que o examinado se encontra a menos de 3 crculos do final, em que deve ser permitida a finalizao da prova.	60	0	45	93
167	Raramente estou triste ou deprimido(a)	\N	1	3	Para cada afirmao, indique-me a opo que melhor corresponde  sua opinio. No existem respostas certas nem erradas. Responda Discordo fortemente" se discordar fortemente dela. Responda Discordo" se a afirmao for, na maior parte das vezes, falsa ou se discordar. Responda Neutro" se a afirmao for igualmente falsa e verdadeira, se no se decidir ou se a sua posio perante o que foi dito  completamente neutra. Responda Concordo" se a frase for, na maior parte das vezes, verdadeira ou se concordar com ela. Responda Concordo fortemente" se a frase for definitivamente verdadeira ou se concordar fortemente com ela.	4	0	38	111
191	Considera que, tomar conta do seu familiar  psicologicamente difcil?	\N	2	3		5	0	0	114
193	Entra em conflito consigo prpria por estar a tomar conta do seu familiar?	\N	4	3		5	0	0	114
194	Pensa que o seu estado de sade tem piorado por estar a cuidar do seu familiar?	\N	5	3		5	0	0	114
195	Cuidar do seu familiar tem exigido um grande esforo fsico?	\N	6	3		5	0	0	114
190	Sente vontade de fugir da situao em que se encontra?	Se sair desta pgina antes de submeter, o progresso no ser gravado.	1	3		5	0	0	114
192	Sente-se cansado(a) e esgotada(a) por estar a cuidar do seu familiar?	\N	3	3		5	0	0	114
196	Sente que perdeu o controlo da sua vida desde que o seu familiar adoeceu?	\N	7	3		5	0	0	114
149	Trail Making Test - Parte B - Treino	\N	0	10	Dizer:\r\n\r\n\r\n"Nesta pgina encontram-se alguns nmeros e letras. Comece no nmero "1" e desenhe uma linha entre o "1" e o "A", o "A" e o "2", o "2" e o "B", o "B" e o "3"," " e o "C", e a por diante por esta ordem (apontar com o lpis do "1", para o "A", para o "2", para o "B", para o "3" e para o "C", at chegar ao fim. \r\nLembre-se que primeiro tem um nmero (apontar para o "1"), depois uma letra (apontar para o A), depois um nmero (apontar para o "2") depois uma letra (apontar para o "B"), sempre assim at ao FIM. Desenhe as linhas o mais rpido que puder. Procure no levantar o lpis do papel. Tem alguma duvida? Pode comear!".\r\n\r\n\r\n__Critrios de Interrupo__\r\n\r\n* Caso o examinado no consiga compreender as instrues, repetir este procedimento at um mximo de duas vezes. \r\n* Quando o indivduo no  capaz de realizar esta condio de treino (isto , se fizer mais de 2 erros), o teste no deve ser administrado.	0	0	45	94
150	Trail Making Test - Parte B - Teste	\N	0	10	Dizer: \r\n\r\n\r\n"Esta pgina  como a que acabou de fazer, apenas tem mais nmeros e mais letras. Tem de fazer o mesmo \r\nque fez agora. Comece no numero "1" (apontar) e desenhe uma linha do "1" at  letra "A" (apontar), do "A" ao "2" (apontar), do "2" ao "B" (apontar), do "B" ao "3" (apontar) do "3" ao "C" (apontar), sempre assim at chegar ao FIM (apontar). \r\n\r\n\r\nLembre-se que primeiro tem um nmero (apontar para o "1"), depois uma letra (apontar para o "A"), depois um nmero (apontar para o "2") depois uma letra (apontar para o "B"), sempre assim at ao FIM. Desenhe as linhas o mais rpido que puder. Procure no levantar o lpis do papel. Tem alguma duvida? Pode Comear!" - acionar o cronometro.\r\n\r\n\r\n__Critrio de Interrupo__\r\n\r\n* O teste deve ser descontinuado aps 360 segundos ou aps 4 erros. Exceptuam-se os casos em que o examinado se encontra a menos de 3 crculos do final, em que deve ser permitida a finalizao da prova	60	0	45	95
207	J se sentiu ofendido(a) e zangado(a) com o comportamento do seu familiar?	\N	18	3		5	0	0	114
211	Sente que no tem tanta privacidade como gostaria, por estar a cuidar do seu familiar?	\N	22	3		5	0	0	114
212	Consegue fazer a maioria das coisas de que necessita, apesar do tempo que gasta a tomar conta do seu familiar?	\N	23	3		5	0	0	114
213	Sente-se com capacidade para continuar a tomar conta do seu familiar?	\N	24	3		5	0	0	114
218	O seu familiar mostra gratido pelo que est a fazer por ele?	\N	29	3		5	0	0	114
215	A famlia (que no vive consigo) reconhece o trabalho que tem, em cuidar do seu familiar?	\N	26	3		5	0	0	114
216	Sente-se apoiado(a) pelos seus familiares?	\N	27	3		5	0	0	114
217	Sente-se bem por estar a tomar conta do seu familiar?	\N	28	3		5	0	0	114
220	Sente-se mais prximo(a) do seu familiar por estar a cuidar dele?	\N	31	3		5	0	0	114
219	Fica satisfeito(a) quando o seu familiar mostra agrado por pequenas coisas (como mimos)?	\N	30	3		5	0	0	114
222	Refugio-me noutras atividades para me abstrair da situao	\N	1	3		4	0	0	115
221	Cuidar do seu familiar tem vindo a aumentar a sua auto-estima, fazendo-o(a) sentir-se uma pessoa especial, com mais valor?	\N	32	3		5	0	0	114
223	Concentro os meus esforos para fazer alguma coisa que me permita enfrentar a situao	\N	2	3		4	0	0	115
224	Tenho dito para mim prprio(a): "Isto no  verdade"	\N	3	3		4	0	0	115
225	Refugio-me no lcool ou noutras drogas (comprimidos, etc.) para me sentir melhor	\N	4	3		4	0	0	115
226	Procuro apoio emocional de algum (famlia, amigos)	\N	5	3		4	0	0	115
228	Tomo medidas para tentar melhorar a minha situao	\N	7	3		4	0	0	115
227	Simplesmente desisto de tentar lidar com isto	\N	6	3		4	0	0	115
231	Peo conselhos e ajuda a outras pessoas para enfrentar melhor a situao	\N	10	3		4	0	0	115
229	Recuso-me a acreditar que isto esteja a acontecer comigo	\N	8	3		4	0	0	115
230	Fico aborrecido e expresso os meus sentimentos	\N	9	3		4	0	0	115
232	Uso lcool ou outras drogas (comprimidos, etc.) para me ajudar a ultrapassar os problemas	\N	11	3		4	0	0	115
233	Tento analisar a situao de maneira diferente, de forma a torn-la mais positiva	\N	12	3		4	0	0	115
234	Fao crticas a mim prprio	\N	13	3		4	0	0	115
235	Tento encontrar uma estratgia que me ajude no que tenho que fazer	\N	14	3		4	0	0	115
236	Procuro o conforto e compreenso de algum	\N	15	3		4	0	0	115
237	Desisto de me esforar para lidar com a situao	\N	16	3		4	0	0	115
238	Procuro algo positivo em tudo o que est a acontecer	\N	17	3		4	0	0	115
239	Enfrento a situao levando-a para a brincadeira	\N	18	3		4	0	0	115
240	Fao outras coisas para pensar menos na situao, tal como ir ao cinema, ver TV, ler, sonhar, ou ir s compras	\N	19	3		4	0	0	115
241	Tento aceitar as coisas tal como esto a acontecer	\N	20	3		4	0	0	115
243	Tento encontrar conforto na minha religio ou crena espiritual	\N	22	3		4	0	0	115
242	Sinto e expresso os meus sentimentos de aborrecimento	\N	21	3		4	0	0	115
244	Peo conselhos e ajuda a pessoas que passaram pelo mesmo	\N	23	3		4	0	0	115
245	Tento aprender a viver com a situao	\N	24	3		4	0	0	115
246	Penso muito sobre a melhor forma de lidar com a situao	\N	25	3		4	0	0	115
247	Culpo-me pelo que est a acontecer	\N	26	3		4	0	0	115
249	Enfrento a situao com sentido de humor	\N	28	3		4	0	0	115
248	Rezo ou medito	\N	27	3		4	0	0	115
250	Quantos familiares v ou fala pelo menos uma vez por ms?	\N	1	3	**FAMLIA:** Considerando as pessoas de quem  familiar por nascimento, casamento, adoo, etc.\r\n\r\n**AMIGOS:** Considerando todos os seus amigos, incluindo aqueles que vivem na sua vizinhana.	5	0	0	116
256	Questionrio Sociodemogrfico (Cuidador)	Cuidador	0	13		0	0	0	117
252	Com quantos familiares se sente  vontade para falar sobre assuntos pessoais?	\N	3	3		5	0	0	116
208	J se sentiu embaraado(a) com o comportamento do seu familiar?	\N	19	3		5	0	0	114
254	De quantos amigos se sente prximo de tal forma que possa ligar-lhes a pedir ajuda?	\N	5	3		5	0	0	116
214	Considera que tem conhecimentos e experincia para cuidar do seu familiar?	\N	25	3		5	0	0	114
251	De quantos familiares se sente prximo de tal forma que possa ligar-lhes para pedir ajuda?	\N	2	3		5	0	0	116
187	Questionrio Sociodemogrfico	\N	0	11		0	0	0	118
253	Quantos amigos v ou fala pelo menos uma vez por ms?	\N	4	3		5	0	0	116
209	Sente que o seu familiar o(a) solicita demasiado para situaes desnecessrias?	\N	20	3		5	0	0	114
255	Com quantos amigos se sente  vontade para falar sobre assuntos pessoais?	\N	6	3		5	0	0	116
210	Sente-se manipulado(a) pelo seu familiar?	\N	21	3		5	0	0	114
\.


--
-- Data for Name: protocolo_question_helping_images; Type: TABLE DATA; Schema: public; Owner: leda
--

COPY public.protocolo_question_helping_images (id, question_id, questionimage_id) FROM stdin;
55	107	2
56	116	3
57	117	4
58	117	5
59	118	6
60	118	7
61	120	8
62	122	9
63	123	3
64	131	2
65	135	4
66	135	5
67	137	10
68	138	12
69	139	11
70	140	13
71	141	14
72	142	10
73	143	11
74	144	12
75	145	13
76	147	15
77	148	16
78	149	17
79	150	18
80	155	19
81	156	19
82	134	3
83	113	21
\.


--
-- Data for Name: protocolo_question_possible_answers; Type: TABLE DATA; Schema: public; Owner: leda
--

COPY public.protocolo_question_possible_answers (id, question_id, possibleanswer_id) FROM stdin;
1701	1	1
1702	1	2
1703	1	3
1704	3	4
1705	3	5
1706	3	6
1707	3	7
1708	3	8
1709	4	4
1710	4	5
1711	4	6
1712	4	7
1713	4	8
1714	5	4
1715	5	5
1716	5	6
1717	5	7
1718	5	8
1719	6	4
1720	6	5
1721	6	6
1722	6	7
1723	6	8
1724	7	4
1725	7	5
1726	7	6
1727	7	7
1728	7	8
1729	8	4
1730	8	5
1731	8	6
1732	8	7
1733	8	8
1734	9	4
1735	9	5
1736	9	6
1737	9	7
1738	9	8
1739	10	4
1740	10	5
1741	10	6
1742	10	7
1743	10	8
1744	11	4
1745	11	5
1746	11	6
1747	11	7
1748	11	8
1749	12	4
1750	12	5
1751	12	6
1752	12	7
1753	12	8
1754	13	4
1755	13	5
1756	13	6
1757	13	7
1758	13	8
1759	14	4
1760	14	5
1761	14	6
1762	14	7
1763	14	8
1764	15	4
1765	15	5
1766	15	6
1767	15	7
1768	15	8
1769	16	4
1770	16	5
1771	16	6
1772	16	7
1773	16	8
1774	17	4
1775	17	5
1776	17	6
1777	17	7
1778	17	8
1779	18	4
1780	18	5
1781	18	6
1782	18	7
1783	18	8
1784	19	4
1785	19	5
1786	19	6
1787	19	7
1788	19	8
1789	20	4
1790	20	5
1791	20	6
1792	20	7
1793	20	8
1794	21	4
1795	21	5
1796	21	6
1797	21	7
1798	21	8
1799	22	4
1800	22	5
1801	22	6
1802	22	7
1803	22	8
1804	23	4
1805	23	5
1806	23	6
1807	23	7
1808	23	8
1809	24	4
1810	24	5
1811	24	6
1812	24	7
1813	24	8
1814	25	4
1815	25	5
1816	25	6
1817	25	7
1818	25	8
1819	26	4
1820	26	5
1821	26	6
1822	26	7
1823	26	8
1824	27	4
1825	27	5
1826	27	6
1827	27	7
1828	27	8
1829	28	4
1830	28	5
1831	28	6
1832	28	7
1833	28	8
1834	29	4
1835	29	5
1836	29	6
1837	29	7
1838	29	8
1839	30	4
1840	30	5
1841	30	6
1842	30	7
1843	30	8
1844	31	4
1845	31	5
1846	31	6
1847	31	7
1848	31	8
1849	32	4
1850	32	5
1851	32	6
1852	32	7
1853	32	8
1854	33	4
1855	33	5
1856	33	6
1857	33	7
1858	33	8
1859	34	4
1860	34	5
1861	34	6
1862	34	7
1863	34	8
1864	35	4
1865	35	5
1866	35	6
1867	35	7
1868	35	8
1869	36	4
1870	36	5
1871	36	6
1872	36	7
1873	36	8
1874	37	4
1875	37	5
1876	37	6
1877	37	7
1878	37	8
1879	38	4
1880	38	5
1881	38	6
1882	38	7
1883	38	8
1884	39	4
1885	39	5
1886	39	6
1887	39	7
1888	39	8
1889	40	4
1890	40	5
1891	40	6
1892	40	7
1893	40	8
1894	41	4
1895	41	5
1896	41	6
1897	41	7
1898	41	8
1899	42	4
1900	42	5
1901	42	6
1902	42	7
1903	42	8
1904	43	4
1905	43	5
1906	43	6
1907	43	7
1908	43	8
1909	44	4
1910	44	5
1911	44	6
1912	44	7
1913	44	8
1914	45	4
1915	45	5
1916	45	6
1917	45	7
1918	45	8
1919	46	4
1920	46	5
1921	46	6
1922	46	7
1923	46	8
1924	47	4
1925	47	5
1926	47	6
1927	47	7
1928	47	8
1929	48	4
1930	48	5
1931	48	6
1932	48	7
1933	48	8
1934	49	4
1935	49	5
1936	49	6
1937	49	7
1938	49	8
1939	50	4
1940	50	5
1941	50	6
1942	50	7
1943	50	8
1944	51	4
1945	51	5
1946	51	6
1947	51	7
1948	51	8
1949	52	4
1950	52	5
1951	52	6
1952	52	7
1953	52	8
1954	53	4
1955	53	5
1956	53	6
1957	53	7
1958	53	8
1959	54	4
1960	54	5
1961	54	6
1962	54	7
1963	54	8
1964	55	4
1965	55	5
1966	55	6
1967	55	7
1968	55	8
1969	56	9
1970	56	10
1971	56	11
1972	57	9
1973	57	12
1974	57	13
1975	58	16
1976	58	14
1977	58	15
1978	59	17
1979	59	18
1980	59	19
1981	60	20
1982	60	21
1983	60	22
1984	61	20
1985	61	21
1986	61	23
1987	62	24
1988	62	25
1989	62	26
1990	63	27
1991	63	28
1992	63	29
1993	64	20
1994	64	30
1995	64	31
1996	65	32
1997	65	33
1998	65	20
1999	66	34
2000	66	35
2001	66	20
2002	67	36
2003	67	37
2004	67	38
2005	67	39
2006	67	40
2007	68	36
2008	68	37
2009	68	38
2010	68	39
2011	68	40
2012	69	36
2013	69	37
2014	69	38
2015	69	39
2016	69	40
2017	70	36
2018	70	37
2019	70	38
2020	70	39
2021	70	40
2022	71	36
2023	71	37
2024	71	38
2025	71	39
2026	71	40
2027	72	36
2028	72	37
2029	72	38
2030	72	39
2031	72	40
2032	73	36
2033	73	37
2034	73	38
2035	73	39
2036	73	40
2037	74	36
2038	74	37
2039	74	38
2040	74	39
2041	74	40
2042	75	36
2043	75	37
2044	75	38
2045	75	39
2046	75	40
2047	76	36
2048	76	37
2049	76	38
2050	76	39
2051	76	40
2052	77	41
2053	77	42
2054	77	43
2055	77	44
2056	78	48
2057	78	45
2058	78	46
2059	78	47
2060	79	49
2061	79	50
2062	79	51
2063	79	52
2064	80	53
2065	80	54
2066	80	55
2067	80	56
2068	80	57
2069	81	58
2070	81	59
2071	81	60
2072	82	64
2073	82	65
2074	82	61
2075	82	62
2076	82	63
2077	83	66
2078	83	67
2079	83	68
2080	84	69
2081	84	70
2082	84	71
2083	85	72
2084	85	73
2085	85	74
2086	85	75
2087	86	76
2088	86	77
2089	86	78
2090	86	79
2091	87	80
2092	87	81
2093	87	82
2094	87	83
2095	88	84
2096	88	85
2097	88	86
2098	88	87
2099	89	88
2100	89	89
2101	89	90
2102	89	91
2103	90	92
2104	90	93
2105	90	94
2106	90	95
2107	91	96
2108	91	97
2109	91	98
2110	91	99
2111	92	100
2112	92	101
2113	92	102
2114	92	103
2115	93	104
2116	93	105
2117	93	106
2118	93	107
2119	94	108
2120	94	109
2121	94	110
2122	94	111
2123	95	112
2124	95	113
2125	95	114
2126	95	115
2127	96	116
2128	96	117
2129	96	118
2130	96	119
2131	97	120
2132	97	121
2133	97	122
2134	97	123
2135	98	120
2136	98	124
2137	98	125
2138	98	126
2139	99	128
2140	99	129
2141	99	130
2142	99	131
2143	99	127
2144	100	132
2145	100	133
2146	100	134
2147	100	135
2148	100	136
2149	102	137
2150	102	138
2151	102	139
2152	103	137
2153	103	138
2154	103	139
2155	104	140
2156	104	141
2157	104	142
2158	104	143
2159	104	144
2160	104	145
2161	104	146
2162	105	147
2163	105	148
2164	105	149
2165	105	150
2166	105	151
2167	107	152
2168	108	153
2169	108	154
2170	108	155
2171	109	152
2172	110	156
2173	110	157
2174	110	158
2175	110	159
2176	111	152
2177	112	152
2178	113	152
2179	114	160
2180	114	161
2181	114	162
2182	114	163
2183	114	164
2184	115	165
2185	115	166
2186	115	167
2187	115	168
2188	115	169
2189	116	170
2190	116	171
2191	116	172
2192	116	173
2193	120	176
2194	120	177
2195	120	174
2196	120	175
2197	121	140
2198	121	141
2199	121	142
2200	121	143
2201	121	144
2202	121	145
2203	121	146
2204	122	178
2205	122	179
2206	122	180
2207	122	181
2208	123	192
2209	123	193
2210	123	182
2211	123	183
2212	123	184
2213	123	185
2214	123	186
2215	123	187
2216	123	188
2217	123	189
2218	123	190
2219	123	191
2220	124	194
2221	124	195
2222	124	196
2223	124	197
2224	124	198
2225	125	128
2226	125	129
2227	125	130
2228	125	131
2229	125	127
2230	126	132
2231	126	133
2232	126	134
2233	126	135
2234	126	136
2235	127	137
2236	127	138
2237	127	139
2238	129	165
2239	129	166
2240	129	167
2241	129	168
2242	129	169
2243	130	137
2244	130	138
2245	130	139
2246	132	153
2247	132	154
2248	132	155
2249	133	152
2250	134	182
2251	134	183
2252	136	152
2253	151	200
2254	151	201
2255	151	202
2256	151	199
2257	155	203
2258	155	204
2259	155	205
2260	155	206
2261	156	207
2262	156	208
2263	156	209
2264	156	210
2265	156	211
2266	156	212
2267	157	256
2268	157	257
2269	157	258
2270	157	259
2271	157	260
2272	157	261
2273	157	262
2274	157	263
2275	157	213
2276	157	214
2277	157	215
2278	157	216
2279	157	217
2280	157	218
2281	157	219
2282	157	220
2283	157	221
2284	157	222
2285	157	223
2286	157	224
2287	157	225
2288	157	226
2289	157	227
2290	157	228
2291	157	229
2292	157	230
2293	157	231
2294	157	232
2295	157	233
2296	157	234
2297	157	235
2298	157	236
2299	157	237
2300	157	238
2301	157	239
2302	157	240
2303	157	241
2304	157	242
2305	157	243
2306	157	244
2307	157	245
2308	157	246
2309	157	247
2310	157	248
2311	157	249
2312	157	250
2313	157	251
2314	157	252
2315	157	253
2316	157	254
2317	157	255
2318	158	256
2319	158	257
2320	158	258
2321	158	259
2322	158	260
2323	158	261
2324	158	262
2325	158	263
2326	158	213
2327	158	214
2328	158	215
2329	158	216
2330	158	217
2331	158	218
2332	158	219
2333	158	220
2334	158	221
2335	158	222
2336	158	223
2337	158	224
2338	158	225
2339	158	226
2340	158	227
2341	158	228
2342	158	229
2343	158	230
2344	158	231
2345	158	232
2346	158	233
2347	158	234
2348	158	235
2349	158	236
2350	158	237
2351	158	238
2352	158	239
2353	158	240
2354	158	241
2355	158	242
2356	158	243
2357	158	244
2358	158	245
2359	158	246
2360	158	247
2361	158	248
2362	158	249
2363	158	250
2364	158	251
2365	158	252
2366	158	253
2367	158	254
2368	158	255
2369	159	256
2370	159	257
2371	159	258
2372	159	259
2373	159	260
2374	159	261
2375	159	262
2376	159	263
2377	159	213
2378	159	214
2379	159	215
2380	159	216
2381	159	217
2382	159	218
2383	159	219
2384	159	220
2385	159	221
2386	159	222
2387	159	223
2388	159	224
2389	159	225
2390	159	226
2391	159	227
2392	159	228
2393	159	229
2394	159	230
2395	159	231
2396	159	232
2397	159	233
2398	159	234
2399	159	235
2400	159	236
2401	159	237
2402	159	238
2403	159	239
2404	159	240
2405	159	241
2406	159	242
2407	159	243
2408	159	244
2409	159	245
2410	159	246
2411	159	247
2412	159	248
2413	159	249
2414	159	250
2415	159	251
2416	159	252
2417	159	253
2418	159	254
2419	159	255
2420	160	264
2421	160	265
2422	160	266
2423	160	267
2424	160	268
2425	160	269
2426	160	270
2427	161	160
2428	161	161
2429	161	162
2430	161	163
2431	161	164
2432	162	272
2433	162	273
2434	162	271
2435	163	274
2436	163	275
2437	163	276
2438	164	277
2439	164	278
2440	164	279
2441	164	280
2442	164	281
2443	164	282
2444	165	283
2445	165	284
2446	165	285
2447	166	288
2448	166	286
2449	166	287
2450	167	294
2451	167	295
2452	167	296
2453	167	297
2454	167	298
2455	168	289
2456	168	290
2457	168	291
2458	168	292
2459	168	293
2460	169	294
2461	169	295
2462	169	296
2463	169	297
2464	169	298
2465	170	289
2466	170	290
2467	170	291
2468	170	292
2469	170	293
2470	171	289
2471	171	290
2472	171	291
2473	171	292
2474	171	293
2475	172	289
2476	172	290
2477	172	291
2478	172	292
2479	172	293
2480	173	289
2481	173	290
2482	173	291
2483	173	292
2484	173	293
2485	174	289
2486	174	290
2487	174	291
2488	174	292
2489	174	293
2490	175	289
2491	175	290
2492	175	291
2493	175	292
2494	175	293
2495	176	289
2496	176	290
2497	176	291
2498	176	292
2499	176	293
2500	177	294
2501	177	295
2502	177	296
2503	177	297
2504	177	298
2505	178	289
2506	178	290
2507	178	291
2508	178	292
2509	178	293
2510	179	294
2511	179	295
2512	179	296
2513	179	297
2514	179	298
2515	180	294
2516	180	295
2517	180	296
2518	180	297
2519	180	298
2520	181	289
2521	181	290
2522	181	291
2523	181	292
2524	181	293
2525	182	289
2526	182	290
2527	182	291
2528	182	292
2529	182	293
2530	183	289
2531	183	290
2532	183	291
2533	183	292
2534	183	293
2535	184	294
2536	184	295
2537	184	296
2538	184	297
2539	184	298
2540	185	294
2541	185	295
2542	185	296
2543	185	297
2544	185	298
2545	186	289
2546	186	290
2547	186	291
2548	186	292
2549	186	293
2550	189	1
2859	190	301
2860	190	302
2861	190	303
2862	190	304
2863	190	305
2864	191	301
2865	191	302
2866	191	303
2867	191	304
2868	191	305
2869	192	301
2870	192	302
2871	192	303
2872	192	304
2873	192	305
2874	193	301
2875	193	302
2876	193	303
2877	193	304
2878	193	305
2879	194	301
2880	194	302
2881	194	303
2882	194	304
2883	194	305
2884	195	301
2885	195	302
2886	195	303
2887	195	304
2888	195	305
2889	196	301
2890	196	302
2891	196	303
2892	196	304
2893	196	305
2894	197	301
2895	197	302
2896	197	303
2897	197	304
2898	197	305
2899	198	301
2900	198	302
2901	198	303
2902	198	304
2903	198	305
2904	199	301
2905	199	302
2906	199	303
2907	199	304
2908	199	305
2909	200	301
2910	200	302
2911	200	303
2912	200	304
2913	200	305
2914	201	301
2915	201	302
2916	201	303
2917	201	304
2918	201	305
2919	202	301
2920	202	302
2921	202	303
2922	202	304
2923	202	305
2924	203	301
2925	203	302
2926	203	303
2927	203	304
2928	203	305
2929	204	301
2930	204	302
2931	204	303
2932	204	304
2933	204	305
2934	205	301
2935	205	302
2936	205	303
2937	205	304
2938	205	305
2939	206	301
2940	206	302
2941	206	303
2942	206	304
2943	206	305
2944	207	301
2945	207	302
2946	207	303
2947	207	304
2948	207	305
2949	208	301
2950	208	302
2951	208	303
2952	208	304
2953	208	305
2954	209	301
2955	209	302
2956	209	303
2957	209	304
2958	209	305
2959	210	301
2960	210	302
2961	210	303
2962	210	304
2963	210	305
2964	211	301
2965	211	302
2966	211	303
2967	211	304
2968	211	305
2969	212	301
2970	212	302
2971	212	303
2972	212	304
2973	212	305
2974	213	301
2975	213	302
2976	213	303
2977	213	304
2978	213	305
2979	214	301
2980	214	302
2981	214	303
2982	214	304
2983	214	305
2984	215	301
2985	215	302
2986	215	303
2987	215	304
2988	215	305
2989	216	301
2990	216	302
2991	216	303
2992	216	304
2993	216	305
2994	217	301
2995	217	302
2996	217	303
2997	217	304
2998	217	305
2999	218	301
3000	218	302
3001	218	303
3002	218	304
3003	218	305
3004	219	301
3005	219	302
3006	219	303
3007	219	304
3008	219	305
3009	220	301
3010	220	302
3011	220	303
3012	220	304
3013	220	305
3014	221	301
3015	221	302
3016	221	303
3017	221	304
3018	221	305
3019	222	306
3020	222	307
3021	222	308
3022	222	309
3023	223	306
3024	223	307
3025	223	308
3026	223	309
3027	224	306
3028	224	307
3029	224	308
3030	224	309
3031	225	306
3032	225	307
3033	225	308
3034	225	309
3035	226	306
3036	226	307
3037	226	308
3038	226	309
3039	227	306
3040	227	307
3041	227	308
3042	227	309
3043	228	306
3044	228	307
3045	228	308
3046	228	309
3047	229	306
3048	229	307
3049	229	308
3050	229	309
3051	230	306
3052	230	307
3053	230	308
3054	230	309
3055	231	306
3056	231	307
3057	231	308
3058	231	309
3059	232	306
3060	232	307
3061	232	308
3062	232	309
3063	233	306
3064	233	307
3065	233	308
3066	233	309
3067	234	306
3068	234	307
3069	234	308
3070	234	309
3071	235	306
3072	235	307
3073	235	308
3074	235	309
3075	236	306
3076	236	307
3077	236	308
3078	236	309
3079	237	306
3080	237	307
3081	237	308
3082	237	309
3083	238	306
3084	238	307
3085	238	308
3086	238	309
3087	239	306
3088	239	307
3089	239	308
3090	239	309
3091	240	306
3092	240	307
3093	240	308
3094	240	309
3095	241	306
3096	241	307
3097	241	308
3098	241	309
3099	242	306
3100	242	307
3101	242	308
3102	242	309
3103	243	306
3104	243	307
3105	243	308
3106	243	309
3107	244	306
3108	244	307
3109	244	308
3110	244	309
3111	245	306
3112	245	307
3113	245	308
3114	245	309
3115	246	306
3116	246	307
3117	246	308
3118	246	309
3119	247	306
3120	247	307
3121	247	308
3122	247	309
3123	248	306
3124	248	307
3125	248	308
3126	248	309
3127	249	306
3128	249	307
3129	249	308
3130	249	309
3131	250	310
3132	250	311
3133	250	312
3134	250	313
3135	250	314
3136	250	315
3137	251	310
3138	251	311
3139	251	312
3140	251	313
3141	251	314
3142	251	315
3143	252	310
3144	252	311
3145	252	312
3146	252	313
3147	252	314
3148	252	315
3149	253	310
3150	253	311
3151	253	312
3152	253	313
3153	253	314
3154	253	315
3155	254	310
3156	254	311
3157	254	312
3158	254	313
3159	254	314
3160	254	315
3161	255	310
3162	255	311
3163	255	312
3164	255	313
3165	255	314
3166	255	315
\.


--
-- Data for Name: protocolo_questionimage; Type: TABLE DATA; Schema: public; Owner: leda
--

COPY public.protocolo_questionimage (id, name, description, image) FROM stdin;
6	Cubo		helping_images/cubo.PNG
7	Cubo (Cotao)		helping_images/cuboscotacao.PNG
8	Folha de Estimulos 8		helping_images/estimulos8.PNG
9	Folha de Estimulos 9		helping_images/estimulos9.PNG
10	Desenho A		helping_images/DesenhoA.PNG
11	Desenho B		helping_images/DesenhoB.PNG
12	Desenho C		helping_images/DesenhoC.PNG
13	Desenho D		helping_images/DesenhoD.PNG
14	Desenho E		helping_images/DesenhoE.PNG
15	TMT A - Treino		helping_images/TMT_A_TESTE.PNG
16	TMT A - Teste		helping_images/TMT_A_EX.PNG
17	TMT B - Treino		helping_images/TMT_B_TESTE.PNG
18	TMT B - Teste		helping_images/TMT_B_EX.PNG
19	Token Test		helping_images/token.PNG
1	teste		helping_images/8fbba68001aaf2493bab544101d9edaa.jpg
4	Pentgonos		helping_images/pentagonos.PNG
20	estimulos1		helping_images/estimulos1.PNG
3	Folha de Estimulos 2		helping_images/estimulos2.PNG
2	Folha de Estimulos 1		helping_images/estimulos1_MWk2sKK.PNG
21	Folha de Estimulos 3		helping_images/estimulos3.png
5	Pentgonos (Cotao)		helping_images/pentagonoscotacao.PNG
\.


--
-- Data for Name: protocolo_report; Type: TABLE DATA; Schema: public; Owner: leda
--

COPY public.protocolo_report (id, abvd_evaluation, abvd_atividades_corporais_quotation, abvd_atividades_motoras_quotation, abvd_atividades_sensoriais_quotation, abvd_atividades_mentais_quotation, aivd_evaluation, aivd_utilizacao_telefone_quotation, aivd_fazer_compras_quotation, aivd_preparacao_refeicoes_quotation, aivd_tarefas_domesticas_quotation, aivd_lavar_roupa_quotation, aivd_utilizar_transportes_quotation, aivd_manejo_mediacao_quotation, aivd_responsabilidades_financeiras_quotation, bsi_igs, bsi_tsp, bsi_isp, bsi_somatizacao, bsi_obssessivo_compulsivo, bsi_depressao, bsi_sensibilidade_interpessoal, bsi_ansiedade, bsi_hostilidade, bsi_ansiedade_fobica, bsi_paranoide, bsi_psicoticismo, acer_evaluation, acer_atencao_orientacao_quotation, acer_memoria_quotation, acer_fluencia_quotation, acer_linguagem_quotation, acer_visuo_espacial_quotation, mmse_evaluation, mmse_atencao_orientacao_quotation, mmse_memoria_quotation, mmse_lingua_quotation, mmse_visuo_espacial_quotation, ac_memoria_visual_imediata_quotation, ac_memoria_diferida_quotation, ac_atencao_mantida_quotation, ac_compreensao_instrucoes_quotation, ac_abstracao_verbal_quotation, ac_atencao_dividida_quotation, ac_orientacao_esq_dir_quotation, panas_interessado, panas_nervoso, panas_entusiasmado, panas_amedrontado, panas_inspirado, panas_ativo, panas_assustado, panas_culpado, panas_determinado, panas_atormentado, hads_estado_ansiedade_evaluation, hads_estado_ansiedade_quotation, hads_estado_depressao_evaluation, hads_estado_depressao_quotation, gds_nivel, gds_text, resolution_id, word, json) FROM stdin;
659		0	0	0	0		0	0	0	0	0	0	0	0	0	0	0	0	0	0	0	0	0	0	0	0		0	0	0	0	0		0	0	0	0	0	0	0	0	0	0	0												0		0	0		693		{}
159		0	0	0	0		0	0	0	0	0	0	0	0	0	0	0	0	0	0	0	0	0	0	0	0		0	0	0	0	0		0	0	0	0	0	0	0	0	0	0	0												0		0	0		193		{}
167		0	0	0	0		0	0	0	0	0	0	0	0	0	0	0	0	0	0	0	0	0	0	0	0		0	0	0	0	0		0	0	0	0	0	0	0	0	0	0	0												0		0	0		201		{}
687		0	0	0	0		0	0	0	0	0	0	0	0	0	0	0	0	0	0	0	0	0	0	0	0		0	0	0	0	0		0	0	0	0	0	0	0	0	0	0	0												0		0	0		721		{}
175		0	0	0	0		0	0	0	0	0	0	0	0	0	0	0	0	0	0	0	0	0	0	0	0		0	0	0	0	0		0	0	0	0	0	0	0	0	0	0	0												0		0	0		209		{}
179		0	0	0	0		0	0	0	0	0	0	0	0	0	0	0	0	0	0	0	0	0	0	0	0		0	0	0	0	0		0	0	0	0	0	0	0	0	0	0	0												0		0	0		213		{}
183		0	0	0	0		0	0	0	0	0	0	0	0	0	0	0	0	0	0	0	0	0	0	0	0		0	0	0	0	0		0	0	0	0	0	0	0	0	0	0	0												0		0	0		217		{}
242		0	0	0	0		0	0	0	0	0	0	0	0	0	0	0	0	0	0	0	0	0	0	0	0		0	0	0	0	0		0	0	0	0	0	0	0	0	0	0	0												0		0	0		276		{}
187		0	0	0	0		0	0	0	0	0	0	0	0	0	0	0	0	0	0	0	0	0	0	0	0		0	0	0	0	0		0	0	0	0	0	0	0	0	0	0	0												0		0	0		221		{}
191		0	0	0	0		0	0	0	0	0	0	0	0	0	0	0	0	0	0	0	0	0	0	0	0		0	0	0	0	0		0	0	0	0	0	0	0	0	0	0	0												0		0	0		225		{}
195		0	0	0	0		0	0	0	0	0	0	0	0	0	0	0	0	0	0	0	0	0	0	0	0		0	0	0	0	0		0	0	0	0	0	0	0	0	0	0	0												0		0	0		229		{}
199		0	0	0	0		0	0	0	0	0	0	0	0	0	0	0	0	0	0	0	0	0	0	0	0		0	0	0	0	0		0	0	0	0	0	0	0	0	0	0	0												0		0	0		233		{}
698		0	0	0	0		0	0	0	0	0	0	0	0	0	0	0	0	0	0	0	0	0	0	0	0		0	0	0	0	0		0	0	0	0	0	0	0	0	0	0	0												0		0	0		732		{}
203		0	0	0	0		0	0	0	0	0	0	0	0	0	0	0	0	0	0	0	0	0	0	0	0		0	0	0	0	0		0	0	0	0	0	0	0	0	0	0	0												0		0	0		237		{}
207		0	0	0	0		0	0	0	0	0	0	0	0	0	0	0	0	0	0	0	0	0	0	0	0		0	0	0	0	0		0	0	0	0	0	0	0	0	0	0	0												0		0	0		241		{}
211		0	0	0	0		0	0	0	0	0	0	0	0	0	0	0	0	0	0	0	0	0	0	0	0		0	0	0	0	0		0	0	0	0	0	0	0	0	0	0	0												0		0	0		245		{}
215		0	0	0	0		0	0	0	0	0	0	0	0	0	0	0	0	0	0	0	0	0	0	0	0		0	0	0	0	0		0	0	0	0	0	0	0	0	0	0	0												0		0	0		249		{}
219		0	0	0	0		0	0	0	0	0	0	0	0	0	0	0	0	0	0	0	0	0	0	0	0		0	0	0	0	0		0	0	0	0	0	0	0	0	0	0	0												0		0	0		253		{}
223		0	0	0	0		0	0	0	0	0	0	0	0	0	0	0	0	0	0	0	0	0	0	0	0		0	0	0	0	0		0	0	0	0	0	0	0	0	0	0	0												0		0	0		257		{}
227		0	0	0	0		0	0	0	0	0	0	0	0	0	0	0	0	0	0	0	0	0	0	0	0		0	0	0	0	0		0	0	0	0	0	0	0	0	0	0	0												0		0	0		261		{}
230		0	0	0	0		0	0	0	0	0	0	0	0	0	0	0	0	0	0	0	0	0	0	0	0		0	0	0	0	0		0	0	0	0	0	0	0	0	0	0	0												0		0	0		264		{}
233		0	0	0	0		0	0	0	0	0	0	0	0	0	0	0	0	0	0	0	0	0	0	0	0		0	0	0	0	0		0	0	0	0	0	0	0	0	0	0	0												0		0	0		267		{}
707		0	0	0	0		0	0	0	0	0	0	0	0	0	0	0	0	0	0	0	0	0	0	0	0		0	0	0	0	0		0	0	0	0	0	0	0	0	0	0	0												0		0	0		741		{}
236		0	0	0	0		0	0	0	0	0	0	0	0	0	0	0	0	0	0	0	0	0	0	0	0		0	0	0	0	0		0	0	0	0	0	0	0	0	0	0	0												0		0	0		270		{}
239		0	0	0	0		0	0	0	0	0	0	0	0	0	0	0	0	0	0	0	0	0	0	0	0		0	0	0	0	0		0	0	0	0	0	0	0	0	0	0	0												0		0	0		273		{}
251		0	0	0	0		0	0	0	0	0	0	0	0	0	0	0	0	0	0	0	0	0	0	0	0		0	0	0	0	0		0	0	0	0	0	0	0	0	0	0	0												0		0	0		285		{}
254		0	0	0	0		0	0	0	0	0	0	0	0	0	0	0	0	0	0	0	0	0	0	0	0		0	0	0	0	0		0	0	0	0	0	0	0	0	0	0	0												0		0	0		288		{}
257		0	0	0	0		0	0	0	0	0	0	0	0	0	0	0	0	0	0	0	0	0	0	0	0		0	0	0	0	0		0	0	0	0	0	0	0	0	0	0	0												0		0	0		291		{}
260		0	0	0	0		0	0	0	0	0	0	0	0	0	0	0	0	0	0	0	0	0	0	0	0		0	0	0	0	0		0	0	0	0	0	0	0	0	0	0	0												0		0	0		294		{}
271		0	0	0	0		0	0	0	0	0	0	0	0	0	0	0	0	0	0	0	0	0	0	0	0		0	0	0	0	0		0	0	0	0	0	0	0	0	0	0	0												0		0	0		305		{}
160		0	0	0	0		0	0	0	0	0	0	0	0	0	0	0	0	0	0	0	0	0	0	0	0		0	0	0	0	0		0	0	0	0	0	0	0	0	0	0	0												0		0	0		194		{}
164		0	0	0	0		0	0	0	0	0	0	0	0	0	0	0	0	0	0	0	0	0	0	0	0		0	0	0	0	0		0	0	0	0	0	0	0	0	0	0	0												0		0	0		198		{}
168		0	0	0	0		0	0	0	0	0	0	0	0	0	0	0	0	0	0	0	0	0	0	0	0		0	0	0	0	0		0	0	0	0	0	0	0	0	0	0	0												0		0	0		202		{}
172		0	0	0	0		0	0	0	0	0	0	0	0	0	0	0	0	0	0	0	0	0	0	0	0		0	0	0	0	0		0	0	0	0	0	0	0	0	0	0	0												0		0	0		206		{}
176		0	0	0	0		0	0	0	0	0	0	0	0	0	0	0	0	0	0	0	0	0	0	0	0		0	0	0	0	0		0	0	0	0	0	0	0	0	0	0	0												0		0	0		210		{}
180		0	0	0	0		0	0	0	0	0	0	0	0	0	0	0	0	0	0	0	0	0	0	0	0		0	0	0	0	0		0	0	0	0	0	0	0	0	0	0	0												0		0	0		214		{}
184		0	0	0	0		0	0	0	0	0	0	0	0	0	0	0	0	0	0	0	0	0	0	0	0		0	0	0	0	0		0	0	0	0	0	0	0	0	0	0	0												0		0	0		218		{}
188		0	0	0	0		0	0	0	0	0	0	0	0	0	0	0	0	0	0	0	0	0	0	0	0		0	0	0	0	0		0	0	0	0	0	0	0	0	0	0	0												0		0	0		222		{}
192		0	0	0	0		0	0	0	0	0	0	0	0	0	0	0	0	0	0	0	0	0	0	0	0		0	0	0	0	0		0	0	0	0	0	0	0	0	0	0	0												0		0	0		226		{}
196		0	0	0	0		0	0	0	0	0	0	0	0	0	0	0	0	0	0	0	0	0	0	0	0		0	0	0	0	0		0	0	0	0	0	0	0	0	0	0	0												0		0	0		230		{}
200		0	0	0	0		0	0	0	0	0	0	0	0	0	0	0	0	0	0	0	0	0	0	0	0		0	0	0	0	0		0	0	0	0	0	0	0	0	0	0	0												0		0	0		234		{}
204		0	0	0	0		0	0	0	0	0	0	0	0	0	0	0	0	0	0	0	0	0	0	0	0		0	0	0	0	0		0	0	0	0	0	0	0	0	0	0	0												0		0	0		238		{}
660		0	0	0	0		0	0	0	0	0	0	0	0	0	0	0	0	0	0	0	0	0	0	0	0		0	0	0	0	0		0	0	0	0	0	0	0	0	0	0	0												0		0	0		694		{}
208		0	0	0	0		0	0	0	0	0	0	0	0	0	0	0	0	0	0	0	0	0	0	0	0		0	0	0	0	0		0	0	0	0	0	0	0	0	0	0	0												0		0	0		242		{}
675		0	0	0	0		0	0	0	0	0	0	0	0	0	0	0	0	0	0	0	0	0	0	0	0		0	0	0	0	0		0	0	0	0	0	0	0	0	0	0	0												0		0	0		709		{}
212		0	0	0	0		0	0	0	0	0	0	0	0	0	0	0	0	0	0	0	0	0	0	0	0		0	0	0	0	0		0	0	0	0	0	0	0	0	0	0	0												0		0	0		246		{}
216		0	0	0	0		0	0	0	0	0	0	0	0	0	0	0	0	0	0	0	0	0	0	0	0		0	0	0	0	0		0	0	0	0	0	0	0	0	0	0	0												0		0	0		250		{}
220		0	0	0	0		0	0	0	0	0	0	0	0	0	0	0	0	0	0	0	0	0	0	0	0		0	0	0	0	0		0	0	0	0	0	0	0	0	0	0	0												0		0	0		254		{}
224		0	0	0	0		0	0	0	0	0	0	0	0	0	0	0	0	0	0	0	0	0	0	0	0		0	0	0	0	0		0	0	0	0	0	0	0	0	0	0	0												0		0	0		258		{}
228		0	0	0	0		0	0	0	0	0	0	0	0	0	0	0	0	0	0	0	0	0	0	0	0		0	0	0	0	0		0	0	0	0	0	0	0	0	0	0	0												0		0	0		262		{}
231		0	0	0	0		0	0	0	0	0	0	0	0	0	0	0	0	0	0	0	0	0	0	0	0		0	0	0	0	0		0	0	0	0	0	0	0	0	0	0	0												0		0	0		265		{}
234		0	0	0	0		0	0	0	0	0	0	0	0	0	0	0	0	0	0	0	0	0	0	0	0		0	0	0	0	0		0	0	0	0	0	0	0	0	0	0	0												0		0	0		268		{}
237		0	0	0	0		0	0	0	0	0	0	0	0	0	0	0	0	0	0	0	0	0	0	0	0		0	0	0	0	0		0	0	0	0	0	0	0	0	0	0	0												0		0	0		271		{}
240		0	0	0	0		0	0	0	0	0	0	0	0	0	0	0	0	0	0	0	0	0	0	0	0		0	0	0	0	0		0	0	0	0	0	0	0	0	0	0	0												0		0	0		274		{}
243		0	0	0	0		0	0	0	0	0	0	0	0	0	0	0	0	0	0	0	0	0	0	0	0		0	0	0	0	0		0	0	0	0	0	0	0	0	0	0	0												0		0	0		277		{}
246		0	0	0	0		0	0	0	0	0	0	0	0	0	0	0	0	0	0	0	0	0	0	0	0		0	0	0	0	0		0	0	0	0	0	0	0	0	0	0	0												0		0	0		280		{}
249		0	0	0	0		0	0	0	0	0	0	0	0	0	0	0	0	0	0	0	0	0	0	0	0		0	0	0	0	0		0	0	0	0	0	0	0	0	0	0	0												0		0	0		283		{}
252		0	0	0	0		0	0	0	0	0	0	0	0	0	0	0	0	0	0	0	0	0	0	0	0		0	0	0	0	0		0	0	0	0	0	0	0	0	0	0	0												0		0	0		286		{}
258		0	0	0	0		0	0	0	0	0	0	0	0	0	0	0	0	0	0	0	0	0	0	0	0		0	0	0	0	0		0	0	0	0	0	0	0	0	0	0	0												0		0	0		292		{}
261		0	0	0	0		0	0	0	0	0	0	0	0	0	0	0	0	0	0	0	0	0	0	0	0		0	0	0	0	0		0	0	0	0	0	0	0	0	0	0	0												0		0	0		295		{}
661		0	0	0	0		0	0	0	0	0	0	0	0	0	0	0	0	0	0	0	0	0	0	0	0		0	0	0	0	0		0	0	0	0	0	0	0	0	0	0	0												0		0	0		695		{}
165		0	0	0	0		0	0	0	0	0	0	0	0	0	0	0	0	0	0	0	0	0	0	0	0		0	0	0	0	0		0	0	0	0	0	0	0	0	0	0	0												0		0	0		199		{}
169		0	0	0	0		0	0	0	0	0	0	0	0	0	0	0	0	0	0	0	0	0	0	0	0		0	0	0	0	0		0	0	0	0	0	0	0	0	0	0	0												0		0	0		203		{}
173		0	0	0	0		0	0	0	0	0	0	0	0	0	0	0	0	0	0	0	0	0	0	0	0		0	0	0	0	0		0	0	0	0	0	0	0	0	0	0	0												0		0	0		207		{}
177		0	0	0	0		0	0	0	0	0	0	0	0	0	0	0	0	0	0	0	0	0	0	0	0		0	0	0	0	0		0	0	0	0	0	0	0	0	0	0	0												0		0	0		211		{}
181		0	0	0	0		0	0	0	0	0	0	0	0	0	0	0	0	0	0	0	0	0	0	0	0		0	0	0	0	0		0	0	0	0	0	0	0	0	0	0	0												0		0	0		215		{}
185		0	0	0	0		0	0	0	0	0	0	0	0	0	0	0	0	0	0	0	0	0	0	0	0		0	0	0	0	0		0	0	0	0	0	0	0	0	0	0	0												0		0	0		219		{}
189		0	0	0	0		0	0	0	0	0	0	0	0	0	0	0	0	0	0	0	0	0	0	0	0		0	0	0	0	0		0	0	0	0	0	0	0	0	0	0	0												0		0	0		223		{}
193		0	0	0	0		0	0	0	0	0	0	0	0	0	0	0	0	0	0	0	0	0	0	0	0		0	0	0	0	0		0	0	0	0	0	0	0	0	0	0	0												0		0	0		227		{}
197		0	0	0	0		0	0	0	0	0	0	0	0	0	0	0	0	0	0	0	0	0	0	0	0		0	0	0	0	0		0	0	0	0	0	0	0	0	0	0	0												0		0	0		231		{}
201		0	0	0	0		0	0	0	0	0	0	0	0	0	0	0	0	0	0	0	0	0	0	0	0		0	0	0	0	0		0	0	0	0	0	0	0	0	0	0	0												0		0	0		235		{}
205		0	0	0	0		0	0	0	0	0	0	0	0	0	0	0	0	0	0	0	0	0	0	0	0		0	0	0	0	0		0	0	0	0	0	0	0	0	0	0	0												0		0	0		239		{}
676		0	0	0	0		0	0	0	0	0	0	0	0	0	0	0	0	0	0	0	0	0	0	0	0		0	0	0	0	0		0	0	0	0	0	0	0	0	0	0	0												0		0	0		710		{}
688		0	0	0	0		0	0	0	0	0	0	0	0	0	0	0	0	0	0	0	0	0	0	0	0		0	0	0	0	0		0	0	0	0	0	0	0	0	0	0	0												0		0	0		722		{}
209		0	0	0	0		0	0	0	0	0	0	0	0	0	0	0	0	0	0	0	0	0	0	0	0		0	0	0	0	0		0	0	0	0	0	0	0	0	0	0	0												0		0	0		243		{}
213		0	0	0	0		0	0	0	0	0	0	0	0	0	0	0	0	0	0	0	0	0	0	0	0		0	0	0	0	0		0	0	0	0	0	0	0	0	0	0	0												0		0	0		247		{}
217		0	0	0	0		0	0	0	0	0	0	0	0	0	0	0	0	0	0	0	0	0	0	0	0		0	0	0	0	0		0	0	0	0	0	0	0	0	0	0	0												0		0	0		251		{}
221		0	0	0	0		0	0	0	0	0	0	0	0	0	0	0	0	0	0	0	0	0	0	0	0		0	0	0	0	0		0	0	0	0	0	0	0	0	0	0	0												0		0	0		255		{}
225		0	0	0	0		0	0	0	0	0	0	0	0	0	0	0	0	0	0	0	0	0	0	0	0		0	0	0	0	0		0	0	0	0	0	0	0	0	0	0	0												0		0	0		259		{}
229		0	0	0	0		0	0	0	0	0	0	0	0	0	0	0	0	0	0	0	0	0	0	0	0		0	0	0	0	0		0	0	0	0	0	0	0	0	0	0	0												0		0	0		263		{}
232		0	0	0	0		0	0	0	0	0	0	0	0	0	0	0	0	0	0	0	0	0	0	0	0		0	0	0	0	0		0	0	0	0	0	0	0	0	0	0	0												0		0	0		266		{}
235		0	0	0	0		0	0	0	0	0	0	0	0	0	0	0	0	0	0	0	0	0	0	0	0		0	0	0	0	0		0	0	0	0	0	0	0	0	0	0	0												0		0	0		269		{}
238		0	0	0	0		0	0	0	0	0	0	0	0	0	0	0	0	0	0	0	0	0	0	0	0		0	0	0	0	0		0	0	0	0	0	0	0	0	0	0	0												0		0	0		272		{}
244		0	0	0	0		0	0	0	0	0	0	0	0	0	0	0	0	0	0	0	0	0	0	0	0		0	0	0	0	0		0	0	0	0	0	0	0	0	0	0	0												0		0	0		278		{}
247		0	0	0	0		0	0	0	0	0	0	0	0	0	0	0	0	0	0	0	0	0	0	0	0		0	0	0	0	0		0	0	0	0	0	0	0	0	0	0	0												0		0	0		281		{}
250		0	0	0	0		0	0	0	0	0	0	0	0	0	0	0	0	0	0	0	0	0	0	0	0		0	0	0	0	0		0	0	0	0	0	0	0	0	0	0	0												0		0	0		284		{}
253		0	0	0	0		0	0	0	0	0	0	0	0	0	0	0	0	0	0	0	0	0	0	0	0		0	0	0	0	0		0	0	0	0	0	0	0	0	0	0	0												0		0	0		287		{}
256		0	0	0	0		0	0	0	0	0	0	0	0	0	0	0	0	0	0	0	0	0	0	0	0		0	0	0	0	0		0	0	0	0	0	0	0	0	0	0	0												0		0	0		290		{}
259		0	0	0	0		0	0	0	0	0	0	0	0	0	0	0	0	0	0	0	0	0	0	0	0		0	0	0	0	0		0	0	0	0	0	0	0	0	0	0	0												0		0	0		293		{}
262		0	0	0	0		0	0	0	0	0	0	0	0	0	0	0	0	0	0	0	0	0	0	0	0		0	0	0	0	0		0	0	0	0	0	0	0	0	0	0	0												0		0	0		296		{}
265		0	0	0	0		0	0	0	0	0	0	0	0	0	0	0	0	0	0	0	0	0	0	0	0		0	0	0	0	0		0	0	0	0	0	0	0	0	0	0	0												0		0	0		299		{}
662		0	0	0	0		0	0	0	0	0	0	0	0	0	0	0	0	0	0	0	0	0	0	0	0		0	0	0	0	0		0	0	0	0	0	0	0	0	0	0	0												0		0	0		696		{}
677		0	0	0	0		0	0	0	0	0	0	0	0	0	0	0	0	0	0	0	0	0	0	0	0		0	0	0	0	0		0	0	0	0	0	0	0	0	0	0	0												0		0	0		711		{}
689		0	0	0	0		0	0	0	0	0	0	0	0	0	0	0	0	0	0	0	0	0	0	0	0		0	0	0	0	0		0	0	0	0	0	0	0	0	0	0	0												0		0	0		723		{}
699		0	0	0	0		0	0	0	0	0	0	0	0	0	0	0	0	0	0	0	0	0	0	0	0		0	0	0	0	0		0	0	0	0	0	0	0	0	0	0	0												0		0	0		733		{}
708		0	0	0	0		0	0	0	0	0	0	0	0	0	0	0	0	0	0	0	0	0	0	0	0		0	0	0	0	0		0	0	0	0	0	0	0	0	0	0	0												0		0	0		742		{}
716		0	0	0	0		0	0	0	0	0	0	0	0	0	0	0	0	0	0	0	0	0	0	0	0		0	0	0	0	0		0	0	0	0	0	0	0	0	0	0	0												0		0	0		750		{}
724		0	0	0	0		0	0	0	0	0	0	0	0	0	0	0	0	0	0	0	0	0	0	0	0		0	0	0	0	0		0	0	0	0	0	0	0	0	0	0	0												0		0	0		758		{}
731		0	0	0	0		0	0	0	0	0	0	0	0	0	0	0	0	0	0	0	0	0	0	0	0		0	0	0	0	0		0	0	0	0	0	0	0	0	0	0	0												0		0	0		765		{}
738		0	0	0	0		0	0	0	0	0	0	0	0	0	0	0	0	0	0	0	0	0	0	0	0		0	0	0	0	0		0	0	0	0	0	0	0	0	0	0	0												0		0	0		772		{}
744		0	0	0	0		0	0	0	0	0	0	0	0	0	0	0	0	0	0	0	0	0	0	0	0		0	0	0	0	0		0	0	0	0	0	0	0	0	0	0	0												0		0	0		778		{}
750		0	0	0	0		0	0	0	0	0	0	0	0	0	0	0	0	0	0	0	0	0	0	0	0		0	0	0	0	0		0	0	0	0	0	0	0	0	0	0	0												0		0	0		784		{}
763		0	0	0	0		0	0	0	0	0	0	0	0	0	0	0	0	0	0	0	0	0	0	0	0		0	0	0	0	0		0	0	0	0	0	0	0	0	0	0	0												0		0	0		797		{}
170		0	0	0	0		0	0	0	0	0	0	0	0	0	0	0	0	0	0	0	0	0	0	0	0		0	0	0	0	0		0	0	0	0	0	0	0	0	0	0	0												0		0	0		204		{}
174		0	0	0	0		0	0	0	0	0	0	0	0	0	0	0	0	0	0	0	0	0	0	0	0		0	0	0	0	0		0	0	0	0	0	0	0	0	0	0	0												0		0	0		208		{}
178		0	0	0	0		0	0	0	0	0	0	0	0	0	0	0	0	0	0	0	0	0	0	0	0		0	0	0	0	0		0	0	0	0	0	0	0	0	0	0	0												0		0	0		212		{}
182		0	0	0	0		0	0	0	0	0	0	0	0	0	0	0	0	0	0	0	0	0	0	0	0		0	0	0	0	0		0	0	0	0	0	0	0	0	0	0	0												0		0	0		216		{}
186		0	0	0	0		0	0	0	0	0	0	0	0	0	0	0	0	0	0	0	0	0	0	0	0		0	0	0	0	0		0	0	0	0	0	0	0	0	0	0	0												0		0	0		220		{}
769		0	0	0	0		0	0	0	0	0	0	0	0	0	0	0	0	0	0	0	0	0	0	0	0		0	0	0	0	0		0	0	0	0	0	0	0	0	0	0	0												0		0	0		803		{}
190		0	0	0	0		0	0	0	0	0	0	0	0	0	0	0	0	0	0	0	0	0	0	0	0		0	0	0	0	0		0	0	0	0	0	0	0	0	0	0	0												0		0	0		224		{}
194		0	0	0	0		0	0	0	0	0	0	0	0	0	0	0	0	0	0	0	0	0	0	0	0		0	0	0	0	0		0	0	0	0	0	0	0	0	0	0	0												0		0	0		228		{}
198		0	0	0	0		0	0	0	0	0	0	0	0	0	0	0	0	0	0	0	0	0	0	0	0		0	0	0	0	0		0	0	0	0	0	0	0	0	0	0	0												0		0	0		232		{}
202		0	0	0	0		0	0	0	0	0	0	0	0	0	0	0	0	0	0	0	0	0	0	0	0		0	0	0	0	0		0	0	0	0	0	0	0	0	0	0	0												0		0	0		236		{}
206		0	0	0	0		0	0	0	0	0	0	0	0	0	0	0	0	0	0	0	0	0	0	0	0		0	0	0	0	0		0	0	0	0	0	0	0	0	0	0	0												0		0	0		240		{}
210		0	0	0	0		0	0	0	0	0	0	0	0	0	0	0	0	0	0	0	0	0	0	0	0		0	0	0	0	0		0	0	0	0	0	0	0	0	0	0	0												0		0	0		244		{}
214		0	0	0	0		0	0	0	0	0	0	0	0	0	0	0	0	0	0	0	0	0	0	0	0		0	0	0	0	0		0	0	0	0	0	0	0	0	0	0	0												0		0	0		248		{}
218		0	0	0	0		0	0	0	0	0	0	0	0	0	0	0	0	0	0	0	0	0	0	0	0		0	0	0	0	0		0	0	0	0	0	0	0	0	0	0	0												0		0	0		252		{}
222		0	0	0	0		0	0	0	0	0	0	0	0	0	0	0	0	0	0	0	0	0	0	0	0		0	0	0	0	0		0	0	0	0	0	0	0	0	0	0	0												0		0	0		256		{}
226		0	0	0	0		0	0	0	0	0	0	0	0	0	0	0	0	0	0	0	0	0	0	0	0		0	0	0	0	0		0	0	0	0	0	0	0	0	0	0	0												0		0	0		260		{}
775		0	0	0	0		0	0	0	0	0	0	0	0	0	0	0	0	0	0	0	0	0	0	0	0		0	0	0	0	0		0	0	0	0	0	0	0	0	0	0	0												0		0	0		809		{}
272		0	0	0	0		0	0	0	0	0	0	0	0	0	0	0	0	0	0	0	0	0	0	0	0		0	0	0	0	0		0	0	0	0	0	0	0	0	0	0	0												0		0	0		306		{}
273		0	0	0	0		0	0	0	0	0	0	0	0	0	0	0	0	0	0	0	0	0	0	0	0		0	0	0	0	0		0	0	0	0	0	0	0	0	0	0	0												0		0	0		307		{}
274		0	0	0	0		0	0	0	0	0	0	0	0	0	0	0	0	0	0	0	0	0	0	0	0		0	0	0	0	0		0	0	0	0	0	0	0	0	0	0	0												0		0	0		308		{}
275		0	0	0	0		0	0	0	0	0	0	0	0	0	0	0	0	0	0	0	0	0	0	0	0		0	0	0	0	0		0	0	0	0	0	0	0	0	0	0	0												0		0	0		309		{}
276		0	0	0	0		0	0	0	0	0	0	0	0	0	0	0	0	0	0	0	0	0	0	0	0		0	0	0	0	0		0	0	0	0	0	0	0	0	0	0	0												0		0	0		310		{}
663		0	0	0	0		0	0	0	0	0	0	0	0	0	0	0	0	0	0	0	0	0	0	0	0		0	0	0	0	0		0	0	0	0	0	0	0	0	0	0	0												0		0	0		697		{}
678		0	0	0	0		0	0	0	0	0	0	0	0	0	0	0	0	0	0	0	0	0	0	0	0		0	0	0	0	0		0	0	0	0	0	0	0	0	0	0	0												0		0	0		712		{}
279		0	0	0	0		0	0	0	0	0	0	0	0	0	0	0	0	0	0	0	0	0	0	0	0		0	0	0	0	0		0	0	0	0	0	0	0	0	0	0	0												0		0	0		313		{}
280		0	0	0	0		0	0	0	0	0	0	0	0	0	0	0	0	0	0	0	0	0	0	0	0		0	0	0	0	0		0	0	0	0	0	0	0	0	0	0	0												0		0	0		314		{}
281		0	0	0	0		0	0	0	0	0	0	0	0	0	0	0	0	0	0	0	0	0	0	0	0		0	0	0	0	0		0	0	0	0	0	0	0	0	0	0	0												0		0	0		315		{}
690		0	0	0	0		0	0	0	0	0	0	0	0	0	0	0	0	0	0	0	0	0	0	0	0		0	0	0	0	0		0	0	0	0	0	0	0	0	0	0	0												0		0	0		724		{}
283		0	0	0	0		0	0	0	0	0	0	0	0	0	0	0	0	0	0	0	0	0	0	0	0		0	0	0	0	0		0	0	0	0	0	0	0	0	0	0	0												0		0	0		317		{}
284		0	0	0	0		0	0	0	0	0	0	0	0	0	0	0	0	0	0	0	0	0	0	0	0		0	0	0	0	0		0	0	0	0	0	0	0	0	0	0	0												0		0	0		318		{}
285		0	0	0	0		0	0	0	0	0	0	0	0	0	0	0	0	0	0	0	0	0	0	0	0		0	0	0	0	0		0	0	0	0	0	0	0	0	0	0	0												0		0	0		319		{}
286		0	0	0	0		0	0	0	0	0	0	0	0	0	0	0	0	0	0	0	0	0	0	0	0		0	0	0	0	0		0	0	0	0	0	0	0	0	0	0	0												0		0	0		320		{}
287		0	0	0	0		0	0	0	0	0	0	0	0	0	0	0	0	0	0	0	0	0	0	0	0		0	0	0	0	0		0	0	0	0	0	0	0	0	0	0	0												0		0	0		321		{}
288		0	0	0	0		0	0	0	0	0	0	0	0	0	0	0	0	0	0	0	0	0	0	0	0		0	0	0	0	0		0	0	0	0	0	0	0	0	0	0	0												0		0	0		322		{}
289		0	0	0	0		0	0	0	0	0	0	0	0	0	0	0	0	0	0	0	0	0	0	0	0		0	0	0	0	0		0	0	0	0	0	0	0	0	0	0	0												0		0	0		323		{}
290		0	0	0	0		0	0	0	0	0	0	0	0	0	0	0	0	0	0	0	0	0	0	0	0		0	0	0	0	0		0	0	0	0	0	0	0	0	0	0	0												0		0	0		324		{}
291		0	0	0	0		0	0	0	0	0	0	0	0	0	0	0	0	0	0	0	0	0	0	0	0		0	0	0	0	0		0	0	0	0	0	0	0	0	0	0	0												0		0	0		325		{}
700		0	0	0	0		0	0	0	0	0	0	0	0	0	0	0	0	0	0	0	0	0	0	0	0		0	0	0	0	0		0	0	0	0	0	0	0	0	0	0	0												0		0	0		734		{}
294		0	0	0	0		0	0	0	0	0	0	0	0	0	0	0	0	0	0	0	0	0	0	0	0		0	0	0	0	0		0	0	0	0	0	0	0	0	0	0	0												0		0	0		328		{}
709		0	0	0	0		0	0	0	0	0	0	0	0	0	0	0	0	0	0	0	0	0	0	0	0		0	0	0	0	0		0	0	0	0	0	0	0	0	0	0	0												0		0	0		743		{}
717		0	0	0	0		0	0	0	0	0	0	0	0	0	0	0	0	0	0	0	0	0	0	0	0		0	0	0	0	0		0	0	0	0	0	0	0	0	0	0	0												0		0	0		751		{}
725		0	0	0	0		0	0	0	0	0	0	0	0	0	0	0	0	0	0	0	0	0	0	0	0		0	0	0	0	0		0	0	0	0	0	0	0	0	0	0	0												0		0	0		759		{}
298		0	0	0	0		0	0	0	0	0	0	0	0	0	0	0	0	0	0	0	0	0	0	0	0		0	0	0	0	0		0	0	0	0	0	0	0	0	0	0	0												0		0	0		332		{}
299		0	0	0	0		0	0	0	0	0	0	0	0	0	0	0	0	0	0	0	0	0	0	0	0		0	0	0	0	0		0	0	0	0	0	0	0	0	0	0	0												0		0	0		333		{}
732		0	0	0	0		0	0	0	0	0	0	0	0	0	0	0	0	0	0	0	0	0	0	0	0		0	0	0	0	0		0	0	0	0	0	0	0	0	0	0	0												0		0	0		766		{}
303		0	0	0	0		0	0	0	0	0	0	0	0	0	0	0	0	0	0	0	0	0	0	0	0		0	0	0	0	0		0	0	0	0	0	0	0	0	0	0	0												0		0	0		337		{}
306		0	0	0	0		0	0	0	0	0	0	0	0	0	0	0	0	0	0	0	0	0	0	0	0		0	0	0	0	0		0	0	0	0	0	0	0	0	0	0	0												0		0	0		340		{}
307		0	0	0	0		0	0	0	0	0	0	0	0	0	0	0	0	0	0	0	0	0	0	0	0		0	0	0	0	0		0	0	0	0	0	0	0	0	0	0	0												0		0	0		341		{}
664		0	0	0	0		0	0	0	0	0	0	0	0	0	0	0	0	0	0	0	0	0	0	0	0		0	0	0	0	0		0	0	0	0	0	0	0	0	0	0	0												0		0	0		698		{}
309		0	0	0	0		0	0	0	0	0	0	0	0	0	0	0	0	0	0	0	0	0	0	0	0		0	0	0	0	0		0	0	0	0	0	0	0	0	0	0	0												0		0	0		343		{}
310		0	0	0	0		0	0	0	0	0	0	0	0	0	0	0	0	0	0	0	0	0	0	0	0		0	0	0	0	0		0	0	0	0	0	0	0	0	0	0	0												0		0	0		344		{}
311		0	0	0	0		0	0	0	0	0	0	0	0	0	0	0	0	0	0	0	0	0	0	0	0		0	0	0	0	0		0	0	0	0	0	0	0	0	0	0	0												0		0	0		345		{}
312		0	0	0	0		0	0	0	0	0	0	0	0	0	0	0	0	0	0	0	0	0	0	0	0		0	0	0	0	0		0	0	0	0	0	0	0	0	0	0	0												0		0	0		346		{}
313		0	0	0	0		0	0	0	0	0	0	0	0	0	0	0	0	0	0	0	0	0	0	0	0		0	0	0	0	0		0	0	0	0	0	0	0	0	0	0	0												0		0	0		347		{}
314		0	0	0	0		0	0	0	0	0	0	0	0	0	0	0	0	0	0	0	0	0	0	0	0		0	0	0	0	0		0	0	0	0	0	0	0	0	0	0	0												0		0	0		348		{}
315		0	0	0	0		0	0	0	0	0	0	0	0	0	0	0	0	0	0	0	0	0	0	0	0		0	0	0	0	0		0	0	0	0	0	0	0	0	0	0	0												0		0	0		349		{}
316		0	0	0	0		0	0	0	0	0	0	0	0	0	0	0	0	0	0	0	0	0	0	0	0		0	0	0	0	0		0	0	0	0	0	0	0	0	0	0	0												0		0	0		350		{}
317		0	0	0	0		0	0	0	0	0	0	0	0	0	0	0	0	0	0	0	0	0	0	0	0		0	0	0	0	0		0	0	0	0	0	0	0	0	0	0	0												0		0	0		351		{}
318		0	0	0	0		0	0	0	0	0	0	0	0	0	0	0	0	0	0	0	0	0	0	0	0		0	0	0	0	0		0	0	0	0	0	0	0	0	0	0	0												0		0	0		352		{}
319		0	0	0	0		0	0	0	0	0	0	0	0	0	0	0	0	0	0	0	0	0	0	0	0		0	0	0	0	0		0	0	0	0	0	0	0	0	0	0	0												0		0	0		353		{}
320		0	0	0	0		0	0	0	0	0	0	0	0	0	0	0	0	0	0	0	0	0	0	0	0		0	0	0	0	0		0	0	0	0	0	0	0	0	0	0	0												0		0	0		354		{}
321		0	0	0	0		0	0	0	0	0	0	0	0	0	0	0	0	0	0	0	0	0	0	0	0		0	0	0	0	0		0	0	0	0	0	0	0	0	0	0	0												0		0	0		355		{}
322		0	0	0	0		0	0	0	0	0	0	0	0	0	0	0	0	0	0	0	0	0	0	0	0		0	0	0	0	0		0	0	0	0	0	0	0	0	0	0	0												0		0	0		356		{}
323		0	0	0	0		0	0	0	0	0	0	0	0	0	0	0	0	0	0	0	0	0	0	0	0		0	0	0	0	0		0	0	0	0	0	0	0	0	0	0	0												0		0	0		357		{}
324		0	0	0	0		0	0	0	0	0	0	0	0	0	0	0	0	0	0	0	0	0	0	0	0		0	0	0	0	0		0	0	0	0	0	0	0	0	0	0	0												0		0	0		358		{}
325		0	0	0	0		0	0	0	0	0	0	0	0	0	0	0	0	0	0	0	0	0	0	0	0		0	0	0	0	0		0	0	0	0	0	0	0	0	0	0	0												0		0	0		359		{}
326		0	0	0	0		0	0	0	0	0	0	0	0	0	0	0	0	0	0	0	0	0	0	0	0		0	0	0	0	0		0	0	0	0	0	0	0	0	0	0	0												0		0	0		360		{}
327		0	0	0	0		0	0	0	0	0	0	0	0	0	0	0	0	0	0	0	0	0	0	0	0		0	0	0	0	0		0	0	0	0	0	0	0	0	0	0	0												0		0	0		361		{}
328		0	0	0	0		0	0	0	0	0	0	0	0	0	0	0	0	0	0	0	0	0	0	0	0		0	0	0	0	0		0	0	0	0	0	0	0	0	0	0	0												0		0	0		362		{}
329		0	0	0	0		0	0	0	0	0	0	0	0	0	0	0	0	0	0	0	0	0	0	0	0		0	0	0	0	0		0	0	0	0	0	0	0	0	0	0	0												0		0	0		363		{}
330		0	0	0	0		0	0	0	0	0	0	0	0	0	0	0	0	0	0	0	0	0	0	0	0		0	0	0	0	0		0	0	0	0	0	0	0	0	0	0	0												0		0	0		364		{}
331		0	0	0	0		0	0	0	0	0	0	0	0	0	0	0	0	0	0	0	0	0	0	0	0		0	0	0	0	0		0	0	0	0	0	0	0	0	0	0	0												0		0	0		365		{}
332		0	0	0	0		0	0	0	0	0	0	0	0	0	0	0	0	0	0	0	0	0	0	0	0		0	0	0	0	0		0	0	0	0	0	0	0	0	0	0	0												0		0	0		366		{}
333		0	0	0	0		0	0	0	0	0	0	0	0	0	0	0	0	0	0	0	0	0	0	0	0		0	0	0	0	0		0	0	0	0	0	0	0	0	0	0	0												0		0	0		367		{}
334		0	0	0	0		0	0	0	0	0	0	0	0	0	0	0	0	0	0	0	0	0	0	0	0		0	0	0	0	0		0	0	0	0	0	0	0	0	0	0	0												0		0	0		368		{}
335		0	0	0	0		0	0	0	0	0	0	0	0	0	0	0	0	0	0	0	0	0	0	0	0		0	0	0	0	0		0	0	0	0	0	0	0	0	0	0	0												0		0	0		369		{}
336		0	0	0	0		0	0	0	0	0	0	0	0	0	0	0	0	0	0	0	0	0	0	0	0		0	0	0	0	0		0	0	0	0	0	0	0	0	0	0	0												0		0	0		370		{}
337		0	0	0	0		0	0	0	0	0	0	0	0	0	0	0	0	0	0	0	0	0	0	0	0		0	0	0	0	0		0	0	0	0	0	0	0	0	0	0	0												0		0	0		371		{}
338		0	0	0	0		0	0	0	0	0	0	0	0	0	0	0	0	0	0	0	0	0	0	0	0		0	0	0	0	0		0	0	0	0	0	0	0	0	0	0	0												0		0	0		372		{}
339		0	0	0	0		0	0	0	0	0	0	0	0	0	0	0	0	0	0	0	0	0	0	0	0		0	0	0	0	0		0	0	0	0	0	0	0	0	0	0	0												0		0	0		373		{}
340		0	0	0	0		0	0	0	0	0	0	0	0	0	0	0	0	0	0	0	0	0	0	0	0		0	0	0	0	0		0	0	0	0	0	0	0	0	0	0	0												0		0	0		374		{}
341		0	0	0	0		0	0	0	0	0	0	0	0	0	0	0	0	0	0	0	0	0	0	0	0		0	0	0	0	0		0	0	0	0	0	0	0	0	0	0	0												0		0	0		375		{}
342		0	0	0	0		0	0	0	0	0	0	0	0	0	0	0	0	0	0	0	0	0	0	0	0		0	0	0	0	0		0	0	0	0	0	0	0	0	0	0	0												0		0	0		376		{}
343		0	0	0	0		0	0	0	0	0	0	0	0	0	0	0	0	0	0	0	0	0	0	0	0		0	0	0	0	0		0	0	0	0	0	0	0	0	0	0	0												0		0	0		377		{}
344		0	0	0	0		0	0	0	0	0	0	0	0	0	0	0	0	0	0	0	0	0	0	0	0		0	0	0	0	0		0	0	0	0	0	0	0	0	0	0	0												0		0	0		378		{}
345		0	0	0	0		0	0	0	0	0	0	0	0	0	0	0	0	0	0	0	0	0	0	0	0		0	0	0	0	0		0	0	0	0	0	0	0	0	0	0	0												0		0	0		379		{}
346		0	0	0	0		0	0	0	0	0	0	0	0	0	0	0	0	0	0	0	0	0	0	0	0		0	0	0	0	0		0	0	0	0	0	0	0	0	0	0	0												0		0	0		380		{}
347		0	0	0	0		0	0	0	0	0	0	0	0	0	0	0	0	0	0	0	0	0	0	0	0		0	0	0	0	0		0	0	0	0	0	0	0	0	0	0	0												0		0	0		381		{}
348		0	0	0	0		0	0	0	0	0	0	0	0	0	0	0	0	0	0	0	0	0	0	0	0		0	0	0	0	0		0	0	0	0	0	0	0	0	0	0	0												0		0	0		382		{}
349		0	0	0	0		0	0	0	0	0	0	0	0	0	0	0	0	0	0	0	0	0	0	0	0		0	0	0	0	0		0	0	0	0	0	0	0	0	0	0	0												0		0	0		383		{}
350		0	0	0	0		0	0	0	0	0	0	0	0	0	0	0	0	0	0	0	0	0	0	0	0		0	0	0	0	0		0	0	0	0	0	0	0	0	0	0	0												0		0	0		384		{}
351		0	0	0	0		0	0	0	0	0	0	0	0	0	0	0	0	0	0	0	0	0	0	0	0		0	0	0	0	0		0	0	0	0	0	0	0	0	0	0	0												0		0	0		385		{}
352		0	0	0	0		0	0	0	0	0	0	0	0	0	0	0	0	0	0	0	0	0	0	0	0		0	0	0	0	0		0	0	0	0	0	0	0	0	0	0	0												0		0	0		386		{}
353		0	0	0	0		0	0	0	0	0	0	0	0	0	0	0	0	0	0	0	0	0	0	0	0		0	0	0	0	0		0	0	0	0	0	0	0	0	0	0	0												0		0	0		387		{}
354		0	0	0	0		0	0	0	0	0	0	0	0	0	0	0	0	0	0	0	0	0	0	0	0		0	0	0	0	0		0	0	0	0	0	0	0	0	0	0	0												0		0	0		388		{}
355		0	0	0	0		0	0	0	0	0	0	0	0	0	0	0	0	0	0	0	0	0	0	0	0		0	0	0	0	0		0	0	0	0	0	0	0	0	0	0	0												0		0	0		389		{}
356		0	0	0	0		0	0	0	0	0	0	0	0	0	0	0	0	0	0	0	0	0	0	0	0		0	0	0	0	0		0	0	0	0	0	0	0	0	0	0	0												0		0	0		390		{}
357		0	0	0	0		0	0	0	0	0	0	0	0	0	0	0	0	0	0	0	0	0	0	0	0		0	0	0	0	0		0	0	0	0	0	0	0	0	0	0	0												0		0	0		391		{}
358		0	0	0	0		0	0	0	0	0	0	0	0	0	0	0	0	0	0	0	0	0	0	0	0		0	0	0	0	0		0	0	0	0	0	0	0	0	0	0	0												0		0	0		392		{}
359		0	0	0	0		0	0	0	0	0	0	0	0	0	0	0	0	0	0	0	0	0	0	0	0		0	0	0	0	0		0	0	0	0	0	0	0	0	0	0	0												0		0	0		393		{}
360		0	0	0	0		0	0	0	0	0	0	0	0	0	0	0	0	0	0	0	0	0	0	0	0		0	0	0	0	0		0	0	0	0	0	0	0	0	0	0	0												0		0	0		394		{}
361		0	0	0	0		0	0	0	0	0	0	0	0	0	0	0	0	0	0	0	0	0	0	0	0		0	0	0	0	0		0	0	0	0	0	0	0	0	0	0	0												0		0	0		395		{}
362		0	0	0	0		0	0	0	0	0	0	0	0	0	0	0	0	0	0	0	0	0	0	0	0		0	0	0	0	0		0	0	0	0	0	0	0	0	0	0	0												0		0	0		396		{}
363		0	0	0	0		0	0	0	0	0	0	0	0	0	0	0	0	0	0	0	0	0	0	0	0		0	0	0	0	0		0	0	0	0	0	0	0	0	0	0	0												0		0	0		397		{}
364		0	0	0	0		0	0	0	0	0	0	0	0	0	0	0	0	0	0	0	0	0	0	0	0		0	0	0	0	0		0	0	0	0	0	0	0	0	0	0	0												0		0	0		398		{}
365		0	0	0	0		0	0	0	0	0	0	0	0	0	0	0	0	0	0	0	0	0	0	0	0		0	0	0	0	0		0	0	0	0	0	0	0	0	0	0	0												0		0	0		399		{}
366		0	0	0	0		0	0	0	0	0	0	0	0	0	0	0	0	0	0	0	0	0	0	0	0		0	0	0	0	0		0	0	0	0	0	0	0	0	0	0	0												0		0	0		400		{}
367		0	0	0	0		0	0	0	0	0	0	0	0	0	0	0	0	0	0	0	0	0	0	0	0		0	0	0	0	0		0	0	0	0	0	0	0	0	0	0	0												0		0	0		401		{}
368		0	0	0	0		0	0	0	0	0	0	0	0	0	0	0	0	0	0	0	0	0	0	0	0		0	0	0	0	0		0	0	0	0	0	0	0	0	0	0	0												0		0	0		402		{}
369		0	0	0	0		0	0	0	0	0	0	0	0	0	0	0	0	0	0	0	0	0	0	0	0		0	0	0	0	0		0	0	0	0	0	0	0	0	0	0	0												0		0	0		403		{}
370		0	0	0	0		0	0	0	0	0	0	0	0	0	0	0	0	0	0	0	0	0	0	0	0		0	0	0	0	0		0	0	0	0	0	0	0	0	0	0	0												0		0	0		404		{}
371		0	0	0	0		0	0	0	0	0	0	0	0	0	0	0	0	0	0	0	0	0	0	0	0		0	0	0	0	0		0	0	0	0	0	0	0	0	0	0	0												0		0	0		405		{}
372		0	0	0	0		0	0	0	0	0	0	0	0	0	0	0	0	0	0	0	0	0	0	0	0		0	0	0	0	0		0	0	0	0	0	0	0	0	0	0	0												0		0	0		406		{}
373		0	0	0	0		0	0	0	0	0	0	0	0	0	0	0	0	0	0	0	0	0	0	0	0		0	0	0	0	0		0	0	0	0	0	0	0	0	0	0	0												0		0	0		407		{}
374		0	0	0	0		0	0	0	0	0	0	0	0	0	0	0	0	0	0	0	0	0	0	0	0		0	0	0	0	0		0	0	0	0	0	0	0	0	0	0	0												0		0	0		408		{}
375		0	0	0	0		0	0	0	0	0	0	0	0	0	0	0	0	0	0	0	0	0	0	0	0		0	0	0	0	0		0	0	0	0	0	0	0	0	0	0	0												0		0	0		409		{}
376		0	0	0	0		0	0	0	0	0	0	0	0	0	0	0	0	0	0	0	0	0	0	0	0		0	0	0	0	0		0	0	0	0	0	0	0	0	0	0	0												0		0	0		410		{}
377		0	0	0	0		0	0	0	0	0	0	0	0	0	0	0	0	0	0	0	0	0	0	0	0		0	0	0	0	0		0	0	0	0	0	0	0	0	0	0	0												0		0	0		411		{}
378		0	0	0	0		0	0	0	0	0	0	0	0	0	0	0	0	0	0	0	0	0	0	0	0		0	0	0	0	0		0	0	0	0	0	0	0	0	0	0	0												0		0	0		412		{}
379		0	0	0	0		0	0	0	0	0	0	0	0	0	0	0	0	0	0	0	0	0	0	0	0		0	0	0	0	0		0	0	0	0	0	0	0	0	0	0	0												0		0	0		413		{}
380		0	0	0	0		0	0	0	0	0	0	0	0	0	0	0	0	0	0	0	0	0	0	0	0		0	0	0	0	0		0	0	0	0	0	0	0	0	0	0	0												0		0	0		414		{}
381		0	0	0	0		0	0	0	0	0	0	0	0	0	0	0	0	0	0	0	0	0	0	0	0		0	0	0	0	0		0	0	0	0	0	0	0	0	0	0	0												0		0	0		415		{}
382		0	0	0	0		0	0	0	0	0	0	0	0	0	0	0	0	0	0	0	0	0	0	0	0		0	0	0	0	0		0	0	0	0	0	0	0	0	0	0	0												0		0	0		416		{}
383		0	0	0	0		0	0	0	0	0	0	0	0	0	0	0	0	0	0	0	0	0	0	0	0		0	0	0	0	0		0	0	0	0	0	0	0	0	0	0	0												0		0	0		417		{}
384		0	0	0	0		0	0	0	0	0	0	0	0	0	0	0	0	0	0	0	0	0	0	0	0		0	0	0	0	0		0	0	0	0	0	0	0	0	0	0	0												0		0	0		418		{}
385		0	0	0	0		0	0	0	0	0	0	0	0	0	0	0	0	0	0	0	0	0	0	0	0		0	0	0	0	0		0	0	0	0	0	0	0	0	0	0	0												0		0	0		419		{}
386		0	0	0	0		0	0	0	0	0	0	0	0	0	0	0	0	0	0	0	0	0	0	0	0		0	0	0	0	0		0	0	0	0	0	0	0	0	0	0	0												0		0	0		420		{}
387		0	0	0	0		0	0	0	0	0	0	0	0	0	0	0	0	0	0	0	0	0	0	0	0		0	0	0	0	0		0	0	0	0	0	0	0	0	0	0	0												0		0	0		421		{}
388		0	0	0	0		0	0	0	0	0	0	0	0	0	0	0	0	0	0	0	0	0	0	0	0		0	0	0	0	0		0	0	0	0	0	0	0	0	0	0	0												0		0	0		422		{}
389		0	0	0	0		0	0	0	0	0	0	0	0	0	0	0	0	0	0	0	0	0	0	0	0		0	0	0	0	0		0	0	0	0	0	0	0	0	0	0	0												0		0	0		423		{}
390		0	0	0	0		0	0	0	0	0	0	0	0	0	0	0	0	0	0	0	0	0	0	0	0		0	0	0	0	0		0	0	0	0	0	0	0	0	0	0	0												0		0	0		424		{}
391		0	0	0	0		0	0	0	0	0	0	0	0	0	0	0	0	0	0	0	0	0	0	0	0		0	0	0	0	0		0	0	0	0	0	0	0	0	0	0	0												0		0	0		425		{}
392		0	0	0	0		0	0	0	0	0	0	0	0	0	0	0	0	0	0	0	0	0	0	0	0		0	0	0	0	0		0	0	0	0	0	0	0	0	0	0	0												0		0	0		426		{}
393		0	0	0	0		0	0	0	0	0	0	0	0	0	0	0	0	0	0	0	0	0	0	0	0		0	0	0	0	0		0	0	0	0	0	0	0	0	0	0	0												0		0	0		427		{}
394		0	0	0	0		0	0	0	0	0	0	0	0	0	0	0	0	0	0	0	0	0	0	0	0		0	0	0	0	0		0	0	0	0	0	0	0	0	0	0	0												0		0	0		428		{}
395		0	0	0	0		0	0	0	0	0	0	0	0	0	0	0	0	0	0	0	0	0	0	0	0		0	0	0	0	0		0	0	0	0	0	0	0	0	0	0	0												0		0	0		429		{}
397		0	0	0	0		0	0	0	0	0	0	0	0	0	0	0	0	0	0	0	0	0	0	0	0		0	0	0	0	0		0	0	0	0	0	0	0	0	0	0	0												0		0	0		431		{}
399		0	0	0	0		0	0	0	0	0	0	0	0	0	0	0	0	0	0	0	0	0	0	0	0		0	0	0	0	0		0	0	0	0	0	0	0	0	0	0	0												0		0	0		433		{}
665		0	0	0	0		0	0	0	0	0	0	0	0	0	0	0	0	0	0	0	0	0	0	0	0		0	0	0	0	0		0	0	0	0	0	0	0	0	0	0	0												0		0	0		699		{}
679		0	0	0	0		0	0	0	0	0	0	0	0	0	0	0	0	0	0	0	0	0	0	0	0		0	0	0	0	0		0	0	0	0	0	0	0	0	0	0	0												0		0	0		713		{}
402		0	0	0	0		0	0	0	0	0	0	0	0	0	0	0	0	0	0	0	0	0	0	0	0		0	0	0	0	0		0	0	0	0	0	0	0	0	0	0	0												0		0	0		436		{}
403		0	0	0	0		0	0	0	0	0	0	0	0	0	0	0	0	0	0	0	0	0	0	0	0		0	0	0	0	0		0	0	0	0	0	0	0	0	0	0	0												0		0	0		437		{}
404		0	0	0	0		0	0	0	0	0	0	0	0	0	0	0	0	0	0	0	0	0	0	0	0		0	0	0	0	0		0	0	0	0	0	0	0	0	0	0	0												0		0	0		438		{}
405		0	0	0	0		0	0	0	0	0	0	0	0	0	0	0	0	0	0	0	0	0	0	0	0		0	0	0	0	0		0	0	0	0	0	0	0	0	0	0	0												0		0	0		439		{}
407		0	0	0	0		0	0	0	0	0	0	0	0	0	0	0	0	0	0	0	0	0	0	0	0		0	0	0	0	0		0	0	0	0	0	0	0	0	0	0	0												0		0	0		441		{}
408		0	0	0	0		0	0	0	0	0	0	0	0	0	0	0	0	0	0	0	0	0	0	0	0		0	0	0	0	0		0	0	0	0	0	0	0	0	0	0	0												0		0	0		442		{}
409		0	0	0	0		0	0	0	0	0	0	0	0	0	0	0	0	0	0	0	0	0	0	0	0		0	0	0	0	0		0	0	0	0	0	0	0	0	0	0	0												0		0	0		443		{}
410		0	0	0	0		0	0	0	0	0	0	0	0	0	0	0	0	0	0	0	0	0	0	0	0		0	0	0	0	0		0	0	0	0	0	0	0	0	0	0	0												0		0	0		444		{}
411		0	0	0	0		0	0	0	0	0	0	0	0	0	0	0	0	0	0	0	0	0	0	0	0		0	0	0	0	0		0	0	0	0	0	0	0	0	0	0	0												0		0	0		445		{}
412		0	0	0	0		0	0	0	0	0	0	0	0	0	0	0	0	0	0	0	0	0	0	0	0		0	0	0	0	0		0	0	0	0	0	0	0	0	0	0	0												0		0	0		446		{}
413		0	0	0	0		0	0	0	0	0	0	0	0	0	0	0	0	0	0	0	0	0	0	0	0		0	0	0	0	0		0	0	0	0	0	0	0	0	0	0	0												0		0	0		447		{}
414		0	0	0	0		0	0	0	0	0	0	0	0	0	0	0	0	0	0	0	0	0	0	0	0		0	0	0	0	0		0	0	0	0	0	0	0	0	0	0	0												0		0	0		448		{}
415		0	0	0	0		0	0	0	0	0	0	0	0	0	0	0	0	0	0	0	0	0	0	0	0		0	0	0	0	0		0	0	0	0	0	0	0	0	0	0	0												0		0	0		449		{}
416		0	0	0	0		0	0	0	0	0	0	0	0	0	0	0	0	0	0	0	0	0	0	0	0		0	0	0	0	0		0	0	0	0	0	0	0	0	0	0	0												0		0	0		450		{}
417		0	0	0	0		0	0	0	0	0	0	0	0	0	0	0	0	0	0	0	0	0	0	0	0		0	0	0	0	0		0	0	0	0	0	0	0	0	0	0	0												0		0	0		451		{}
418		0	0	0	0		0	0	0	0	0	0	0	0	0	0	0	0	0	0	0	0	0	0	0	0		0	0	0	0	0		0	0	0	0	0	0	0	0	0	0	0												0		0	0		452		{}
419		0	0	0	0		0	0	0	0	0	0	0	0	0	0	0	0	0	0	0	0	0	0	0	0		0	0	0	0	0		0	0	0	0	0	0	0	0	0	0	0												0		0	0		453		{}
420		0	0	0	0		0	0	0	0	0	0	0	0	0	0	0	0	0	0	0	0	0	0	0	0		0	0	0	0	0		0	0	0	0	0	0	0	0	0	0	0												0		0	0		454		{}
421		0	0	0	0		0	0	0	0	0	0	0	0	0	0	0	0	0	0	0	0	0	0	0	0		0	0	0	0	0		0	0	0	0	0	0	0	0	0	0	0												0		0	0		455		{}
425		0	0	0	0		0	0	0	0	0	0	0	0	0	0	0	0	0	0	0	0	0	0	0	0		0	0	0	0	0		0	0	0	0	0	0	0	0	0	0	0												0		0	0		459		{}
426		0	0	0	0		0	0	0	0	0	0	0	0	0	0	0	0	0	0	0	0	0	0	0	0		0	0	0	0	0		0	0	0	0	0	0	0	0	0	0	0												0		0	0		460		{}
427		0	0	0	0		0	0	0	0	0	0	0	0	0	0	0	0	0	0	0	0	0	0	0	0		0	0	0	0	0		0	0	0	0	0	0	0	0	0	0	0												0		0	0		461		{}
691		0	0	0	0		0	0	0	0	0	0	0	0	0	0	0	0	0	0	0	0	0	0	0	0		0	0	0	0	0		0	0	0	0	0	0	0	0	0	0	0												0		0	0		725		{}
701		0	0	0	0		0	0	0	0	0	0	0	0	0	0	0	0	0	0	0	0	0	0	0	0		0	0	0	0	0		0	0	0	0	0	0	0	0	0	0	0												0		0	0		735		{}
710		0	0	0	0		0	0	0	0	0	0	0	0	0	0	0	0	0	0	0	0	0	0	0	0		0	0	0	0	0		0	0	0	0	0	0	0	0	0	0	0												0		0	0		744		{}
718		0	0	0	0		0	0	0	0	0	0	0	0	0	0	0	0	0	0	0	0	0	0	0	0		0	0	0	0	0		0	0	0	0	0	0	0	0	0	0	0												0		0	0		752		{}
666		0	0	0	0		0	0	0	0	0	0	0	0	0	0	0	0	0	0	0	0	0	0	0	0		0	0	0	0	0		0	0	0	0	0	0	0	0	0	0	0												0		0	0		700		{}
680		0	0	0	0		0	0	0	0	0	0	0	0	0	0	0	0	0	0	0	0	0	0	0	0		0	0	0	0	0		0	0	0	0	0	0	0	0	0	0	0												0		0	0		714		{}
692		0	0	0	0		0	0	0	0	0	0	0	0	0	0	0	0	0	0	0	0	0	0	0	0		0	0	0	0	0		0	0	0	0	0	0	0	0	0	0	0												0		0	0		726		{}
433		0	0	0	0		0	0	0	0	0	0	0	0	0	0	0	0	0	0	0	0	0	0	0	0		0	0	0	0	0		0	0	0	0	0	0	0	0	0	0	0												0		0	0		467		{}
702		0	0	0	0		0	0	0	0	0	0	0	0	0	0	0	0	0	0	0	0	0	0	0	0		0	0	0	0	0		0	0	0	0	0	0	0	0	0	0	0												0		0	0		736		{}
711		0	0	0	0		0	0	0	0	0	0	0	0	0	0	0	0	0	0	0	0	0	0	0	0		0	0	0	0	0		0	0	0	0	0	0	0	0	0	0	0												0		0	0		745		{}
719		0	0	0	0		0	0	0	0	0	0	0	0	0	0	0	0	0	0	0	0	0	0	0	0		0	0	0	0	0		0	0	0	0	0	0	0	0	0	0	0												0		0	0		753		{}
726		0	0	0	0		0	0	0	0	0	0	0	0	0	0	0	0	0	0	0	0	0	0	0	0		0	0	0	0	0		0	0	0	0	0	0	0	0	0	0	0												0		0	0		760		{}
733		0	0	0	0		0	0	0	0	0	0	0	0	0	0	0	0	0	0	0	0	0	0	0	0		0	0	0	0	0		0	0	0	0	0	0	0	0	0	0	0												0		0	0		767		{}
439		0	0	0	0		0	0	0	0	0	0	0	0	0	0	0	0	0	0	0	0	0	0	0	0		0	0	0	0	0		0	0	0	0	0	0	0	0	0	0	0												0		0	0		473		{}
440		0	0	0	0		0	0	0	0	0	0	0	0	0	0	0	0	0	0	0	0	0	0	0	0		0	0	0	0	0		0	0	0	0	0	0	0	0	0	0	0												0		0	0		474		{}
739		0	0	0	0		0	0	0	0	0	0	0	0	0	0	0	0	0	0	0	0	0	0	0	0		0	0	0	0	0		0	0	0	0	0	0	0	0	0	0	0												0		0	0		773		{}
442		0	0	0	0		0	0	0	0	0	0	0	0	0	0	0	0	0	0	0	0	0	0	0	0		0	0	0	0	0		0	0	0	0	0	0	0	0	0	0	0												0		0	0		476		{}
443		0	0	0	0		0	0	0	0	0	0	0	0	0	0	0	0	0	0	0	0	0	0	0	0		0	0	0	0	0		0	0	0	0	0	0	0	0	0	0	0												0		0	0		477		{}
745		0	0	0	0		0	0	0	0	0	0	0	0	0	0	0	0	0	0	0	0	0	0	0	0		0	0	0	0	0		0	0	0	0	0	0	0	0	0	0	0												0		0	0		779		{}
751		0	0	0	0		0	0	0	0	0	0	0	0	0	0	0	0	0	0	0	0	0	0	0	0		0	0	0	0	0		0	0	0	0	0	0	0	0	0	0	0												0		0	0		785		{}
764		0	0	0	0		0	0	0	0	0	0	0	0	0	0	0	0	0	0	0	0	0	0	0	0		0	0	0	0	0		0	0	0	0	0	0	0	0	0	0	0												0		0	0		798		{}
770		0	0	0	0		0	0	0	0	0	0	0	0	0	0	0	0	0	0	0	0	0	0	0	0		0	0	0	0	0		0	0	0	0	0	0	0	0	0	0	0												0		0	0		804		{}
449		0	0	0	0		0	0	0	0	0	0	0	0	0	0	0	0	0	0	0	0	0	0	0	0		0	0	0	0	0		0	0	0	0	0	0	0	0	0	0	0												0		0	0		483		{}
450		0	0	0	0		0	0	0	0	0	0	0	0	0	0	0	0	0	0	0	0	0	0	0	0		0	0	0	0	0		0	0	0	0	0	0	0	0	0	0	0												0		0	0		484		{}
451		0	0	0	0		0	0	0	0	0	0	0	0	0	0	0	0	0	0	0	0	0	0	0	0		0	0	0	0	0		0	0	0	0	0	0	0	0	0	0	0												0		0	0		485		{}
776		0	0	0	0		0	0	0	0	0	0	0	0	0	0	0	0	0	0	0	0	0	0	0	0		0	0	0	0	0		0	0	0	0	0	0	0	0	0	0	0												0		0	0		810		{}
781		0	0	0	0		0	0	0	0	0	0	0	0	0	0	0	0	0	0	0	0	0	0	0	0		0	0	0	0	0		0	0	0	0	0	0	0	0	0	0	0												0		0	0		815		{}
783		0	0	0	0		0	0	0	0	0	0	0	0	0	0	0	0	0	0	0	0	0	0	0	0		0	0	0	0	0		0	0	0	0	0	0	0	0	0	0	0												0		0	0		817		{}
786		0	0	0	0		0	0	0	0	0	0	0	0	0	0	0	0	0	0	0	0	0	0	0	0		0	0	0	0	0		0	0	0	0	0	0	0	0	0	0	0												0		0	0		820		{}
459		0	0	0	0		0	0	0	0	0	0	0	0	0	0	0	0	0	0	0	0	0	0	0	0		0	0	0	0	0		0	0	0	0	0	0	0	0	0	0	0												0		0	0		493		{}
793		0	0	0	0		0	0	0	0	0	0	0	0	0	0	0	0	0	0	0	0	0	0	0	0		0	0	0	0	0		0	0	0	0	0	0	0	0	0	0	0												0		0	0		827		{}
794		0	0	0	0		0	0	0	0	0	0	0	0	0	0	0	0	0	0	0	0	0	0	0	0		0	0	0	0	0		0	0	0	0	0	0	0	0	0	0	0												0		0	0		828		{}
796		0	0	0	0		0	0	0	0	0	0	0	0	0	0	0	0	0	0	0	0	0	0	0	0		0	0	0	0	0		0	0	0	0	0	0	0	0	0	0	0												0		0	0		830		{}
798		0	0	0	0		0	0	0	0	0	0	0	0	0	0	0	0	0	0	0	0	0	0	0	0		0	0	0	0	0		0	0	0	0	0	0	0	0	0	0	0												0		0	0		832		{}
667		0	0	0	0		0	0	0	0	0	0	0	0	0	0	0	0	0	0	0	0	0	0	0	0		0	0	0	0	0		0	0	0	0	0	0	0	0	0	0	0												0		0	0		701		{}
462		0	0	0	0		0	0	0	0	0	0	0	0	0	0	0	0	0	0	0	0	0	0	0	0		0	0	0	0	0		0	0	0	0	0	0	0	0	0	0	0												0		0	0		496		{}
463		0	0	0	0		0	0	0	0	0	0	0	0	0	0	0	0	0	0	0	0	0	0	0	0		0	0	0	0	0		0	0	0	0	0	0	0	0	0	0	0												0		0	0		497		{}
464		0	0	0	0		0	0	0	0	0	0	0	0	0	0	0	0	0	0	0	0	0	0	0	0		0	0	0	0	0		0	0	0	0	0	0	0	0	0	0	0												0		0	0		498		{}
465		0	0	0	0		0	0	0	0	0	0	0	0	0	0	0	0	0	0	0	0	0	0	0	0		0	0	0	0	0		0	0	0	0	0	0	0	0	0	0	0												0		0	0		499		{}
466		0	0	0	0		0	0	0	0	0	0	0	0	0	0	0	0	0	0	0	0	0	0	0	0		0	0	0	0	0		0	0	0	0	0	0	0	0	0	0	0												0		0	0		500		{}
467		0	0	0	0		0	0	0	0	0	0	0	0	0	0	0	0	0	0	0	0	0	0	0	0		0	0	0	0	0		0	0	0	0	0	0	0	0	0	0	0												0		0	0		501		{}
681		0	0	0	0		0	0	0	0	0	0	0	0	0	0	0	0	0	0	0	0	0	0	0	0		0	0	0	0	0		0	0	0	0	0	0	0	0	0	0	0												0		0	0		715		{}
693		0	0	0	0		0	0	0	0	0	0	0	0	0	0	0	0	0	0	0	0	0	0	0	0		0	0	0	0	0		0	0	0	0	0	0	0	0	0	0	0												0		0	0		727		{}
470		0	0	0	0		0	0	0	0	0	0	0	0	0	0	0	0	0	0	0	0	0	0	0	0		0	0	0	0	0		0	0	0	0	0	0	0	0	0	0	0												0		0	0		504		{}
703		0	0	0	0		0	0	0	0	0	0	0	0	0	0	0	0	0	0	0	0	0	0	0	0		0	0	0	0	0		0	0	0	0	0	0	0	0	0	0	0												0		0	0		737		{}
472		0	0	0	0		0	0	0	0	0	0	0	0	0	0	0	0	0	0	0	0	0	0	0	0		0	0	0	0	0		0	0	0	0	0	0	0	0	0	0	0												0		0	0		506		{}
712		0	0	0	0		0	0	0	0	0	0	0	0	0	0	0	0	0	0	0	0	0	0	0	0		0	0	0	0	0		0	0	0	0	0	0	0	0	0	0	0												0		0	0		746		{}
474		0	0	0	0		0	0	0	0	0	0	0	0	0	0	0	0	0	0	0	0	0	0	0	0		0	0	0	0	0		0	0	0	0	0	0	0	0	0	0	0												0		0	0		508		{}
720		0	0	0	0		0	0	0	0	0	0	0	0	0	0	0	0	0	0	0	0	0	0	0	0		0	0	0	0	0		0	0	0	0	0	0	0	0	0	0	0												0		0	0		754		{}
727		0	0	0	0		0	0	0	0	0	0	0	0	0	0	0	0	0	0	0	0	0	0	0	0		0	0	0	0	0		0	0	0	0	0	0	0	0	0	0	0												0		0	0		761		{}
477		0	0	0	0		0	0	0	0	0	0	0	0	0	0	0	0	0	0	0	0	0	0	0	0		0	0	0	0	0		0	0	0	0	0	0	0	0	0	0	0												0		0	0		511		{}
734		0	0	0	0		0	0	0	0	0	0	0	0	0	0	0	0	0	0	0	0	0	0	0	0		0	0	0	0	0		0	0	0	0	0	0	0	0	0	0	0												0		0	0		768		{}
740		0	0	0	0		0	0	0	0	0	0	0	0	0	0	0	0	0	0	0	0	0	0	0	0		0	0	0	0	0		0	0	0	0	0	0	0	0	0	0	0												0		0	0		774		{}
746		0	0	0	0		0	0	0	0	0	0	0	0	0	0	0	0	0	0	0	0	0	0	0	0		0	0	0	0	0		0	0	0	0	0	0	0	0	0	0	0												0		0	0		780		{}
752		0	0	0	0		0	0	0	0	0	0	0	0	0	0	0	0	0	0	0	0	0	0	0	0		0	0	0	0	0		0	0	0	0	0	0	0	0	0	0	0												0		0	0		786		{}
759		0	0	0	0		0	0	0	0	0	0	0	0	0	0	0	0	0	0	0	0	0	0	0	0		0	0	0	0	0		0	0	0	0	0	0	0	0	0	0	0												0		0	0		793		{}
765		0	0	0	0		0	0	0	0	0	0	0	0	0	0	0	0	0	0	0	0	0	0	0	0		0	0	0	0	0		0	0	0	0	0	0	0	0	0	0	0												0		0	0		799		{}
771		0	0	0	0		0	0	0	0	0	0	0	0	0	0	0	0	0	0	0	0	0	0	0	0		0	0	0	0	0		0	0	0	0	0	0	0	0	0	0	0												0		0	0		805		{}
486		0	0	0	0		0	0	0	0	0	0	0	0	0	0	0	0	0	0	0	0	0	0	0	0		0	0	0	0	0		0	0	0	0	0	0	0	0	0	0	0												0		0	0		520		{}
777		0	0	0	0		0	0	0	0	0	0	0	0	0	0	0	0	0	0	0	0	0	0	0	0		0	0	0	0	0		0	0	0	0	0	0	0	0	0	0	0												0		0	0		811		{}
782		0	0	0	0		0	0	0	0	0	0	0	0	0	0	0	0	0	0	0	0	0	0	0	0		0	0	0	0	0		0	0	0	0	0	0	0	0	0	0	0												0		0	0		816		{}
784		0	0	0	0		0	0	0	0	0	0	0	0	0	0	0	0	0	0	0	0	0	0	0	0		0	0	0	0	0		0	0	0	0	0	0	0	0	0	0	0												0		0	0		818		{}
787	Ligeiro	0	0	0	1	Total	0	0	0	0	0	0	0	0	0	0	0	0	0	0	0	0	0	0	0	0		0	0	0	0	0	Com Declneo Cognitivo	0	0	0	0	0	0	0	0	0	0	0											Normal	0	Normal	0	0		821		{}
492		0	0	0	0		0	0	0	0	0	0	0	0	0	0	0	0	0	0	0	0	0	0	0	0		0	0	0	0	0		0	0	0	0	0	0	0	0	0	0	0												0		0	0		526		{}
668		0	0	0	0		0	0	0	0	0	0	0	0	0	0	0	0	0	0	0	0	0	0	0	0		0	0	0	0	0		0	0	0	0	0	0	0	0	0	0	0												0		0	0		702		{}
682		0	0	0	0		0	0	0	0	0	0	0	0	0	0	0	0	0	0	0	0	0	0	0	0		0	0	0	0	0		0	0	0	0	0	0	0	0	0	0	0												0		0	0		716		{}
694		0	0	0	0		0	0	0	0	0	0	0	0	0	0	0	0	0	0	0	0	0	0	0	0		0	0	0	0	0		0	0	0	0	0	0	0	0	0	0	0												0		0	0		728		{}
704		0	0	0	0		0	0	0	0	0	0	0	0	0	0	0	0	0	0	0	0	0	0	0	0		0	0	0	0	0		0	0	0	0	0	0	0	0	0	0	0												0		0	0		738		{}
713		0	0	0	0		0	0	0	0	0	0	0	0	0	0	0	0	0	0	0	0	0	0	0	0		0	0	0	0	0		0	0	0	0	0	0	0	0	0	0	0												0		0	0		747		{}
721		0	0	0	0		0	0	0	0	0	0	0	0	0	0	0	0	0	0	0	0	0	0	0	0		0	0	0	0	0		0	0	0	0	0	0	0	0	0	0	0												0		0	0		755		{}
728		0	0	0	0		0	0	0	0	0	0	0	0	0	0	0	0	0	0	0	0	0	0	0	0		0	0	0	0	0		0	0	0	0	0	0	0	0	0	0	0												0		0	0		762		{}
735		0	0	0	0		0	0	0	0	0	0	0	0	0	0	0	0	0	0	0	0	0	0	0	0		0	0	0	0	0		0	0	0	0	0	0	0	0	0	0	0												0		0	0		769		{}
741		0	0	0	0		0	0	0	0	0	0	0	0	0	0	0	0	0	0	0	0	0	0	0	0		0	0	0	0	0		0	0	0	0	0	0	0	0	0	0	0												0		0	0		775		{}
747		0	0	0	0		0	0	0	0	0	0	0	0	0	0	0	0	0	0	0	0	0	0	0	0		0	0	0	0	0		0	0	0	0	0	0	0	0	0	0	0												0		0	0		781		{}
753		0	0	0	0		0	0	0	0	0	0	0	0	0	0	0	0	0	0	0	0	0	0	0	0		0	0	0	0	0		0	0	0	0	0	0	0	0	0	0	0												0		0	0		787		{}
760		0	0	0	0		0	0	0	0	0	0	0	0	0	0	0	0	0	0	0	0	0	0	0	0		0	0	0	0	0		0	0	0	0	0	0	0	0	0	0	0												0		0	0		794		{}
766		0	0	0	0		0	0	0	0	0	0	0	0	0	0	0	0	0	0	0	0	0	0	0	0		0	0	0	0	0		0	0	0	0	0	0	0	0	0	0	0												0		0	0		800		{}
772		0	0	0	0		0	0	0	0	0	0	0	0	0	0	0	0	0	0	0	0	0	0	0	0		0	0	0	0	0		0	0	0	0	0	0	0	0	0	0	0												0		0	0		806		{}
778	Moderado	0	0	0	0	Total	0	0	0	0	0	0	0	0	0	0	0	0	0	0	0	0	0	0	0	0		0	0	0	0	0	Com Declneo Cognitivo	0	0	0	0	0	0	0	0	0	0	0											Normal	0	Normal	0	0		812		{}
509		0	0	0	0		0	0	0	0	0	0	0	0	0	0	0	0	0	0	0	0	0	0	0	0		0	0	0	0	0		0	0	0	0	0	0	0	0	0	0	0												0		0	0		543		{}
511		0	0	0	0		0	0	0	0	0	0	0	0	0	0	0	0	0	0	0	0	0	0	0	0		0	0	0	0	0		0	0	0	0	0	0	0	0	0	0	0												0		0	0		545		{}
512		0	0	0	0		0	0	0	0	0	0	0	0	0	0	0	0	0	0	0	0	0	0	0	0		0	0	0	0	0		0	0	0	0	0	0	0	0	0	0	0												0		0	0		546		{}
513		0	0	0	0		0	0	0	0	0	0	0	0	0	0	0	0	0	0	0	0	0	0	0	0		0	0	0	0	0		0	0	0	0	0	0	0	0	0	0	0												0		0	0		547		{}
514		0	0	0	0		0	0	0	0	0	0	0	0	0	0	0	0	0	0	0	0	0	0	0	0		0	0	0	0	0		0	0	0	0	0	0	0	0	0	0	0												0		0	0		548		{}
515		0	0	0	0		0	0	0	0	0	0	0	0	0	0	0	0	0	0	0	0	0	0	0	0		0	0	0	0	0		0	0	0	0	0	0	0	0	0	0	0												0		0	0		549		{}
516		0	0	0	0		0	0	0	0	0	0	0	0	0	0	0	0	0	0	0	0	0	0	0	0		0	0	0	0	0		0	0	0	0	0	0	0	0	0	0	0												0		0	0		550		{}
517		0	0	0	0		0	0	0	0	0	0	0	0	0	0	0	0	0	0	0	0	0	0	0	0		0	0	0	0	0		0	0	0	0	0	0	0	0	0	0	0												0		0	0		551		{}
518		0	0	0	0		0	0	0	0	0	0	0	0	0	0	0	0	0	0	0	0	0	0	0	0		0	0	0	0	0		0	0	0	0	0	0	0	0	0	0	0												0		0	0		552		{}
519		0	0	0	0		0	0	0	0	0	0	0	0	0	0	0	0	0	0	0	0	0	0	0	0		0	0	0	0	0		0	0	0	0	0	0	0	0	0	0	0												0		0	0		553		{}
520		0	0	0	0		0	0	0	0	0	0	0	0	0	0	0	0	0	0	0	0	0	0	0	0		0	0	0	0	0		0	0	0	0	0	0	0	0	0	0	0												0		0	0		554		{}
521		0	0	0	0		0	0	0	0	0	0	0	0	0	0	0	0	0	0	0	0	0	0	0	0		0	0	0	0	0		0	0	0	0	0	0	0	0	0	0	0												0		0	0		555		{}
522		0	0	0	0		0	0	0	0	0	0	0	0	0	0	0	0	0	0	0	0	0	0	0	0		0	0	0	0	0		0	0	0	0	0	0	0	0	0	0	0												0		0	0		556		{}
785		0	0	0	0		0	0	0	0	0	0	0	0	0	0	0	0	0	0	0	0	0	0	0	0		0	0	0	0	0		0	0	0	0	0	0	0	0	0	0	0												0		0	0		819		{}
523		0	0	0	0		0	0	0	0	0	0	0	0	0	0	0	0	0	0	0	0	0	0	0	0		0	0	0	0	0		0	0	0	0	0	0	0	0	0	0	0												0		0	0		557		{}
524		0	0	0	0		0	0	0	0	0	0	0	0	0	0	0	0	0	0	0	0	0	0	0	0		0	0	0	0	0		0	0	0	0	0	0	0	0	0	0	0												0		0	0		558		{}
525		0	0	0	0		0	0	0	0	0	0	0	0	0	0	0	0	0	0	0	0	0	0	0	0		0	0	0	0	0		0	0	0	0	0	0	0	0	0	0	0												0		0	0		559		{}
526		0	0	0	0		0	0	0	0	0	0	0	0	0	0	0	0	0	0	0	0	0	0	0	0		0	0	0	0	0		0	0	0	0	0	0	0	0	0	0	0												0		0	0		560		{}
527		0	0	0	0		0	0	0	0	0	0	0	0	0	0	0	0	0	0	0	0	0	0	0	0		0	0	0	0	0		0	0	0	0	0	0	0	0	0	0	0												0		0	0		561		{}
528		0	0	0	0		0	0	0	0	0	0	0	0	0	0	0	0	0	0	0	0	0	0	0	0		0	0	0	0	0		0	0	0	0	0	0	0	0	0	0	0												0		0	0		562		{}
529		0	0	0	0		0	0	0	0	0	0	0	0	0	0	0	0	0	0	0	0	0	0	0	0		0	0	0	0	0		0	0	0	0	0	0	0	0	0	0	0												0		0	0		563		{}
530		0	0	0	0		0	0	0	0	0	0	0	0	0	0	0	0	0	0	0	0	0	0	0	0		0	0	0	0	0		0	0	0	0	0	0	0	0	0	0	0												0		0	0		564		{}
531		0	0	0	0		0	0	0	0	0	0	0	0	0	0	0	0	0	0	0	0	0	0	0	0		0	0	0	0	0		0	0	0	0	0	0	0	0	0	0	0												0		0	0		565		{}
532		0	0	0	0		0	0	0	0	0	0	0	0	0	0	0	0	0	0	0	0	0	0	0	0		0	0	0	0	0		0	0	0	0	0	0	0	0	0	0	0												0		0	0		566		{}
533		0	0	0	0		0	0	0	0	0	0	0	0	0	0	0	0	0	0	0	0	0	0	0	0		0	0	0	0	0		0	0	0	0	0	0	0	0	0	0	0												0		0	0		567		{}
669		0	0	0	0		0	0	0	0	0	0	0	0	0	0	0	0	0	0	0	0	0	0	0	0		0	0	0	0	0		0	0	0	0	0	0	0	0	0	0	0												0		0	0		703		{}
535		0	0	0	0		0	0	0	0	0	0	0	0	0	0	0	0	0	0	0	0	0	0	0	0		0	0	0	0	0		0	0	0	0	0	0	0	0	0	0	0												0		0	0		569		{}
536		0	0	0	0		0	0	0	0	0	0	0	0	0	0	0	0	0	0	0	0	0	0	0	0		0	0	0	0	0		0	0	0	0	0	0	0	0	0	0	0												0		0	0		570		{}
537		0	0	0	0		0	0	0	0	0	0	0	0	0	0	0	0	0	0	0	0	0	0	0	0		0	0	0	0	0		0	0	0	0	0	0	0	0	0	0	0												0		0	0		571		{}
538		0	0	0	0		0	0	0	0	0	0	0	0	0	0	0	0	0	0	0	0	0	0	0	0		0	0	0	0	0		0	0	0	0	0	0	0	0	0	0	0												0		0	0		572		{}
539		0	0	0	0		0	0	0	0	0	0	0	0	0	0	0	0	0	0	0	0	0	0	0	0		0	0	0	0	0		0	0	0	0	0	0	0	0	0	0	0												0		0	0		573		{}
540		0	0	0	0		0	0	0	0	0	0	0	0	0	0	0	0	0	0	0	0	0	0	0	0		0	0	0	0	0		0	0	0	0	0	0	0	0	0	0	0												0		0	0		574		{}
541		0	0	0	0		0	0	0	0	0	0	0	0	0	0	0	0	0	0	0	0	0	0	0	0		0	0	0	0	0		0	0	0	0	0	0	0	0	0	0	0												0		0	0		575		{}
542		0	0	0	0		0	0	0	0	0	0	0	0	0	0	0	0	0	0	0	0	0	0	0	0		0	0	0	0	0		0	0	0	0	0	0	0	0	0	0	0												0		0	0		576		{}
543		0	0	0	0		0	0	0	0	0	0	0	0	0	0	0	0	0	0	0	0	0	0	0	0		0	0	0	0	0		0	0	0	0	0	0	0	0	0	0	0												0		0	0		577		{}
544		0	0	0	0		0	0	0	0	0	0	0	0	0	0	0	0	0	0	0	0	0	0	0	0		0	0	0	0	0		0	0	0	0	0	0	0	0	0	0	0												0		0	0		578		{}
545		0	0	0	0		0	0	0	0	0	0	0	0	0	0	0	0	0	0	0	0	0	0	0	0		0	0	0	0	0		0	0	0	0	0	0	0	0	0	0	0												0		0	0		579		{}
546		0	0	0	0		0	0	0	0	0	0	0	0	0	0	0	0	0	0	0	0	0	0	0	0		0	0	0	0	0		0	0	0	0	0	0	0	0	0	0	0												0		0	0		580		{}
547		0	0	0	0		0	0	0	0	0	0	0	0	0	0	0	0	0	0	0	0	0	0	0	0		0	0	0	0	0		0	0	0	0	0	0	0	0	0	0	0												0		0	0		581		{}
548		0	0	0	0		0	0	0	0	0	0	0	0	0	0	0	0	0	0	0	0	0	0	0	0		0	0	0	0	0		0	0	0	0	0	0	0	0	0	0	0												0		0	0		582		{}
549		0	0	0	0		0	0	0	0	0	0	0	0	0	0	0	0	0	0	0	0	0	0	0	0		0	0	0	0	0		0	0	0	0	0	0	0	0	0	0	0												0		0	0		583		{}
550		0	0	0	0		0	0	0	0	0	0	0	0	0	0	0	0	0	0	0	0	0	0	0	0		0	0	0	0	0		0	0	0	0	0	0	0	0	0	0	0												0		0	0		584		{}
551		0	0	0	0		0	0	0	0	0	0	0	0	0	0	0	0	0	0	0	0	0	0	0	0		0	0	0	0	0		0	0	0	0	0	0	0	0	0	0	0												0		0	0		585		{}
552		0	0	0	0		0	0	0	0	0	0	0	0	0	0	0	0	0	0	0	0	0	0	0	0		0	0	0	0	0		0	0	0	0	0	0	0	0	0	0	0												0		0	0		586		{}
553		0	0	0	0		0	0	0	0	0	0	0	0	0	0	0	0	0	0	0	0	0	0	0	0		0	0	0	0	0		0	0	0	0	0	0	0	0	0	0	0												0		0	0		587		{}
554		0	0	0	0		0	0	0	0	0	0	0	0	0	0	0	0	0	0	0	0	0	0	0	0		0	0	0	0	0		0	0	0	0	0	0	0	0	0	0	0												0		0	0		588		{}
555		0	0	0	0		0	0	0	0	0	0	0	0	0	0	0	0	0	0	0	0	0	0	0	0		0	0	0	0	0		0	0	0	0	0	0	0	0	0	0	0												0		0	0		589		{}
556		0	0	0	0		0	0	0	0	0	0	0	0	0	0	0	0	0	0	0	0	0	0	0	0		0	0	0	0	0		0	0	0	0	0	0	0	0	0	0	0												0		0	0		590		{}
557		0	0	0	0		0	0	0	0	0	0	0	0	0	0	0	0	0	0	0	0	0	0	0	0		0	0	0	0	0		0	0	0	0	0	0	0	0	0	0	0												0		0	0		591		{}
558		0	0	0	0		0	0	0	0	0	0	0	0	0	0	0	0	0	0	0	0	0	0	0	0		0	0	0	0	0		0	0	0	0	0	0	0	0	0	0	0												0		0	0		592		{}
559		0	0	0	0		0	0	0	0	0	0	0	0	0	0	0	0	0	0	0	0	0	0	0	0		0	0	0	0	0		0	0	0	0	0	0	0	0	0	0	0												0		0	0		593		{}
560		0	0	0	0		0	0	0	0	0	0	0	0	0	0	0	0	0	0	0	0	0	0	0	0		0	0	0	0	0		0	0	0	0	0	0	0	0	0	0	0												0		0	0		594		{}
561		0	0	0	0		0	0	0	0	0	0	0	0	0	0	0	0	0	0	0	0	0	0	0	0		0	0	0	0	0		0	0	0	0	0	0	0	0	0	0	0												0		0	0		595		{}
562		0	0	0	0		0	0	0	0	0	0	0	0	0	0	0	0	0	0	0	0	0	0	0	0		0	0	0	0	0		0	0	0	0	0	0	0	0	0	0	0												0		0	0		596		{}
563		0	0	0	0		0	0	0	0	0	0	0	0	0	0	0	0	0	0	0	0	0	0	0	0		0	0	0	0	0		0	0	0	0	0	0	0	0	0	0	0												0		0	0		597		{}
670		0	0	0	0		0	0	0	0	0	0	0	0	0	0	0	0	0	0	0	0	0	0	0	0		0	0	0	0	0		0	0	0	0	0	0	0	0	0	0	0												0		0	0		704		{}
683		0	0	0	0		0	0	0	0	0	0	0	0	0	0	0	0	0	0	0	0	0	0	0	0		0	0	0	0	0		0	0	0	0	0	0	0	0	0	0	0												0		0	0		717		{}
566		0	0	0	0		0	0	0	0	0	0	0	0	0	0	0	0	0	0	0	0	0	0	0	0		0	0	0	0	0		0	0	0	0	0	0	0	0	0	0	0												0		0	0		600		{}
567		0	0	0	0		0	0	0	0	0	0	0	0	0	0	0	0	0	0	0	0	0	0	0	0		0	0	0	0	0		0	0	0	0	0	0	0	0	0	0	0												0		0	0		601		{}
568		0	0	0	0		0	0	0	0	0	0	0	0	0	0	0	0	0	0	0	0	0	0	0	0		0	0	0	0	0		0	0	0	0	0	0	0	0	0	0	0												0		0	0		602		{}
569		0	0	0	0		0	0	0	0	0	0	0	0	0	0	0	0	0	0	0	0	0	0	0	0		0	0	0	0	0		0	0	0	0	0	0	0	0	0	0	0												0		0	0		603		{}
570		0	0	0	0		0	0	0	0	0	0	0	0	0	0	0	0	0	0	0	0	0	0	0	0		0	0	0	0	0		0	0	0	0	0	0	0	0	0	0	0												0		0	0		604		{}
571		0	0	0	0		0	0	0	0	0	0	0	0	0	0	0	0	0	0	0	0	0	0	0	0		0	0	0	0	0		0	0	0	0	0	0	0	0	0	0	0												0		0	0		605		{}
572		0	0	0	0		0	0	0	0	0	0	0	0	0	0	0	0	0	0	0	0	0	0	0	0		0	0	0	0	0		0	0	0	0	0	0	0	0	0	0	0												0		0	0		606		{}
573		0	0	0	0		0	0	0	0	0	0	0	0	0	0	0	0	0	0	0	0	0	0	0	0		0	0	0	0	0		0	0	0	0	0	0	0	0	0	0	0												0		0	0		607		{}
574		0	0	0	0		0	0	0	0	0	0	0	0	0	0	0	0	0	0	0	0	0	0	0	0		0	0	0	0	0		0	0	0	0	0	0	0	0	0	0	0												0		0	0		608		{}
695		0	0	0	0		0	0	0	0	0	0	0	0	0	0	0	0	0	0	0	0	0	0	0	0		0	0	0	0	0		0	0	0	0	0	0	0	0	0	0	0												0		0	0		729		{}
576		0	0	0	0		0	0	0	0	0	0	0	0	0	0	0	0	0	0	0	0	0	0	0	0		0	0	0	0	0		0	0	0	0	0	0	0	0	0	0	0												0		0	0		610		{}
577		0	0	0	0		0	0	0	0	0	0	0	0	0	0	0	0	0	0	0	0	0	0	0	0		0	0	0	0	0		0	0	0	0	0	0	0	0	0	0	0												0		0	0		611		{}
578		0	0	0	0		0	0	0	0	0	0	0	0	0	0	0	0	0	0	0	0	0	0	0	0		0	0	0	0	0		0	0	0	0	0	0	0	0	0	0	0												0		0	0		612		{}
579		0	0	0	0		0	0	0	0	0	0	0	0	0	0	0	0	0	0	0	0	0	0	0	0		0	0	0	0	0		0	0	0	0	0	0	0	0	0	0	0												0		0	0		613		{}
580		0	0	0	0		0	0	0	0	0	0	0	0	0	0	0	0	0	0	0	0	0	0	0	0		0	0	0	0	0		0	0	0	0	0	0	0	0	0	0	0												0		0	0		614		{}
581		0	0	0	0		0	0	0	0	0	0	0	0	0	0	0	0	0	0	0	0	0	0	0	0		0	0	0	0	0		0	0	0	0	0	0	0	0	0	0	0												0		0	0		615		{}
582		0	0	0	0		0	0	0	0	0	0	0	0	0	0	0	0	0	0	0	0	0	0	0	0		0	0	0	0	0		0	0	0	0	0	0	0	0	0	0	0												0		0	0		616		{}
583		0	0	0	0		0	0	0	0	0	0	0	0	0	0	0	0	0	0	0	0	0	0	0	0		0	0	0	0	0		0	0	0	0	0	0	0	0	0	0	0												0		0	0		617		{}
584		0	0	0	0		0	0	0	0	0	0	0	0	0	0	0	0	0	0	0	0	0	0	0	0		0	0	0	0	0		0	0	0	0	0	0	0	0	0	0	0												0		0	0		618		{}
585		0	0	0	0		0	0	0	0	0	0	0	0	0	0	0	0	0	0	0	0	0	0	0	0		0	0	0	0	0		0	0	0	0	0	0	0	0	0	0	0												0		0	0		619		{}
586		0	0	0	0		0	0	0	0	0	0	0	0	0	0	0	0	0	0	0	0	0	0	0	0		0	0	0	0	0		0	0	0	0	0	0	0	0	0	0	0												0		0	0		620		{}
587		0	0	0	0		0	0	0	0	0	0	0	0	0	0	0	0	0	0	0	0	0	0	0	0		0	0	0	0	0		0	0	0	0	0	0	0	0	0	0	0												0		0	0		621		{}
588		0	0	0	0		0	0	0	0	0	0	0	0	0	0	0	0	0	0	0	0	0	0	0	0		0	0	0	0	0		0	0	0	0	0	0	0	0	0	0	0												0		0	0		622		{}
589		0	0	0	0		0	0	0	0	0	0	0	0	0	0	0	0	0	0	0	0	0	0	0	0		0	0	0	0	0		0	0	0	0	0	0	0	0	0	0	0												0		0	0		623		{}
590		0	0	0	0		0	0	0	0	0	0	0	0	0	0	0	0	0	0	0	0	0	0	0	0		0	0	0	0	0		0	0	0	0	0	0	0	0	0	0	0												0		0	0		624		{}
591		0	0	0	0		0	0	0	0	0	0	0	0	0	0	0	0	0	0	0	0	0	0	0	0		0	0	0	0	0		0	0	0	0	0	0	0	0	0	0	0												0		0	0		625		{}
592		0	0	0	0		0	0	0	0	0	0	0	0	0	0	0	0	0	0	0	0	0	0	0	0		0	0	0	0	0		0	0	0	0	0	0	0	0	0	0	0												0		0	0		626		{}
593		0	0	0	0		0	0	0	0	0	0	0	0	0	0	0	0	0	0	0	0	0	0	0	0		0	0	0	0	0		0	0	0	0	0	0	0	0	0	0	0												0		0	0		627		{}
594		0	0	0	0		0	0	0	0	0	0	0	0	0	0	0	0	0	0	0	0	0	0	0	0		0	0	0	0	0		0	0	0	0	0	0	0	0	0	0	0												0		0	0		628		{}
595		0	0	0	0		0	0	0	0	0	0	0	0	0	0	0	0	0	0	0	0	0	0	0	0		0	0	0	0	0		0	0	0	0	0	0	0	0	0	0	0												0		0	0		629		{}
596		0	0	0	0		0	0	0	0	0	0	0	0	0	0	0	0	0	0	0	0	0	0	0	0		0	0	0	0	0		0	0	0	0	0	0	0	0	0	0	0												0		0	0		630		{}
671		0	0	0	0		0	0	0	0	0	0	0	0	0	0	0	0	0	0	0	0	0	0	0	0		0	0	0	0	0		0	0	0	0	0	0	0	0	0	0	0												0		0	0		705		{}
598		0	0	0	0		0	0	0	0	0	0	0	0	0	0	0	0	0	0	0	0	0	0	0	0		0	0	0	0	0		0	0	0	0	0	0	0	0	0	0	0												0		0	0		632		{}
684		0	0	0	0		0	0	0	0	0	0	0	0	0	0	0	0	0	0	0	0	0	0	0	0		0	0	0	0	0		0	0	0	0	0	0	0	0	0	0	0												0		0	0		718		{}
696		0	0	0	0		0	0	0	0	0	0	0	0	0	0	0	0	0	0	0	0	0	0	0	0		0	0	0	0	0		0	0	0	0	0	0	0	0	0	0	0												0		0	0		730		{}
705		0	0	0	0		0	0	0	0	0	0	0	0	0	0	0	0	0	0	0	0	0	0	0	0		0	0	0	0	0		0	0	0	0	0	0	0	0	0	0	0												0		0	0		739		{}
714		0	0	0	0		0	0	0	0	0	0	0	0	0	0	0	0	0	0	0	0	0	0	0	0		0	0	0	0	0		0	0	0	0	0	0	0	0	0	0	0												0		0	0		748		{}
722		0	0	0	0		0	0	0	0	0	0	0	0	0	0	0	0	0	0	0	0	0	0	0	0		0	0	0	0	0		0	0	0	0	0	0	0	0	0	0	0												0		0	0		756		{}
729		0	0	0	0		0	0	0	0	0	0	0	0	0	0	0	0	0	0	0	0	0	0	0	0		0	0	0	0	0		0	0	0	0	0	0	0	0	0	0	0												0		0	0		763		{}
736		0	0	0	0		0	0	0	0	0	0	0	0	0	0	0	0	0	0	0	0	0	0	0	0		0	0	0	0	0		0	0	0	0	0	0	0	0	0	0	0												0		0	0		770		{}
742		0	0	0	0		0	0	0	0	0	0	0	0	0	0	0	0	0	0	0	0	0	0	0	0		0	0	0	0	0		0	0	0	0	0	0	0	0	0	0	0												0		0	0		776		{}
748		0	0	0	0		0	0	0	0	0	0	0	0	0	0	0	0	0	0	0	0	0	0	0	0		0	0	0	0	0		0	0	0	0	0	0	0	0	0	0	0												0		0	0		782		{}
754		0	0	0	0		0	0	0	0	0	0	0	0	0	0	0	0	0	0	0	0	0	0	0	0		0	0	0	0	0		0	0	0	0	0	0	0	0	0	0	0												0		0	0		788		{}
761		0	0	0	0		0	0	0	0	0	0	0	0	0	0	0	0	0	0	0	0	0	0	0	0		0	0	0	0	0		0	0	0	0	0	0	0	0	0	0	0												0		0	0		795		{}
767		0	0	0	0		0	0	0	0	0	0	0	0	0	0	0	0	0	0	0	0	0	0	0	0		0	0	0	0	0		0	0	0	0	0	0	0	0	0	0	0												0		0	0		801		{}
773		0	0	0	0		0	0	0	0	0	0	0	0	0	0	0	0	0	0	0	0	0	0	0	0		0	0	0	0	0		0	0	0	0	0	0	0	0	0	0	0												0		0	0		807		{}
672		0	0	0	0		0	0	0	0	0	0	0	0	0	0	0	0	0	0	0	0	0	0	0	0		0	0	0	0	0		0	0	0	0	0	0	0	0	0	0	0												0		0	0		706		{}
616		0	0	0	0		0	0	0	0	0	0	0	0	0	0	0	0	0	0	0	0	0	0	0	0		0	0	0	0	0		0	0	0	0	0	0	0	0	0	0	0												0		0	0		650		{}
617		0	0	0	0		0	0	0	0	0	0	0	0	0	0	0	0	0	0	0	0	0	0	0	0		0	0	0	0	0		0	0	0	0	0	0	0	0	0	0	0												0		0	0		651		{}
618		0	0	0	0		0	0	0	0	0	0	0	0	0	0	0	0	0	0	0	0	0	0	0	0		0	0	0	0	0		0	0	0	0	0	0	0	0	0	0	0												0		0	0		652		{}
619		0	0	0	0		0	0	0	0	0	0	0	0	0	0	0	0	0	0	0	0	0	0	0	0		0	0	0	0	0		0	0	0	0	0	0	0	0	0	0	0												0		0	0		653		{}
620		0	0	0	0		0	0	0	0	0	0	0	0	0	0	0	0	0	0	0	0	0	0	0	0		0	0	0	0	0		0	0	0	0	0	0	0	0	0	0	0												0		0	0		654		{}
621		0	0	0	0		0	0	0	0	0	0	0	0	0	0	0	0	0	0	0	0	0	0	0	0		0	0	0	0	0		0	0	0	0	0	0	0	0	0	0	0												0		0	0		655		{}
622		0	0	0	0		0	0	0	0	0	0	0	0	0	0	0	0	0	0	0	0	0	0	0	0		0	0	0	0	0		0	0	0	0	0	0	0	0	0	0	0												0		0	0		656		{}
623		0	0	0	0		0	0	0	0	0	0	0	0	0	0	0	0	0	0	0	0	0	0	0	0		0	0	0	0	0		0	0	0	0	0	0	0	0	0	0	0												0		0	0		657		{}
624		0	0	0	0		0	0	0	0	0	0	0	0	0	0	0	0	0	0	0	0	0	0	0	0		0	0	0	0	0		0	0	0	0	0	0	0	0	0	0	0												0		0	0		658		{}
625		0	0	0	0		0	0	0	0	0	0	0	0	0	0	0	0	0	0	0	0	0	0	0	0		0	0	0	0	0		0	0	0	0	0	0	0	0	0	0	0												0		0	0		659		{}
626		0	0	0	0		0	0	0	0	0	0	0	0	0	0	0	0	0	0	0	0	0	0	0	0		0	0	0	0	0		0	0	0	0	0	0	0	0	0	0	0												0		0	0		660		{}
627		0	0	0	0		0	0	0	0	0	0	0	0	0	0	0	0	0	0	0	0	0	0	0	0		0	0	0	0	0		0	0	0	0	0	0	0	0	0	0	0												0		0	0		661		{}
628		0	0	0	0		0	0	0	0	0	0	0	0	0	0	0	0	0	0	0	0	0	0	0	0		0	0	0	0	0		0	0	0	0	0	0	0	0	0	0	0												0		0	0		662		{}
629		0	0	0	0		0	0	0	0	0	0	0	0	0	0	0	0	0	0	0	0	0	0	0	0		0	0	0	0	0		0	0	0	0	0	0	0	0	0	0	0												0		0	0		663		{}
630		0	0	0	0		0	0	0	0	0	0	0	0	0	0	0	0	0	0	0	0	0	0	0	0		0	0	0	0	0		0	0	0	0	0	0	0	0	0	0	0												0		0	0		664		{}
631		0	0	0	0		0	0	0	0	0	0	0	0	0	0	0	0	0	0	0	0	0	0	0	0		0	0	0	0	0		0	0	0	0	0	0	0	0	0	0	0												0		0	0		665		{}
632		0	0	0	0		0	0	0	0	0	0	0	0	0	0	0	0	0	0	0	0	0	0	0	0		0	0	0	0	0		0	0	0	0	0	0	0	0	0	0	0												0		0	0		666		{}
633		0	0	0	0		0	0	0	0	0	0	0	0	0	0	0	0	0	0	0	0	0	0	0	0		0	0	0	0	0		0	0	0	0	0	0	0	0	0	0	0												0		0	0		667		{}
634		0	0	0	0		0	0	0	0	0	0	0	0	0	0	0	0	0	0	0	0	0	0	0	0		0	0	0	0	0		0	0	0	0	0	0	0	0	0	0	0												0		0	0		668		{}
635		0	0	0	0		0	0	0	0	0	0	0	0	0	0	0	0	0	0	0	0	0	0	0	0		0	0	0	0	0		0	0	0	0	0	0	0	0	0	0	0												0		0	0		669		{}
636		0	0	0	0		0	0	0	0	0	0	0	0	0	0	0	0	0	0	0	0	0	0	0	0		0	0	0	0	0		0	0	0	0	0	0	0	0	0	0	0												0		0	0		670		{}
637		0	0	0	0		0	0	0	0	0	0	0	0	0	0	0	0	0	0	0	0	0	0	0	0		0	0	0	0	0		0	0	0	0	0	0	0	0	0	0	0												0		0	0		671		{}
638		0	0	0	0		0	0	0	0	0	0	0	0	0	0	0	0	0	0	0	0	0	0	0	0		0	0	0	0	0		0	0	0	0	0	0	0	0	0	0	0												0		0	0		672		{}
639		0	0	0	0		0	0	0	0	0	0	0	0	0	0	0	0	0	0	0	0	0	0	0	0		0	0	0	0	0		0	0	0	0	0	0	0	0	0	0	0												0		0	0		673		{}
685		0	0	0	0		0	0	0	0	0	0	0	0	0	0	0	0	0	0	0	0	0	0	0	0		0	0	0	0	0		0	0	0	0	0	0	0	0	0	0	0												0		0	0		719		{}
641		0	0	0	0		0	0	0	0	0	0	0	0	0	0	0	0	0	0	0	0	0	0	0	0		0	0	0	0	0		0	0	0	0	0	0	0	0	0	0	0												0		0	0		675		{}
642		0	0	0	0		0	0	0	0	0	0	0	0	0	0	0	0	0	0	0	0	0	0	0	0		0	0	0	0	0		0	0	0	0	0	0	0	0	0	0	0												0		0	0		676		{}
643		0	0	0	0		0	0	0	0	0	0	0	0	0	0	0	0	0	0	0	0	0	0	0	0		0	0	0	0	0		0	0	0	0	0	0	0	0	0	0	0												0		0	0		677		{}
644		0	0	0	0		0	0	0	0	0	0	0	0	0	0	0	0	0	0	0	0	0	0	0	0		0	0	0	0	0		0	0	0	0	0	0	0	0	0	0	0												0		0	0		678		{}
645		0	0	0	0		0	0	0	0	0	0	0	0	0	0	0	0	0	0	0	0	0	0	0	0		0	0	0	0	0		0	0	0	0	0	0	0	0	0	0	0												0		0	0		679		{}
646		0	0	0	0		0	0	0	0	0	0	0	0	0	0	0	0	0	0	0	0	0	0	0	0		0	0	0	0	0		0	0	0	0	0	0	0	0	0	0	0												0		0	0		680		{}
647		0	0	0	0		0	0	0	0	0	0	0	0	0	0	0	0	0	0	0	0	0	0	0	0		0	0	0	0	0		0	0	0	0	0	0	0	0	0	0	0												0		0	0		681		{}
648		0	0	0	0		0	0	0	0	0	0	0	0	0	0	0	0	0	0	0	0	0	0	0	0		0	0	0	0	0		0	0	0	0	0	0	0	0	0	0	0												0		0	0		682		{}
649		0	0	0	0		0	0	0	0	0	0	0	0	0	0	0	0	0	0	0	0	0	0	0	0		0	0	0	0	0		0	0	0	0	0	0	0	0	0	0	0												0		0	0		683		{}
650		0	0	0	0		0	0	0	0	0	0	0	0	0	0	0	0	0	0	0	0	0	0	0	0		0	0	0	0	0		0	0	0	0	0	0	0	0	0	0	0												0		0	0		684		{}
651		0	0	0	0		0	0	0	0	0	0	0	0	0	0	0	0	0	0	0	0	0	0	0	0		0	0	0	0	0		0	0	0	0	0	0	0	0	0	0	0												0		0	0		685		{}
652		0	0	0	0		0	0	0	0	0	0	0	0	0	0	0	0	0	0	0	0	0	0	0	0		0	0	0	0	0		0	0	0	0	0	0	0	0	0	0	0												0		0	0		686		{}
653		0	0	0	0		0	0	0	0	0	0	0	0	0	0	0	0	0	0	0	0	0	0	0	0		0	0	0	0	0		0	0	0	0	0	0	0	0	0	0	0												0		0	0		687		{}
654		0	0	0	0		0	0	0	0	0	0	0	0	0	0	0	0	0	0	0	0	0	0	0	0		0	0	0	0	0		0	0	0	0	0	0	0	0	0	0	0												0		0	0		688		{}
655		0	0	0	0		0	0	0	0	0	0	0	0	0	0	0	0	0	0	0	0	0	0	0	0		0	0	0	0	0		0	0	0	0	0	0	0	0	0	0	0												0		0	0		689		{}
656		0	0	0	0		0	0	0	0	0	0	0	0	0	0	0	0	0	0	0	0	0	0	0	0		0	0	0	0	0		0	0	0	0	0	0	0	0	0	0	0												0		0	0		690		{}
657		0	0	0	0		0	0	0	0	0	0	0	0	0	0	0	0	0	0	0	0	0	0	0	0		0	0	0	0	0		0	0	0	0	0	0	0	0	0	0	0												0		0	0		691		{}
658		0	0	0	0		0	0	0	0	0	0	0	0	0	0	0	0	0	0	0	0	0	0	0	0		0	0	0	0	0		0	0	0	0	0	0	0	0	0	0	0												0		0	0		692		{}
673		0	0	0	0		0	0	0	0	0	0	0	0	0	0	0	0	0	0	0	0	0	0	0	0		0	0	0	0	0		0	0	0	0	0	0	0	0	0	0	0												0		0	0		707		{}
686		0	0	0	0		0	0	0	0	0	0	0	0	0	0	0	0	0	0	0	0	0	0	0	0		0	0	0	0	0		0	0	0	0	0	0	0	0	0	0	0												0		0	0		720		{}
697		0	0	0	0		0	0	0	0	0	0	0	0	0	0	0	0	0	0	0	0	0	0	0	0		0	0	0	0	0		0	0	0	0	0	0	0	0	0	0	0												0		0	0		731		{}
706		0	0	0	0		0	0	0	0	0	0	0	0	0	0	0	0	0	0	0	0	0	0	0	0		0	0	0	0	0		0	0	0	0	0	0	0	0	0	0	0												0		0	0		740		{}
715		0	0	0	0		0	0	0	0	0	0	0	0	0	0	0	0	0	0	0	0	0	0	0	0		0	0	0	0	0		0	0	0	0	0	0	0	0	0	0	0												0		0	0		749		{}
723		0	0	0	0		0	0	0	0	0	0	0	0	0	0	0	0	0	0	0	0	0	0	0	0		0	0	0	0	0		0	0	0	0	0	0	0	0	0	0	0												0		0	0		757		{}
730		0	0	0	0		0	0	0	0	0	0	0	0	0	0	0	0	0	0	0	0	0	0	0	0		0	0	0	0	0		0	0	0	0	0	0	0	0	0	0	0												0		0	0		764		{}
737		0	0	0	0		0	0	0	0	0	0	0	0	0	0	0	0	0	0	0	0	0	0	0	0		0	0	0	0	0		0	0	0	0	0	0	0	0	0	0	0												0		0	0		771		{}
743		0	0	0	0		0	0	0	0	0	0	0	0	0	0	0	0	0	0	0	0	0	0	0	0		0	0	0	0	0		0	0	0	0	0	0	0	0	0	0	0												0		0	0		777		{}
749		0	0	0	0		0	0	0	0	0	0	0	0	0	0	0	0	0	0	0	0	0	0	0	0		0	0	0	0	0		0	0	0	0	0	0	0	0	0	0	0												0		0	0		783		{}
755		0	0	0	0		0	0	0	0	0	0	0	0	0	0	0	0	0	0	0	0	0	0	0	0		0	0	0	0	0		0	0	0	0	0	0	0	0	0	0	0												0		0	0		789		{}
762		0	0	0	0		0	0	0	0	0	0	0	0	0	0	0	0	0	0	0	0	0	0	0	0		0	0	0	0	0		0	0	0	0	0	0	0	0	0	0	0												0		0	0		796		{}
768	Moderado	0	0	0	0	Total	0	0	0	0	0	0	0	0	0	0	0	0	0	0	0	0	0	0	0	0		0	0	0	0	0	Com Declneo Cognitivo	0	0	0	0	0	0	0	0	0	0	0											Normal	0	Normal	0	0		802		{}
774		0	0	0	0		0	0	0	0	0	0	0	0	0	0	0	0	0	0	0	0	0	0	0	0		0	0	0	0	0		0	0	0	0	0	0	0	0	0	0	0												0		0	0		808		{}
779		0	0	0	0		0	0	0	0	0	0	0	0	0	0	0	0	0	0	0	0	0	0	0	0		0	0	0	0	0		0	0	0	0	0	0	0	0	0	0	0												0		0	0		813		{}
\.


--
-- Data for Name: protocolo_resolution; Type: TABLE DATA; Schema: public; Owner: leda
--

COPY public.protocolo_resolution (id, date, statistics, doctor_id, part_id, patient_id, cuidador_id) FROM stdin;
193	2023-09-22 10:31:58.076662+00	{"46": {"15": {"name": "None", "answered": 0, "quotation": 0, "percentage": 0}, "16": {"name": "Fumadores", "answered": 0, "quotation": 0, "percentage": 0}, "17": {"name": "None", "answered": 0, "quotation": 0, "percentage": 0}, "18": {"40": {"name": "Fumar", "answered": 0, "quotation": 0, "percentage": 0}, "name": "None", "answered": 0, "quotation": 0, "percentage": 0}, "name": "None", "answered": 0, "percentage": 0}, "47": {"19": {"41": {"113": {"name": "MentHA-Risk-section", "answered": 0, "quotation": 0, "percentage": 0}, "name": "MentHA-Risk-dimension", "answered": 0, "quotation": 0, "percentage": 0}, "name": "MentHA-Risk-instrument", "answered": 0, "quotation": 0, "percentage": 0}, "name": "MentHA-Risk-area", "answered": 0, "percentage": 0}, "total_answered": 0, "total_percentage": 0}	167	187	83	\N
212	2023-09-23 14:48:10+00	{"46": {"15": {"name": "None", "answered": 0, "quotation": 0, "percentage": 0}, "16": {"name": "Fumadores", "answered": 0, "quotation": 0, "percentage": 0}, "17": {"name": "None", "answered": 0, "quotation": 0, "percentage": 0}, "18": {"40": {"name": "Fumar", "answered": 0, "quotation": 0, "percentage": 0}, "name": "None", "answered": 0, "quotation": 0, "percentage": 0}, "name": "None", "answered": 0, "percentage": 0}, "47": {"19": {"41": {"113": {"name": "MentHA-Risk-section", "answered": 1, "quotation": 7, "percentage": 100}, "name": "MentHA-Risk-dimension", "answered": 1, "quotation": 0, "percentage": 100}, "name": "MentHA-Risk-instrument", "answered": 1, "quotation": 0, "percentage": 100}, "name": "MentHA-Risk-area", "answered": 1, "percentage": 100}, "total_answered": 1, "total_percentage": 100}	167	206	99	\N
208	2023-09-23 14:37:09+00	{"46": {"15": {"name": "None", "answered": 0, "quotation": 0, "percentage": 0}, "16": {"name": "Fumadores", "answered": 0, "quotation": 0, "percentage": 0}, "17": {"name": "None", "answered": 0, "quotation": 0, "percentage": 0}, "18": {"40": {"name": "Fumar", "answered": 0, "quotation": 0, "percentage": 0}, "name": "None", "answered": 0, "quotation": 0, "percentage": 0}, "name": "None", "answered": 0, "percentage": 0}, "47": {"19": {"41": {"113": {"name": "MentHA-Risk-section", "answered": 1, "quotation": 3, "percentage": 100}, "name": "MentHA-Risk-dimension", "answered": 1, "quotation": 0, "percentage": 100}, "name": "MentHA-Risk-instrument", "answered": 1, "quotation": 0, "percentage": 100}, "name": "MentHA-Risk-area", "answered": 1, "percentage": 100}, "total_answered": 1, "total_percentage": 100}	167	202	96	\N
226	2023-10-04 10:47:27.544093+00	{"46": {"15": {"name": "None", "answered": 0, "quotation": 0, "percentage": 0}, "16": {"name": "Fumadores", "answered": 0, "quotation": 0, "percentage": 0}, "17": {"name": "None", "answered": 0, "quotation": 0, "percentage": 0}, "18": {"40": {"name": "Fumar", "answered": 0, "quotation": 0, "percentage": 0}, "name": "None", "answered": 0, "quotation": 0, "percentage": 0}, "name": "None", "answered": 0, "percentage": 0}, "47": {"19": {"41": {"113": {"name": "MentHA-Risk-section", "answered": 1, "quotation": 17, "percentage": 100}, "name": "MentHA-Risk-dimension", "answered": 1, "quotation": 0, "percentage": 100}, "name": "MentHA-Risk-instrument", "answered": 1, "quotation": 0, "percentage": 100}, "name": "MentHA-Risk-area", "answered": 1, "percentage": 100}, "total_answered": 1, "total_percentage": 100}	165	220	113	\N
240	2023-10-04 14:46:34.052612+00	{"46": {"15": {"name": "None", "answered": 0, "quotation": 0, "percentage": 0}, "16": {"name": "Fumadores", "answered": 0, "quotation": 0, "percentage": 0}, "17": {"name": "None", "answered": 0, "quotation": 0, "percentage": 0}, "18": {"40": {"name": "Fumar", "answered": 0, "quotation": 0, "percentage": 0}, "name": "None", "answered": 0, "quotation": 0, "percentage": 0}, "name": "None", "answered": 0, "percentage": 0}, "47": {"19": {"41": {"113": {"name": "MentHA-Risk-section", "answered": 1, "quotation": 0, "percentage": 100}, "name": "MentHA-Risk-dimension", "answered": 1, "quotation": 0, "percentage": 100}, "name": "MentHA-Risk-instrument", "answered": 1, "quotation": 0, "percentage": 100}, "name": "MentHA-Risk-area", "answered": 1, "percentage": 100}, "total_answered": 1, "total_percentage": 100}	3	234	127	\N
318	2023-12-18 11:13:31.693655+00	{"78": {"24": {"46": {"118": {"name": "None", "answered": 0, "quotation": 0, "percentage": 0}, "name": "None", "answered": 0, "quotation": 0, "percentage": 0}, "name": "None", "answered": 0, "quotation": 0, "percentage": 0}, "name": "Questionrio Sociodemogrfico", "answered": 0, "percentage": 0}, "total_answered": 0, "total_percentage": 0}	3	312	154	\N
386	2024-03-14 10:10:04.573673+00	{"78": {"24": {"46": {"118": {"name": "None", "answered": 0, "quotation": 0, "percentage": 0}, "name": "None", "answered": 0, "quotation": 0, "percentage": 0}, "name": "None", "answered": 0, "quotation": 0, "percentage": 0}, "name": "Questionrio Sociodemogrfico", "answered": 0, "percentage": 0}, "total_answered": 0, "total_percentage": 0}	167	380	114	\N
821	2024-10-07 15:07:28.3236+00	{"11": {"1": {"1": {"1": {"name": "Alimentao", "answered": 1, "quotation": 0, "percentage": 100}, "2": {"name": "Higiene", "answered": 1, "quotation": 1, "percentage": 100}, "3": {"name": "Eliminao", "answered": 1, "quotation": 0, "percentage": 100}, "name": "Atividades Corporais", "answered": 3, "quotation": 1, "percentage": 100}, "2": {"5": {"name": "Transferncia (subir ou descer da cama)", "answered": 1, "quotation": 0, "percentage": 100}, "6": {"name": "Deslocao (no domicilio ou no exterior)", "answered": 1, "quotation": 0, "percentage": 100}, "7": {"name": "Espao de vida (+/- ajuda humana ou tcnica)", "answered": 1, "quotation": 0, "percentage": 100}, "name": "Atividades Motoras", "answered": 3, "quotation": 0, "percentage": 100}, "3": {"8": {"name": "Fala", "answered": 1, "quotation": 0, "percentage": 100}, "9": {"name": "Viso (+ - correo)", "answered": 1, "quotation": 1, "percentage": 100}, "10": {"name": "Audio", "answered": 1, "quotation": 0, "percentage": 100}, "name": "Atividades Sensoriais", "answered": 3, "quotation": 1, "percentage": 100}, "4": {"11": {"name": "Memria", "answered": 1, "quotation": 1, "percentage": 100}, "12": {"name": "Comportamento", "answered": 1, "quotation": 1, "percentage": 100}, "13": {"name": "Humor", "answered": 1, "quotation": 2, "percentage": 100}, "name": "Atividades Mentais", "answered": 3, "quotation": 4, "percentage": 100}, "name": "ABVD - MDA", "answered": 12, "quotation": 6, "percentage": 100}, "name": "Funcionalidade", "answered": 12, "percentage": 100}, "12": {"3": {"5": {"4": {"name": "None", "answered": 0, "quotation": 0, "percentage": 0}, "name": "None", "answered": 0, "quotation": 0, "percentage": 0}, "name": "BSI", "answered": 0, "quotation": 0, "percentage": 0}, "name": "Psicossintomatologia", "answered": 0, "percentage": 0}, "13": {"4": {"9": {"39": {"name": "Orientao (Temporal)", "answered": 0, "quotation": 0, "percentage": 0}, "40": {"name": "Ateno e Concentrao (Clculo)", "answered": 0, "quotation": 0, "percentage": 0}, "41": {"name": "Orientao (Espacial)", "answered": 0, "quotation": 0, "percentage": 0}, "57": {"name": "Ateno e Concentrao (Soletrar)", "answered": 0, "quotation": 0, "percentage": 0}, "64": {"name": "Memria", "answered": 0, "quotation": 0, "percentage": 0}, "name": "Ateno e Orientao", "answered": 0, "quotation": 0, "percentage": 0}, "10": {"45": {"name": "Memria Antergrada", "answered": 0, "quotation": 0, "percentage": 0}, "46": {"name": "Memria Retrgrada", "answered": 0, "quotation": 0, "percentage": 0}, "47": {"name": "Evocao Diferida (Intervalo Curto)", "answered": 0, "quotation": 0, "percentage": 0}, "62": {"name": "Evocao Diferida (Intervalo Longo)", "answered": 0, "quotation": 0, "percentage": 0}, "67": {"name": "Reconhecimento", "answered": 0, "quotation": 0, "percentage": 0}, "name": "Memria", "answered": 0, "quotation": 0, "percentage": 0}, "11": {"42": {"name": "Letra P", "answered": 0, "quotation": 0, "percentage": 0}, "43": {"name": "Categoria \\"Animais\\"", "answered": 0, "quotation": 0, "percentage": 0}, "name": "Fluncia", "answered": 0, "quotation": 0, "percentage": 0}, "12": {"48": {"name": "Compreenso (Carto)", "answered": 0, "quotation": 0, "percentage": 0}, "49": {"name": "Compreenso (Etapas)", "answered": 0, "quotation": 0, "percentage": 0}, "50": {"name": "Escrita", "answered": 0, "quotation": 0, "percentage": 0}, "51": {"name": "Repetio I", "answered": 0, "quotation": 0, "percentage": 0}, "52": {"name": "Repetio II", "answered": 0, "quotation": 0, "percentage": 0}, "53": {"name": "Repetio III", "answered": 0, "quotation": 0, "percentage": 0}, "54": {"name": "Nomeao", "answered": 0, "quotation": 0, "percentage": 0}, "55": {"name": "Compreenso (Figuras)", "answered": 0, "quotation": 0, "percentage": 0}, "56": {"name": "Leitura", "answered": 0, "quotation": 0, "percentage": 0}, "name": "Linguagem", "answered": 0, "quotation": 0, "percentage": 0}, "14": {"58": {"name": "Capacidade Visuo-Espacial (Pentgonos)", "answered": 0, "quotation": 0, "percentage": 0}, "59": {"name": "Capacidade Visuo-Espacial (Cubo)", "answered": 0, "quotation": 0, "percentage": 0}, "60": {"name": "Capacidade Visuo-Espacial (Relgio)", "answered": 0, "quotation": 0, "percentage": 0}, "65": {"name": "Percepo (Pontos)", "answered": 0, "quotation": 0, "percentage": 0}, "66": {"name": "Percepo (Letras)", "answered": 0, "quotation": 0, "percentage": 0}, "name": "Visuo-Espacial", "answered": 0, "quotation": 0, "percentage": 0}, "name": "ACE-R", "answered": 0, "quotation": 0, "percentage": 0}, "5": {"17": {"68": {"name": "Orientao (Temporal)", "answered": 0, "quotation": 0, "percentage": 0}, "69": {"name": "Orientao (Espacial)", "answered": 0, "quotation": 0, "percentage": 0}, "70": {"name": "Memria", "answered": 0, "quotation": 0, "percentage": 0}, "71": {"name": "Ateno e Concentrao (Clculo)", "answered": 0, "quotation": 0, "percentage": 0}, "72": {"name": "Ateno e Concentrao (Soletrar)", "answered": 0, "quotation": 0, "percentage": 0}, "name": "Ateno e Orientao", "answered": 0, "quotation": 0, "percentage": 0}, "18": {"73": {"name": "Evocao Diferida (Intervalo Curto)", "answered": 0, "quotation": 0, "percentage": 0}, "name": "Memria", "answered": 0, "quotation": 0, "percentage": 0}, "19": {"76": {"name": "Compreenso (Carto)", "answered": 0, "quotation": 0, "percentage": 0}, "77": {"name": "Compreenso (Etapas)", "answered": 0, "quotation": 0, "percentage": 0}, "78": {"name": "Escrita", "answered": 0, "quotation": 0, "percentage": 0}, "79": {"name": "Repetio III", "answered": 0, "quotation": 0, "percentage": 0}, "80": {"name": "Nomeao", "answered": 0, "quotation": 0, "percentage": 0}, "name": "Linguagem", "answered": 0, "quotation": 0, "percentage": 0}, "20": {"81": {"name": "Capacidade Visuo-Espacial (Pentgonos)", "answered": 0, "quotation": 0, "percentage": 0}, "name": "Visuo-Espacial", "answered": 0, "quotation": 0, "percentage": 0}, "name": "MMSE", "answered": 0, "quotation": 0, "percentage": 0}, "name": "Cognio", "answered": 0, "percentage": 0}, "14": {"10": {"30": {"106": {"name": "None", "answered": 1, "quotation": 0, "percentage": 100}, "name": "Conscincia", "answered": 1, "quotation": 0, "percentage": 100}, "31": {"107": {"name": "None", "answered": 1, "quotation": 0, "percentage": 100}, "name": "Atividade Motora", "answered": 1, "quotation": 0, "percentage": 100}, "32": {"108": {"name": "None", "answered": 1, "quotation": 0, "percentage": 100}, "name": "Humor", "answered": 1, "quotation": 0, "percentage": 100}, "name": "None", "answered": 3, "quotation": 0, "percentage": 100}, "name": "Conscincia, Humor e Comportamento", "answered": 3, "percentage": 100}, "15": {"11": {"33": {"109": {"name": "None", "answered": 1, "quotation": 0, "percentage": 100}, "name": "None", "answered": 1, "quotation": 0, "percentage": 100}, "name": "None", "answered": 1, "quotation": 0, "percentage": 100}, "name": "Cooperao dada na entrevista", "answered": 1, "percentage": 100}, "16": {"12": {"34": {"110": {"name": "None", "answered": 0, "quotation": 0, "percentage": 0}, "name": "None", "answered": 0, "quotation": 0, "percentage": 0}, "name": "None", "answered": 0, "quotation": 0, "percentage": 0}, "name": "Relao com o Avaliador", "answered": 0, "percentage": 0}, "total_answered": 16, "total_percentage": 14}	342	815	181	\N
606	2024-03-29 22:10:35.318637+00	{"78": {"24": {"46": {"118": {"name": "None", "answered": 0, "quotation": 0, "percentage": 0}, "name": "None", "answered": 0, "quotation": 0, "percentage": 0}, "name": "None", "answered": 0, "quotation": 0, "percentage": 0}, "name": "Questionrio Sociodemogrfico", "answered": 0, "percentage": 0}, "total_answered": 0, "total_percentage": 0}	342	600	240	\N
764	2024-05-28 00:41:10.181864+00	{"78": {"24": {"46": {"118": {"name": "None", "answered": 0, "quotation": 0, "percentage": 0}, "name": "None", "answered": 0, "quotation": 0, "percentage": 0}, "name": "None", "answered": 0, "quotation": 0, "percentage": 0}, "name": "Questionrio Sociodemogrfico", "answered": 0, "percentage": 0}, "total_answered": 0, "total_percentage": 0}	165	758	115	\N
194	2023-09-22 10:34:03+00	{"46": {"15": {"name": "None", "answered": 0, "quotation": 0, "percentage": 0}, "16": {"name": "Fumadores", "answered": 0, "quotation": 0, "percentage": 0}, "17": {"name": "None", "answered": 0, "quotation": 0, "percentage": 0}, "18": {"40": {"name": "Fumar", "answered": 0, "quotation": 0, "percentage": 0}, "name": "None", "answered": 0, "quotation": 0, "percentage": 0}, "name": "None", "answered": 0, "percentage": 0}, "47": {"19": {"41": {"113": {"name": "MentHA-Risk-section", "answered": 4, "quotation": 1, "percentage": 100}, "name": "MentHA-Risk-dimension", "answered": 4, "quotation": 0, "percentage": 100}, "name": "MentHA-Risk-instrument", "answered": 4, "quotation": 0, "percentage": 100}, "name": "MentHA-Risk-area", "answered": 4, "percentage": 100}, "total_answered": 4, "total_percentage": 100}	167	188	84	\N
213	2023-09-23 14:52:02+00	{"46": {"15": {"name": "None", "answered": 0, "quotation": 0, "percentage": 0}, "16": {"name": "Fumadores", "answered": 0, "quotation": 0, "percentage": 0}, "17": {"name": "None", "answered": 0, "quotation": 0, "percentage": 0}, "18": {"40": {"name": "Fumar", "answered": 0, "quotation": 0, "percentage": 0}, "name": "None", "answered": 0, "quotation": 0, "percentage": 0}, "name": "None", "answered": 0, "percentage": 0}, "47": {"19": {"41": {"113": {"name": "MentHA-Risk-section", "answered": 1, "quotation": 7, "percentage": 100}, "name": "MentHA-Risk-dimension", "answered": 1, "quotation": 0, "percentage": 100}, "name": "MentHA-Risk-instrument", "answered": 1, "quotation": 0, "percentage": 100}, "name": "MentHA-Risk-area", "answered": 1, "percentage": 100}, "total_answered": 1, "total_percentage": 100}	167	207	100	\N
227	2023-10-04 10:53:57.259234+00	{"46": {"15": {"name": "None", "answered": 0, "quotation": 0, "percentage": 0}, "16": {"name": "Fumadores", "answered": 0, "quotation": 0, "percentage": 0}, "17": {"name": "None", "answered": 0, "quotation": 0, "percentage": 0}, "18": {"40": {"name": "Fumar", "answered": 0, "quotation": 0, "percentage": 0}, "name": "None", "answered": 0, "quotation": 0, "percentage": 0}, "name": "None", "answered": 0, "percentage": 0}, "47": {"19": {"41": {"113": {"name": "MentHA-Risk-section", "answered": 1, "quotation": 0, "percentage": 100}, "name": "MentHA-Risk-dimension", "answered": 1, "quotation": 0, "percentage": 100}, "name": "MentHA-Risk-instrument", "answered": 1, "quotation": 0, "percentage": 100}, "name": "MentHA-Risk-area", "answered": 1, "percentage": 100}, "total_answered": 1, "total_percentage": 100}	165	221	114	\N
209	2023-09-23 14:41:20+00	{"46": {"15": {"name": "None", "answered": 0, "quotation": 0, "percentage": 0}, "16": {"name": "Fumadores", "answered": 0, "quotation": 0, "percentage": 0}, "17": {"name": "None", "answered": 0, "quotation": 0, "percentage": 0}, "18": {"40": {"name": "Fumar", "answered": 0, "quotation": 0, "percentage": 0}, "name": "None", "answered": 0, "quotation": 0, "percentage": 0}, "name": "None", "answered": 0, "percentage": 0}, "47": {"19": {"41": {"113": {"name": "MentHA-Risk-section", "answered": 1, "quotation": 0, "percentage": 100}, "name": "MentHA-Risk-dimension", "answered": 1, "quotation": 0, "percentage": 100}, "name": "MentHA-Risk-instrument", "answered": 1, "quotation": 0, "percentage": 100}, "name": "MentHA-Risk-area", "answered": 1, "percentage": 100}, "total_answered": 1, "total_percentage": 100}	167	203	97	\N
241	2023-10-04 14:49:58.651692+00	{"46": {"15": {"name": "None", "answered": 0, "quotation": 0, "percentage": 0}, "16": {"name": "Fumadores", "answered": 0, "quotation": 0, "percentage": 0}, "17": {"name": "None", "answered": 0, "quotation": 0, "percentage": 0}, "18": {"40": {"name": "Fumar", "answered": 0, "quotation": 0, "percentage": 0}, "name": "None", "answered": 0, "quotation": 0, "percentage": 0}, "name": "None", "answered": 0, "percentage": 0}, "47": {"19": {"41": {"113": {"name": "MentHA-Risk-section", "answered": 1, "quotation": 2, "percentage": 100}, "name": "MentHA-Risk-dimension", "answered": 1, "quotation": 0, "percentage": 100}, "name": "MentHA-Risk-instrument", "answered": 1, "quotation": 0, "percentage": 100}, "name": "MentHA-Risk-area", "answered": 1, "percentage": 100}, "total_answered": 1, "total_percentage": 100}	3	235	128	\N
387	2024-03-14 10:22:05.326908+00	{"78": {"24": {"46": {"118": {"name": "None", "answered": 0, "quotation": 0, "percentage": 0}, "name": "None", "answered": 0, "quotation": 0, "percentage": 0}, "name": "None", "answered": 0, "quotation": 0, "percentage": 0}, "name": "Questionrio Sociodemogrfico", "answered": 0, "percentage": 0}, "total_answered": 0, "total_percentage": 0}	3	381	109	\N
210	2023-09-23 14:44:39+00	{"46": {"15": {"name": "None", "answered": 0, "quotation": 0, "percentage": 0}, "16": {"name": "Fumadores", "answered": 0, "quotation": 0, "percentage": 0}, "17": {"name": "None", "answered": 0, "quotation": 0, "percentage": 0}, "18": {"40": {"name": "Fumar", "answered": 0, "quotation": 0, "percentage": 0}, "name": "None", "answered": 0, "quotation": 0, "percentage": 0}, "name": "None", "answered": 0, "percentage": 0}, "47": {"19": {"41": {"113": {"name": "MentHA-Risk-section", "answered": 1, "quotation": 1, "percentage": 100}, "name": "MentHA-Risk-dimension", "answered": 1, "quotation": 0, "percentage": 100}, "name": "MentHA-Risk-instrument", "answered": 1, "quotation": 0, "percentage": 100}, "name": "MentHA-Risk-area", "answered": 1, "percentage": 100}, "total_answered": 1, "total_percentage": 100}	167	204	84	\N
228	2023-10-04 10:56:36.012352+00	{"46": {"15": {"name": "None", "answered": 0, "quotation": 0, "percentage": 0}, "16": {"name": "Fumadores", "answered": 0, "quotation": 0, "percentage": 0}, "17": {"name": "None", "answered": 0, "quotation": 0, "percentage": 0}, "18": {"40": {"name": "Fumar", "answered": 0, "quotation": 0, "percentage": 0}, "name": "None", "answered": 0, "quotation": 0, "percentage": 0}, "name": "None", "answered": 0, "percentage": 0}, "47": {"19": {"41": {"113": {"name": "MentHA-Risk-section", "answered": 1, "quotation": 0, "percentage": 100}, "name": "MentHA-Risk-dimension", "answered": 1, "quotation": 0, "percentage": 100}, "name": "MentHA-Risk-instrument", "answered": 1, "quotation": 0, "percentage": 100}, "name": "MentHA-Risk-area", "answered": 1, "percentage": 100}, "total_answered": 1, "total_percentage": 100}	165	222	115	\N
242	2023-10-04 14:56:34.271841+00	{"46": {"15": {"name": "None", "answered": 0, "quotation": 0, "percentage": 0}, "16": {"name": "Fumadores", "answered": 0, "quotation": 0, "percentage": 0}, "17": {"name": "None", "answered": 0, "quotation": 0, "percentage": 0}, "18": {"40": {"name": "Fumar", "answered": 0, "quotation": 0, "percentage": 0}, "name": "None", "answered": 0, "quotation": 0, "percentage": 0}, "name": "None", "answered": 0, "percentage": 0}, "47": {"19": {"41": {"113": {"name": "MentHA-Risk-section", "answered": 1, "quotation": 0, "percentage": 100}, "name": "MentHA-Risk-dimension", "answered": 1, "quotation": 0, "percentage": 100}, "name": "MentHA-Risk-instrument", "answered": 1, "quotation": 0, "percentage": 100}, "name": "MentHA-Risk-area", "answered": 1, "percentage": 100}, "total_answered": 1, "total_percentage": 100}	3	236	129	\N
254	2023-10-08 16:54:35.140376+00	{"46": {"15": {"name": "None", "answered": 0, "quotation": 0, "percentage": 0}, "16": {"name": "Fumadores", "answered": 0, "quotation": 0, "percentage": 0}, "17": {"name": "None", "answered": 0, "quotation": 0, "percentage": 0}, "18": {"40": {"name": "Fumar", "answered": 0, "quotation": 0, "percentage": 0}, "name": "None", "answered": 0, "quotation": 0, "percentage": 0}, "name": "None", "answered": 0, "percentage": 0}, "47": {"19": {"41": {"113": {"name": "MentHA-Risk-section", "answered": 1, "quotation": 22, "percentage": 100}, "name": "MentHA-Risk-dimension", "answered": 1, "quotation": 0, "percentage": 100}, "name": "MentHA-Risk-instrument", "answered": 1, "quotation": 0, "percentage": 100}, "name": "MentHA-Risk-area", "answered": 1, "percentage": 100}, "total_answered": 1, "total_percentage": 100}	167	248	119	\N
266	2023-10-11 09:38:48.146396+00	{"46": {"15": {"name": "None", "answered": 0, "quotation": 0, "percentage": 0}, "16": {"name": "Fumadores", "answered": 0, "quotation": 0, "percentage": 0}, "17": {"name": "None", "answered": 0, "quotation": 0, "percentage": 0}, "18": {"40": {"name": "Fumar", "answered": 0, "quotation": 0, "percentage": 0}, "name": "None", "answered": 0, "quotation": 0, "percentage": 0}, "name": "None", "answered": 0, "percentage": 0}, "47": {"19": {"41": {"113": {"name": "MentHA-Risk-section", "answered": 1, "quotation": 2, "percentage": 100}, "name": "MentHA-Risk-dimension", "answered": 1, "quotation": 0, "percentage": 100}, "name": "MentHA-Risk-instrument", "answered": 1, "quotation": 0, "percentage": 100}, "name": "MentHA-Risk-area", "answered": 1, "percentage": 100}, "total_answered": 1, "total_percentage": 100}	167	260	128	\N
305	2023-11-17 12:16:59.040699+00	{"1": {"10": {"30": {"106": {"name": "None", "answered": 0, "quotation": 0, "percentage": 0}, "name": "Conscincia", "answered": 0, "quotation": 0, "percentage": 0}, "31": {"107": {"name": "None", "answered": 0, "quotation": 0, "percentage": 0}, "name": "Atividade Motora", "answered": 0, "quotation": 0, "percentage": 0}, "32": {"108": {"name": "None", "answered": 0, "quotation": 0, "percentage": 0}, "name": "Humor", "answered": 0, "quotation": 0, "percentage": 0}, "name": "None", "answered": 0, "quotation": 0, "percentage": 0}, "name": "Conscincia, Humor e Comportamento", "answered": 0, "percentage": 0}, "2": {"11": {"33": {"109": {"name": "None", "answered": 0, "quotation": 0, "percentage": 0}, "name": "None", "answered": 0, "quotation": 0, "percentage": 0}, "name": "None", "answered": 0, "quotation": 0, "percentage": 0}, "name": "Cooperao dada na entrevista", "answered": 0, "percentage": 0}, "3": {"12": {"34": {"110": {"name": "None", "answered": 0, "quotation": 0, "percentage": 0}, "name": "None", "answered": 0, "quotation": 0, "percentage": 0}, "name": "None", "answered": 0, "quotation": 0, "percentage": 0}, "name": "Relao com o Avaliador", "answered": 0, "percentage": 0}, "5": {"3": {"5": {"4": {"name": "None", "answered": 0, "quotation": 0, "percentage": 0}, "name": "None", "answered": 0, "quotation": 0, "percentage": 0}, "name": "BSI", "answered": 0, "quotation": 0, "percentage": 0}, "name": "Psicossintomatologia", "answered": 0, "percentage": 0}, "6": {"4": {"9": {"39": {"name": "Orientao (Temporal)", "answered": 0, "quotation": 0, "percentage": 0}, "40": {"name": "Ateno e Concentrao (Clculo)", "answered": 0, "quotation": 0, "percentage": 0}, "41": {"name": "Orientao (Espacial)", "answered": 0, "quotation": 0, "percentage": 0}, "57": {"name": "Ateno e Concentrao (Soletrar)", "answered": 0, "quotation": 0, "percentage": 0}, "64": {"name": "Memria", "answered": 0, "quotation": 0, "percentage": 0}, "name": "Ateno e Orientao", "answered": 0, "quotation": 0, "percentage": 0}, "10": {"45": {"name": "Memria Antergrada", "answered": 0, "quotation": 0, "percentage": 0}, "46": {"name": "Memria Retrgrada", "answered": 0, "quotation": 0, "percentage": 0}, "47": {"name": "Evocao Diferida (Intervalo Curto)", "answered": 0, "quotation": 0, "percentage": 0}, "62": {"name": "Evocao Diferida (Intervalo Longo)", "answered": 0, "quotation": 0, "percentage": 0}, "67": {"name": "Reconhecimento", "answered": 0, "quotation": 0, "percentage": 0}, "name": "Memria", "answered": 0, "quotation": 0, "percentage": 0}, "11": {"42": {"name": "Letra P", "answered": 0, "quotation": 0, "percentage": 0}, "43": {"name": "Categoria \\"Animais\\"", "answered": 0, "quotation": 0, "percentage": 0}, "name": "Fluncia", "answered": 0, "quotation": 0, "percentage": 0}, "12": {"48": {"name": "Compreenso (Carto)", "answered": 0, "quotation": 0, "percentage": 0}, "49": {"name": "Compreenso (Etapas)", "answered": 0, "quotation": 0, "percentage": 0}, "50": {"name": "Escrita", "answered": 0, "quotation": 0, "percentage": 0}, "51": {"name": "Repetio I", "answered": 0, "quotation": 0, "percentage": 0}, "52": {"name": "Repetio II", "answered": 0, "quotation": 0, "percentage": 0}, "53": {"name": "Repetio III", "answered": 0, "quotation": 0, "percentage": 0}, "54": {"name": "Nomeao", "answered": 0, "quotation": 0, "percentage": 0}, "55": {"name": "Compreenso (Figuras)", "answered": 0, "quotation": 0, "percentage": 0}, "56": {"name": "Leitura", "answered": 0, "quotation": 0, "percentage": 0}, "name": "Linguagem", "answered": 0, "quotation": 0, "percentage": 0}, "14": {"58": {"name": "Capacidade Visuo-Espacial (Pentgonos)", "answered": 0, "quotation": 0, "percentage": 0}, "59": {"name": "Capacidade Visuo-Espacial (Cubo)", "answered": 0, "quotation": 0, "percentage": 0}, "60": {"name": "Capacidade Visuo-Espacial (Relgio)", "answered": 0, "quotation": 0, "percentage": 0}, "65": {"name": "Percepo (Pontos)", "answered": 0, "quotation": 0, "percentage": 0}, "66": {"name": "Percepo (Letras)", "answered": 0, "quotation": 0, "percentage": 0}, "name": "Visuo-Espacial", "answered": 0, "quotation": 0, "percentage": 0}, "name": "ACE-R", "answered": 0, "quotation": 0, "percentage": 0}, "5": {"17": {"68": {"name": "Orientao (Temporal)", "answered": 0, "quotation": 0, "percentage": 0}, "69": {"name": "Orientao (Espacial)", "answered": 0, "quotation": 0, "percentage": 0}, "70": {"name": "Memria", "answered": 0, "quotation": 0, "percentage": 0}, "71": {"name": "Ateno e Concentrao (Clculo)", "answered": 0, "quotation": 0, "percentage": 0}, "72": {"name": "Ateno e Concentrao (Soletrar)", "answered": 0, "quotation": 0, "percentage": 0}, "name": "Ateno e Orientao", "answered": 0, "quotation": 0, "percentage": 0}, "18": {"73": {"name": "Evocao Diferida (Intervalo Curto)", "answered": 0, "quotation": 0, "percentage": 0}, "name": "Memria", "answered": 0, "quotation": 0, "percentage": 0}, "19": {"76": {"name": "Compreenso (Carto)", "answered": 0, "quotation": 0, "percentage": 0}, "77": {"name": "Compreenso (Etapas)", "answered": 0, "quotation": 0, "percentage": 0}, "78": {"name": "Escrita", "answered": 0, "quotation": 0, "percentage": 0}, "79": {"name": "Repetio III", "answered": 0, "quotation": 0, "percentage": 0}, "80": {"name": "Nomeao", "answered": 0, "quotation": 0, "percentage": 0}, "name": "Linguagem", "answered": 0, "quotation": 0, "percentage": 0}, "20": {"81": {"name": "Capacidade Visuo-Espacial (Pentgonos)", "answered": 0, "quotation": 0, "percentage": 0}, "name": "Visuo-Espacial", "answered": 0, "quotation": 0, "percentage": 0}, "name": "MMSE", "answered": 0, "quotation": 0, "percentage": 0}, "6": {"21": {"82": {"name": "Desenho A", "answered": 0, "quotation": 0, "percentage": 0}, "83": {"name": "Desenho B", "answered": 0, "quotation": 0, "percentage": 0}, "84": {"name": "Desenho C", "answered": 0, "quotation": 0, "percentage": 0}, "85": {"name": "Desenho D", "answered": 0, "quotation": 0, "percentage": 0}, "86": {"name": "Desenho E", "answered": 0, "quotation": 0, "percentage": 0}, "name": "Memria Visual Imediata - Figuras de Weschler", "answered": 0, "quotation": 0, "percentage": 0}, "22": {"87": {"name": "Desenho A", "answered": 0, "quotation": 0, "percentage": 0}, "88": {"name": "Desenho B", "answered": 0, "quotation": 0, "percentage": 0}, "89": {"name": "Desenho C", "answered": 0, "quotation": 0, "percentage": 0}, "90": {"name": "Desenho D", "answered": 0, "quotation": 0, "percentage": 0}, "91": {"name": "Desenho E", "answered": 0, "quotation": 0, "percentage": 0}, "name": "Memria Diferida", "answered": 0, "quotation": 0, "percentage": 0}, "23": {"92": {"name": "Trail Making Test - Parte A - Treino", "answered": 0, "quotation": 0, "percentage": 0}, "93": {"name": "Trail Making Test - Parte A - Teste", "answered": 0, "quotation": 0, "percentage": 0}, "name": "Trail Making Test - Parte A", "answered": 0, "quotation": 0, "percentage": 0}, "24": {"94": {"name": "Trail Making Test - Parte B - Treino", "answered": 0, "quotation": 0, "percentage": 0}, "95": {"name": "Trail Making Test - Parte B - Teste", "answered": 0, "quotation": 0, "percentage": 0}, "name": "Trail Making Test - Parte B", "answered": 0, "quotation": 0, "percentage": 0}, "25": {"96": {"name": "None", "answered": 0, "quotation": 0, "percentage": 0}, "name": "Gnosia - (Autotopognosia) Orientao Direita Esquerda", "answered": 0, "quotation": 0, "percentage": 0}, "26": {"97": {"name": "Provrbio A", "answered": 0, "quotation": 0, "percentage": 0}, "98": {"name": "Provrbio B", "answered": 0, "quotation": 0, "percentage": 0}, "99": {"name": "Provrbio C", "answered": 0, "quotation": 0, "percentage": 0}, "name": "Provrbios", "answered": 0, "quotation": 0, "percentage": 0}, "27": {"100": {"name": "Nomeao de Cores", "answered": 0, "quotation": 0, "percentage": 0}, "101": {"name": "Ordens", "answered": 0, "quotation": 0, "percentage": 0}, "name": "Token Test - Compreenso de ordens verbais (verso breve)", "answered": 0, "quotation": 0, "percentage": 0}, "name": "reas Complementares", "answered": 0, "quotation": 0, "percentage": 0}, "name": "Cognio", "answered": 0, "percentage": 0}, "7": {"9": {"6": {"14": {"name": "None", "answered": 0, "quotation": 0, "percentage": 0}, "name": "PANAS", "answered": 0, "quotation": 0, "percentage": 0}, "name": "PANAS", "answered": 0, "quotation": 0, "percentage": 0}, "name": "Estado de  nimo", "answered": 0, "percentage": 0}, "8": {"7": {"8": {"37": {"name": "None", "answered": 0, "quotation": 0, "percentage": 0}, "name": "None", "answered": 0, "quotation": 0, "percentage": 0}, "name": "HADS", "answered": 0, "quotation": 0, "percentage": 0}, "name": "Ansiedade e Depresso", "answered": 0, "percentage": 0}, "9": {"8": {"28": {"102": {"name": "None", "answered": 0, "quotation": 0, "percentage": 0}, "name": "Atribuio de Estadio", "answered": 0, "quotation": 0, "percentage": 0}, "29": {"103": {"name": "Respondente #1", "answered": 0, "quotation": 0, "percentage": 0}, "104": {"name": "Respondente #2", "answered": 0, "quotation": 0, "percentage": 0}, "105": {"name": "Respondente #3", "answered": 0, "quotation": 0, "percentage": 0}, "name": "Questionrios", "answered": 0, "quotation": 0, "percentage": 0}, "name": "GDS", "answered": 0, "quotation": 0, "percentage": 0}, "name": "Estadio de Deteriorao", "answered": 0, "percentage": 0}, "10": {"1": {"1": {"1": {"name": "Alimentao", "answered": 0, "quotation": 0, "percentage": 0}, "2": {"name": "Higiene", "answered": 0, "quotation": 0, "percentage": 0}, "3": {"name": "Eliminao", "answered": 0, "quotation": 0, "percentage": 0}, "name": "Atividades Corporais", "answered": 0, "quotation": 0, "percentage": 0}, "2": {"5": {"name": "Transferncia (subir ou descer da cama)", "answered": 0, "quotation": 0, "percentage": 0}, "6": {"name": "Deslocao (no domicilio ou no exterior)", "answered": 0, "quotation": 0, "percentage": 0}, "7": {"name": "Espao de vida (+/- ajuda humana ou tcnica)", "answered": 0, "quotation": 0, "percentage": 0}, "name": "Atividades Motoras", "answered": 0, "quotation": 0, "percentage": 0}, "3": {"8": {"name": "Fala", "answered": 0, "quotation": 0, "percentage": 0}, "9": {"name": "Viso (+ - correo)", "answered": 0, "quotation": 0, "percentage": 0}, "10": {"name": "Audio", "answered": 0, "quotation": 0, "percentage": 0}, "name": "Atividades Sensoriais", "answered": 0, "quotation": 0, "percentage": 0}, "4": {"11": {"name": "Memria", "answered": 0, "quotation": 0, "percentage": 0}, "12": {"name": "Comportamento", "answered": 0, "quotation": 0, "percentage": 0}, "13": {"name": "Humor", "answered": 0, "quotation": 0, "percentage": 0}, "name": "Atividades Mentais", "answered": 0, "quotation": 0, "percentage": 0}, "name": "ABVD - MDA", "answered": 0, "quotation": 0, "percentage": 0}, "2": {"7": {"15": {"name": "Utilizao do telefone", "answered": 0, "quotation": 0, "percentage": 0}, "16": {"name": "Fazer compras", "answered": 0, "quotation": 0, "percentage": 0}, "17": {"name": "Preparao das refeies", "answered": 0, "quotation": 0, "percentage": 0}, "18": {"name": "Tarefas domsticas", "answered": 0, "quotation": 0, "percentage": 0}, "19": {"name": "Lavagem da roupa", "answered": 0, "quotation": 0, "percentage": 0}, "20": {"name": "Utilizao de meios de transporte", "answered": 0, "quotation": 0, "percentage": 0}, "21": {"name": "Manejo de medicao", "answered": 0, "quotation": 0, "percentage": 0}, "22": {"name": "Responsabilidade de assuntos financeiros", "answered": 0, "quotation": 0, "percentage": 0}, "name": "None", "answered": 0, "quotation": 0, "percentage": 0}, "name": "AIVD", "answered": 0, "quotation": 0, "percentage": 0}, "name": "Funcionalidade", "answered": 0, "percentage": 0}, "total_answered": 0, "total_percentage": 0}	167	299	101	\N
607	2024-03-29 22:12:29.402858+00	{"78": {"24": {"46": {"118": {"name": "None", "answered": 0, "quotation": 0, "percentage": 0}, "name": "None", "answered": 0, "quotation": 0, "percentage": 0}, "name": "None", "answered": 0, "quotation": 0, "percentage": 0}, "name": "Questionrio Sociodemogrfico", "answered": 0, "percentage": 0}, "total_answered": 0, "total_percentage": 0}	342	601	241	\N
390	2024-03-14 10:44:11.988237+00	{"78": {"24": {"46": {"118": {"name": "None", "answered": 0, "quotation": 0, "percentage": 0}, "name": "None", "answered": 0, "quotation": 0, "percentage": 0}, "name": "None", "answered": 0, "quotation": 0, "percentage": 0}, "name": "Questionrio Sociodemogrfico", "answered": 0, "percentage": 0}, "total_answered": 0, "total_percentage": 0}	3	384	117	\N
229	2023-10-04 11:00:03.673312+00	{"46": {"15": {"name": "None", "answered": 0, "quotation": 0, "percentage": 0}, "16": {"name": "Fumadores", "answered": 0, "quotation": 0, "percentage": 0}, "17": {"name": "None", "answered": 0, "quotation": 0, "percentage": 0}, "18": {"40": {"name": "Fumar", "answered": 0, "quotation": 0, "percentage": 0}, "name": "None", "answered": 0, "quotation": 0, "percentage": 0}, "name": "None", "answered": 0, "percentage": 0}, "47": {"19": {"41": {"113": {"name": "MentHA-Risk-section", "answered": 1, "quotation": 12, "percentage": 100}, "name": "MentHA-Risk-dimension", "answered": 1, "quotation": 0, "percentage": 100}, "name": "MentHA-Risk-instrument", "answered": 1, "quotation": 0, "percentage": 100}, "name": "MentHA-Risk-area", "answered": 1, "percentage": 100}, "total_answered": 1, "total_percentage": 100}	165	223	116	\N
243	2023-10-04 15:02:50.023214+00	{"46": {"15": {"name": "None", "answered": 0, "quotation": 0, "percentage": 0}, "16": {"name": "Fumadores", "answered": 0, "quotation": 0, "percentage": 0}, "17": {"name": "None", "answered": 0, "quotation": 0, "percentage": 0}, "18": {"40": {"name": "Fumar", "answered": 0, "quotation": 0, "percentage": 0}, "name": "None", "answered": 0, "quotation": 0, "percentage": 0}, "name": "None", "answered": 0, "percentage": 0}, "47": {"19": {"41": {"113": {"name": "MentHA-Risk-section", "answered": 1, "quotation": 0, "percentage": 100}, "name": "MentHA-Risk-dimension", "answered": 1, "quotation": 0, "percentage": 100}, "name": "MentHA-Risk-instrument", "answered": 1, "quotation": 0, "percentage": 100}, "name": "MentHA-Risk-area", "answered": 1, "percentage": 100}, "total_answered": 1, "total_percentage": 100}	3	237	130	\N
393	2024-03-14 11:01:40.210703+00	{"78": {"24": {"46": {"118": {"name": "None", "answered": 0, "quotation": 0, "percentage": 0}, "name": "None", "answered": 0, "quotation": 0, "percentage": 0}, "name": "None", "answered": 0, "quotation": 0, "percentage": 0}, "name": "Questionrio Sociodemogrfico", "answered": 0, "percentage": 0}, "total_answered": 0, "total_percentage": 0}	3	387	120	\N
255	2023-10-08 16:57:09.231321+00	{"46": {"15": {"name": "None", "answered": 0, "quotation": 0, "percentage": 0}, "16": {"name": "Fumadores", "answered": 0, "quotation": 0, "percentage": 0}, "17": {"name": "None", "answered": 0, "quotation": 0, "percentage": 0}, "18": {"40": {"name": "Fumar", "answered": 0, "quotation": 0, "percentage": 0}, "name": "None", "answered": 0, "quotation": 0, "percentage": 0}, "name": "None", "answered": 0, "percentage": 0}, "47": {"19": {"41": {"113": {"name": "MentHA-Risk-section", "answered": 1, "quotation": 9, "percentage": 100}, "name": "MentHA-Risk-dimension", "answered": 1, "quotation": 0, "percentage": 100}, "name": "MentHA-Risk-instrument", "answered": 1, "quotation": 0, "percentage": 100}, "name": "MentHA-Risk-area", "answered": 1, "percentage": 100}, "total_answered": 1, "total_percentage": 100}	167	249	117	\N
608	2024-03-29 22:12:51.688483+00	{"78": {"24": {"46": {"118": {"name": "None", "answered": 0, "quotation": 0, "percentage": 0}, "name": "None", "answered": 0, "quotation": 0, "percentage": 0}, "name": "None", "answered": 0, "quotation": 0, "percentage": 0}, "name": "Questionrio Sociodemogrfico", "answered": 0, "percentage": 0}, "total_answered": 0, "total_percentage": 0}	342	602	180	\N
211	2023-09-23 14:45:29+00	{"46": {"15": {"name": "None", "answered": 0, "quotation": 0, "percentage": 0}, "16": {"name": "Fumadores", "answered": 0, "quotation": 0, "percentage": 0}, "17": {"name": "None", "answered": 0, "quotation": 0, "percentage": 0}, "18": {"40": {"name": "Fumar", "answered": 0, "quotation": 0, "percentage": 0}, "name": "None", "answered": 0, "quotation": 0, "percentage": 0}, "name": "None", "answered": 0, "percentage": 0}, "47": {"19": {"41": {"113": {"name": "MentHA-Risk-section", "answered": 1, "quotation": 5, "percentage": 100}, "name": "MentHA-Risk-dimension", "answered": 1, "quotation": 0, "percentage": 100}, "name": "MentHA-Risk-instrument", "answered": 1, "quotation": 0, "percentage": 100}, "name": "MentHA-Risk-area", "answered": 1, "percentage": 100}, "total_answered": 1, "total_percentage": 100}	167	205	98	\N
291	2023-10-14 15:03:34.168365+00	{"46": {"15": {"name": "None", "answered": 0, "quotation": 0, "percentage": 0}, "16": {"name": "Fumadores", "answered": 0, "quotation": 0, "percentage": 0}, "17": {"name": "None", "answered": 0, "quotation": 0, "percentage": 0}, "18": {"40": {"name": "Fumar", "answered": 0, "quotation": 0, "percentage": 0}, "name": "None", "answered": 0, "quotation": 0, "percentage": 0}, "name": "None", "answered": 0, "percentage": 0}, "47": {"19": {"41": {"113": {"name": "MentHA-Risk-section", "answered": 0, "quotation": 0, "percentage": 0}, "name": "MentHA-Risk-dimension", "answered": 0, "quotation": 0, "percentage": 0}, "name": "MentHA-Risk-instrument", "answered": 0, "quotation": 0, "percentage": 0}, "name": "MentHA-Risk-area", "answered": 0, "percentage": 0}, "total_answered": 0, "total_percentage": 0}	245	285	140	\N
215	2023-10-02 14:02:33.938957+00	{"46": {"15": {"name": "None", "answered": 0, "quotation": 0, "percentage": 0}, "16": {"name": "Fumadores", "answered": 0, "quotation": 0, "percentage": 0}, "17": {"name": "None", "answered": 0, "quotation": 0, "percentage": 0}, "18": {"40": {"name": "Fumar", "answered": 0, "quotation": 0, "percentage": 0}, "name": "None", "answered": 0, "quotation": 0, "percentage": 0}, "name": "None", "answered": 0, "percentage": 0}, "47": {"19": {"41": {"113": {"name": "MentHA-Risk-section", "answered": 1, "quotation": 1, "percentage": 100}, "name": "MentHA-Risk-dimension", "answered": 1, "quotation": 0, "percentage": 100}, "name": "MentHA-Risk-instrument", "answered": 1, "quotation": 0, "percentage": 100}, "name": "MentHA-Risk-area", "answered": 1, "percentage": 100}, "total_answered": 1, "total_percentage": 100}	165	209	102	\N
319	2023-12-18 11:13:41.285506+00	{"46": {"15": {"name": "None", "answered": 0, "quotation": 0, "percentage": 0}, "16": {"name": "Fumadores", "answered": 0, "quotation": 0, "percentage": 0}, "17": {"name": "None", "answered": 0, "quotation": 0, "percentage": 0}, "18": {"40": {"name": "Fumar", "answered": 0, "quotation": 0, "percentage": 0}, "name": "None", "answered": 0, "quotation": 0, "percentage": 0}, "name": "None", "answered": 0, "percentage": 0}, "47": {"19": {"41": {"113": {"name": "MentHA-Risk-section", "answered": 0, "quotation": 0, "percentage": 0}, "name": "MentHA-Risk-dimension", "answered": 0, "quotation": 0, "percentage": 0}, "name": "MentHA-Risk-instrument", "answered": 0, "quotation": 0, "percentage": 0}, "name": "MentHA-Risk-area", "answered": 0, "percentage": 0}, "total_answered": 0, "total_percentage": 0}	3	313	154	\N
292	2023-10-19 13:54:12.859319+00	{"46": {"15": {"name": "None", "answered": 0, "quotation": 0, "percentage": 0}, "16": {"name": "Fumadores", "answered": 0, "quotation": 0, "percentage": 0}, "17": {"name": "None", "answered": 0, "quotation": 0, "percentage": 0}, "18": {"40": {"name": "Fumar", "answered": 0, "quotation": 0, "percentage": 0}, "name": "None", "answered": 0, "quotation": 0, "percentage": 0}, "name": "None", "answered": 0, "percentage": 0}, "47": {"19": {"41": {"113": {"name": "MentHA-Risk-section", "answered": 1, "quotation": 23, "percentage": 100}, "name": "MentHA-Risk-dimension", "answered": 1, "quotation": 0, "percentage": 100}, "name": "MentHA-Risk-instrument", "answered": 1, "quotation": 0, "percentage": 100}, "name": "MentHA-Risk-area", "answered": 1, "percentage": 100}, "total_answered": 1, "total_percentage": 100}	255	286	139	\N
306	2023-11-24 13:24:20.719025+00	{"46": {"15": {"name": "None", "answered": 0, "quotation": 0, "percentage": 0}, "16": {"name": "Fumadores", "answered": 0, "quotation": 0, "percentage": 0}, "17": {"name": "None", "answered": 0, "quotation": 0, "percentage": 0}, "18": {"40": {"name": "Fumar", "answered": 0, "quotation": 0, "percentage": 0}, "name": "None", "answered": 0, "quotation": 0, "percentage": 0}, "name": "None", "answered": 0, "percentage": 0}, "47": {"19": {"41": {"113": {"name": "MentHA-Risk-section", "answered": 1, "quotation": 0, "percentage": 100}, "name": "MentHA-Risk-dimension", "answered": 1, "quotation": 0, "percentage": 100}, "name": "MentHA-Risk-instrument", "answered": 1, "quotation": 0, "percentage": 100}, "name": "MentHA-Risk-area", "answered": 1, "percentage": 100}, "total_answered": 1, "total_percentage": 100}	246	300	148	\N
396	2024-03-14 11:18:33.767428+00	{"78": {"24": {"46": {"118": {"name": "None", "answered": 0, "quotation": 0, "percentage": 0}, "name": "None", "answered": 0, "quotation": 0, "percentage": 0}, "name": "None", "answered": 0, "quotation": 0, "percentage": 0}, "name": "Questionrio Sociodemogrfico", "answered": 0, "percentage": 0}, "total_answered": 0, "total_percentage": 0}	3	390	110	\N
216	2023-10-02 14:47:39.729092+00	{"46": {"15": {"name": "None", "answered": 0, "quotation": 0, "percentage": 0}, "16": {"name": "Fumadores", "answered": 0, "quotation": 0, "percentage": 0}, "17": {"name": "None", "answered": 0, "quotation": 0, "percentage": 0}, "18": {"40": {"name": "Fumar", "answered": 0, "quotation": 0, "percentage": 0}, "name": "None", "answered": 0, "quotation": 0, "percentage": 0}, "name": "None", "answered": 0, "percentage": 0}, "47": {"19": {"41": {"113": {"name": "MentHA-Risk-section", "answered": 1, "quotation": 4, "percentage": 100}, "name": "MentHA-Risk-dimension", "answered": 1, "quotation": 0, "percentage": 100}, "name": "MentHA-Risk-instrument", "answered": 1, "quotation": 0, "percentage": 100}, "name": "MentHA-Risk-area", "answered": 1, "percentage": 100}, "total_answered": 1, "total_percentage": 100}	165	210	103	\N
230	2023-10-04 11:02:15.556017+00	{"46": {"15": {"name": "None", "answered": 0, "quotation": 0, "percentage": 0}, "16": {"name": "Fumadores", "answered": 0, "quotation": 0, "percentage": 0}, "17": {"name": "None", "answered": 0, "quotation": 0, "percentage": 0}, "18": {"40": {"name": "Fumar", "answered": 0, "quotation": 0, "percentage": 0}, "name": "None", "answered": 0, "quotation": 0, "percentage": 0}, "name": "None", "answered": 0, "percentage": 0}, "47": {"19": {"41": {"113": {"name": "MentHA-Risk-section", "answered": 1, "quotation": 9, "percentage": 100}, "name": "MentHA-Risk-dimension", "answered": 1, "quotation": 0, "percentage": 100}, "name": "MentHA-Risk-instrument", "answered": 1, "quotation": 0, "percentage": 100}, "name": "MentHA-Risk-area", "answered": 1, "percentage": 100}, "total_answered": 1, "total_percentage": 100}	165	224	117	\N
244	2023-10-04 15:09:39.076949+00	{"46": {"15": {"name": "None", "answered": 0, "quotation": 0, "percentage": 0}, "16": {"name": "Fumadores", "answered": 0, "quotation": 0, "percentage": 0}, "17": {"name": "None", "answered": 0, "quotation": 0, "percentage": 0}, "18": {"40": {"name": "Fumar", "answered": 0, "quotation": 0, "percentage": 0}, "name": "None", "answered": 0, "quotation": 0, "percentage": 0}, "name": "None", "answered": 0, "percentage": 0}, "47": {"19": {"41": {"113": {"name": "MentHA-Risk-section", "answered": 0, "quotation": 0, "percentage": 0}, "name": "MentHA-Risk-dimension", "answered": 0, "quotation": 0, "percentage": 0}, "name": "MentHA-Risk-instrument", "answered": 0, "quotation": 0, "percentage": 0}, "name": "MentHA-Risk-area", "answered": 0, "percentage": 0}, "total_answered": 0, "total_percentage": 0}	3	238	131	\N
293	2023-10-19 14:00:17.979821+00	{"78": {"24": {"46": {"118": {"name": "None", "answered": 0, "quotation": 0, "percentage": 0}, "name": "None", "answered": 0, "quotation": 0, "percentage": 0}, "name": "None", "answered": 0, "quotation": 0, "percentage": 0}, "name": "Questionrio Sociodemogrfico", "answered": 0, "percentage": 0}, "total_answered": 0, "total_percentage": 0}	255	287	139	\N
256	2023-10-08 17:02:08.50333+00	{"46": {"15": {"name": "None", "answered": 0, "quotation": 0, "percentage": 0}, "16": {"name": "Fumadores", "answered": 0, "quotation": 0, "percentage": 0}, "17": {"name": "None", "answered": 0, "quotation": 0, "percentage": 0}, "18": {"40": {"name": "Fumar", "answered": 0, "quotation": 0, "percentage": 0}, "name": "None", "answered": 0, "quotation": 0, "percentage": 0}, "name": "None", "answered": 0, "percentage": 0}, "47": {"19": {"41": {"113": {"name": "MentHA-Risk-section", "answered": 1, "quotation": 0, "percentage": 100}, "name": "MentHA-Risk-dimension", "answered": 1, "quotation": 0, "percentage": 100}, "name": "MentHA-Risk-instrument", "answered": 1, "quotation": 0, "percentage": 100}, "name": "MentHA-Risk-area", "answered": 1, "percentage": 100}, "total_answered": 1, "total_percentage": 100}	167	250	115	\N
397	2024-03-14 11:19:24.798495+00	{"78": {"24": {"46": {"118": {"name": "None", "answered": 0, "quotation": 0, "percentage": 0}, "name": "None", "answered": 0, "quotation": 0, "percentage": 0}, "name": "None", "answered": 0, "quotation": 0, "percentage": 0}, "name": "Questionrio Sociodemogrfico", "answered": 0, "percentage": 0}, "total_answered": 0, "total_percentage": 0}	3	391	113	\N
652	2024-04-19 09:24:30.207678+00	{"46": {"15": {"name": "None", "answered": 0, "quotation": 0, "percentage": 0}, "16": {"name": "Fumadores", "answered": 0, "quotation": 0, "percentage": 0}, "17": {"name": "None", "answered": 0, "quotation": 0, "percentage": 0}, "18": {"40": {"name": "Fumar", "answered": 0, "quotation": 0, "percentage": 0}, "name": "None", "answered": 0, "quotation": 0, "percentage": 0}, "name": "None", "answered": 0, "percentage": 0}, "47": {"19": {"41": {"113": {"name": "MentHA-Risk-section", "answered": 1, "quotation": 1, "percentage": 100}, "name": "MentHA-Risk-dimension", "answered": 1, "quotation": 0, "percentage": 100}, "name": "MentHA-Risk-instrument", "answered": 1, "quotation": 0, "percentage": 100}, "name": "MentHA-Risk-area", "answered": 1, "percentage": 100}, "total_answered": 1, "total_percentage": 100}	342	646	185	\N
443	2024-03-14 15:53:06.389418+00	{"78": {"24": {"46": {"118": {"name": "None", "answered": 0, "quotation": 0, "percentage": 0}, "name": "None", "answered": 0, "quotation": 0, "percentage": 0}, "name": "None", "answered": 0, "quotation": 0, "percentage": 0}, "name": "Questionrio Sociodemogrfico", "answered": 0, "percentage": 0}, "total_answered": 0, "total_percentage": 0}	3	437	125	\N
610	2024-03-29 22:14:42.498346+00	{"78": {"24": {"46": {"118": {"name": "None", "answered": 0, "quotation": 0, "percentage": 0}, "name": "None", "answered": 0, "quotation": 0, "percentage": 0}, "name": "None", "answered": 0, "quotation": 0, "percentage": 0}, "name": "Questionrio Sociodemogrfico", "answered": 0, "percentage": 0}, "total_answered": 0, "total_percentage": 0}	342	604	242	\N
199	2023-09-23 09:11:11+00	{"46": {"15": {"name": "None", "answered": 0, "quotation": 0, "percentage": 0}, "16": {"name": "Fumadores", "answered": 0, "quotation": 0, "percentage": 0}, "17": {"name": "None", "answered": 0, "quotation": 0, "percentage": 0}, "18": {"40": {"name": "Fumar", "answered": 0, "quotation": 0, "percentage": 0}, "name": "None", "answered": 0, "quotation": 0, "percentage": 0}, "name": "None", "answered": 0, "percentage": 0}, "47": {"19": {"41": {"113": {"name": "MentHA-Risk-section", "answered": 1, "quotation": 2, "percentage": 100}, "name": "MentHA-Risk-dimension", "answered": 1, "quotation": 0, "percentage": 100}, "name": "MentHA-Risk-instrument", "answered": 1, "quotation": 0, "percentage": 100}, "name": "MentHA-Risk-area", "answered": 1, "percentage": 100}, "total_answered": 1, "total_percentage": 100}	167	193	86	\N
217	2023-10-02 14:54:41.650419+00	{"46": {"15": {"name": "None", "answered": 0, "quotation": 0, "percentage": 0}, "16": {"name": "Fumadores", "answered": 0, "quotation": 0, "percentage": 0}, "17": {"name": "None", "answered": 0, "quotation": 0, "percentage": 0}, "18": {"40": {"name": "Fumar", "answered": 0, "quotation": 0, "percentage": 0}, "name": "None", "answered": 0, "quotation": 0, "percentage": 0}, "name": "None", "answered": 0, "percentage": 0}, "47": {"19": {"41": {"113": {"name": "MentHA-Risk-section", "answered": 1, "quotation": 2, "percentage": 100}, "name": "MentHA-Risk-dimension", "answered": 1, "quotation": 0, "percentage": 100}, "name": "MentHA-Risk-instrument", "answered": 1, "quotation": 0, "percentage": 100}, "name": "MentHA-Risk-area", "answered": 1, "percentage": 100}, "total_answered": 1, "total_percentage": 100}	3	211	104	\N
231	2023-10-04 11:09:36.262149+00	{"46": {"15": {"name": "None", "answered": 0, "quotation": 0, "percentage": 0}, "16": {"name": "Fumadores", "answered": 0, "quotation": 0, "percentage": 0}, "17": {"name": "None", "answered": 0, "quotation": 0, "percentage": 0}, "18": {"40": {"name": "Fumar", "answered": 0, "quotation": 0, "percentage": 0}, "name": "None", "answered": 0, "quotation": 0, "percentage": 0}, "name": "None", "answered": 0, "percentage": 0}, "47": {"19": {"41": {"113": {"name": "MentHA-Risk-section", "answered": 1, "quotation": 0, "percentage": 100}, "name": "MentHA-Risk-dimension", "answered": 1, "quotation": 0, "percentage": 100}, "name": "MentHA-Risk-instrument", "answered": 1, "quotation": 0, "percentage": 100}, "name": "MentHA-Risk-area", "answered": 1, "percentage": 100}, "total_answered": 1, "total_percentage": 100}	165	225	118	\N
570	2024-03-29 21:45:53.348817+00	{"78": {"24": {"46": {"118": {"name": "None", "answered": 0, "quotation": 0, "percentage": 0}, "name": "None", "answered": 0, "quotation": 0, "percentage": 0}, "name": "None", "answered": 0, "quotation": 0, "percentage": 0}, "name": "Questionrio Sociodemogrfico", "answered": 0, "percentage": 0}, "total_answered": 0, "total_percentage": 0}	342	564	206	\N
245	2023-10-04 15:11:38.087345+00	{"46": {"15": {"name": "None", "answered": 0, "quotation": 0, "percentage": 0}, "16": {"name": "Fumadores", "answered": 0, "quotation": 0, "percentage": 0}, "17": {"name": "None", "answered": 0, "quotation": 0, "percentage": 0}, "18": {"40": {"name": "Fumar", "answered": 0, "quotation": 0, "percentage": 0}, "name": "None", "answered": 0, "quotation": 0, "percentage": 0}, "name": "None", "answered": 0, "percentage": 0}, "47": {"19": {"41": {"113": {"name": "MentHA-Risk-section", "answered": 1, "quotation": 0, "percentage": 100}, "name": "MentHA-Risk-dimension", "answered": 1, "quotation": 0, "percentage": 100}, "name": "MentHA-Risk-instrument", "answered": 1, "quotation": 0, "percentage": 100}, "name": "MentHA-Risk-area", "answered": 1, "percentage": 100}, "total_answered": 1, "total_percentage": 100}	3	239	132	\N
257	2023-10-08 17:03:24.429663+00	{"46": {"15": {"name": "None", "answered": 0, "quotation": 0, "percentage": 0}, "16": {"name": "Fumadores", "answered": 0, "quotation": 0, "percentage": 0}, "17": {"name": "None", "answered": 0, "quotation": 0, "percentage": 0}, "18": {"40": {"name": "Fumar", "answered": 0, "quotation": 0, "percentage": 0}, "name": "None", "answered": 0, "quotation": 0, "percentage": 0}, "name": "None", "answered": 0, "percentage": 0}, "47": {"19": {"41": {"113": {"name": "MentHA-Risk-section", "answered": 1, "quotation": 17, "percentage": 100}, "name": "MentHA-Risk-dimension", "answered": 1, "quotation": 0, "percentage": 100}, "name": "MentHA-Risk-instrument", "answered": 1, "quotation": 0, "percentage": 100}, "name": "MentHA-Risk-area", "answered": 1, "percentage": 100}, "total_answered": 1, "total_percentage": 100}	167	251	113	\N
246	2023-10-08 16:39:04.254077+00	{"46": {"15": {"name": "None", "answered": 0, "quotation": 0, "percentage": 0}, "16": {"name": "Fumadores", "answered": 0, "quotation": 0, "percentage": 0}, "17": {"name": "None", "answered": 0, "quotation": 0, "percentage": 0}, "18": {"40": {"name": "Fumar", "answered": 0, "quotation": 0, "percentage": 0}, "name": "None", "answered": 0, "quotation": 0, "percentage": 0}, "name": "None", "answered": 0, "percentage": 0}, "47": {"19": {"41": {"113": {"name": "MentHA-Risk-section", "answered": 1, "quotation": 11, "percentage": 100}, "name": "MentHA-Risk-dimension", "answered": 1, "quotation": 0, "percentage": 100}, "name": "MentHA-Risk-instrument", "answered": 1, "quotation": 0, "percentage": 100}, "name": "MentHA-Risk-area", "answered": 1, "percentage": 100}, "total_answered": 1, "total_percentage": 100}	167	240	135	\N
218	2023-10-02 15:00:28.394745+00	{"46": {"15": {"name": "None", "answered": 0, "quotation": 0, "percentage": 0}, "16": {"name": "Fumadores", "answered": 0, "quotation": 0, "percentage": 0}, "17": {"name": "None", "answered": 0, "quotation": 0, "percentage": 0}, "18": {"40": {"name": "Fumar", "answered": 0, "quotation": 0, "percentage": 0}, "name": "None", "answered": 0, "quotation": 0, "percentage": 0}, "name": "None", "answered": 0, "percentage": 0}, "47": {"19": {"41": {"113": {"name": "MentHA-Risk-section", "answered": 1, "quotation": 6, "percentage": 100}, "name": "MentHA-Risk-dimension", "answered": 1, "quotation": 0, "percentage": 100}, "name": "MentHA-Risk-instrument", "answered": 1, "quotation": 0, "percentage": 100}, "name": "MentHA-Risk-area", "answered": 1, "percentage": 100}, "total_answered": 1, "total_percentage": 100}	3	212	105	\N
232	2023-10-04 11:13:37.7666+00	{"46": {"15": {"name": "None", "answered": 0, "quotation": 0, "percentage": 0}, "16": {"name": "Fumadores", "answered": 0, "quotation": 0, "percentage": 0}, "17": {"name": "None", "answered": 0, "quotation": 0, "percentage": 0}, "18": {"40": {"name": "Fumar", "answered": 0, "quotation": 0, "percentage": 0}, "name": "None", "answered": 0, "quotation": 0, "percentage": 0}, "name": "None", "answered": 0, "percentage": 0}, "47": {"19": {"41": {"113": {"name": "MentHA-Risk-section", "answered": 1, "quotation": 22, "percentage": 100}, "name": "MentHA-Risk-dimension", "answered": 1, "quotation": 0, "percentage": 100}, "name": "MentHA-Risk-instrument", "answered": 1, "quotation": 0, "percentage": 100}, "name": "MentHA-Risk-area", "answered": 1, "percentage": 100}, "total_answered": 1, "total_percentage": 100}	165	226	119	\N
258	2023-10-08 17:05:21.494884+00	{"46": {"15": {"name": "None", "answered": 0, "quotation": 0, "percentage": 0}, "16": {"name": "Fumadores", "answered": 0, "quotation": 0, "percentage": 0}, "17": {"name": "None", "answered": 0, "quotation": 0, "percentage": 0}, "18": {"40": {"name": "Fumar", "answered": 0, "quotation": 0, "percentage": 0}, "name": "None", "answered": 0, "quotation": 0, "percentage": 0}, "name": "None", "answered": 0, "percentage": 0}, "47": {"19": {"41": {"113": {"name": "MentHA-Risk-section", "answered": 1, "quotation": 8, "percentage": 100}, "name": "MentHA-Risk-dimension", "answered": 1, "quotation": 0, "percentage": 100}, "name": "MentHA-Risk-instrument", "answered": 1, "quotation": 0, "percentage": 100}, "name": "MentHA-Risk-area", "answered": 1, "percentage": 100}, "total_answered": 1, "total_percentage": 100}	167	252	111	\N
267	2023-10-11 13:56:15.93811+00	{"46": {"15": {"name": "None", "answered": 0, "quotation": 0, "percentage": 0}, "16": {"name": "Fumadores", "answered": 0, "quotation": 0, "percentage": 0}, "17": {"name": "None", "answered": 0, "quotation": 0, "percentage": 0}, "18": {"40": {"name": "Fumar", "answered": 0, "quotation": 0, "percentage": 0}, "name": "None", "answered": 0, "quotation": 0, "percentage": 0}, "name": "None", "answered": 0, "percentage": 0}, "47": {"19": {"41": {"113": {"name": "MentHA-Risk-section", "answered": 1, "quotation": 4, "percentage": 100}, "name": "MentHA-Risk-dimension", "answered": 1, "quotation": 0, "percentage": 100}, "name": "MentHA-Risk-instrument", "answered": 1, "quotation": 0, "percentage": 100}, "name": "MentHA-Risk-area", "answered": 1, "percentage": 100}, "total_answered": 1, "total_percentage": 100}	167	261	126	\N
269	2023-10-11 14:04:16.762627+00	{"46": {"15": {"name": "None", "answered": 0, "quotation": 0, "percentage": 0}, "16": {"name": "Fumadores", "answered": 0, "quotation": 0, "percentage": 0}, "17": {"name": "None", "answered": 0, "quotation": 0, "percentage": 0}, "18": {"40": {"name": "Fumar", "answered": 0, "quotation": 0, "percentage": 0}, "name": "None", "answered": 0, "quotation": 0, "percentage": 0}, "name": "None", "answered": 0, "percentage": 0}, "47": {"19": {"41": {"113": {"name": "MentHA-Risk-section", "answered": 1, "quotation": 0, "percentage": 100}, "name": "MentHA-Risk-dimension", "answered": 1, "quotation": 0, "percentage": 100}, "name": "MentHA-Risk-instrument", "answered": 1, "quotation": 0, "percentage": 100}, "name": "MentHA-Risk-area", "answered": 1, "percentage": 100}, "total_answered": 1, "total_percentage": 100}	167	263	122	\N
611	2024-03-29 22:15:31.891976+00	{"78": {"24": {"46": {"118": {"name": "None", "answered": 0, "quotation": 0, "percentage": 0}, "name": "None", "answered": 0, "quotation": 0, "percentage": 0}, "name": "None", "answered": 0, "quotation": 0, "percentage": 0}, "name": "Questionrio Sociodemogrfico", "answered": 0, "percentage": 0}, "total_answered": 0, "total_percentage": 0}	342	605	243	\N
219	2023-10-03 16:09:50.686501+00	{"46": {"15": {"name": "None", "answered": 0, "quotation": 0, "percentage": 0}, "16": {"name": "Fumadores", "answered": 0, "quotation": 0, "percentage": 0}, "17": {"name": "None", "answered": 0, "quotation": 0, "percentage": 0}, "18": {"40": {"name": "Fumar", "answered": 0, "quotation": 0, "percentage": 0}, "name": "None", "answered": 0, "quotation": 0, "percentage": 0}, "name": "None", "answered": 0, "percentage": 0}, "47": {"19": {"41": {"113": {"name": "MentHA-Risk-section", "answered": 1, "quotation": 3, "percentage": 100}, "name": "MentHA-Risk-dimension", "answered": 1, "quotation": 0, "percentage": 100}, "name": "MentHA-Risk-instrument", "answered": 1, "quotation": 0, "percentage": 100}, "name": "MentHA-Risk-area", "answered": 1, "percentage": 100}, "total_answered": 1, "total_percentage": 100}	165	213	106	\N
201	2023-09-23 09:19:56+00	{"46": {"15": {"name": "None", "answered": 0, "quotation": 0, "percentage": 0}, "16": {"name": "Fumadores", "answered": 0, "quotation": 0, "percentage": 0}, "17": {"name": "None", "answered": 0, "quotation": 0, "percentage": 0}, "18": {"40": {"name": "Fumar", "answered": 0, "quotation": 0, "percentage": 0}, "name": "None", "answered": 0, "quotation": 0, "percentage": 0}, "name": "None", "answered": 0, "percentage": 0}, "47": {"19": {"41": {"113": {"name": "MentHA-Risk-section", "answered": 1, "quotation": 3, "percentage": 100}, "name": "MentHA-Risk-dimension", "answered": 1, "quotation": 0, "percentage": 100}, "name": "MentHA-Risk-instrument", "answered": 1, "quotation": 0, "percentage": 100}, "name": "MentHA-Risk-area", "answered": 1, "percentage": 100}, "total_answered": 1, "total_percentage": 100}	167	195	88	\N
233	2023-10-04 11:15:36.672851+00	{"46": {"15": {"name": "None", "answered": 0, "quotation": 0, "percentage": 0}, "16": {"name": "Fumadores", "answered": 0, "quotation": 0, "percentage": 0}, "17": {"name": "None", "answered": 0, "quotation": 0, "percentage": 0}, "18": {"40": {"name": "Fumar", "answered": 0, "quotation": 0, "percentage": 0}, "name": "None", "answered": 0, "quotation": 0, "percentage": 0}, "name": "None", "answered": 0, "percentage": 0}, "47": {"19": {"41": {"113": {"name": "MentHA-Risk-section", "answered": 1, "quotation": 0, "percentage": 100}, "name": "MentHA-Risk-dimension", "answered": 1, "quotation": 0, "percentage": 100}, "name": "MentHA-Risk-instrument", "answered": 1, "quotation": 0, "percentage": 100}, "name": "MentHA-Risk-area", "answered": 1, "percentage": 100}, "total_answered": 1, "total_percentage": 100}	165	227	120	\N
247	2023-10-08 16:41:34.027727+00	{"46": {"15": {"name": "None", "answered": 0, "quotation": 0, "percentage": 0}, "16": {"name": "Fumadores", "answered": 0, "quotation": 0, "percentage": 0}, "17": {"name": "None", "answered": 0, "quotation": 0, "percentage": 0}, "18": {"40": {"name": "Fumar", "answered": 0, "quotation": 0, "percentage": 0}, "name": "None", "answered": 0, "quotation": 0, "percentage": 0}, "name": "None", "answered": 0, "percentage": 0}, "47": {"19": {"41": {"113": {"name": "MentHA-Risk-section", "answered": 1, "quotation": 4, "percentage": 100}, "name": "MentHA-Risk-dimension", "answered": 1, "quotation": 0, "percentage": 100}, "name": "MentHA-Risk-instrument", "answered": 1, "quotation": 0, "percentage": 100}, "name": "MentHA-Risk-area", "answered": 1, "percentage": 100}, "total_answered": 1, "total_percentage": 100}	167	241	133	\N
259	2023-10-08 17:07:02.295556+00	{"46": {"15": {"name": "None", "answered": 0, "quotation": 0, "percentage": 0}, "16": {"name": "Fumadores", "answered": 0, "quotation": 0, "percentage": 0}, "17": {"name": "None", "answered": 0, "quotation": 0, "percentage": 0}, "18": {"40": {"name": "Fumar", "answered": 0, "quotation": 0, "percentage": 0}, "name": "None", "answered": 0, "quotation": 0, "percentage": 0}, "name": "None", "answered": 0, "percentage": 0}, "47": {"19": {"41": {"113": {"name": "MentHA-Risk-section", "answered": 1, "quotation": 8, "percentage": 100}, "name": "MentHA-Risk-dimension", "answered": 1, "quotation": 0, "percentage": 100}, "name": "MentHA-Risk-instrument", "answered": 1, "quotation": 0, "percentage": 100}, "name": "MentHA-Risk-area", "answered": 1, "percentage": 100}, "total_answered": 1, "total_percentage": 100}	167	253	109	\N
571	2024-03-29 21:46:28.111352+00	{"78": {"24": {"46": {"118": {"name": "None", "answered": 0, "quotation": 0, "percentage": 0}, "name": "None", "answered": 0, "quotation": 0, "percentage": 0}, "name": "None", "answered": 0, "quotation": 0, "percentage": 0}, "name": "Questionrio Sociodemogrfico", "answered": 0, "percentage": 0}, "total_answered": 0, "total_percentage": 0}	342	565	207	\N
202	2023-09-23 09:24:22+00	{"46": {"15": {"name": "None", "answered": 0, "quotation": 0, "percentage": 0}, "16": {"name": "Fumadores", "answered": 0, "quotation": 0, "percentage": 0}, "17": {"name": "None", "answered": 0, "quotation": 0, "percentage": 0}, "18": {"40": {"name": "Fumar", "answered": 0, "quotation": 0, "percentage": 0}, "name": "None", "answered": 0, "quotation": 0, "percentage": 0}, "name": "None", "answered": 0, "percentage": 0}, "47": {"19": {"41": {"113": {"name": "MentHA-Risk-section", "answered": 1, "quotation": 5, "percentage": 100}, "name": "MentHA-Risk-dimension", "answered": 1, "quotation": 0, "percentage": 100}, "name": "MentHA-Risk-instrument", "answered": 1, "quotation": 0, "percentage": 100}, "name": "MentHA-Risk-area", "answered": 1, "percentage": 100}, "total_answered": 1, "total_percentage": 100}	167	196	89	\N
220	2023-10-03 16:15:45.325903+00	{"46": {"15": {"name": "None", "answered": 0, "quotation": 0, "percentage": 0}, "16": {"name": "Fumadores", "answered": 0, "quotation": 0, "percentage": 0}, "17": {"name": "None", "answered": 0, "quotation": 0, "percentage": 0}, "18": {"40": {"name": "Fumar", "answered": 0, "quotation": 0, "percentage": 0}, "name": "None", "answered": 0, "quotation": 0, "percentage": 0}, "name": "None", "answered": 0, "percentage": 0}, "47": {"19": {"41": {"113": {"name": "MentHA-Risk-section", "answered": 1, "quotation": 15, "percentage": 100}, "name": "MentHA-Risk-dimension", "answered": 1, "quotation": 0, "percentage": 100}, "name": "MentHA-Risk-instrument", "answered": 1, "quotation": 0, "percentage": 100}, "name": "MentHA-Risk-area", "answered": 1, "percentage": 100}, "total_answered": 1, "total_percentage": 100}	165	214	107	\N
234	2023-10-04 11:17:44.537363+00	{"46": {"15": {"name": "None", "answered": 0, "quotation": 0, "percentage": 0}, "16": {"name": "Fumadores", "answered": 0, "quotation": 0, "percentage": 0}, "17": {"name": "None", "answered": 0, "quotation": 0, "percentage": 0}, "18": {"40": {"name": "Fumar", "answered": 0, "quotation": 0, "percentage": 0}, "name": "None", "answered": 0, "quotation": 0, "percentage": 0}, "name": "None", "answered": 0, "percentage": 0}, "47": {"19": {"41": {"113": {"name": "MentHA-Risk-section", "answered": 1, "quotation": 0, "percentage": 100}, "name": "MentHA-Risk-dimension", "answered": 1, "quotation": 0, "percentage": 100}, "name": "MentHA-Risk-instrument", "answered": 1, "quotation": 0, "percentage": 100}, "name": "MentHA-Risk-area", "answered": 1, "percentage": 100}, "total_answered": 1, "total_percentage": 100}	165	228	121	\N
248	2023-10-08 16:43:06.99026+00	{"46": {"15": {"name": "None", "answered": 0, "quotation": 0, "percentage": 0}, "16": {"name": "Fumadores", "answered": 0, "quotation": 0, "percentage": 0}, "17": {"name": "None", "answered": 0, "quotation": 0, "percentage": 0}, "18": {"40": {"name": "Fumar", "answered": 0, "quotation": 0, "percentage": 0}, "name": "None", "answered": 0, "quotation": 0, "percentage": 0}, "name": "None", "answered": 0, "percentage": 0}, "47": {"19": {"41": {"113": {"name": "MentHA-Risk-section", "answered": 1, "quotation": 0, "percentage": 100}, "name": "MentHA-Risk-dimension", "answered": 1, "quotation": 0, "percentage": 100}, "name": "MentHA-Risk-instrument", "answered": 1, "quotation": 0, "percentage": 100}, "name": "MentHA-Risk-area", "answered": 1, "percentage": 100}, "total_answered": 1, "total_percentage": 100}	167	242	131	\N
260	2023-10-08 17:10:36.105553+00	{"46": {"15": {"name": "None", "answered": 0, "quotation": 0, "percentage": 0}, "16": {"name": "Fumadores", "answered": 0, "quotation": 0, "percentage": 0}, "17": {"name": "None", "answered": 0, "quotation": 0, "percentage": 0}, "18": {"40": {"name": "Fumar", "answered": 0, "quotation": 0, "percentage": 0}, "name": "None", "answered": 0, "quotation": 0, "percentage": 0}, "name": "None", "answered": 0, "percentage": 0}, "47": {"19": {"41": {"113": {"name": "MentHA-Risk-section", "answered": 1, "quotation": 15, "percentage": 100}, "name": "MentHA-Risk-dimension", "answered": 1, "quotation": 0, "percentage": 100}, "name": "MentHA-Risk-instrument", "answered": 1, "quotation": 0, "percentage": 100}, "name": "MentHA-Risk-area", "answered": 1, "percentage": 100}, "total_answered": 1, "total_percentage": 100}	167	254	107	\N
572	2024-03-29 21:46:52.282393+00	{"78": {"24": {"46": {"118": {"name": "None", "answered": 0, "quotation": 0, "percentage": 0}, "name": "None", "answered": 0, "quotation": 0, "percentage": 0}, "name": "None", "answered": 0, "quotation": 0, "percentage": 0}, "name": "Questionrio Sociodemogrfico", "answered": 0, "percentage": 0}, "total_answered": 0, "total_percentage": 0}	342	566	224	\N
612	2024-03-29 22:16:02.626639+00	{"78": {"24": {"46": {"118": {"name": "None", "answered": 0, "quotation": 0, "percentage": 0}, "name": "None", "answered": 0, "quotation": 0, "percentage": 0}, "name": "None", "answered": 0, "quotation": 0, "percentage": 0}, "name": "Questionrio Sociodemogrfico", "answered": 0, "percentage": 0}, "total_answered": 0, "total_percentage": 0}	342	606	244	\N
203	2023-09-23 14:05:10+00	{"46": {"15": {"name": "None", "answered": 0, "quotation": 0, "percentage": 0}, "16": {"name": "Fumadores", "answered": 0, "quotation": 0, "percentage": 0}, "17": {"name": "None", "answered": 0, "quotation": 0, "percentage": 0}, "18": {"40": {"name": "Fumar", "answered": 0, "quotation": 0, "percentage": 0}, "name": "None", "answered": 0, "quotation": 0, "percentage": 0}, "name": "None", "answered": 0, "percentage": 0}, "47": {"19": {"41": {"113": {"name": "MentHA-Risk-section", "answered": 1, "quotation": 2, "percentage": 100}, "name": "MentHA-Risk-dimension", "answered": 1, "quotation": 0, "percentage": 100}, "name": "MentHA-Risk-instrument", "answered": 1, "quotation": 0, "percentage": 100}, "name": "MentHA-Risk-area", "answered": 1, "percentage": 100}, "total_answered": 1, "total_percentage": 100}	167	197	90	\N
221	2023-10-03 16:17:46.065124+00	{"46": {"15": {"name": "None", "answered": 0, "quotation": 0, "percentage": 0}, "16": {"name": "Fumadores", "answered": 0, "quotation": 0, "percentage": 0}, "17": {"name": "None", "answered": 0, "quotation": 0, "percentage": 0}, "18": {"40": {"name": "Fumar", "answered": 0, "quotation": 0, "percentage": 0}, "name": "None", "answered": 0, "quotation": 0, "percentage": 0}, "name": "None", "answered": 0, "percentage": 0}, "47": {"19": {"41": {"113": {"name": "MentHA-Risk-section", "answered": 1, "quotation": 5, "percentage": 100}, "name": "MentHA-Risk-dimension", "answered": 1, "quotation": 0, "percentage": 100}, "name": "MentHA-Risk-instrument", "answered": 1, "quotation": 0, "percentage": 100}, "name": "MentHA-Risk-area", "answered": 1, "percentage": 100}, "total_answered": 1, "total_percentage": 100}	165	215	108	\N
235	2023-10-04 11:19:40.108661+00	{"46": {"15": {"name": "None", "answered": 0, "quotation": 0, "percentage": 0}, "16": {"name": "Fumadores", "answered": 0, "quotation": 0, "percentage": 0}, "17": {"name": "None", "answered": 0, "quotation": 0, "percentage": 0}, "18": {"40": {"name": "Fumar", "answered": 0, "quotation": 0, "percentage": 0}, "name": "None", "answered": 0, "quotation": 0, "percentage": 0}, "name": "None", "answered": 0, "percentage": 0}, "47": {"19": {"41": {"113": {"name": "MentHA-Risk-section", "answered": 1, "quotation": 0, "percentage": 100}, "name": "MentHA-Risk-dimension", "answered": 1, "quotation": 0, "percentage": 100}, "name": "MentHA-Risk-instrument", "answered": 1, "quotation": 0, "percentage": 100}, "name": "MentHA-Risk-area", "answered": 1, "percentage": 100}, "total_answered": 1, "total_percentage": 100}	165	229	122	\N
249	2023-10-08 16:44:46.197866+00	{"46": {"15": {"name": "None", "answered": 0, "quotation": 0, "percentage": 0}, "16": {"name": "Fumadores", "answered": 0, "quotation": 0, "percentage": 0}, "17": {"name": "None", "answered": 0, "quotation": 0, "percentage": 0}, "18": {"40": {"name": "Fumar", "answered": 0, "quotation": 0, "percentage": 0}, "name": "None", "answered": 0, "quotation": 0, "percentage": 0}, "name": "None", "answered": 0, "percentage": 0}, "47": {"19": {"41": {"113": {"name": "MentHA-Risk-section", "answered": 1, "quotation": 0, "percentage": 100}, "name": "MentHA-Risk-dimension", "answered": 1, "quotation": 0, "percentage": 100}, "name": "MentHA-Risk-instrument", "answered": 1, "quotation": 0, "percentage": 100}, "name": "MentHA-Risk-area", "answered": 1, "percentage": 100}, "total_answered": 1, "total_percentage": 100}	167	243	129	\N
261	2023-10-08 17:12:11.075856+00	{"46": {"15": {"name": "None", "answered": 0, "quotation": 0, "percentage": 0}, "16": {"name": "Fumadores", "answered": 0, "quotation": 0, "percentage": 0}, "17": {"name": "None", "answered": 0, "quotation": 0, "percentage": 0}, "18": {"40": {"name": "Fumar", "answered": 0, "quotation": 0, "percentage": 0}, "name": "None", "answered": 0, "quotation": 0, "percentage": 0}, "name": "None", "answered": 0, "percentage": 0}, "47": {"19": {"41": {"113": {"name": "MentHA-Risk-section", "answered": 1, "quotation": 6, "percentage": 100}, "name": "MentHA-Risk-dimension", "answered": 1, "quotation": 0, "percentage": 100}, "name": "MentHA-Risk-instrument", "answered": 1, "quotation": 0, "percentage": 100}, "name": "MentHA-Risk-area", "answered": 1, "percentage": 100}, "total_answered": 1, "total_percentage": 100}	167	255	105	\N
573	2024-03-29 21:48:27.437967+00	{"78": {"24": {"46": {"118": {"name": "None", "answered": 0, "quotation": 0, "percentage": 0}, "name": "None", "answered": 0, "quotation": 0, "percentage": 0}, "name": "None", "answered": 0, "quotation": 0, "percentage": 0}, "name": "Questionrio Sociodemogrfico", "answered": 0, "percentage": 0}, "total_answered": 0, "total_percentage": 0}	342	567	190	\N
613	2024-03-29 22:16:26.657828+00	{"78": {"24": {"46": {"118": {"name": "None", "answered": 0, "quotation": 0, "percentage": 0}, "name": "None", "answered": 0, "quotation": 0, "percentage": 0}, "name": "None", "answered": 0, "quotation": 0, "percentage": 0}, "name": "Questionrio Sociodemogrfico", "answered": 0, "percentage": 0}, "total_answered": 0, "total_percentage": 0}	342	607	245	\N
294	2023-10-20 15:01:31.121809+00	{"46": {"15": {"name": "None", "answered": 0, "quotation": 0, "percentage": 0}, "16": {"name": "Fumadores", "answered": 0, "quotation": 0, "percentage": 0}, "17": {"name": "None", "answered": 0, "quotation": 0, "percentage": 0}, "18": {"40": {"name": "Fumar", "answered": 0, "quotation": 0, "percentage": 0}, "name": "None", "answered": 0, "quotation": 0, "percentage": 0}, "name": "None", "answered": 0, "percentage": 0}, "47": {"19": {"41": {"113": {"name": "MentHA-Risk-section", "answered": 1, "quotation": 5, "percentage": 100}, "name": "MentHA-Risk-dimension", "answered": 1, "quotation": 0, "percentage": 100}, "name": "MentHA-Risk-instrument", "answered": 1, "quotation": 0, "percentage": 100}, "name": "MentHA-Risk-area", "answered": 1, "percentage": 100}, "total_answered": 1, "total_percentage": 100}	255	288	142	\N
222	2023-10-03 16:20:27.551998+00	{"46": {"15": {"name": "None", "answered": 0, "quotation": 0, "percentage": 0}, "16": {"name": "Fumadores", "answered": 0, "quotation": 0, "percentage": 0}, "17": {"name": "None", "answered": 0, "quotation": 0, "percentage": 0}, "18": {"40": {"name": "Fumar", "answered": 0, "quotation": 0, "percentage": 0}, "name": "None", "answered": 0, "quotation": 0, "percentage": 0}, "name": "None", "answered": 0, "percentage": 0}, "47": {"19": {"41": {"113": {"name": "MentHA-Risk-section", "answered": 1, "quotation": 0, "percentage": 100}, "name": "MentHA-Risk-dimension", "answered": 1, "quotation": 0, "percentage": 100}, "name": "MentHA-Risk-instrument", "answered": 1, "quotation": 0, "percentage": 100}, "name": "MentHA-Risk-area", "answered": 1, "percentage": 100}, "total_answered": 1, "total_percentage": 100}	165	216	109	\N
236	2023-10-04 11:22:48.631265+00	{"46": {"15": {"name": "None", "answered": 0, "quotation": 0, "percentage": 0}, "16": {"name": "Fumadores", "answered": 0, "quotation": 0, "percentage": 0}, "17": {"name": "None", "answered": 0, "quotation": 0, "percentage": 0}, "18": {"40": {"name": "Fumar", "answered": 0, "quotation": 0, "percentage": 0}, "name": "None", "answered": 0, "quotation": 0, "percentage": 0}, "name": "None", "answered": 0, "percentage": 0}, "47": {"19": {"41": {"113": {"name": "MentHA-Risk-section", "answered": 1, "quotation": 0, "percentage": 100}, "name": "MentHA-Risk-dimension", "answered": 1, "quotation": 0, "percentage": 100}, "name": "MentHA-Risk-instrument", "answered": 1, "quotation": 0, "percentage": 100}, "name": "MentHA-Risk-area", "answered": 1, "percentage": 100}, "total_answered": 1, "total_percentage": 100}	165	230	123	\N
614	2024-03-29 22:17:00.777307+00	{"78": {"24": {"46": {"118": {"name": "None", "answered": 0, "quotation": 0, "percentage": 0}, "name": "None", "answered": 0, "quotation": 0, "percentage": 0}, "name": "None", "answered": 0, "quotation": 0, "percentage": 0}, "name": "Questionrio Sociodemogrfico", "answered": 0, "percentage": 0}, "total_answered": 0, "total_percentage": 0}	342	608	246	\N
250	2023-10-08 16:46:54.208748+00	{"46": {"15": {"name": "None", "answered": 0, "quotation": 0, "percentage": 0}, "16": {"name": "Fumadores", "answered": 0, "quotation": 0, "percentage": 0}, "17": {"name": "None", "answered": 0, "quotation": 0, "percentage": 0}, "18": {"40": {"name": "Fumar", "answered": 0, "quotation": 0, "percentage": 0}, "name": "None", "answered": 0, "quotation": 0, "percentage": 0}, "name": "None", "answered": 0, "percentage": 0}, "47": {"19": {"41": {"113": {"name": "MentHA-Risk-section", "answered": 1, "quotation": 0, "percentage": 100}, "name": "MentHA-Risk-dimension", "answered": 1, "quotation": 0, "percentage": 100}, "name": "MentHA-Risk-instrument", "answered": 1, "quotation": 0, "percentage": 100}, "name": "MentHA-Risk-area", "answered": 1, "percentage": 100}, "total_answered": 1, "total_percentage": 100}	167	244	127	\N
262	2023-10-08 17:13:29.457708+00	{"46": {"15": {"name": "None", "answered": 0, "quotation": 0, "percentage": 0}, "16": {"name": "Fumadores", "answered": 0, "quotation": 0, "percentage": 0}, "17": {"name": "None", "answered": 0, "quotation": 0, "percentage": 0}, "18": {"40": {"name": "Fumar", "answered": 0, "quotation": 0, "percentage": 0}, "name": "None", "answered": 0, "quotation": 0, "percentage": 0}, "name": "None", "answered": 0, "percentage": 0}, "47": {"19": {"41": {"113": {"name": "MentHA-Risk-section", "answered": 1, "quotation": 4, "percentage": 100}, "name": "MentHA-Risk-dimension", "answered": 1, "quotation": 0, "percentage": 100}, "name": "MentHA-Risk-instrument", "answered": 1, "quotation": 0, "percentage": 100}, "name": "MentHA-Risk-area", "answered": 1, "percentage": 100}, "total_answered": 1, "total_percentage": 100}	167	256	103	\N
574	2024-03-29 21:48:53.595788+00	{"78": {"24": {"46": {"118": {"name": "None", "answered": 0, "quotation": 0, "percentage": 0}, "name": "None", "answered": 0, "quotation": 0, "percentage": 0}, "name": "None", "answered": 0, "quotation": 0, "percentage": 0}, "name": "Questionrio Sociodemogrfico", "answered": 0, "percentage": 0}, "total_answered": 0, "total_percentage": 0}	342	568	208	\N
251	2023-10-08 16:48:42.911074+00	{"46": {"15": {"name": "None", "answered": 0, "quotation": 0, "percentage": 0}, "16": {"name": "Fumadores", "answered": 0, "quotation": 0, "percentage": 0}, "17": {"name": "None", "answered": 0, "quotation": 0, "percentage": 0}, "18": {"40": {"name": "Fumar", "answered": 0, "quotation": 0, "percentage": 0}, "name": "None", "answered": 0, "quotation": 0, "percentage": 0}, "name": "None", "answered": 0, "percentage": 0}, "47": {"19": {"41": {"113": {"name": "MentHA-Risk-section", "answered": 1, "quotation": 4, "percentage": 100}, "name": "MentHA-Risk-dimension", "answered": 1, "quotation": 0, "percentage": 100}, "name": "MentHA-Risk-instrument", "answered": 1, "quotation": 0, "percentage": 100}, "name": "MentHA-Risk-area", "answered": 1, "percentage": 100}, "total_answered": 1, "total_percentage": 100}	167	245	125	\N
223	2023-10-03 16:22:39.845548+00	{"46": {"15": {"name": "None", "answered": 0, "quotation": 0, "percentage": 0}, "16": {"name": "Fumadores", "answered": 0, "quotation": 0, "percentage": 0}, "17": {"name": "None", "answered": 0, "quotation": 0, "percentage": 0}, "18": {"40": {"name": "Fumar", "answered": 0, "quotation": 0, "percentage": 0}, "name": "None", "answered": 0, "quotation": 0, "percentage": 0}, "name": "None", "answered": 0, "percentage": 0}, "47": {"19": {"41": {"113": {"name": "MentHA-Risk-section", "answered": 1, "quotation": 6, "percentage": 100}, "name": "MentHA-Risk-dimension", "answered": 1, "quotation": 0, "percentage": 100}, "name": "MentHA-Risk-instrument", "answered": 1, "quotation": 0, "percentage": 100}, "name": "MentHA-Risk-area", "answered": 1, "percentage": 100}, "total_answered": 1, "total_percentage": 100}	165	217	110	\N
237	2023-10-04 11:24:24.641331+00	{"46": {"15": {"name": "None", "answered": 0, "quotation": 0, "percentage": 0}, "16": {"name": "Fumadores", "answered": 0, "quotation": 0, "percentage": 0}, "17": {"name": "None", "answered": 0, "quotation": 0, "percentage": 0}, "18": {"40": {"name": "Fumar", "answered": 0, "quotation": 0, "percentage": 0}, "name": "None", "answered": 0, "quotation": 0, "percentage": 0}, "name": "None", "answered": 0, "percentage": 0}, "47": {"19": {"41": {"113": {"name": "MentHA-Risk-section", "answered": 1, "quotation": 0, "percentage": 100}, "name": "MentHA-Risk-dimension", "answered": 1, "quotation": 0, "percentage": 100}, "name": "MentHA-Risk-instrument", "answered": 1, "quotation": 0, "percentage": 100}, "name": "MentHA-Risk-area", "answered": 1, "percentage": 100}, "total_answered": 1, "total_percentage": 100}	165	231	124	\N
263	2023-10-11 09:32:00.942694+00	{"46": {"15": {"name": "None", "answered": 0, "quotation": 0, "percentage": 0}, "16": {"name": "Fumadores", "answered": 0, "quotation": 0, "percentage": 0}, "17": {"name": "None", "answered": 0, "quotation": 0, "percentage": 0}, "18": {"40": {"name": "Fumar", "answered": 0, "quotation": 0, "percentage": 0}, "name": "None", "answered": 0, "quotation": 0, "percentage": 0}, "name": "None", "answered": 0, "percentage": 0}, "47": {"19": {"41": {"113": {"name": "MentHA-Risk-section", "answered": 1, "quotation": 5, "percentage": 100}, "name": "MentHA-Risk-dimension", "answered": 1, "quotation": 0, "percentage": 100}, "name": "MentHA-Risk-instrument", "answered": 1, "quotation": 0, "percentage": 100}, "name": "MentHA-Risk-area", "answered": 1, "percentage": 100}, "total_answered": 1, "total_percentage": 100}	167	257	134	\N
268	2023-10-11 14:01:05.151119+00	{"46": {"15": {"name": "None", "answered": 0, "quotation": 0, "percentage": 0}, "16": {"name": "Fumadores", "answered": 0, "quotation": 0, "percentage": 0}, "17": {"name": "None", "answered": 0, "quotation": 0, "percentage": 0}, "18": {"40": {"name": "Fumar", "answered": 0, "quotation": 0, "percentage": 0}, "name": "None", "answered": 0, "quotation": 0, "percentage": 0}, "name": "None", "answered": 0, "percentage": 0}, "47": {"19": {"41": {"113": {"name": "MentHA-Risk-section", "answered": 1, "quotation": 0, "percentage": 100}, "name": "MentHA-Risk-dimension", "answered": 1, "quotation": 0, "percentage": 100}, "name": "MentHA-Risk-instrument", "answered": 1, "quotation": 0, "percentage": 100}, "name": "MentHA-Risk-area", "answered": 1, "percentage": 100}, "total_answered": 1, "total_percentage": 100}	167	262	124	\N
575	2024-03-29 21:49:27.110002+00	{"78": {"24": {"46": {"118": {"name": "None", "answered": 0, "quotation": 0, "percentage": 0}, "name": "None", "answered": 0, "quotation": 0, "percentage": 0}, "name": "None", "answered": 0, "quotation": 0, "percentage": 0}, "name": "Questionrio Sociodemogrfico", "answered": 0, "percentage": 0}, "total_answered": 0, "total_percentage": 0}	342	569	209	\N
615	2024-03-29 22:17:34.668456+00	{"78": {"24": {"46": {"118": {"name": "None", "answered": 0, "quotation": 0, "percentage": 0}, "name": "None", "answered": 0, "quotation": 0, "percentage": 0}, "name": "None", "answered": 0, "quotation": 0, "percentage": 0}, "name": "Questionrio Sociodemogrfico", "answered": 0, "percentage": 0}, "total_answered": 0, "total_percentage": 0}	342	609	247	\N
400	2024-03-14 11:31:33.138624+00	{"46": {"15": {"name": "None", "answered": 0, "quotation": 0, "percentage": 0}, "16": {"name": "Fumadores", "answered": 0, "quotation": 0, "percentage": 0}, "17": {"name": "None", "answered": 0, "quotation": 0, "percentage": 0}, "18": {"40": {"name": "Fumar", "answered": 0, "quotation": 0, "percentage": 0}, "name": "None", "answered": 0, "quotation": 0, "percentage": 0}, "name": "None", "answered": 0, "percentage": 0}, "47": {"19": {"41": {"113": {"name": "MentHA-Risk-section", "answered": 1, "quotation": 12, "percentage": 100}, "name": "MentHA-Risk-dimension", "answered": 1, "quotation": 0, "percentage": 100}, "name": "MentHA-Risk-instrument", "answered": 1, "quotation": 0, "percentage": 100}, "name": "MentHA-Risk-area", "answered": 1, "percentage": 100}, "total_answered": 1, "total_percentage": 100}	3	394	110	\N
206	2023-09-23 14:28:44+00	{"46": {"15": {"name": "None", "answered": 0, "quotation": 0, "percentage": 0}, "16": {"name": "Fumadores", "answered": 0, "quotation": 0, "percentage": 0}, "17": {"name": "None", "answered": 0, "quotation": 0, "percentage": 0}, "18": {"40": {"name": "Fumar", "answered": 0, "quotation": 0, "percentage": 0}, "name": "None", "answered": 0, "quotation": 0, "percentage": 0}, "name": "None", "answered": 0, "percentage": 0}, "47": {"19": {"41": {"113": {"name": "MentHA-Risk-section", "answered": 1, "quotation": 5, "percentage": 100}, "name": "MentHA-Risk-dimension", "answered": 1, "quotation": 0, "percentage": 100}, "name": "MentHA-Risk-instrument", "answered": 1, "quotation": 0, "percentage": 100}, "name": "MentHA-Risk-area", "answered": 1, "percentage": 100}, "total_answered": 1, "total_percentage": 100}	167	200	94	\N
224	2023-10-04 10:38:56.174945+00	{"46": {"15": {"name": "None", "answered": 0, "quotation": 0, "percentage": 0}, "16": {"name": "Fumadores", "answered": 0, "quotation": 0, "percentage": 0}, "17": {"name": "None", "answered": 0, "quotation": 0, "percentage": 0}, "18": {"40": {"name": "Fumar", "answered": 0, "quotation": 0, "percentage": 0}, "name": "None", "answered": 0, "quotation": 0, "percentage": 0}, "name": "None", "answered": 0, "percentage": 0}, "47": {"19": {"41": {"113": {"name": "MentHA-Risk-section", "answered": 1, "quotation": 8, "percentage": 100}, "name": "MentHA-Risk-dimension", "answered": 1, "quotation": 0, "percentage": 100}, "name": "MentHA-Risk-instrument", "answered": 1, "quotation": 0, "percentage": 100}, "name": "MentHA-Risk-area", "answered": 1, "percentage": 100}, "total_answered": 1, "total_percentage": 100}	165	218	111	\N
238	2023-10-04 11:30:33.853291+00	{"46": {"15": {"name": "None", "answered": 0, "quotation": 0, "percentage": 0}, "16": {"name": "Fumadores", "answered": 0, "quotation": 0, "percentage": 0}, "17": {"name": "None", "answered": 0, "quotation": 0, "percentage": 0}, "18": {"40": {"name": "Fumar", "answered": 0, "quotation": 0, "percentage": 0}, "name": "None", "answered": 0, "quotation": 0, "percentage": 0}, "name": "None", "answered": 0, "percentage": 0}, "47": {"19": {"41": {"113": {"name": "MentHA-Risk-section", "answered": 1, "quotation": 4, "percentage": 100}, "name": "MentHA-Risk-dimension", "answered": 1, "quotation": 0, "percentage": 100}, "name": "MentHA-Risk-instrument", "answered": 1, "quotation": 0, "percentage": 100}, "name": "MentHA-Risk-area", "answered": 1, "percentage": 100}, "total_answered": 1, "total_percentage": 100}	165	232	125	\N
252	2023-10-08 16:50:07.439006+00	{"46": {"15": {"name": "None", "answered": 0, "quotation": 0, "percentage": 0}, "16": {"name": "Fumadores", "answered": 0, "quotation": 0, "percentage": 0}, "17": {"name": "None", "answered": 0, "quotation": 0, "percentage": 0}, "18": {"40": {"name": "Fumar", "answered": 0, "quotation": 0, "percentage": 0}, "name": "None", "answered": 0, "quotation": 0, "percentage": 0}, "name": "None", "answered": 0, "percentage": 0}, "47": {"19": {"41": {"113": {"name": "MentHA-Risk-section", "answered": 1, "quotation": 0, "percentage": 100}, "name": "MentHA-Risk-dimension", "answered": 1, "quotation": 0, "percentage": 100}, "name": "MentHA-Risk-instrument", "answered": 1, "quotation": 0, "percentage": 100}, "name": "MentHA-Risk-area", "answered": 1, "percentage": 100}, "total_answered": 1, "total_percentage": 100}	167	246	123	\N
264	2023-10-11 09:34:48.724915+00	{"46": {"15": {"name": "None", "answered": 0, "quotation": 0, "percentage": 0}, "16": {"name": "Fumadores", "answered": 0, "quotation": 0, "percentage": 0}, "17": {"name": "None", "answered": 0, "quotation": 0, "percentage": 0}, "18": {"40": {"name": "Fumar", "answered": 0, "quotation": 0, "percentage": 0}, "name": "None", "answered": 0, "quotation": 0, "percentage": 0}, "name": "None", "answered": 0, "percentage": 0}, "47": {"19": {"41": {"113": {"name": "MentHA-Risk-section", "answered": 1, "quotation": 0, "percentage": 100}, "name": "MentHA-Risk-dimension", "answered": 1, "quotation": 0, "percentage": 100}, "name": "MentHA-Risk-instrument", "answered": 1, "quotation": 0, "percentage": 100}, "name": "MentHA-Risk-area", "answered": 1, "percentage": 100}, "total_answered": 1, "total_percentage": 100}	167	258	132	\N
616	2024-03-29 22:18:03.47698+00	{"78": {"24": {"46": {"118": {"name": "None", "answered": 0, "quotation": 0, "percentage": 0}, "name": "None", "answered": 0, "quotation": 0, "percentage": 0}, "name": "None", "answered": 0, "quotation": 0, "percentage": 0}, "name": "Questionrio Sociodemogrfico", "answered": 0, "percentage": 0}, "total_answered": 0, "total_percentage": 0}	342	610	248	\N
207	2023-09-23 14:30:18+00	{"46": {"15": {"name": "None", "answered": 0, "quotation": 0, "percentage": 0}, "16": {"name": "Fumadores", "answered": 0, "quotation": 0, "percentage": 0}, "17": {"name": "None", "answered": 0, "quotation": 0, "percentage": 0}, "18": {"40": {"name": "Fumar", "answered": 0, "quotation": 0, "percentage": 0}, "name": "None", "answered": 0, "quotation": 0, "percentage": 0}, "name": "None", "answered": 0, "percentage": 0}, "47": {"19": {"41": {"113": {"name": "MentHA-Risk-section", "answered": 1, "quotation": 2, "percentage": 100}, "name": "MentHA-Risk-dimension", "answered": 1, "quotation": 0, "percentage": 100}, "name": "MentHA-Risk-instrument", "answered": 1, "quotation": 0, "percentage": 100}, "name": "MentHA-Risk-area", "answered": 1, "percentage": 100}, "total_answered": 1, "total_percentage": 100}	167	201	95	\N
239	2023-10-04 14:44:27.893275+00	{"46": {"15": {"name": "None", "answered": 0, "quotation": 0, "percentage": 0}, "16": {"name": "Fumadores", "answered": 0, "quotation": 0, "percentage": 0}, "17": {"name": "None", "answered": 0, "quotation": 0, "percentage": 0}, "18": {"40": {"name": "Fumar", "answered": 0, "quotation": 0, "percentage": 0}, "name": "None", "answered": 0, "quotation": 0, "percentage": 0}, "name": "None", "answered": 0, "percentage": 0}, "47": {"19": {"41": {"113": {"name": "MentHA-Risk-section", "answered": 1, "quotation": 4, "percentage": 100}, "name": "MentHA-Risk-dimension", "answered": 1, "quotation": 0, "percentage": 100}, "name": "MentHA-Risk-instrument", "answered": 1, "quotation": 0, "percentage": 100}, "name": "MentHA-Risk-area", "answered": 1, "percentage": 100}, "total_answered": 1, "total_percentage": 100}	3	233	126	\N
253	2023-10-08 16:52:05.606584+00	{"46": {"15": {"name": "None", "answered": 0, "quotation": 0, "percentage": 0}, "16": {"name": "Fumadores", "answered": 0, "quotation": 0, "percentage": 0}, "17": {"name": "None", "answered": 0, "quotation": 0, "percentage": 0}, "18": {"40": {"name": "Fumar", "answered": 0, "quotation": 0, "percentage": 0}, "name": "None", "answered": 0, "quotation": 0, "percentage": 0}, "name": "None", "answered": 0, "percentage": 0}, "47": {"19": {"41": {"113": {"name": "MentHA-Risk-section", "answered": 1, "quotation": 0, "percentage": 100}, "name": "MentHA-Risk-dimension", "answered": 1, "quotation": 0, "percentage": 100}, "name": "MentHA-Risk-instrument", "answered": 1, "quotation": 0, "percentage": 100}, "name": "MentHA-Risk-area", "answered": 1, "percentage": 100}, "total_answered": 1, "total_percentage": 100}	167	247	121	\N
265	2023-10-11 09:36:24.935411+00	{"46": {"15": {"name": "None", "answered": 0, "quotation": 0, "percentage": 0}, "16": {"name": "Fumadores", "answered": 0, "quotation": 0, "percentage": 0}, "17": {"name": "None", "answered": 0, "quotation": 0, "percentage": 0}, "18": {"40": {"name": "Fumar", "answered": 0, "quotation": 0, "percentage": 0}, "name": "None", "answered": 0, "quotation": 0, "percentage": 0}, "name": "None", "answered": 0, "percentage": 0}, "47": {"19": {"41": {"113": {"name": "MentHA-Risk-section", "answered": 1, "quotation": 0, "percentage": 100}, "name": "MentHA-Risk-dimension", "answered": 1, "quotation": 0, "percentage": 100}, "name": "MentHA-Risk-instrument", "answered": 1, "quotation": 0, "percentage": 100}, "name": "MentHA-Risk-area", "answered": 1, "percentage": 100}, "total_answered": 1, "total_percentage": 100}	167	259	130	\N
283	2023-10-11 17:14:02.992501+00	{"78": {"24": {"46": {"118": {"name": "None", "answered": 0, "quotation": 0, "percentage": 0}, "name": "None", "answered": 0, "quotation": 0, "percentage": 0}, "name": "None", "answered": 0, "quotation": 0, "percentage": 0}, "name": "Questionrio Sociodemogrfico", "answered": 0, "percentage": 0}, "total_answered": 0, "total_percentage": 0}	166	277	135	\N
270	2023-10-11 14:06:57.452777+00	{"46": {"15": {"name": "None", "answered": 0, "quotation": 0, "percentage": 0}, "16": {"name": "Fumadores", "answered": 0, "quotation": 0, "percentage": 0}, "17": {"name": "None", "answered": 0, "quotation": 0, "percentage": 0}, "18": {"40": {"name": "Fumar", "answered": 0, "quotation": 0, "percentage": 0}, "name": "None", "answered": 0, "quotation": 0, "percentage": 0}, "name": "None", "answered": 0, "percentage": 0}, "47": {"19": {"41": {"113": {"name": "MentHA-Risk-section", "answered": 1, "quotation": 0, "percentage": 100}, "name": "MentHA-Risk-dimension", "answered": 1, "quotation": 0, "percentage": 100}, "name": "MentHA-Risk-instrument", "answered": 1, "quotation": 0, "percentage": 100}, "name": "MentHA-Risk-area", "answered": 1, "percentage": 100}, "total_answered": 1, "total_percentage": 100}	167	264	120	\N
284	2023-10-12 09:05:09.946397+00	{"78": {"24": {"46": {"118": {"name": "None", "answered": 0, "quotation": 0, "percentage": 0}, "name": "None", "answered": 0, "quotation": 0, "percentage": 0}, "name": "None", "answered": 0, "quotation": 0, "percentage": 0}, "name": "Questionrio Sociodemogrfico", "answered": 0, "percentage": 0}, "total_answered": 0, "total_percentage": 0}	167	278	135	\N
295	2023-10-20 15:13:36.404629+00	{"46": {"15": {"name": "None", "answered": 0, "quotation": 0, "percentage": 0}, "16": {"name": "Fumadores", "answered": 0, "quotation": 0, "percentage": 0}, "17": {"name": "None", "answered": 0, "quotation": 0, "percentage": 0}, "18": {"40": {"name": "Fumar", "answered": 0, "quotation": 0, "percentage": 0}, "name": "None", "answered": 0, "quotation": 0, "percentage": 0}, "name": "None", "answered": 0, "percentage": 0}, "47": {"19": {"41": {"113": {"name": "MentHA-Risk-section", "answered": 1, "quotation": 9, "percentage": 100}, "name": "MentHA-Risk-dimension", "answered": 1, "quotation": 0, "percentage": 100}, "name": "MentHA-Risk-instrument", "answered": 1, "quotation": 0, "percentage": 100}, "name": "MentHA-Risk-area", "answered": 1, "percentage": 100}, "total_answered": 1, "total_percentage": 100}	255	289	143	\N
271	2023-10-11 14:09:10.857664+00	{"46": {"15": {"name": "None", "answered": 0, "quotation": 0, "percentage": 0}, "16": {"name": "Fumadores", "answered": 0, "quotation": 0, "percentage": 0}, "17": {"name": "None", "answered": 0, "quotation": 0, "percentage": 0}, "18": {"40": {"name": "Fumar", "answered": 0, "quotation": 0, "percentage": 0}, "name": "None", "answered": 0, "quotation": 0, "percentage": 0}, "name": "None", "answered": 0, "percentage": 0}, "47": {"19": {"41": {"113": {"name": "MentHA-Risk-section", "answered": 1, "quotation": 0, "percentage": 100}, "name": "MentHA-Risk-dimension", "answered": 1, "quotation": 0, "percentage": 100}, "name": "MentHA-Risk-instrument", "answered": 1, "quotation": 0, "percentage": 100}, "name": "MentHA-Risk-area", "answered": 1, "percentage": 100}, "total_answered": 1, "total_percentage": 100}	167	265	118	\N
307	2023-11-26 20:36:11.124731+00	{"46": {"15": {"name": "None", "answered": 0, "quotation": 0, "percentage": 0}, "16": {"name": "Fumadores", "answered": 0, "quotation": 0, "percentage": 0}, "17": {"name": "None", "answered": 0, "quotation": 0, "percentage": 0}, "18": {"40": {"name": "Fumar", "answered": 0, "quotation": 0, "percentage": 0}, "name": "None", "answered": 0, "quotation": 0, "percentage": 0}, "name": "None", "answered": 0, "percentage": 0}, "47": {"19": {"41": {"113": {"name": "MentHA-Risk-section", "answered": 1, "quotation": 7, "percentage": 100}, "name": "MentHA-Risk-dimension", "answered": 1, "quotation": 0, "percentage": 100}, "name": "MentHA-Risk-instrument", "answered": 1, "quotation": 0, "percentage": 100}, "name": "MentHA-Risk-area", "answered": 1, "percentage": 100}, "total_answered": 1, "total_percentage": 100}	255	301	144	\N
320	2023-12-18 11:44:44.960458+00	{"46": {"15": {"name": "None", "answered": 0, "quotation": 0, "percentage": 0}, "16": {"name": "Fumadores", "answered": 0, "quotation": 0, "percentage": 0}, "17": {"name": "None", "answered": 0, "quotation": 0, "percentage": 0}, "18": {"40": {"name": "Fumar", "answered": 0, "quotation": 0, "percentage": 0}, "name": "None", "answered": 0, "quotation": 0, "percentage": 0}, "name": "None", "answered": 0, "percentage": 0}, "47": {"19": {"41": {"113": {"name": "MentHA-Risk-section", "answered": 1, "quotation": 7, "percentage": 100}, "name": "MentHA-Risk-dimension", "answered": 1, "quotation": 0, "percentage": 100}, "name": "MentHA-Risk-instrument", "answered": 1, "quotation": 0, "percentage": 100}, "name": "MentHA-Risk-area", "answered": 1, "percentage": 100}, "total_answered": 1, "total_percentage": 100}	3	314	142	\N
617	2024-03-29 22:18:28.102304+00	{"78": {"24": {"46": {"118": {"name": "None", "answered": 0, "quotation": 0, "percentage": 0}, "name": "None", "answered": 0, "quotation": 0, "percentage": 0}, "name": "None", "answered": 0, "quotation": 0, "percentage": 0}, "name": "Questionrio Sociodemogrfico", "answered": 0, "percentage": 0}, "total_answered": 0, "total_percentage": 0}	342	611	249	\N
285	2023-10-12 09:22:14.40631+00	{"78": {"24": {"46": {"118": {"name": "None", "answered": 0, "quotation": 0, "percentage": 0}, "name": "None", "answered": 0, "quotation": 0, "percentage": 0}, "name": "None", "answered": 0, "quotation": 0, "percentage": 0}, "name": "Questionrio Sociodemogrfico", "answered": 0, "percentage": 0}, "total_answered": 0, "total_percentage": 0}	167	279	99	\N
401	2024-03-14 11:34:14.385573+00	{"46": {"15": {"name": "None", "answered": 0, "quotation": 0, "percentage": 0}, "16": {"name": "Fumadores", "answered": 0, "quotation": 0, "percentage": 0}, "17": {"name": "None", "answered": 0, "quotation": 0, "percentage": 0}, "18": {"40": {"name": "Fumar", "answered": 0, "quotation": 0, "percentage": 0}, "name": "None", "answered": 0, "quotation": 0, "percentage": 0}, "name": "None", "answered": 0, "percentage": 0}, "47": {"19": {"41": {"113": {"name": "MentHA-Risk-section", "answered": 1, "quotation": 12, "percentage": 100}, "name": "MentHA-Risk-dimension", "answered": 1, "quotation": 0, "percentage": 100}, "name": "MentHA-Risk-instrument", "answered": 1, "quotation": 0, "percentage": 100}, "name": "MentHA-Risk-area", "answered": 1, "percentage": 100}, "total_answered": 1, "total_percentage": 100}	3	395	110	\N
272	2023-10-11 14:21:01.434222+00	{"46": {"15": {"name": "None", "answered": 0, "quotation": 0, "percentage": 0}, "16": {"name": "Fumadores", "answered": 0, "quotation": 0, "percentage": 0}, "17": {"name": "None", "answered": 0, "quotation": 0, "percentage": 0}, "18": {"40": {"name": "Fumar", "answered": 0, "quotation": 0, "percentage": 0}, "name": "None", "answered": 0, "quotation": 0, "percentage": 0}, "name": "None", "answered": 0, "percentage": 0}, "47": {"19": {"41": {"113": {"name": "MentHA-Risk-section", "answered": 1, "quotation": 12, "percentage": 100}, "name": "MentHA-Risk-dimension", "answered": 1, "quotation": 0, "percentage": 100}, "name": "MentHA-Risk-instrument", "answered": 1, "quotation": 0, "percentage": 100}, "name": "MentHA-Risk-area", "answered": 1, "percentage": 100}, "total_answered": 1, "total_percentage": 100}	167	266	116	\N
423	2024-03-14 12:52:23.811413+00	{"46": {"15": {"name": "None", "answered": 0, "quotation": 0, "percentage": 0}, "16": {"name": "Fumadores", "answered": 0, "quotation": 0, "percentage": 0}, "17": {"name": "None", "answered": 0, "quotation": 0, "percentage": 0}, "18": {"40": {"name": "Fumar", "answered": 0, "quotation": 0, "percentage": 0}, "name": "None", "answered": 0, "quotation": 0, "percentage": 0}, "name": "None", "answered": 0, "percentage": 0}, "47": {"19": {"41": {"113": {"name": "MentHA-Risk-section", "answered": 1, "quotation": 22, "percentage": 100}, "name": "MentHA-Risk-dimension", "answered": 1, "quotation": 0, "percentage": 100}, "name": "MentHA-Risk-instrument", "answered": 1, "quotation": 0, "percentage": 100}, "name": "MentHA-Risk-area", "answered": 1, "percentage": 100}, "total_answered": 1, "total_percentage": 100}	3	417	119	\N
321	2023-12-19 18:57:06.513264+00	{"46": {"15": {"name": "None", "answered": 0, "quotation": 0, "percentage": 0}, "16": {"name": "Fumadores", "answered": 0, "quotation": 0, "percentage": 0}, "17": {"name": "None", "answered": 0, "quotation": 0, "percentage": 0}, "18": {"40": {"name": "Fumar", "answered": 0, "quotation": 0, "percentage": 0}, "name": "None", "answered": 0, "quotation": 0, "percentage": 0}, "name": "None", "answered": 0, "percentage": 0}, "47": {"19": {"41": {"113": {"name": "MentHA-Risk-section", "answered": 0, "quotation": 0, "percentage": 0}, "name": "MentHA-Risk-dimension", "answered": 0, "quotation": 0, "percentage": 0}, "name": "MentHA-Risk-instrument", "answered": 0, "quotation": 0, "percentage": 0}, "name": "MentHA-Risk-area", "answered": 0, "percentage": 0}, "total_answered": 0, "total_percentage": 0}	3	315	148	\N
308	2023-11-29 01:52:10.03785+00	{"46": {"15": {"name": "None", "answered": 0, "quotation": 0, "percentage": 0}, "16": {"name": "Fumadores", "answered": 0, "quotation": 0, "percentage": 0}, "17": {"name": "None", "answered": 0, "quotation": 0, "percentage": 0}, "18": {"40": {"name": "Fumar", "answered": 0, "quotation": 0, "percentage": 0}, "name": "None", "answered": 0, "quotation": 0, "percentage": 0}, "name": "None", "answered": 0, "percentage": 0}, "47": {"19": {"41": {"113": {"name": "MentHA-Risk-section", "answered": 1, "quotation": 5, "percentage": 100}, "name": "MentHA-Risk-dimension", "answered": 1, "quotation": 0, "percentage": 100}, "name": "MentHA-Risk-instrument", "answered": 1, "quotation": 0, "percentage": 100}, "name": "MentHA-Risk-area", "answered": 1, "percentage": 100}, "total_answered": 1, "total_percentage": 100}	255	302	153	\N
310	2023-12-11 09:59:27.37741+00	{"78": {"24": {"46": {"118": {"name": "None", "answered": 0, "quotation": 0, "percentage": 0}, "name": "None", "answered": 0, "quotation": 0, "percentage": 0}, "name": "None", "answered": 0, "quotation": 0, "percentage": 0}, "name": "Questionrio Sociodemogrfico", "answered": 0, "percentage": 0}, "total_answered": 0, "total_percentage": 0}	167	304	129	\N
576	2024-03-29 21:50:13.400646+00	{"78": {"24": {"46": {"118": {"name": "None", "answered": 0, "quotation": 0, "percentage": 0}, "name": "None", "answered": 0, "quotation": 0, "percentage": 0}, "name": "None", "answered": 0, "quotation": 0, "percentage": 0}, "name": "Questionrio Sociodemogrfico", "answered": 0, "percentage": 0}, "total_answered": 0, "total_percentage": 0}	342	570	210	\N
286	2023-10-12 09:33:11.345035+00	{"78": {"24": {"46": {"118": {"name": "None", "answered": 0, "quotation": 0, "percentage": 0}, "name": "None", "answered": 0, "quotation": 0, "percentage": 0}, "name": "None", "answered": 0, "quotation": 0, "percentage": 0}, "name": "Questionrio Sociodemogrfico", "answered": 0, "percentage": 0}, "total_answered": 0, "total_percentage": 0}	165	280	99	\N
273	2023-10-11 14:23:08.859604+00	{"46": {"15": {"name": "None", "answered": 0, "quotation": 0, "percentage": 0}, "16": {"name": "Fumadores", "answered": 0, "quotation": 0, "percentage": 0}, "17": {"name": "None", "answered": 0, "quotation": 0, "percentage": 0}, "18": {"40": {"name": "Fumar", "answered": 0, "quotation": 0, "percentage": 0}, "name": "None", "answered": 0, "quotation": 0, "percentage": 0}, "name": "None", "answered": 0, "percentage": 0}, "47": {"19": {"41": {"113": {"name": "MentHA-Risk-section", "answered": 1, "quotation": 0, "percentage": 100}, "name": "MentHA-Risk-dimension", "answered": 1, "quotation": 0, "percentage": 100}, "name": "MentHA-Risk-instrument", "answered": 1, "quotation": 0, "percentage": 100}, "name": "MentHA-Risk-area", "answered": 1, "percentage": 100}, "total_answered": 1, "total_percentage": 100}	167	267	114	\N
328	2024-02-12 09:38:51.990779+00	{"46": {"15": {"name": "None", "answered": 0, "quotation": 0, "percentage": 0}, "16": {"name": "Fumadores", "answered": 0, "quotation": 0, "percentage": 0}, "17": {"name": "None", "answered": 0, "quotation": 0, "percentage": 0}, "18": {"40": {"name": "Fumar", "answered": 0, "quotation": 0, "percentage": 0}, "name": "None", "answered": 0, "quotation": 0, "percentage": 0}, "name": "None", "answered": 0, "percentage": 0}, "47": {"19": {"41": {"113": {"name": "MentHA-Risk-section", "answered": 1, "quotation": 19, "percentage": 100}, "name": "MentHA-Risk-dimension", "answered": 1, "quotation": 0, "percentage": 100}, "name": "MentHA-Risk-instrument", "answered": 1, "quotation": 0, "percentage": 100}, "name": "MentHA-Risk-area", "answered": 1, "percentage": 100}, "total_answered": 1, "total_percentage": 100}	246	322	140	\N
402	2024-03-14 11:42:37.359089+00	{"78": {"24": {"46": {"118": {"name": "None", "answered": 0, "quotation": 0, "percentage": 0}, "name": "None", "answered": 0, "quotation": 0, "percentage": 0}, "name": "None", "answered": 0, "quotation": 0, "percentage": 0}, "name": "Questionrio Sociodemogrfico", "answered": 0, "percentage": 0}, "total_answered": 0, "total_percentage": 0}	3	396	176	\N
322	2024-01-06 16:48:38.493683+00	{"46": {"15": {"name": "None", "answered": 0, "quotation": 0, "percentage": 0}, "16": {"name": "Fumadores", "answered": 0, "quotation": 0, "percentage": 0}, "17": {"name": "None", "answered": 0, "quotation": 0, "percentage": 0}, "18": {"40": {"name": "Fumar", "answered": 0, "quotation": 0, "percentage": 0}, "name": "None", "answered": 0, "quotation": 0, "percentage": 0}, "name": "None", "answered": 0, "percentage": 0}, "47": {"19": {"41": {"113": {"name": "MentHA-Risk-section", "answered": 1, "quotation": 3, "percentage": 100}, "name": "MentHA-Risk-dimension", "answered": 1, "quotation": 0, "percentage": 100}, "name": "MentHA-Risk-instrument", "answered": 1, "quotation": 0, "percentage": 100}, "name": "MentHA-Risk-area", "answered": 1, "percentage": 100}, "total_answered": 1, "total_percentage": 100}	3	316	101	\N
337	2024-02-27 20:45:50.468327+00	{"46": {"15": {"name": "None", "answered": 0, "quotation": 0, "percentage": 0}, "16": {"name": "Fumadores", "answered": 0, "quotation": 0, "percentage": 0}, "17": {"name": "None", "answered": 0, "quotation": 0, "percentage": 0}, "18": {"40": {"name": "Fumar", "answered": 0, "quotation": 0, "percentage": 0}, "name": "None", "answered": 0, "quotation": 0, "percentage": 0}, "name": "None", "answered": 0, "percentage": 0}, "47": {"19": {"41": {"113": {"name": "MentHA-Risk-section", "answered": 1, "quotation": 12, "percentage": 100}, "name": "MentHA-Risk-dimension", "answered": 1, "quotation": 0, "percentage": 100}, "name": "MentHA-Risk-instrument", "answered": 1, "quotation": 0, "percentage": 100}, "name": "MentHA-Risk-area", "answered": 1, "percentage": 100}, "total_answered": 1, "total_percentage": 100}	3	331	140	\N
333	2024-02-27 13:10:35.736981+00	{"46": {"15": {"name": "None", "answered": 0, "quotation": 0, "percentage": 0}, "16": {"name": "Fumadores", "answered": 0, "quotation": 0, "percentage": 0}, "17": {"name": "None", "answered": 0, "quotation": 0, "percentage": 0}, "18": {"40": {"name": "Fumar", "answered": 0, "quotation": 0, "percentage": 0}, "name": "None", "answered": 0, "quotation": 0, "percentage": 0}, "name": "None", "answered": 0, "percentage": 0}, "47": {"19": {"41": {"113": {"name": "MentHA-Risk-section", "answered": 0, "quotation": 0, "percentage": 0}, "name": "MentHA-Risk-dimension", "answered": 0, "quotation": 0, "percentage": 0}, "name": "MentHA-Risk-instrument", "answered": 0, "quotation": 0, "percentage": 0}, "name": "MentHA-Risk-area", "answered": 0, "percentage": 0}, "total_answered": 0, "total_percentage": 0}	3	327	139	\N
274	2023-10-11 14:25:11.4674+00	{"46": {"15": {"name": "None", "answered": 0, "quotation": 0, "percentage": 0}, "16": {"name": "Fumadores", "answered": 0, "quotation": 0, "percentage": 0}, "17": {"name": "None", "answered": 0, "quotation": 0, "percentage": 0}, "18": {"40": {"name": "Fumar", "answered": 0, "quotation": 0, "percentage": 0}, "name": "None", "answered": 0, "quotation": 0, "percentage": 0}, "name": "None", "answered": 0, "percentage": 0}, "47": {"19": {"41": {"113": {"name": "MentHA-Risk-section", "answered": 1, "quotation": 7, "percentage": 100}, "name": "MentHA-Risk-dimension", "answered": 1, "quotation": 0, "percentage": 100}, "name": "MentHA-Risk-instrument", "answered": 1, "quotation": 0, "percentage": 100}, "name": "MentHA-Risk-area", "answered": 1, "percentage": 100}, "total_answered": 1, "total_percentage": 100}	167	268	112	\N
618	2024-03-29 22:18:59.538614+00	{"78": {"24": {"46": {"118": {"name": "None", "answered": 0, "quotation": 0, "percentage": 0}, "name": "None", "answered": 0, "quotation": 0, "percentage": 0}, "name": "None", "answered": 0, "quotation": 0, "percentage": 0}, "name": "Questionrio Sociodemogrfico", "answered": 0, "percentage": 0}, "total_answered": 0, "total_percentage": 0}	342	612	250	\N
287	2023-10-12 10:48:55.899309+00	{"78": {"24": {"46": {"118": {"name": "None", "answered": 0, "quotation": 0, "percentage": 0}, "name": "None", "answered": 0, "quotation": 0, "percentage": 0}, "name": "None", "answered": 0, "quotation": 0, "percentage": 0}, "name": "Questionrio Sociodemogrfico", "answered": 0, "percentage": 0}, "total_answered": 0, "total_percentage": 0}	246	281	136	\N
765	2024-05-28 00:41:26.673036+00	{"46": {"15": {"name": "None", "answered": 0, "quotation": 0, "percentage": 0}, "16": {"name": "Fumadores", "answered": 0, "quotation": 0, "percentage": 0}, "17": {"name": "None", "answered": 0, "quotation": 0, "percentage": 0}, "18": {"40": {"name": "Fumar", "answered": 0, "quotation": 0, "percentage": 0}, "name": "None", "answered": 0, "quotation": 0, "percentage": 0}, "name": "None", "answered": 0, "percentage": 0}, "47": {"19": {"41": {"113": {"name": "MentHA-Risk-section", "answered": 1, "quotation": 12, "percentage": 100}, "name": "MentHA-Risk-dimension", "answered": 1, "quotation": 0, "percentage": 100}, "name": "MentHA-Risk-instrument", "answered": 1, "quotation": 0, "percentage": 100}, "name": "MentHA-Risk-area", "answered": 1, "percentage": 100}, "total_answered": 1, "total_percentage": 100}	165	759	115	\N
309	2023-11-29 01:58:30.005273+00	{"46": {"15": {"name": "None", "answered": 0, "quotation": 0, "percentage": 0}, "16": {"name": "Fumadores", "answered": 0, "quotation": 0, "percentage": 0}, "17": {"name": "None", "answered": 0, "quotation": 0, "percentage": 0}, "18": {"40": {"name": "Fumar", "answered": 0, "quotation": 0, "percentage": 0}, "name": "None", "answered": 0, "quotation": 0, "percentage": 0}, "name": "None", "answered": 0, "percentage": 0}, "47": {"19": {"41": {"113": {"name": "MentHA-Risk-section", "answered": 1, "quotation": 4, "percentage": 100}, "name": "MentHA-Risk-dimension", "answered": 1, "quotation": 0, "percentage": 100}, "name": "MentHA-Risk-instrument", "answered": 1, "quotation": 0, "percentage": 100}, "name": "MentHA-Risk-area", "answered": 1, "percentage": 100}, "total_answered": 1, "total_percentage": 100}	255	303	154	\N
323	2024-01-13 14:17:44.346758+00	{"46": {"15": {"name": "None", "answered": 0, "quotation": 0, "percentage": 0}, "16": {"name": "Fumadores", "answered": 0, "quotation": 0, "percentage": 0}, "17": {"name": "None", "answered": 0, "quotation": 0, "percentage": 0}, "18": {"40": {"name": "Fumar", "answered": 0, "quotation": 0, "percentage": 0}, "name": "None", "answered": 0, "quotation": 0, "percentage": 0}, "name": "None", "answered": 0, "percentage": 0}, "47": {"19": {"41": {"113": {"name": "MentHA-Risk-section", "answered": 1, "quotation": 3, "percentage": 100}, "name": "MentHA-Risk-dimension", "answered": 1, "quotation": 0, "percentage": 100}, "name": "MentHA-Risk-instrument", "answered": 1, "quotation": 0, "percentage": 100}, "name": "MentHA-Risk-area", "answered": 1, "percentage": 100}, "total_answered": 1, "total_percentage": 100}	167	317	91	\N
276	2023-10-11 14:26:40.927485+00	{"46": {"15": {"name": "None", "answered": 0, "quotation": 0, "percentage": 0}, "16": {"name": "Fumadores", "answered": 0, "quotation": 0, "percentage": 0}, "17": {"name": "None", "answered": 0, "quotation": 0, "percentage": 0}, "18": {"40": {"name": "Fumar", "answered": 0, "quotation": 0, "percentage": 0}, "name": "None", "answered": 0, "quotation": 0, "percentage": 0}, "name": "None", "answered": 0, "percentage": 0}, "47": {"19": {"41": {"113": {"name": "MentHA-Risk-section", "answered": 1, "quotation": 6, "percentage": 100}, "name": "MentHA-Risk-dimension", "answered": 1, "quotation": 0, "percentage": 100}, "name": "MentHA-Risk-instrument", "answered": 1, "quotation": 0, "percentage": 100}, "name": "MentHA-Risk-area", "answered": 1, "percentage": 100}, "total_answered": 1, "total_percentage": 100}	167	270	110	\N
403	2024-03-14 11:43:43.033212+00	{"46": {"15": {"name": "None", "answered": 0, "quotation": 0, "percentage": 0}, "16": {"name": "Fumadores", "answered": 0, "quotation": 0, "percentage": 0}, "17": {"name": "None", "answered": 0, "quotation": 0, "percentage": 0}, "18": {"40": {"name": "Fumar", "answered": 0, "quotation": 0, "percentage": 0}, "name": "None", "answered": 0, "quotation": 0, "percentage": 0}, "name": "None", "answered": 0, "percentage": 0}, "47": {"19": {"41": {"113": {"name": "MentHA-Risk-section", "answered": 1, "quotation": 5, "percentage": 100}, "name": "MentHA-Risk-dimension", "answered": 1, "quotation": 0, "percentage": 100}, "name": "MentHA-Risk-instrument", "answered": 1, "quotation": 0, "percentage": 100}, "name": "MentHA-Risk-area", "answered": 1, "percentage": 100}, "total_answered": 1, "total_percentage": 100}	3	397	176	\N
288	2023-10-12 10:54:55.544848+00	{"11": {"1": {"1": {"1": {"name": "Alimentao", "answered": 1, "quotation": 0, "percentage": 100}, "2": {"name": "Higiene", "answered": 1, "quotation": 1, "percentage": 100}, "3": {"name": "Eliminao", "answered": 1, "quotation": 0, "percentage": 100}, "name": "Atividades Corporais", "answered": 3, "quotation": 1, "percentage": 100}, "2": {"5": {"name": "Transferncia (subir ou descer da cama)", "answered": 1, "quotation": 0, "percentage": 100}, "6": {"name": "Deslocao (no domicilio ou no exterior)", "answered": 1, "quotation": 0, "percentage": 100}, "7": {"name": "Espao de vida (+/- ajuda humana ou tcnica)", "answered": 1, "quotation": 0, "percentage": 100}, "name": "Atividades Motoras", "answered": 3, "quotation": 0, "percentage": 100}, "3": {"8": {"name": "Fala", "answered": 1, "quotation": 0, "percentage": 100}, "9": {"name": "Viso (+ - correo)", "answered": 1, "quotation": 0, "percentage": 100}, "10": {"name": "Audio", "answered": 1, "quotation": 0, "percentage": 100}, "name": "Atividades Sensoriais", "answered": 3, "quotation": 0, "percentage": 100}, "4": {"11": {"name": "Memria", "answered": 1, "quotation": 2, "percentage": 100}, "12": {"name": "Comportamento", "answered": 1, "quotation": 0, "percentage": 100}, "13": {"name": "Humor", "answered": 1, "quotation": 0, "percentage": 100}, "name": "Atividades Mentais", "answered": 3, "quotation": 2, "percentage": 100}, "name": "ABVD - MDA", "answered": 12, "quotation": 3, "percentage": 100}, "name": "Funcionalidade", "answered": 12, "percentage": 100}, "12": {"3": {"5": {"4": {"name": "None", "answered": 53, "quotation": 0, "percentage": 100}, "name": "None", "answered": 53, "quotation": 23, "percentage": 100}, "name": "BSI", "answered": 53, "quotation": 23, "percentage": 100}, "name": "Psicossintomatologia", "answered": 53, "percentage": 100}, "13": {"4": {"9": {"39": {"name": "Orientao (Temporal)", "answered": 1, "quotation": 0, "percentage": 100}, "40": {"name": "Ateno e Concentrao (Clculo)", "answered": 1, "quotation": 1, "percentage": 100}, "41": {"name": "Orientao (Espacial)", "answered": 1, "quotation": 3, "percentage": 100}, "57": {"name": "Ateno e Concentrao (Soletrar)", "answered": 1, "quotation": 5, "percentage": 100}, "64": {"name": "Memria", "answered": 1, "quotation": 3, "percentage": 100}, "name": "Ateno e Orientao", "answered": 5, "quotation": 12, "percentage": 100}, "10": {"45": {"name": "Memria Antergrada", "answered": 1, "quotation": 1, "percentage": 100}, "46": {"name": "Memria Retrgrada", "answered": 1, "quotation": 1, "percentage": 100}, "47": {"name": "Evocao Diferida (Intervalo Curto)", "answered": 1, "quotation": 0, "percentage": 100}, "62": {"name": "Evocao Diferida (Intervalo Longo)", "answered": 1, "quotation": 0, "percentage": 100}, "67": {"name": "Reconhecimento", "answered": 1, "quotation": 3, "percentage": 100}, "name": "Memria", "answered": 5, "quotation": 5, "percentage": 100}, "11": {"42": {"name": "Letra P", "answered": 1, "quotation": 4, "percentage": 100}, "43": {"name": "Categoria \\"Animais\\"", "answered": 1, "quotation": 3, "percentage": 100}, "name": "Fluncia", "answered": 2, "quotation": 7, "percentage": 100}, "12": {"48": {"name": "Compreenso (Carto)", "answered": 1, "quotation": 1, "percentage": 100}, "49": {"name": "Compreenso (Etapas)", "answered": 1, "quotation": 2, "percentage": 100}, "50": {"name": "Escrita", "answered": 1, "quotation": 0, "percentage": 100}, "51": {"name": "Repetio I", "answered": 1, "quotation": 1, "percentage": 100}, "52": {"name": "Repetio II", "answered": 1, "quotation": 0, "percentage": 100}, "53": {"name": "Repetio III", "answered": 1, "quotation": 0, "percentage": 100}, "54": {"name": "Nomeao", "answered": 1, "quotation": 9, "percentage": 100}, "55": {"name": "Compreenso (Figuras)", "answered": 1, "quotation": 4, "percentage": 100}, "56": {"name": "Leitura", "answered": 1, "quotation": 1, "percentage": 100}, "name": "Linguagem", "answered": 9, "quotation": 18, "percentage": 100}, "14": {"58": {"name": "Capacidade Visuo-Espacial (Pentgonos)", "answered": 0, "quotation": 0, "percentage": 0}, "59": {"name": "Capacidade Visuo-Espacial (Cubo)", "answered": 0, "quotation": 0, "percentage": 0}, "60": {"name": "Capacidade Visuo-Espacial (Relgio)", "answered": 0, "quotation": 0, "percentage": 0}, "65": {"name": "Percepo (Pontos)", "answered": 0, "quotation": 0, "percentage": 0}, "66": {"name": "Percepo (Letras)", "answered": 0, "quotation": 0, "percentage": 0}, "name": "Visuo-Espacial", "answered": 0, "quotation": 0, "percentage": 0}, "name": "ACE-R", "answered": 21, "quotation": 42, "percentage": 80}, "5": {"17": {"68": {"name": "Orientao (Temporal)", "answered": 0, "quotation": 0, "percentage": 0}, "69": {"name": "Orientao (Espacial)", "answered": 0, "quotation": 0, "percentage": 0}, "70": {"name": "Memria", "answered": 0, "quotation": 0, "percentage": 0}, "71": {"name": "Ateno e Concentrao (Clculo)", "answered": 0, "quotation": 0, "percentage": 0}, "72": {"name": "Ateno e Concentrao (Soletrar)", "answered": 0, "quotation": 0, "percentage": 0}, "name": "Ateno e Orientao", "answered": 0, "quotation": 0, "percentage": 0}, "18": {"73": {"name": "Evocao Diferida (Intervalo Curto)", "answered": 0, "quotation": 0, "percentage": 0}, "name": "Memria", "answered": 0, "quotation": 0, "percentage": 0}, "19": {"76": {"name": "Compreenso (Carto)", "answered": 0, "quotation": 0, "percentage": 0}, "77": {"name": "Compreenso (Etapas)", "answered": 0, "quotation": 0, "percentage": 0}, "78": {"name": "Escrita", "answered": 0, "quotation": 0, "percentage": 0}, "79": {"name": "Repetio III", "answered": 0, "quotation": 0, "percentage": 0}, "80": {"name": "Nomeao", "answered": 0, "quotation": 0, "percentage": 0}, "name": "Linguagem", "answered": 0, "quotation": 0, "percentage": 0}, "20": {"81": {"name": "Capacidade Visuo-Espacial (Pentgonos)", "answered": 0, "quotation": 0, "percentage": 0}, "name": "Visuo-Espacial", "answered": 0, "quotation": 0, "percentage": 0}, "name": "MMSE", "answered": 0, "quotation": 0, "percentage": 0}, "name": "Cognio", "answered": 21, "percentage": 55}, "14": {"10": {"30": {"106": {"name": "None", "answered": 1, "quotation": 0, "percentage": 100}, "name": "Conscincia", "answered": 1, "quotation": 0, "percentage": 100}, "31": {"107": {"name": "None", "answered": 1, "quotation": 0, "percentage": 100}, "name": "Atividade Motora", "answered": 1, "quotation": 0, "percentage": 100}, "32": {"108": {"name": "None", "answered": 1, "quotation": 0, "percentage": 100}, "name": "Humor", "answered": 1, "quotation": 0, "percentage": 100}, "name": "None", "answered": 3, "quotation": 0, "percentage": 100}, "name": "Conscincia, Humor e Comportamento", "answered": 3, "percentage": 100}, "15": {"11": {"33": {"109": {"name": "None", "answered": 1, "quotation": 0, "percentage": 100}, "name": "None", "answered": 1, "quotation": 0, "percentage": 100}, "name": "None", "answered": 1, "quotation": 0, "percentage": 100}, "name": "Cooperao dada na entrevista", "answered": 1, "percentage": 100}, "16": {"12": {"34": {"110": {"name": "None", "answered": 1, "quotation": 0, "percentage": 100}, "name": "None", "answered": 1, "quotation": 0, "percentage": 100}, "name": "None", "answered": 1, "quotation": 0, "percentage": 100}, "name": "Relao com o Avaliador", "answered": 1, "percentage": 100}, "total_answered": 91, "total_percentage": 84}	246	282	136	\N
299	2023-10-26 12:39:42.38917+00	{"78": {"24": {"46": {"118": {"name": "None", "answered": 0, "quotation": 0, "percentage": 0}, "name": "None", "answered": 0, "quotation": 0, "percentage": 0}, "name": "None", "answered": 0, "quotation": 0, "percentage": 0}, "name": "Questionrio Sociodemogrfico", "answered": 0, "percentage": 0}, "total_answered": 0, "total_percentage": 0}	255	293	142	\N
313	2023-12-11 10:11:55.710212+00	{"total_answered": 0, "total_percentage": 0}	167	307	129	\N
324	2024-01-13 14:55:17.785272+00	{"46": {"15": {"name": "None", "answered": 0, "quotation": 0, "percentage": 0}, "16": {"name": "Fumadores", "answered": 0, "quotation": 0, "percentage": 0}, "17": {"name": "None", "answered": 0, "quotation": 0, "percentage": 0}, "18": {"40": {"name": "Fumar", "answered": 0, "quotation": 0, "percentage": 0}, "name": "None", "answered": 0, "quotation": 0, "percentage": 0}, "name": "None", "answered": 0, "percentage": 0}, "47": {"19": {"41": {"113": {"name": "MentHA-Risk-section", "answered": 0, "quotation": 0, "percentage": 0}, "name": "MentHA-Risk-dimension", "answered": 0, "quotation": 0, "percentage": 0}, "name": "MentHA-Risk-instrument", "answered": 0, "quotation": 0, "percentage": 0}, "name": "MentHA-Risk-area", "answered": 0, "percentage": 0}, "total_answered": 0, "total_percentage": 0}	3	318	101	\N
424	2024-03-14 12:56:18.003759+00	{"78": {"24": {"46": {"118": {"name": "None", "answered": 0, "quotation": 0, "percentage": 0}, "name": "None", "answered": 0, "quotation": 0, "percentage": 0}, "name": "None", "answered": 0, "quotation": 0, "percentage": 0}, "name": "Questionrio Sociodemogrfico", "answered": 0, "percentage": 0}, "total_answered": 0, "total_percentage": 0}	3	418	115	\N
577	2024-03-29 21:50:39.831543+00	{"78": {"24": {"46": {"118": {"name": "None", "answered": 0, "quotation": 0, "percentage": 0}, "name": "None", "answered": 0, "quotation": 0, "percentage": 0}, "name": "None", "answered": 0, "quotation": 0, "percentage": 0}, "name": "Questionrio Sociodemogrfico", "answered": 0, "percentage": 0}, "total_answered": 0, "total_percentage": 0}	342	571	211	\N
619	2024-03-29 22:19:51.901129+00	{"78": {"24": {"46": {"118": {"name": "None", "answered": 0, "quotation": 0, "percentage": 0}, "name": "None", "answered": 0, "quotation": 0, "percentage": 0}, "name": "None", "answered": 0, "quotation": 0, "percentage": 0}, "name": "Questionrio Sociodemogrfico", "answered": 0, "percentage": 0}, "total_answered": 0, "total_percentage": 0}	342	613	251	\N
277	2023-10-11 14:32:04.610778+00	{"46": {"15": {"name": "None", "answered": 0, "quotation": 0, "percentage": 0}, "16": {"name": "Fumadores", "answered": 0, "quotation": 0, "percentage": 0}, "17": {"name": "None", "answered": 0, "quotation": 0, "percentage": 0}, "18": {"40": {"name": "Fumar", "answered": 0, "quotation": 0, "percentage": 0}, "name": "None", "answered": 0, "quotation": 0, "percentage": 0}, "name": "None", "answered": 0, "percentage": 0}, "47": {"19": {"41": {"113": {"name": "MentHA-Risk-section", "answered": 1, "quotation": 5, "percentage": 100}, "name": "MentHA-Risk-dimension", "answered": 1, "quotation": 0, "percentage": 100}, "name": "MentHA-Risk-instrument", "answered": 1, "quotation": 0, "percentage": 100}, "name": "MentHA-Risk-area", "answered": 1, "percentage": 100}, "total_answered": 1, "total_percentage": 100}	167	271	108	\N
314	2023-12-13 15:33:57.579563+00	{"78": {"24": {"46": {"118": {"name": "None", "answered": 0, "quotation": 0, "percentage": 0}, "name": "None", "answered": 0, "quotation": 0, "percentage": 0}, "name": "None", "answered": 0, "quotation": 0, "percentage": 0}, "name": "Questionrio Sociodemogrfico", "answered": 0, "percentage": 0}, "total_answered": 0, "total_percentage": 0}	3	308	129	\N
496	2024-03-29 20:53:01.418929+00	{"46": {"15": {"name": "None", "answered": 0, "quotation": 0, "percentage": 0}, "16": {"name": "Fumadores", "answered": 0, "quotation": 0, "percentage": 0}, "17": {"name": "None", "answered": 0, "quotation": 0, "percentage": 0}, "18": {"40": {"name": "Fumar", "answered": 0, "quotation": 0, "percentage": 0}, "name": "None", "answered": 0, "quotation": 0, "percentage": 0}, "name": "None", "answered": 0, "percentage": 0}, "47": {"19": {"41": {"113": {"name": "MentHA-Risk-section", "answered": 1, "quotation": 5, "percentage": 100}, "name": "MentHA-Risk-dimension", "answered": 1, "quotation": 0, "percentage": 100}, "name": "MentHA-Risk-instrument", "answered": 1, "quotation": 0, "percentage": 100}, "name": "MentHA-Risk-area", "answered": 1, "percentage": 100}, "total_answered": 1, "total_percentage": 100}	342	490	210	\N
578	2024-03-29 21:52:00.785337+00	{"78": {"24": {"46": {"118": {"name": "None", "answered": 0, "quotation": 0, "percentage": 0}, "name": "None", "answered": 0, "quotation": 0, "percentage": 0}, "name": "None", "answered": 0, "quotation": 0, "percentage": 0}, "name": "Questionrio Sociodemogrfico", "answered": 0, "percentage": 0}, "total_answered": 0, "total_percentage": 0}	342	572	212	\N
404	2024-03-14 11:47:10.150864+00	{"78": {"24": {"46": {"118": {"name": "None", "answered": 0, "quotation": 0, "percentage": 0}, "name": "None", "answered": 0, "quotation": 0, "percentage": 0}, "name": "None", "answered": 0, "quotation": 0, "percentage": 0}, "name": "Questionrio Sociodemogrfico", "answered": 0, "percentage": 0}, "total_answered": 0, "total_percentage": 0}	3	398	121	\N
620	2024-03-29 22:20:14.654927+00	{"78": {"24": {"46": {"118": {"name": "None", "answered": 0, "quotation": 0, "percentage": 0}, "name": "None", "answered": 0, "quotation": 0, "percentage": 0}, "name": "None", "answered": 0, "quotation": 0, "percentage": 0}, "name": "Questionrio Sociodemogrfico", "answered": 0, "percentage": 0}, "total_answered": 0, "total_percentage": 0}	342	614	252	\N
278	2023-10-11 14:33:24.935814+00	{"46": {"15": {"name": "None", "answered": 0, "quotation": 0, "percentage": 0}, "16": {"name": "Fumadores", "answered": 0, "quotation": 0, "percentage": 0}, "17": {"name": "None", "answered": 0, "quotation": 0, "percentage": 0}, "18": {"40": {"name": "Fumar", "answered": 0, "quotation": 0, "percentage": 0}, "name": "None", "answered": 0, "quotation": 0, "percentage": 0}, "name": "None", "answered": 0, "percentage": 0}, "47": {"19": {"41": {"113": {"name": "MentHA-Risk-section", "answered": 1, "quotation": 3, "percentage": 100}, "name": "MentHA-Risk-dimension", "answered": 1, "quotation": 0, "percentage": 100}, "name": "MentHA-Risk-instrument", "answered": 1, "quotation": 0, "percentage": 100}, "name": "MentHA-Risk-area", "answered": 1, "percentage": 100}, "total_answered": 1, "total_percentage": 100}	167	272	106	\N
766	2024-05-28 00:46:05.236386+00	{"46": {"15": {"name": "None", "answered": 0, "quotation": 0, "percentage": 0}, "16": {"name": "Fumadores", "answered": 0, "quotation": 0, "percentage": 0}, "17": {"name": "None", "answered": 0, "quotation": 0, "percentage": 0}, "18": {"40": {"name": "Fumar", "answered": 0, "quotation": 0, "percentage": 0}, "name": "None", "answered": 0, "quotation": 0, "percentage": 0}, "name": "None", "answered": 0, "percentage": 0}, "47": {"19": {"41": {"113": {"name": "MentHA-Risk-section", "answered": 1, "quotation": 0, "percentage": 100}, "name": "MentHA-Risk-dimension", "answered": 1, "quotation": 0, "percentage": 100}, "name": "MentHA-Risk-instrument", "answered": 1, "quotation": 0, "percentage": 100}, "name": "MentHA-Risk-area", "answered": 1, "percentage": 100}, "total_answered": 1, "total_percentage": 100}	165	760	171	\N
315	2023-12-13 15:34:47.150426+00	{"28": {"10": {"30": {"106": {"name": "None", "answered": 0, "quotation": 0, "percentage": 0}, "name": "Conscincia", "answered": 0, "quotation": 0, "percentage": 0}, "31": {"107": {"name": "None", "answered": 0, "quotation": 0, "percentage": 0}, "name": "Atividade Motora", "answered": 0, "quotation": 0, "percentage": 0}, "32": {"108": {"name": "None", "answered": 0, "quotation": 0, "percentage": 0}, "name": "Humor", "answered": 0, "quotation": 0, "percentage": 0}, "name": "None", "answered": 0, "quotation": 0, "percentage": 0}, "name": "Conscincia, Humor e Comportamento", "answered": 0, "percentage": 0}, "29": {"11": {"33": {"109": {"name": "None", "answered": 0, "quotation": 0, "percentage": 0}, "name": "None", "answered": 0, "quotation": 0, "percentage": 0}, "name": "None", "answered": 0, "quotation": 0, "percentage": 0}, "name": "Cooperao dada na entrevista", "answered": 0, "percentage": 0}, "30": {"12": {"34": {"110": {"name": "None", "answered": 0, "quotation": 0, "percentage": 0}, "name": "None", "answered": 0, "quotation": 0, "percentage": 0}, "name": "None", "answered": 0, "quotation": 0, "percentage": 0}, "name": "Relao com o Avaliador", "answered": 0, "percentage": 0}, "32": {"9": {"6": {"14": {"name": "None", "answered": 0, "quotation": 0, "percentage": 0}, "name": "PANAS", "answered": 0, "quotation": 0, "percentage": 0}, "name": "PANAS", "answered": 0, "quotation": 0, "percentage": 0}, "name": "Estado de  nimo", "answered": 0, "percentage": 0}, "33": {"7": {"8": {"37": {"name": "None", "answered": 0, "quotation": 0, "percentage": 0}, "name": "None", "answered": 0, "quotation": 0, "percentage": 0}, "name": "HADS", "answered": 0, "quotation": 0, "percentage": 0}, "name": "Ansiedade e Depresso", "answered": 0, "percentage": 0}, "34": {"6": {"21": {"82": {"name": "Desenho A", "answered": 0, "quotation": 0, "percentage": 0}, "83": {"name": "Desenho B", "answered": 0, "quotation": 0, "percentage": 0}, "84": {"name": "Desenho C", "answered": 0, "quotation": 0, "percentage": 0}, "85": {"name": "Desenho D", "answered": 0, "quotation": 0, "percentage": 0}, "86": {"name": "Desenho E", "answered": 0, "quotation": 0, "percentage": 0}, "name": "Memria Visual Imediata - Figuras de Weschler", "answered": 0, "quotation": 0, "percentage": 0}, "22": {"87": {"name": "Desenho A", "answered": 0, "quotation": 0, "percentage": 0}, "88": {"name": "Desenho B", "answered": 0, "quotation": 0, "percentage": 0}, "89": {"name": "Desenho C", "answered": 0, "quotation": 0, "percentage": 0}, "90": {"name": "Desenho D", "answered": 0, "quotation": 0, "percentage": 0}, "91": {"name": "Desenho E", "answered": 0, "quotation": 0, "percentage": 0}, "name": "Memria Diferida", "answered": 0, "quotation": 0, "percentage": 0}, "23": {"92": {"name": "Trail Making Test - Parte A - Treino", "answered": 0, "quotation": 0, "percentage": 0}, "93": {"name": "Trail Making Test - Parte A - Teste", "answered": 0, "quotation": 0, "percentage": 0}, "name": "Trail Making Test - Parte A", "answered": 0, "quotation": 0, "percentage": 0}, "24": {"94": {"name": "Trail Making Test - Parte B - Treino", "answered": 0, "quotation": 0, "percentage": 0}, "95": {"name": "Trail Making Test - Parte B - Teste", "answered": 0, "quotation": 0, "percentage": 0}, "name": "Trail Making Test - Parte B", "answered": 0, "quotation": 0, "percentage": 0}, "25": {"96": {"name": "None", "answered": 0, "quotation": 0, "percentage": 0}, "name": "Gnosia - (Autotopognosia) Orientao Direita Esquerda", "answered": 0, "quotation": 0, "percentage": 0}, "26": {"97": {"name": "Provrbio A", "answered": 0, "quotation": 0, "percentage": 0}, "98": {"name": "Provrbio B", "answered": 0, "quotation": 0, "percentage": 0}, "99": {"name": "Provrbio C", "answered": 0, "quotation": 0, "percentage": 0}, "name": "Provrbios", "answered": 0, "quotation": 0, "percentage": 0}, "27": {"100": {"name": "Nomeao de Cores", "answered": 0, "quotation": 0, "percentage": 0}, "101": {"name": "Ordens", "answered": 0, "quotation": 0, "percentage": 0}, "name": "Token Test - Compreenso de ordens verbais (verso breve)", "answered": 0, "quotation": 0, "percentage": 0}, "name": "reas Complementares", "answered": 0, "quotation": 0, "percentage": 0}, "name": "Cognio", "answered": 0, "percentage": 0}, "total_answered": 0, "total_percentage": 0}	3	309	129	\N
214	2023-09-23 15:00:32+00	{"46": {"15": {"name": "None", "answered": 0, "quotation": 0, "percentage": 0}, "16": {"name": "Fumadores", "answered": 0, "quotation": 0, "percentage": 0}, "17": {"name": "None", "answered": 0, "quotation": 0, "percentage": 0}, "18": {"40": {"name": "Fumar", "answered": 0, "quotation": 0, "percentage": 0}, "name": "None", "answered": 0, "quotation": 0, "percentage": 0}, "name": "None", "answered": 0, "percentage": 0}, "47": {"19": {"41": {"113": {"name": "MentHA-Risk-section", "answered": 1, "quotation": 2, "percentage": 100}, "name": "MentHA-Risk-dimension", "answered": 1, "quotation": 0, "percentage": 100}, "name": "MentHA-Risk-instrument", "answered": 1, "quotation": 0, "percentage": 100}, "name": "MentHA-Risk-area", "answered": 1, "percentage": 100}, "total_answered": 1, "total_percentage": 100}	167	208	101	\N
332	2024-02-27 12:45:11.605207+00	{"46": {"15": {"name": "None", "answered": 0, "quotation": 0, "percentage": 0}, "16": {"name": "Fumadores", "answered": 0, "quotation": 0, "percentage": 0}, "17": {"name": "None", "answered": 0, "quotation": 0, "percentage": 0}, "18": {"40": {"name": "Fumar", "answered": 0, "quotation": 0, "percentage": 0}, "name": "None", "answered": 0, "quotation": 0, "percentage": 0}, "name": "None", "answered": 0, "percentage": 0}, "47": {"19": {"41": {"113": {"name": "MentHA-Risk-section", "answered": 0, "quotation": 0, "percentage": 0}, "name": "MentHA-Risk-dimension", "answered": 0, "quotation": 0, "percentage": 0}, "name": "MentHA-Risk-instrument", "answered": 0, "quotation": 0, "percentage": 0}, "name": "MentHA-Risk-area", "answered": 0, "percentage": 0}, "total_answered": 0, "total_percentage": 0}	3	326	144	\N
352	2024-03-13 13:57:12.74847+00	{"78": {"24": {"46": {"118": {"name": "None", "answered": 0, "quotation": 0, "percentage": 0}, "name": "None", "answered": 0, "quotation": 0, "percentage": 0}, "name": "None", "answered": 0, "quotation": 0, "percentage": 0}, "name": "Questionrio Sociodemogrfico", "answered": 0, "percentage": 0}, "total_answered": 0, "total_percentage": 0}	167	346	160	\N
621	2024-03-29 22:20:46.094861+00	{"78": {"24": {"46": {"118": {"name": "None", "answered": 0, "quotation": 0, "percentage": 0}, "name": "None", "answered": 0, "quotation": 0, "percentage": 0}, "name": "None", "answered": 0, "quotation": 0, "percentage": 0}, "name": "Questionrio Sociodemogrfico", "answered": 0, "percentage": 0}, "total_answered": 0, "total_percentage": 0}	342	615	253	\N
280	2023-10-11 14:37:22.463143+00	{"46": {"15": {"name": "None", "answered": 0, "quotation": 0, "percentage": 0}, "16": {"name": "Fumadores", "answered": 0, "quotation": 0, "percentage": 0}, "17": {"name": "None", "answered": 0, "quotation": 0, "percentage": 0}, "18": {"40": {"name": "Fumar", "answered": 0, "quotation": 0, "percentage": 0}, "name": "None", "answered": 0, "quotation": 0, "percentage": 0}, "name": "None", "answered": 0, "percentage": 0}, "47": {"19": {"41": {"113": {"name": "MentHA-Risk-section", "answered": 1, "quotation": 2, "percentage": 100}, "name": "MentHA-Risk-dimension", "answered": 1, "quotation": 0, "percentage": 100}, "name": "MentHA-Risk-instrument", "answered": 1, "quotation": 0, "percentage": 100}, "name": "MentHA-Risk-area", "answered": 1, "percentage": 100}, "total_answered": 1, "total_percentage": 100}	167	274	104	\N
204	2023-09-23 14:17:56+00	{"46": {"15": {"name": "None", "answered": 0, "quotation": 0, "percentage": 0}, "16": {"name": "Fumadores", "answered": 0, "quotation": 0, "percentage": 0}, "17": {"name": "None", "answered": 0, "quotation": 0, "percentage": 0}, "18": {"40": {"name": "Fumar", "answered": 0, "quotation": 0, "percentage": 0}, "name": "None", "answered": 0, "quotation": 0, "percentage": 0}, "name": "None", "answered": 0, "percentage": 0}, "47": {"19": {"41": {"113": {"name": "MentHA-Risk-section", "answered": 1, "quotation": 1, "percentage": 100}, "name": "MentHA-Risk-dimension", "answered": 1, "quotation": 0, "percentage": 100}, "name": "MentHA-Risk-instrument", "answered": 1, "quotation": 0, "percentage": 100}, "name": "MentHA-Risk-area", "answered": 1, "percentage": 100}, "total_answered": 1, "total_percentage": 100}	167	198	91	\N
622	2024-03-29 22:21:12.631739+00	{"78": {"24": {"46": {"118": {"name": "None", "answered": 0, "quotation": 0, "percentage": 0}, "name": "None", "answered": 0, "quotation": 0, "percentage": 0}, "name": "None", "answered": 0, "quotation": 0, "percentage": 0}, "name": "Questionrio Sociodemogrfico", "answered": 0, "percentage": 0}, "total_answered": 0, "total_percentage": 0}	342	616	254	\N
325	2024-01-24 14:15:44.317719+00	{"78": {"24": {"46": {"118": {"name": "None", "answered": 0, "quotation": 0, "percentage": 0}, "name": "None", "answered": 0, "quotation": 0, "percentage": 0}, "name": "None", "answered": 0, "quotation": 0, "percentage": 0}, "name": "Questionrio Sociodemogrfico", "answered": 0, "percentage": 0}, "total_answered": 0, "total_percentage": 0}	167	319	101	\N
354	2024-03-13 15:07:54.255891+00	{"78": {"24": {"46": {"118": {"name": "None", "answered": 0, "quotation": 0, "percentage": 0}, "name": "None", "answered": 0, "quotation": 0, "percentage": 0}, "name": "None", "answered": 0, "quotation": 0, "percentage": 0}, "name": "Questionrio Sociodemogrfico", "answered": 0, "percentage": 0}, "total_answered": 0, "total_percentage": 0}	167	348	161	\N
579	2024-03-29 21:52:43.699101+00	{"78": {"24": {"46": {"118": {"name": "None", "answered": 0, "quotation": 0, "percentage": 0}, "name": "None", "answered": 0, "quotation": 0, "percentage": 0}, "name": "None", "answered": 0, "quotation": 0, "percentage": 0}, "name": "Questionrio Sociodemogrfico", "answered": 0, "percentage": 0}, "total_answered": 0, "total_percentage": 0}	342	573	213	\N
281	2023-10-11 14:40:28.383848+00	{"46": {"15": {"name": "None", "answered": 0, "quotation": 0, "percentage": 0}, "16": {"name": "Fumadores", "answered": 0, "quotation": 0, "percentage": 0}, "17": {"name": "None", "answered": 0, "quotation": 0, "percentage": 0}, "18": {"40": {"name": "Fumar", "answered": 0, "quotation": 0, "percentage": 0}, "name": "None", "answered": 0, "quotation": 0, "percentage": 0}, "name": "None", "answered": 0, "percentage": 0}, "47": {"19": {"41": {"113": {"name": "MentHA-Risk-section", "answered": 1, "quotation": 1, "percentage": 100}, "name": "MentHA-Risk-dimension", "answered": 1, "quotation": 0, "percentage": 100}, "name": "MentHA-Risk-instrument", "answered": 1, "quotation": 0, "percentage": 100}, "name": "MentHA-Risk-area", "answered": 1, "percentage": 100}, "total_answered": 1, "total_percentage": 100}	167	275	102	\N
356	2024-03-13 15:15:10.85504+00	{"78": {"24": {"46": {"118": {"name": "None", "answered": 0, "quotation": 0, "percentage": 0}, "name": "None", "answered": 0, "quotation": 0, "percentage": 0}, "name": "None", "answered": 0, "quotation": 0, "percentage": 0}, "name": "Questionrio Sociodemogrfico", "answered": 0, "percentage": 0}, "total_answered": 0, "total_percentage": 0}	167	350	162	\N
317	2023-12-18 11:12:41.742577+00	{"78": {"24": {"46": {"118": {"name": "None", "answered": 0, "quotation": 0, "percentage": 0}, "name": "None", "answered": 0, "quotation": 0, "percentage": 0}, "name": "None", "answered": 0, "quotation": 0, "percentage": 0}, "name": "Questionrio Sociodemogrfico", "answered": 0, "percentage": 0}, "total_answered": 0, "total_percentage": 0}	3	311	154	\N
767	2024-05-28 00:51:52.616027+00	{"46": {"15": {"name": "None", "answered": 0, "quotation": 0, "percentage": 0}, "16": {"name": "Fumadores", "answered": 0, "quotation": 0, "percentage": 0}, "17": {"name": "None", "answered": 0, "quotation": 0, "percentage": 0}, "18": {"40": {"name": "Fumar", "answered": 0, "quotation": 0, "percentage": 0}, "name": "None", "answered": 0, "quotation": 0, "percentage": 0}, "name": "None", "answered": 0, "percentage": 0}, "47": {"19": {"41": {"113": {"name": "MentHA-Risk-section", "answered": 1, "quotation": 4, "percentage": 100}, "name": "MentHA-Risk-dimension", "answered": 1, "quotation": 0, "percentage": 100}, "name": "MentHA-Risk-instrument", "answered": 1, "quotation": 0, "percentage": 100}, "name": "MentHA-Risk-area", "answered": 1, "percentage": 100}, "total_answered": 1, "total_percentage": 100}	165	761	103	\N
580	2024-03-29 21:53:10.376806+00	{"78": {"24": {"46": {"118": {"name": "None", "answered": 0, "quotation": 0, "percentage": 0}, "name": "None", "answered": 0, "quotation": 0, "percentage": 0}, "name": "None", "answered": 0, "quotation": 0, "percentage": 0}, "name": "Questionrio Sociodemogrfico", "answered": 0, "percentage": 0}, "total_answered": 0, "total_percentage": 0}	342	574	214	\N
425	2024-03-14 12:59:03.505556+00	{"46": {"15": {"name": "None", "answered": 0, "quotation": 0, "percentage": 0}, "16": {"name": "Fumadores", "answered": 0, "quotation": 0, "percentage": 0}, "17": {"name": "None", "answered": 0, "quotation": 0, "percentage": 0}, "18": {"40": {"name": "Fumar", "answered": 0, "quotation": 0, "percentage": 0}, "name": "None", "answered": 0, "quotation": 0, "percentage": 0}, "name": "None", "answered": 0, "percentage": 0}, "47": {"19": {"41": {"113": {"name": "MentHA-Risk-section", "answered": 1, "quotation": 15, "percentage": 100}, "name": "MentHA-Risk-dimension", "answered": 1, "quotation": 0, "percentage": 100}, "name": "MentHA-Risk-instrument", "answered": 1, "quotation": 0, "percentage": 100}, "name": "MentHA-Risk-area", "answered": 1, "percentage": 100}, "total_answered": 1, "total_percentage": 100}	3	419	115	\N
623	2024-03-29 22:21:36.934319+00	{"78": {"24": {"46": {"118": {"name": "None", "answered": 0, "quotation": 0, "percentage": 0}, "name": "None", "answered": 0, "quotation": 0, "percentage": 0}, "name": "None", "answered": 0, "quotation": 0, "percentage": 0}, "name": "Questionrio Sociodemogrfico", "answered": 0, "percentage": 0}, "total_answered": 0, "total_percentage": 0}	342	617	255	\N
672	2024-05-20 13:52:27.947284+00	{"78": {"24": {"46": {"118": {"name": "None", "answered": 0, "quotation": 0, "percentage": 0}, "name": "None", "answered": 0, "quotation": 0, "percentage": 0}, "name": "None", "answered": 0, "quotation": 0, "percentage": 0}, "name": "Questionrio Sociodemogrfico", "answered": 0, "percentage": 0}, "total_answered": 0, "total_percentage": 0}	265	666	269	\N
650	2024-04-19 09:21:30.005865+00	{"46": {"15": {"name": "None", "answered": 0, "quotation": 0, "percentage": 0}, "16": {"name": "Fumadores", "answered": 0, "quotation": 0, "percentage": 0}, "17": {"name": "None", "answered": 0, "quotation": 0, "percentage": 0}, "18": {"40": {"name": "Fumar", "answered": 0, "quotation": 0, "percentage": 0}, "name": "None", "answered": 0, "quotation": 0, "percentage": 0}, "name": "None", "answered": 0, "percentage": 0}, "47": {"19": {"41": {"113": {"name": "MentHA-Risk-section", "answered": 1, "quotation": 1, "percentage": 100}, "name": "MentHA-Risk-dimension", "answered": 1, "quotation": 0, "percentage": 100}, "name": "MentHA-Risk-instrument", "answered": 1, "quotation": 0, "percentage": 100}, "name": "MentHA-Risk-area", "answered": 1, "percentage": 100}, "total_answered": 1, "total_percentage": 100}	342	644	180	\N
340	2024-03-12 11:13:03.268913+00	{"46": {"15": {"name": "None", "answered": 0, "quotation": 0, "percentage": 0}, "16": {"name": "Fumadores", "answered": 0, "quotation": 0, "percentage": 0}, "17": {"name": "None", "answered": 0, "quotation": 0, "percentage": 0}, "18": {"40": {"name": "Fumar", "answered": 0, "quotation": 0, "percentage": 0}, "name": "None", "answered": 0, "quotation": 0, "percentage": 0}, "name": "None", "answered": 0, "percentage": 0}, "47": {"19": {"41": {"113": {"name": "MentHA-Risk-section", "answered": 0, "quotation": 0, "percentage": 0}, "name": "MentHA-Risk-dimension", "answered": 0, "quotation": 0, "percentage": 0}, "name": "MentHA-Risk-instrument", "answered": 0, "quotation": 0, "percentage": 0}, "name": "MentHA-Risk-area", "answered": 0, "percentage": 0}, "total_answered": 0, "total_percentage": 0}	167	334	131	\N
444	2024-03-14 15:57:14.518343+00	{"46": {"15": {"name": "None", "answered": 0, "quotation": 0, "percentage": 0}, "16": {"name": "Fumadores", "answered": 0, "quotation": 0, "percentage": 0}, "17": {"name": "None", "answered": 0, "quotation": 0, "percentage": 0}, "18": {"40": {"name": "Fumar", "answered": 0, "quotation": 0, "percentage": 0}, "name": "None", "answered": 0, "quotation": 0, "percentage": 0}, "name": "None", "answered": 0, "percentage": 0}, "47": {"19": {"41": {"113": {"name": "MentHA-Risk-section", "answered": 1, "quotation": 0, "percentage": 100}, "name": "MentHA-Risk-dimension", "answered": 1, "quotation": 0, "percentage": 100}, "name": "MentHA-Risk-instrument", "answered": 1, "quotation": 0, "percentage": 100}, "name": "MentHA-Risk-area", "answered": 1, "percentage": 100}, "total_answered": 1, "total_percentage": 100}	3	438	125	\N
341	2024-03-12 11:25:52.455348+00	{"46": {"15": {"name": "None", "answered": 0, "quotation": 0, "percentage": 0}, "16": {"name": "Fumadores", "answered": 0, "quotation": 0, "percentage": 0}, "17": {"name": "None", "answered": 0, "quotation": 0, "percentage": 0}, "18": {"40": {"name": "Fumar", "answered": 0, "quotation": 0, "percentage": 0}, "name": "None", "answered": 0, "quotation": 0, "percentage": 0}, "name": "None", "answered": 0, "percentage": 0}, "47": {"19": {"41": {"113": {"name": "MentHA-Risk-section", "answered": 1, "quotation": 6, "percentage": 100}, "name": "MentHA-Risk-dimension", "answered": 1, "quotation": 0, "percentage": 100}, "name": "MentHA-Risk-instrument", "answered": 1, "quotation": 0, "percentage": 100}, "name": "MentHA-Risk-area", "answered": 1, "percentage": 100}, "total_answered": 1, "total_percentage": 100}	167	335	134	\N
358	2024-03-13 15:22:22.906592+00	{"78": {"24": {"46": {"118": {"name": "None", "answered": 0, "quotation": 0, "percentage": 0}, "name": "None", "answered": 0, "quotation": 0, "percentage": 0}, "name": "None", "answered": 0, "quotation": 0, "percentage": 0}, "name": "Questionrio Sociodemogrfico", "answered": 0, "percentage": 0}, "total_answered": 0, "total_percentage": 0}	167	352	163	\N
406	2024-03-14 11:53:49.779556+00	{"46": {"15": {"name": "None", "answered": 0, "quotation": 0, "percentage": 0}, "16": {"name": "Fumadores", "answered": 0, "quotation": 0, "percentage": 0}, "17": {"name": "None", "answered": 0, "quotation": 0, "percentage": 0}, "18": {"40": {"name": "Fumar", "answered": 0, "quotation": 0, "percentage": 0}, "name": "None", "answered": 0, "quotation": 0, "percentage": 0}, "name": "None", "answered": 0, "percentage": 0}, "47": {"19": {"41": {"113": {"name": "MentHA-Risk-section", "answered": 1, "quotation": 10, "percentage": 100}, "name": "MentHA-Risk-dimension", "answered": 1, "quotation": 0, "percentage": 100}, "name": "MentHA-Risk-instrument", "answered": 1, "quotation": 0, "percentage": 100}, "name": "MentHA-Risk-area", "answered": 1, "percentage": 100}, "total_answered": 1, "total_percentage": 100}	3	400	121	\N
426	2024-03-14 13:02:38.458155+00	{"46": {"15": {"name": "None", "answered": 0, "quotation": 0, "percentage": 0}, "16": {"name": "Fumadores", "answered": 0, "quotation": 0, "percentage": 0}, "17": {"name": "None", "answered": 0, "quotation": 0, "percentage": 0}, "18": {"40": {"name": "Fumar", "answered": 0, "quotation": 0, "percentage": 0}, "name": "None", "answered": 0, "quotation": 0, "percentage": 0}, "name": "None", "answered": 0, "percentage": 0}, "47": {"19": {"41": {"113": {"name": "MentHA-Risk-section", "answered": 1, "quotation": 12, "percentage": 100}, "name": "MentHA-Risk-dimension", "answered": 1, "quotation": 0, "percentage": 100}, "name": "MentHA-Risk-instrument", "answered": 1, "quotation": 0, "percentage": 100}, "name": "MentHA-Risk-area", "answered": 1, "percentage": 100}, "total_answered": 1, "total_percentage": 100}	3	420	115	\N
624	2024-03-29 22:22:03.105549+00	{"78": {"24": {"46": {"118": {"name": "None", "answered": 0, "quotation": 0, "percentage": 0}, "name": "None", "answered": 0, "quotation": 0, "percentage": 0}, "name": "None", "answered": 0, "quotation": 0, "percentage": 0}, "name": "Questionrio Sociodemogrfico", "answered": 0, "percentage": 0}, "total_answered": 0, "total_percentage": 0}	342	618	256	\N
477	2024-03-29 20:38:24.045999+00	{"46": {"15": {"name": "None", "answered": 0, "quotation": 0, "percentage": 0}, "16": {"name": "Fumadores", "answered": 0, "quotation": 0, "percentage": 0}, "17": {"name": "None", "answered": 0, "quotation": 0, "percentage": 0}, "18": {"40": {"name": "Fumar", "answered": 0, "quotation": 0, "percentage": 0}, "name": "None", "answered": 0, "quotation": 0, "percentage": 0}, "name": "None", "answered": 0, "percentage": 0}, "47": {"19": {"41": {"113": {"name": "MentHA-Risk-section", "answered": 1, "quotation": 3, "percentage": 100}, "name": "MentHA-Risk-dimension", "answered": 1, "quotation": 0, "percentage": 100}, "name": "MentHA-Risk-instrument", "answered": 1, "quotation": 0, "percentage": 100}, "name": "MentHA-Risk-area", "answered": 1, "percentage": 100}, "total_answered": 1, "total_percentage": 100}	342	471	193	\N
296	2023-10-23 12:51:52.0584+00	{"46": {"15": {"name": "None", "answered": 0, "quotation": 0, "percentage": 0}, "16": {"name": "Fumadores", "answered": 0, "quotation": 0, "percentage": 0}, "17": {"name": "None", "answered": 0, "quotation": 0, "percentage": 0}, "18": {"40": {"name": "Fumar", "answered": 0, "quotation": 0, "percentage": 0}, "name": "None", "answered": 0, "quotation": 0, "percentage": 0}, "name": "None", "answered": 0, "percentage": 0}, "47": {"19": {"41": {"113": {"name": "MentHA-Risk-section", "answered": 1, "quotation": 35, "percentage": 100}, "name": "MentHA-Risk-dimension", "answered": 1, "quotation": 0, "percentage": 100}, "name": "MentHA-Risk-instrument", "answered": 1, "quotation": 0, "percentage": 100}, "name": "MentHA-Risk-area", "answered": 1, "percentage": 100}, "total_answered": 1, "total_percentage": 100}	246	290	136	\N
360	2024-03-13 15:28:44.833056+00	{"78": {"24": {"46": {"118": {"name": "None", "answered": 0, "quotation": 0, "percentage": 0}, "name": "None", "answered": 0, "quotation": 0, "percentage": 0}, "name": "None", "answered": 0, "quotation": 0, "percentage": 0}, "name": "Questionrio Sociodemogrfico", "answered": 0, "percentage": 0}, "total_answered": 0, "total_percentage": 0}	167	354	164	\N
405	2024-03-14 11:50:22.752445+00	{"46": {"15": {"name": "None", "answered": 0, "quotation": 0, "percentage": 0}, "16": {"name": "Fumadores", "answered": 0, "quotation": 0, "percentage": 0}, "17": {"name": "None", "answered": 0, "quotation": 0, "percentage": 0}, "18": {"40": {"name": "Fumar", "answered": 0, "quotation": 0, "percentage": 0}, "name": "None", "answered": 0, "quotation": 0, "percentage": 0}, "name": "None", "answered": 0, "percentage": 0}, "47": {"19": {"41": {"113": {"name": "MentHA-Risk-section", "answered": 1, "quotation": 10, "percentage": 100}, "name": "MentHA-Risk-dimension", "answered": 1, "quotation": 0, "percentage": 100}, "name": "MentHA-Risk-instrument", "answered": 1, "quotation": 0, "percentage": 100}, "name": "MentHA-Risk-area", "answered": 1, "percentage": 100}, "total_answered": 1, "total_percentage": 100}	3	399	121	\N
427	2024-03-14 14:41:54.05891+00	{"78": {"24": {"46": {"118": {"name": "None", "answered": 0, "quotation": 0, "percentage": 0}, "name": "None", "answered": 0, "quotation": 0, "percentage": 0}, "name": "None", "answered": 0, "quotation": 0, "percentage": 0}, "name": "Questionrio Sociodemogrfico", "answered": 0, "percentage": 0}, "total_answered": 0, "total_percentage": 0}	3	421	135	\N
445	2024-03-14 16:02:59.36875+00	{"78": {"24": {"46": {"118": {"name": "None", "answered": 0, "quotation": 0, "percentage": 0}, "name": "None", "answered": 0, "quotation": 0, "percentage": 0}, "name": "None", "answered": 0, "quotation": 0, "percentage": 0}, "name": "Questionrio Sociodemogrfico", "answered": 0, "percentage": 0}, "total_answered": 0, "total_percentage": 0}	3	439	123	\N
581	2024-03-29 21:53:40.285417+00	{"78": {"24": {"46": {"118": {"name": "None", "answered": 0, "quotation": 0, "percentage": 0}, "name": "None", "answered": 0, "quotation": 0, "percentage": 0}, "name": "None", "answered": 0, "quotation": 0, "percentage": 0}, "name": "Questionrio Sociodemogrfico", "answered": 0, "percentage": 0}, "total_answered": 0, "total_percentage": 0}	342	575	215	\N
343	2024-03-12 13:40:07.833002+00	{"46": {"15": {"name": "None", "answered": 0, "quotation": 0, "percentage": 0}, "16": {"name": "Fumadores", "answered": 0, "quotation": 0, "percentage": 0}, "17": {"name": "None", "answered": 0, "quotation": 0, "percentage": 0}, "18": {"40": {"name": "Fumar", "answered": 0, "quotation": 0, "percentage": 0}, "name": "None", "answered": 0, "quotation": 0, "percentage": 0}, "name": "None", "answered": 0, "percentage": 0}, "47": {"19": {"41": {"113": {"name": "MentHA-Risk-section", "answered": 1, "quotation": 0, "percentage": 100}, "name": "MentHA-Risk-dimension", "answered": 1, "quotation": 0, "percentage": 100}, "name": "MentHA-Risk-instrument", "answered": 1, "quotation": 0, "percentage": 100}, "name": "MentHA-Risk-area", "answered": 1, "percentage": 100}, "total_answered": 1, "total_percentage": 100}	246	337	146	\N
362	2024-03-13 15:35:53.859818+00	{"78": {"24": {"46": {"118": {"name": "None", "answered": 0, "quotation": 0, "percentage": 0}, "name": "None", "answered": 0, "quotation": 0, "percentage": 0}, "name": "None", "answered": 0, "quotation": 0, "percentage": 0}, "name": "Questionrio Sociodemogrfico", "answered": 0, "percentage": 0}, "total_answered": 0, "total_percentage": 0}	167	356	165	\N
407	2024-03-14 11:58:42.806724+00	{"78": {"24": {"46": {"118": {"name": "None", "answered": 0, "quotation": 0, "percentage": 0}, "name": "None", "answered": 0, "quotation": 0, "percentage": 0}, "name": "None", "answered": 0, "quotation": 0, "percentage": 0}, "name": "Questionrio Sociodemogrfico", "answered": 0, "percentage": 0}, "total_answered": 0, "total_percentage": 0}	3	401	108	\N
428	2024-03-14 14:43:07.446725+00	{"46": {"15": {"name": "None", "answered": 0, "quotation": 0, "percentage": 0}, "16": {"name": "Fumadores", "answered": 0, "quotation": 0, "percentage": 0}, "17": {"name": "None", "answered": 0, "quotation": 0, "percentage": 0}, "18": {"40": {"name": "Fumar", "answered": 0, "quotation": 0, "percentage": 0}, "name": "None", "answered": 0, "quotation": 0, "percentage": 0}, "name": "None", "answered": 0, "percentage": 0}, "47": {"19": {"41": {"113": {"name": "MentHA-Risk-section", "answered": 1, "quotation": 11, "percentage": 100}, "name": "MentHA-Risk-dimension", "answered": 1, "quotation": 0, "percentage": 100}, "name": "MentHA-Risk-instrument", "answered": 1, "quotation": 0, "percentage": 100}, "name": "MentHA-Risk-area", "answered": 1, "percentage": 100}, "total_answered": 1, "total_percentage": 100}	3	422	135	\N
625	2024-03-29 22:22:25.119507+00	{"78": {"24": {"46": {"118": {"name": "None", "answered": 0, "quotation": 0, "percentage": 0}, "name": "None", "answered": 0, "quotation": 0, "percentage": 0}, "name": "None", "answered": 0, "quotation": 0, "percentage": 0}, "name": "Questionrio Sociodemogrfico", "answered": 0, "percentage": 0}, "total_answered": 0, "total_percentage": 0}	342	619	257	\N
459	2024-03-14 16:56:48.794949+00	{"78": {"24": {"46": {"118": {"name": "None", "answered": 0, "quotation": 0, "percentage": 0}, "name": "None", "answered": 0, "quotation": 0, "percentage": 0}, "name": "None", "answered": 0, "quotation": 0, "percentage": 0}, "name": "Questionrio Sociodemogrfico", "answered": 0, "percentage": 0}, "total_answered": 0, "total_percentage": 0}	3	453	179	\N
582	2024-03-29 21:54:24.090387+00	{"78": {"24": {"46": {"118": {"name": "None", "answered": 0, "quotation": 0, "percentage": 0}, "name": "None", "answered": 0, "quotation": 0, "percentage": 0}, "name": "None", "answered": 0, "quotation": 0, "percentage": 0}, "name": "Questionrio Sociodemogrfico", "answered": 0, "percentage": 0}, "total_answered": 0, "total_percentage": 0}	342	576	225	\N
673	2024-05-20 13:52:34.615437+00	{"46": {"15": {"name": "None", "answered": 0, "quotation": 0, "percentage": 0}, "16": {"name": "Fumadores", "answered": 0, "quotation": 0, "percentage": 0}, "17": {"name": "None", "answered": 0, "quotation": 0, "percentage": 0}, "18": {"40": {"name": "Fumar", "answered": 0, "quotation": 0, "percentage": 0}, "name": "None", "answered": 0, "quotation": 0, "percentage": 0}, "name": "None", "answered": 0, "percentage": 0}, "47": {"19": {"41": {"113": {"name": "MentHA-Risk-section", "answered": 1, "quotation": 7, "percentage": 100}, "name": "MentHA-Risk-dimension", "answered": 1, "quotation": 0, "percentage": 100}, "name": "MentHA-Risk-instrument", "answered": 1, "quotation": 0, "percentage": 100}, "name": "MentHA-Risk-area", "answered": 1, "percentage": 100}, "total_answered": 1, "total_percentage": 100}	265	667	269	\N
344	2024-03-12 13:41:43.38056+00	{"46": {"15": {"name": "None", "answered": 0, "quotation": 0, "percentage": 0}, "16": {"name": "Fumadores", "answered": 0, "quotation": 0, "percentage": 0}, "17": {"name": "None", "answered": 0, "quotation": 0, "percentage": 0}, "18": {"40": {"name": "Fumar", "answered": 0, "quotation": 0, "percentage": 0}, "name": "None", "answered": 0, "quotation": 0, "percentage": 0}, "name": "None", "answered": 0, "percentage": 0}, "47": {"19": {"41": {"113": {"name": "MentHA-Risk-section", "answered": 1, "quotation": 0, "percentage": 100}, "name": "MentHA-Risk-dimension", "answered": 1, "quotation": 0, "percentage": 100}, "name": "MentHA-Risk-instrument", "answered": 1, "quotation": 0, "percentage": 100}, "name": "MentHA-Risk-area", "answered": 1, "percentage": 100}, "total_answered": 1, "total_percentage": 100}	246	338	159	\N
345	2024-03-12 16:21:24.781743+00	{"46": {"15": {"name": "None", "answered": 0, "quotation": 0, "percentage": 0}, "16": {"name": "Fumadores", "answered": 0, "quotation": 0, "percentage": 0}, "17": {"name": "None", "answered": 0, "quotation": 0, "percentage": 0}, "18": {"40": {"name": "Fumar", "answered": 0, "quotation": 0, "percentage": 0}, "name": "None", "answered": 0, "quotation": 0, "percentage": 0}, "name": "None", "answered": 0, "percentage": 0}, "47": {"19": {"41": {"113": {"name": "MentHA-Risk-section", "answered": 1, "quotation": 0, "percentage": 100}, "name": "MentHA-Risk-dimension", "answered": 1, "quotation": 0, "percentage": 100}, "name": "MentHA-Risk-instrument", "answered": 1, "quotation": 0, "percentage": 100}, "name": "MentHA-Risk-area", "answered": 1, "percentage": 100}, "total_answered": 1, "total_percentage": 100}	167	339	134	\N
365	2024-03-13 15:55:41.328716+00	{"78": {"24": {"46": {"118": {"name": "None", "answered": 0, "quotation": 0, "percentage": 0}, "name": "None", "answered": 0, "quotation": 0, "percentage": 0}, "name": "None", "answered": 0, "quotation": 0, "percentage": 0}, "name": "Questionrio Sociodemogrfico", "answered": 0, "percentage": 0}, "total_answered": 0, "total_percentage": 0}	167	359	167	\N
346	2024-03-13 12:13:54.60003+00	{"46": {"15": {"name": "None", "answered": 0, "quotation": 0, "percentage": 0}, "16": {"name": "Fumadores", "answered": 0, "quotation": 0, "percentage": 0}, "17": {"name": "None", "answered": 0, "quotation": 0, "percentage": 0}, "18": {"40": {"name": "Fumar", "answered": 0, "quotation": 0, "percentage": 0}, "name": "None", "answered": 0, "quotation": 0, "percentage": 0}, "name": "None", "answered": 0, "percentage": 0}, "47": {"19": {"41": {"113": {"name": "MentHA-Risk-section", "answered": 1, "quotation": 8, "percentage": 100}, "name": "MentHA-Risk-dimension", "answered": 1, "quotation": 0, "percentage": 100}, "name": "MentHA-Risk-instrument", "answered": 1, "quotation": 0, "percentage": 100}, "name": "MentHA-Risk-area", "answered": 1, "percentage": 100}, "total_answered": 1, "total_percentage": 100}	3	340	105	\N
408	2024-03-14 12:00:58.110762+00	{"46": {"15": {"name": "None", "answered": 0, "quotation": 0, "percentage": 0}, "16": {"name": "Fumadores", "answered": 0, "quotation": 0, "percentage": 0}, "17": {"name": "None", "answered": 0, "quotation": 0, "percentage": 0}, "18": {"40": {"name": "Fumar", "answered": 0, "quotation": 0, "percentage": 0}, "name": "None", "answered": 0, "quotation": 0, "percentage": 0}, "name": "None", "answered": 0, "percentage": 0}, "47": {"19": {"41": {"113": {"name": "MentHA-Risk-section", "answered": 1, "quotation": 5, "percentage": 100}, "name": "MentHA-Risk-dimension", "answered": 1, "quotation": 0, "percentage": 100}, "name": "MentHA-Risk-instrument", "answered": 1, "quotation": 0, "percentage": 100}, "name": "MentHA-Risk-area", "answered": 1, "percentage": 100}, "total_answered": 1, "total_percentage": 100}	3	402	108	\N
429	2024-03-14 14:50:49.704144+00	{"78": {"24": {"46": {"118": {"name": "None", "answered": 0, "quotation": 0, "percentage": 0}, "name": "None", "answered": 0, "quotation": 0, "percentage": 0}, "name": "None", "answered": 0, "quotation": 0, "percentage": 0}, "name": "Questionrio Sociodemogrfico", "answered": 0, "percentage": 0}, "total_answered": 0, "total_percentage": 0}	3	423	83	\N
583	2024-03-29 21:54:49.039055+00	{"78": {"24": {"46": {"118": {"name": "None", "answered": 0, "quotation": 0, "percentage": 0}, "name": "None", "answered": 0, "quotation": 0, "percentage": 0}, "name": "None", "answered": 0, "quotation": 0, "percentage": 0}, "name": "Questionrio Sociodemogrfico", "answered": 0, "percentage": 0}, "total_answered": 0, "total_percentage": 0}	342	577	226	\N
626	2024-03-29 22:22:58.24228+00	{"78": {"24": {"46": {"118": {"name": "None", "answered": 0, "quotation": 0, "percentage": 0}, "name": "None", "answered": 0, "quotation": 0, "percentage": 0}, "name": "None", "answered": 0, "quotation": 0, "percentage": 0}, "name": "Questionrio Sociodemogrfico", "answered": 0, "percentage": 0}, "total_answered": 0, "total_percentage": 0}	342	620	258	\N
347	2024-03-13 12:28:11.91638+00	{"46": {"15": {"name": "None", "answered": 0, "quotation": 0, "percentage": 0}, "16": {"name": "Fumadores", "answered": 0, "quotation": 0, "percentage": 0}, "17": {"name": "None", "answered": 0, "quotation": 0, "percentage": 0}, "18": {"40": {"name": "Fumar", "answered": 0, "quotation": 0, "percentage": 0}, "name": "None", "answered": 0, "quotation": 0, "percentage": 0}, "name": "None", "answered": 0, "percentage": 0}, "47": {"19": {"41": {"113": {"name": "MentHA-Risk-section", "answered": 1, "quotation": 0, "percentage": 100}, "name": "MentHA-Risk-dimension", "answered": 1, "quotation": 0, "percentage": 100}, "name": "MentHA-Risk-instrument", "answered": 1, "quotation": 0, "percentage": 100}, "name": "MentHA-Risk-area", "answered": 1, "percentage": 100}, "total_answered": 1, "total_percentage": 100}	167	341	102	\N
198	2023-09-22 11:09:33+00	{"46": {"15": {"name": "None", "answered": 0, "quotation": 0, "percentage": 0}, "16": {"name": "Fumadores", "answered": 0, "quotation": 0, "percentage": 0}, "17": {"name": "None", "answered": 0, "quotation": 0, "percentage": 0}, "18": {"40": {"name": "Fumar", "answered": 0, "quotation": 0, "percentage": 0}, "name": "None", "answered": 0, "quotation": 0, "percentage": 0}, "name": "None", "answered": 0, "percentage": 0}, "47": {"19": {"41": {"113": {"name": "MentHA-Risk-section", "answered": 2, "quotation": 0, "percentage": 100}, "name": "MentHA-Risk-dimension", "answered": 2, "quotation": 0, "percentage": 100}, "name": "MentHA-Risk-instrument", "answered": 2, "quotation": 0, "percentage": 100}, "name": "MentHA-Risk-area", "answered": 2, "percentage": 100}, "total_answered": 2, "total_percentage": 100}	167	192	85	\N
348	2024-03-13 12:58:25.2548+00	{"46": {"15": {"name": "None", "answered": 0, "quotation": 0, "percentage": 0}, "16": {"name": "Fumadores", "answered": 0, "quotation": 0, "percentage": 0}, "17": {"name": "None", "answered": 0, "quotation": 0, "percentage": 0}, "18": {"40": {"name": "Fumar", "answered": 0, "quotation": 0, "percentage": 0}, "name": "None", "answered": 0, "quotation": 0, "percentage": 0}, "name": "None", "answered": 0, "percentage": 0}, "47": {"19": {"41": {"113": {"name": "MentHA-Risk-section", "answered": 1, "quotation": 0, "percentage": 100}, "name": "MentHA-Risk-dimension", "answered": 1, "quotation": 0, "percentage": 100}, "name": "MentHA-Risk-instrument", "answered": 1, "quotation": 0, "percentage": 100}, "name": "MentHA-Risk-area", "answered": 1, "percentage": 100}, "total_answered": 1, "total_percentage": 100}	167	342	85	\N
349	2024-03-13 13:25:08.781047+00	{"46": {"15": {"name": "None", "answered": 0, "quotation": 0, "percentage": 0}, "16": {"name": "Fumadores", "answered": 0, "quotation": 0, "percentage": 0}, "17": {"name": "None", "answered": 0, "quotation": 0, "percentage": 0}, "18": {"40": {"name": "Fumar", "answered": 0, "quotation": 0, "percentage": 0}, "name": "None", "answered": 0, "quotation": 0, "percentage": 0}, "name": "None", "answered": 0, "percentage": 0}, "47": {"19": {"41": {"113": {"name": "MentHA-Risk-section", "answered": 1, "quotation": 4, "percentage": 100}, "name": "MentHA-Risk-dimension", "answered": 1, "quotation": 0, "percentage": 100}, "name": "MentHA-Risk-instrument", "answered": 1, "quotation": 0, "percentage": 100}, "name": "MentHA-Risk-area", "answered": 1, "percentage": 100}, "total_answered": 1, "total_percentage": 100}	3	343	85	\N
350	2024-03-13 13:33:59.158333+00	{"46": {"15": {"name": "None", "answered": 0, "quotation": 0, "percentage": 0}, "16": {"name": "Fumadores", "answered": 0, "quotation": 0, "percentage": 0}, "17": {"name": "None", "answered": 0, "quotation": 0, "percentage": 0}, "18": {"40": {"name": "Fumar", "answered": 0, "quotation": 0, "percentage": 0}, "name": "None", "answered": 0, "quotation": 0, "percentage": 0}, "name": "None", "answered": 0, "percentage": 0}, "47": {"19": {"41": {"113": {"name": "MentHA-Risk-section", "answered": 1, "quotation": 3, "percentage": 100}, "name": "MentHA-Risk-dimension", "answered": 1, "quotation": 0, "percentage": 100}, "name": "MentHA-Risk-instrument", "answered": 1, "quotation": 0, "percentage": 100}, "name": "MentHA-Risk-area", "answered": 1, "percentage": 100}, "total_answered": 1, "total_percentage": 100}	3	344	96	\N
367	2024-03-13 16:01:48.686601+00	{"78": {"24": {"46": {"118": {"name": "None", "answered": 0, "quotation": 0, "percentage": 0}, "name": "None", "answered": 0, "quotation": 0, "percentage": 0}, "name": "None", "answered": 0, "quotation": 0, "percentage": 0}, "name": "Questionrio Sociodemogrfico", "answered": 0, "percentage": 0}, "total_answered": 0, "total_percentage": 0}	167	361	168	\N
627	2024-03-29 22:23:17.990694+00	{"78": {"24": {"46": {"118": {"name": "None", "answered": 0, "quotation": 0, "percentage": 0}, "name": "None", "answered": 0, "quotation": 0, "percentage": 0}, "name": "None", "answered": 0, "quotation": 0, "percentage": 0}, "name": "Questionrio Sociodemogrfico", "answered": 0, "percentage": 0}, "total_answered": 0, "total_percentage": 0}	342	621	219	\N
369	2024-03-13 16:08:09.403173+00	{"78": {"24": {"46": {"118": {"name": "None", "answered": 0, "quotation": 0, "percentage": 0}, "name": "None", "answered": 0, "quotation": 0, "percentage": 0}, "name": "None", "answered": 0, "quotation": 0, "percentage": 0}, "name": "Questionrio Sociodemogrfico", "answered": 0, "percentage": 0}, "total_answered": 0, "total_percentage": 0}	167	363	169	\N
351	2024-03-13 13:42:59.648138+00	{"46": {"15": {"name": "None", "answered": 0, "quotation": 0, "percentage": 0}, "16": {"name": "Fumadores", "answered": 0, "quotation": 0, "percentage": 0}, "17": {"name": "None", "answered": 0, "quotation": 0, "percentage": 0}, "18": {"40": {"name": "Fumar", "answered": 0, "quotation": 0, "percentage": 0}, "name": "None", "answered": 0, "quotation": 0, "percentage": 0}, "name": "None", "answered": 0, "percentage": 0}, "47": {"19": {"41": {"113": {"name": "MentHA-Risk-section", "answered": 1, "quotation": 2, "percentage": 100}, "name": "MentHA-Risk-dimension", "answered": 1, "quotation": 0, "percentage": 100}, "name": "MentHA-Risk-instrument", "answered": 1, "quotation": 0, "percentage": 100}, "name": "MentHA-Risk-area", "answered": 1, "percentage": 100}, "total_answered": 1, "total_percentage": 100}	3	345	88	\N
768	2024-05-28 00:57:22.430974+00	{"46": {"15": {"name": "None", "answered": 0, "quotation": 0, "percentage": 0}, "16": {"name": "Fumadores", "answered": 0, "quotation": 0, "percentage": 0}, "17": {"name": "None", "answered": 0, "quotation": 0, "percentage": 0}, "18": {"40": {"name": "Fumar", "answered": 0, "quotation": 0, "percentage": 0}, "name": "None", "answered": 0, "quotation": 0, "percentage": 0}, "name": "None", "answered": 0, "percentage": 0}, "47": {"19": {"41": {"113": {"name": "MentHA-Risk-section", "answered": 1, "quotation": 2, "percentage": 100}, "name": "MentHA-Risk-dimension", "answered": 1, "quotation": 0, "percentage": 100}, "name": "MentHA-Risk-instrument", "answered": 1, "quotation": 0, "percentage": 100}, "name": "MentHA-Risk-area", "answered": 1, "percentage": 100}, "total_answered": 1, "total_percentage": 100}	165	762	88	\N
446	2024-03-14 16:03:17.426063+00	{"46": {"15": {"name": "None", "answered": 0, "quotation": 0, "percentage": 0}, "16": {"name": "Fumadores", "answered": 0, "quotation": 0, "percentage": 0}, "17": {"name": "None", "answered": 0, "quotation": 0, "percentage": 0}, "18": {"40": {"name": "Fumar", "answered": 0, "quotation": 0, "percentage": 0}, "name": "None", "answered": 0, "quotation": 0, "percentage": 0}, "name": "None", "answered": 0, "percentage": 0}, "47": {"19": {"41": {"113": {"name": "MentHA-Risk-section", "answered": 1, "quotation": 5, "percentage": 100}, "name": "MentHA-Risk-dimension", "answered": 1, "quotation": 0, "percentage": 100}, "name": "MentHA-Risk-instrument", "answered": 1, "quotation": 0, "percentage": 100}, "name": "MentHA-Risk-area", "answered": 1, "percentage": 100}, "total_answered": 1, "total_percentage": 100}	3	440	123	\N
460	2024-03-14 16:57:57.072166+00	{"46": {"15": {"name": "None", "answered": 0, "quotation": 0, "percentage": 0}, "16": {"name": "Fumadores", "answered": 0, "quotation": 0, "percentage": 0}, "17": {"name": "None", "answered": 0, "quotation": 0, "percentage": 0}, "18": {"40": {"name": "Fumar", "answered": 0, "quotation": 0, "percentage": 0}, "name": "None", "answered": 0, "quotation": 0, "percentage": 0}, "name": "None", "answered": 0, "percentage": 0}, "47": {"19": {"41": {"113": {"name": "MentHA-Risk-section", "answered": 1, "quotation": 0, "percentage": 100}, "name": "MentHA-Risk-dimension", "answered": 1, "quotation": 0, "percentage": 100}, "name": "MentHA-Risk-instrument", "answered": 1, "quotation": 0, "percentage": 100}, "name": "MentHA-Risk-area", "answered": 1, "percentage": 100}, "total_answered": 1, "total_percentage": 100}	3	454	179	\N
628	2024-03-31 16:48:01.705514+00	{"78": {"24": {"46": {"118": {"name": "None", "answered": 0, "quotation": 0, "percentage": 0}, "name": "None", "answered": 0, "quotation": 0, "percentage": 0}, "name": "None", "answered": 0, "quotation": 0, "percentage": 0}, "name": "Questionrio Sociodemogrfico", "answered": 0, "percentage": 0}, "total_answered": 0, "total_percentage": 0}	342	622	259	\N
353	2024-03-13 13:59:27.50673+00	{"46": {"15": {"name": "None", "answered": 0, "quotation": 0, "percentage": 0}, "16": {"name": "Fumadores", "answered": 0, "quotation": 0, "percentage": 0}, "17": {"name": "None", "answered": 0, "quotation": 0, "percentage": 0}, "18": {"40": {"name": "Fumar", "answered": 0, "quotation": 0, "percentage": 0}, "name": "None", "answered": 0, "quotation": 0, "percentage": 0}, "name": "None", "answered": 0, "percentage": 0}, "47": {"19": {"41": {"113": {"name": "MentHA-Risk-section", "answered": 1, "quotation": 3, "percentage": 100}, "name": "MentHA-Risk-dimension", "answered": 1, "quotation": 0, "percentage": 100}, "name": "MentHA-Risk-instrument", "answered": 1, "quotation": 0, "percentage": 100}, "name": "MentHA-Risk-area", "answered": 1, "percentage": 100}, "total_answered": 1, "total_percentage": 100}	167	347	160	\N
371	2024-03-13 16:13:55.202164+00	{"78": {"24": {"46": {"118": {"name": "None", "answered": 0, "quotation": 0, "percentage": 0}, "name": "None", "answered": 0, "quotation": 0, "percentage": 0}, "name": "None", "answered": 0, "quotation": 0, "percentage": 0}, "name": "Questionrio Sociodemogrfico", "answered": 0, "percentage": 0}, "total_answered": 0, "total_percentage": 0}	167	365	170	\N
410	2024-03-14 12:07:31.054665+00	{"78": {"24": {"46": {"118": {"name": "None", "answered": 0, "quotation": 0, "percentage": 0}, "name": "None", "answered": 0, "quotation": 0, "percentage": 0}, "name": "None", "answered": 0, "quotation": 0, "percentage": 0}, "name": "Questionrio Sociodemogrfico", "answered": 0, "percentage": 0}, "total_answered": 0, "total_percentage": 0}	3	404	106	\N
447	2024-03-14 16:08:01.626702+00	{"78": {"24": {"46": {"118": {"name": "None", "answered": 0, "quotation": 0, "percentage": 0}, "name": "None", "answered": 0, "quotation": 0, "percentage": 0}, "name": "None", "answered": 0, "quotation": 0, "percentage": 0}, "name": "Questionrio Sociodemogrfico", "answered": 0, "percentage": 0}, "total_answered": 0, "total_percentage": 0}	3	441	100	\N
461	2024-03-17 10:24:39.264235+00	{"46": {"15": {"name": "None", "answered": 0, "quotation": 0, "percentage": 0}, "16": {"name": "Fumadores", "answered": 0, "quotation": 0, "percentage": 0}, "17": {"name": "None", "answered": 0, "quotation": 0, "percentage": 0}, "18": {"40": {"name": "Fumar", "answered": 0, "quotation": 0, "percentage": 0}, "name": "None", "answered": 0, "quotation": 0, "percentage": 0}, "name": "None", "answered": 0, "percentage": 0}, "47": {"19": {"41": {"113": {"name": "MentHA-Risk-section", "answered": 0, "quotation": 0, "percentage": 0}, "name": "MentHA-Risk-dimension", "answered": 0, "quotation": 0, "percentage": 0}, "name": "MentHA-Risk-instrument", "answered": 0, "quotation": 0, "percentage": 0}, "name": "MentHA-Risk-area", "answered": 0, "percentage": 0}, "total_answered": 0, "total_percentage": 0}	167	455	163	\N
431	2024-03-14 14:52:37.094461+00	{"46": {"15": {"name": "None", "answered": 0, "quotation": 0, "percentage": 0}, "16": {"name": "Fumadores", "answered": 0, "quotation": 0, "percentage": 0}, "17": {"name": "None", "answered": 0, "quotation": 0, "percentage": 0}, "18": {"40": {"name": "Fumar", "answered": 0, "quotation": 0, "percentage": 0}, "name": "None", "answered": 0, "quotation": 0, "percentage": 0}, "name": "None", "answered": 0, "percentage": 0}, "47": {"19": {"41": {"113": {"name": "MentHA-Risk-section", "answered": 1, "quotation": 0, "percentage": 100}, "name": "MentHA-Risk-dimension", "answered": 1, "quotation": 0, "percentage": 100}, "name": "MentHA-Risk-instrument", "answered": 1, "quotation": 0, "percentage": 100}, "name": "MentHA-Risk-area", "answered": 1, "percentage": 100}, "total_answered": 1, "total_percentage": 100}	3	425	83	\N
584	2024-03-29 21:55:23.769737+00	{"78": {"24": {"46": {"118": {"name": "None", "answered": 0, "quotation": 0, "percentage": 0}, "name": "None", "answered": 0, "quotation": 0, "percentage": 0}, "name": "None", "answered": 0, "quotation": 0, "percentage": 0}, "name": "Questionrio Sociodemogrfico", "answered": 0, "percentage": 0}, "total_answered": 0, "total_percentage": 0}	342	578	216	\N
355	2024-03-13 15:10:42.373322+00	{"46": {"15": {"name": "None", "answered": 0, "quotation": 0, "percentage": 0}, "16": {"name": "Fumadores", "answered": 0, "quotation": 0, "percentage": 0}, "17": {"name": "None", "answered": 0, "quotation": 0, "percentage": 0}, "18": {"40": {"name": "Fumar", "answered": 0, "quotation": 0, "percentage": 0}, "name": "None", "answered": 0, "quotation": 0, "percentage": 0}, "name": "None", "answered": 0, "percentage": 0}, "47": {"19": {"41": {"113": {"name": "MentHA-Risk-section", "answered": 1, "quotation": 1, "percentage": 100}, "name": "MentHA-Risk-dimension", "answered": 1, "quotation": 0, "percentage": 100}, "name": "MentHA-Risk-instrument", "answered": 1, "quotation": 0, "percentage": 100}, "name": "MentHA-Risk-area", "answered": 1, "percentage": 100}, "total_answered": 1, "total_percentage": 100}	167	349	161	\N
373	2024-03-13 16:18:00.346441+00	{"78": {"24": {"46": {"118": {"name": "None", "answered": 0, "quotation": 0, "percentage": 0}, "name": "None", "answered": 0, "quotation": 0, "percentage": 0}, "name": "None", "answered": 0, "quotation": 0, "percentage": 0}, "name": "Questionrio Sociodemogrfico", "answered": 0, "percentage": 0}, "total_answered": 0, "total_percentage": 0}	167	367	171	\N
411	2024-03-14 12:08:24.349993+00	{"78": {"24": {"46": {"118": {"name": "None", "answered": 0, "quotation": 0, "percentage": 0}, "name": "None", "answered": 0, "quotation": 0, "percentage": 0}, "name": "None", "answered": 0, "quotation": 0, "percentage": 0}, "name": "Questionrio Sociodemogrfico", "answered": 0, "percentage": 0}, "total_answered": 0, "total_percentage": 0}	3	405	112	\N
659	2024-04-19 09:55:08.952827+00	{"46": {"15": {"name": "None", "answered": 0, "quotation": 0, "percentage": 0}, "16": {"name": "Fumadores", "answered": 0, "quotation": 0, "percentage": 0}, "17": {"name": "None", "answered": 0, "quotation": 0, "percentage": 0}, "18": {"40": {"name": "Fumar", "answered": 0, "quotation": 0, "percentage": 0}, "name": "None", "answered": 0, "quotation": 0, "percentage": 0}, "name": "None", "answered": 0, "percentage": 0}, "47": {"19": {"41": {"113": {"name": "MentHA-Risk-section", "answered": 1, "quotation": 0, "percentage": 100}, "name": "MentHA-Risk-dimension", "answered": 1, "quotation": 0, "percentage": 100}, "name": "MentHA-Risk-instrument", "answered": 1, "quotation": 0, "percentage": 100}, "name": "MentHA-Risk-area", "answered": 1, "percentage": 100}, "total_answered": 1, "total_percentage": 100}	342	653	196	\N
769	2024-05-28 01:00:07.384505+00	{"46": {"15": {"name": "None", "answered": 0, "quotation": 0, "percentage": 0}, "16": {"name": "Fumadores", "answered": 0, "quotation": 0, "percentage": 0}, "17": {"name": "None", "answered": 0, "quotation": 0, "percentage": 0}, "18": {"40": {"name": "Fumar", "answered": 0, "quotation": 0, "percentage": 0}, "name": "None", "answered": 0, "quotation": 0, "percentage": 0}, "name": "None", "answered": 0, "percentage": 0}, "47": {"19": {"41": {"113": {"name": "MentHA-Risk-section", "answered": 1, "quotation": 3, "percentage": 100}, "name": "MentHA-Risk-dimension", "answered": 1, "quotation": 0, "percentage": 100}, "name": "MentHA-Risk-instrument", "answered": 1, "quotation": 0, "percentage": 100}, "name": "MentHA-Risk-area", "answered": 1, "percentage": 100}, "total_answered": 1, "total_percentage": 100}	165	763	306	\N
585	2024-03-29 21:55:42.978288+00	{"78": {"24": {"46": {"118": {"name": "None", "answered": 0, "quotation": 0, "percentage": 0}, "name": "None", "answered": 0, "quotation": 0, "percentage": 0}, "name": "None", "answered": 0, "quotation": 0, "percentage": 0}, "name": "Questionrio Sociodemogrfico", "answered": 0, "percentage": 0}, "total_answered": 0, "total_percentage": 0}	342	579	217	\N
357	2024-03-13 15:17:14.076613+00	{"46": {"15": {"name": "None", "answered": 0, "quotation": 0, "percentage": 0}, "16": {"name": "Fumadores", "answered": 0, "quotation": 0, "percentage": 0}, "17": {"name": "None", "answered": 0, "quotation": 0, "percentage": 0}, "18": {"40": {"name": "Fumar", "answered": 0, "quotation": 0, "percentage": 0}, "name": "None", "answered": 0, "quotation": 0, "percentage": 0}, "name": "None", "answered": 0, "percentage": 0}, "47": {"19": {"41": {"113": {"name": "MentHA-Risk-section", "answered": 1, "quotation": 0, "percentage": 100}, "name": "MentHA-Risk-dimension", "answered": 1, "quotation": 0, "percentage": 100}, "name": "MentHA-Risk-instrument", "answered": 1, "quotation": 0, "percentage": 100}, "name": "MentHA-Risk-area", "answered": 1, "percentage": 100}, "total_answered": 1, "total_percentage": 100}	167	351	162	\N
375	2024-03-13 16:22:46.040807+00	{"78": {"24": {"46": {"118": {"name": "None", "answered": 0, "quotation": 0, "percentage": 0}, "name": "None", "answered": 0, "quotation": 0, "percentage": 0}, "name": "None", "answered": 0, "quotation": 0, "percentage": 0}, "name": "Questionrio Sociodemogrfico", "answered": 0, "percentage": 0}, "total_answered": 0, "total_percentage": 0}	167	369	172	\N
359	2024-03-13 15:24:08.441155+00	{"46": {"15": {"name": "None", "answered": 0, "quotation": 0, "percentage": 0}, "16": {"name": "Fumadores", "answered": 0, "quotation": 0, "percentage": 0}, "17": {"name": "None", "answered": 0, "quotation": 0, "percentage": 0}, "18": {"40": {"name": "Fumar", "answered": 0, "quotation": 0, "percentage": 0}, "name": "None", "answered": 0, "quotation": 0, "percentage": 0}, "name": "None", "answered": 0, "percentage": 0}, "47": {"19": {"41": {"113": {"name": "MentHA-Risk-section", "answered": 1, "quotation": 0, "percentage": 100}, "name": "MentHA-Risk-dimension", "answered": 1, "quotation": 0, "percentage": 100}, "name": "MentHA-Risk-instrument", "answered": 1, "quotation": 0, "percentage": 100}, "name": "MentHA-Risk-area", "answered": 1, "percentage": 100}, "total_answered": 1, "total_percentage": 100}	167	353	163	\N
433	2024-03-14 14:59:35.334785+00	{"78": {"24": {"46": {"118": {"name": "None", "answered": 0, "quotation": 0, "percentage": 0}, "name": "None", "answered": 0, "quotation": 0, "percentage": 0}, "name": "None", "answered": 0, "quotation": 0, "percentage": 0}, "name": "Questionrio Sociodemogrfico", "answered": 0, "percentage": 0}, "total_answered": 0, "total_percentage": 0}	3	427	134	\N
448	2024-03-14 16:11:33.724039+00	{"46": {"15": {"name": "None", "answered": 0, "quotation": 0, "percentage": 0}, "16": {"name": "Fumadores", "answered": 0, "quotation": 0, "percentage": 0}, "17": {"name": "None", "answered": 0, "quotation": 0, "percentage": 0}, "18": {"40": {"name": "Fumar", "answered": 0, "quotation": 0, "percentage": 0}, "name": "None", "answered": 0, "quotation": 0, "percentage": 0}, "name": "None", "answered": 0, "percentage": 0}, "47": {"19": {"41": {"113": {"name": "MentHA-Risk-section", "answered": 1, "quotation": 5, "percentage": 100}, "name": "MentHA-Risk-dimension", "answered": 1, "quotation": 0, "percentage": 100}, "name": "MentHA-Risk-instrument", "answered": 1, "quotation": 0, "percentage": 100}, "name": "MentHA-Risk-area", "answered": 1, "percentage": 100}, "total_answered": 1, "total_percentage": 100}	3	442	100	\N
412	2024-03-14 12:10:08.194191+00	{"46": {"15": {"name": "None", "answered": 0, "quotation": 0, "percentage": 0}, "16": {"name": "Fumadores", "answered": 0, "quotation": 0, "percentage": 0}, "17": {"name": "None", "answered": 0, "quotation": 0, "percentage": 0}, "18": {"40": {"name": "Fumar", "answered": 0, "quotation": 0, "percentage": 0}, "name": "None", "answered": 0, "quotation": 0, "percentage": 0}, "name": "None", "answered": 0, "percentage": 0}, "47": {"19": {"41": {"113": {"name": "MentHA-Risk-section", "answered": 1, "quotation": 11, "percentage": 100}, "name": "MentHA-Risk-dimension", "answered": 1, "quotation": 0, "percentage": 100}, "name": "MentHA-Risk-instrument", "answered": 1, "quotation": 0, "percentage": 100}, "name": "MentHA-Risk-area", "answered": 1, "percentage": 100}, "total_answered": 1, "total_percentage": 100}	3	406	112	\N
586	2024-03-29 21:56:13.520987+00	{"78": {"24": {"46": {"118": {"name": "None", "answered": 0, "quotation": 0, "percentage": 0}, "name": "None", "answered": 0, "quotation": 0, "percentage": 0}, "name": "None", "answered": 0, "quotation": 0, "percentage": 0}, "name": "Questionrio Sociodemogrfico", "answered": 0, "percentage": 0}, "total_answered": 0, "total_percentage": 0}	342	580	218	\N
377	2024-03-13 16:27:52.613057+00	{"78": {"24": {"46": {"118": {"name": "None", "answered": 0, "quotation": 0, "percentage": 0}, "name": "None", "answered": 0, "quotation": 0, "percentage": 0}, "name": "None", "answered": 0, "quotation": 0, "percentage": 0}, "name": "Questionrio Sociodemogrfico", "answered": 0, "percentage": 0}, "total_answered": 0, "total_percentage": 0}	167	371	173	\N
361	2024-03-13 15:30:19.587384+00	{"46": {"15": {"name": "None", "answered": 0, "quotation": 0, "percentage": 0}, "16": {"name": "Fumadores", "answered": 0, "quotation": 0, "percentage": 0}, "17": {"name": "None", "answered": 0, "quotation": 0, "percentage": 0}, "18": {"40": {"name": "Fumar", "answered": 0, "quotation": 0, "percentage": 0}, "name": "None", "answered": 0, "quotation": 0, "percentage": 0}, "name": "None", "answered": 0, "percentage": 0}, "47": {"19": {"41": {"113": {"name": "MentHA-Risk-section", "answered": 1, "quotation": 0, "percentage": 100}, "name": "MentHA-Risk-dimension", "answered": 1, "quotation": 0, "percentage": 100}, "name": "MentHA-Risk-instrument", "answered": 1, "quotation": 0, "percentage": 100}, "name": "MentHA-Risk-area", "answered": 1, "percentage": 100}, "total_answered": 1, "total_percentage": 100}	167	355	164	\N
413	2024-03-14 12:12:51.467792+00	{"46": {"15": {"name": "None", "answered": 0, "quotation": 0, "percentage": 0}, "16": {"name": "Fumadores", "answered": 0, "quotation": 0, "percentage": 0}, "17": {"name": "None", "answered": 0, "quotation": 0, "percentage": 0}, "18": {"40": {"name": "Fumar", "answered": 0, "quotation": 0, "percentage": 0}, "name": "None", "answered": 0, "quotation": 0, "percentage": 0}, "name": "None", "answered": 0, "percentage": 0}, "47": {"19": {"41": {"113": {"name": "MentHA-Risk-section", "answered": 1, "quotation": 7, "percentage": 100}, "name": "MentHA-Risk-dimension", "answered": 1, "quotation": 0, "percentage": 100}, "name": "MentHA-Risk-instrument", "answered": 1, "quotation": 0, "percentage": 100}, "name": "MentHA-Risk-area", "answered": 1, "percentage": 100}, "total_answered": 1, "total_percentage": 100}	3	407	112	\N
803	2024-06-27 15:40:57.067626+00	{"78": {"24": {"46": {"118": {"name": "None", "answered": 0, "quotation": 0, "percentage": 0}, "name": "None", "answered": 0, "quotation": 0, "percentage": 0}, "name": "None", "answered": 0, "quotation": 0, "percentage": 0}, "name": "Questionrio Sociodemogrfico", "answered": 0, "percentage": 0}, "total_answered": 0, "total_percentage": 0}	3	797	265	\N
449	2024-03-14 16:14:49.982666+00	{"78": {"24": {"46": {"118": {"name": "None", "answered": 0, "quotation": 0, "percentage": 0}, "name": "None", "answered": 0, "quotation": 0, "percentage": 0}, "name": "None", "answered": 0, "quotation": 0, "percentage": 0}, "name": "Questionrio Sociodemogrfico", "answered": 0, "percentage": 0}, "total_answered": 0, "total_percentage": 0}	3	443	126	\N
587	2024-03-29 21:56:43.023894+00	{"78": {"24": {"46": {"118": {"name": "None", "answered": 0, "quotation": 0, "percentage": 0}, "name": "None", "answered": 0, "quotation": 0, "percentage": 0}, "name": "None", "answered": 0, "quotation": 0, "percentage": 0}, "name": "Questionrio Sociodemogrfico", "answered": 0, "percentage": 0}, "total_answered": 0, "total_percentage": 0}	342	581	220	\N
630	2024-03-31 16:55:07.227838+00	{"78": {"24": {"46": {"118": {"name": "None", "answered": 0, "quotation": 0, "percentage": 0}, "name": "None", "answered": 0, "quotation": 0, "percentage": 0}, "name": "None", "answered": 0, "quotation": 0, "percentage": 0}, "name": "Questionrio Sociodemogrfico", "answered": 0, "percentage": 0}, "total_answered": 0, "total_percentage": 0}	342	624	260	\N
379	2024-03-13 16:30:13.160913+00	{"78": {"24": {"46": {"118": {"name": "None", "answered": 0, "quotation": 0, "percentage": 0}, "name": "None", "answered": 0, "quotation": 0, "percentage": 0}, "name": "None", "answered": 0, "quotation": 0, "percentage": 0}, "name": "Questionrio Sociodemogrfico", "answered": 0, "percentage": 0}, "total_answered": 0, "total_percentage": 0}	167	373	89	\N
363	2024-03-13 15:40:45.298945+00	{"46": {"15": {"name": "None", "answered": 0, "quotation": 0, "percentage": 0}, "16": {"name": "Fumadores", "answered": 0, "quotation": 0, "percentage": 0}, "17": {"name": "None", "answered": 0, "quotation": 0, "percentage": 0}, "18": {"40": {"name": "Fumar", "answered": 0, "quotation": 0, "percentage": 0}, "name": "None", "answered": 0, "quotation": 0, "percentage": 0}, "name": "None", "answered": 0, "percentage": 0}, "47": {"19": {"41": {"113": {"name": "MentHA-Risk-section", "answered": 1, "quotation": 3, "percentage": 100}, "name": "MentHA-Risk-dimension", "answered": 1, "quotation": 0, "percentage": 100}, "name": "MentHA-Risk-instrument", "answered": 1, "quotation": 0, "percentage": 100}, "name": "MentHA-Risk-area", "answered": 1, "percentage": 100}, "total_answered": 1, "total_percentage": 100}	167	357	165	\N
364	2024-03-13 15:46:37.887369+00	{"46": {"15": {"name": "None", "answered": 0, "quotation": 0, "percentage": 0}, "16": {"name": "Fumadores", "answered": 0, "quotation": 0, "percentage": 0}, "17": {"name": "None", "answered": 0, "quotation": 0, "percentage": 0}, "18": {"40": {"name": "Fumar", "answered": 0, "quotation": 0, "percentage": 0}, "name": "None", "answered": 0, "quotation": 0, "percentage": 0}, "name": "None", "answered": 0, "percentage": 0}, "47": {"19": {"41": {"113": {"name": "MentHA-Risk-section", "answered": 0, "quotation": 0, "percentage": 0}, "name": "MentHA-Risk-dimension", "answered": 0, "quotation": 0, "percentage": 0}, "name": "MentHA-Risk-instrument", "answered": 0, "quotation": 0, "percentage": 0}, "name": "MentHA-Risk-area", "answered": 0, "percentage": 0}, "total_answered": 0, "total_percentage": 0}	167	358	166	\N
414	2024-03-14 12:16:08.322559+00	{"78": {"24": {"46": {"118": {"name": "None", "answered": 0, "quotation": 0, "percentage": 0}, "name": "None", "answered": 0, "quotation": 0, "percentage": 0}, "name": "None", "answered": 0, "quotation": 0, "percentage": 0}, "name": "Questionrio Sociodemogrfico", "answered": 0, "percentage": 0}, "total_answered": 0, "total_percentage": 0}	3	408	118	\N
770	2024-05-28 01:03:36.850308+00	{"46": {"15": {"name": "None", "answered": 0, "quotation": 0, "percentage": 0}, "16": {"name": "Fumadores", "answered": 0, "quotation": 0, "percentage": 0}, "17": {"name": "None", "answered": 0, "quotation": 0, "percentage": 0}, "18": {"40": {"name": "Fumar", "answered": 0, "quotation": 0, "percentage": 0}, "name": "None", "answered": 0, "quotation": 0, "percentage": 0}, "name": "None", "answered": 0, "percentage": 0}, "47": {"19": {"41": {"113": {"name": "MentHA-Risk-section", "answered": 1, "quotation": 2, "percentage": 100}, "name": "MentHA-Risk-dimension", "answered": 1, "quotation": 0, "percentage": 100}, "name": "MentHA-Risk-instrument", "answered": 1, "quotation": 0, "percentage": 100}, "name": "MentHA-Risk-area", "answered": 1, "percentage": 100}, "total_answered": 1, "total_percentage": 100}	165	764	307	\N
804	2024-06-27 15:41:22.117991+00	{"11": {"1": {"1": {"1": {"name": "Alimentao", "answered": 0, "quotation": 0, "percentage": 0}, "2": {"name": "Higiene", "answered": 0, "quotation": 0, "percentage": 0}, "3": {"name": "Eliminao", "answered": 0, "quotation": 0, "percentage": 0}, "name": "Atividades Corporais", "answered": 0, "quotation": 0, "percentage": 0}, "2": {"5": {"name": "Transferncia (subir ou descer da cama)", "answered": 0, "quotation": 0, "percentage": 0}, "6": {"name": "Deslocao (no domicilio ou no exterior)", "answered": 0, "quotation": 0, "percentage": 0}, "7": {"name": "Espao de vida (+/- ajuda humana ou tcnica)", "answered": 0, "quotation": 0, "percentage": 0}, "name": "Atividades Motoras", "answered": 0, "quotation": 0, "percentage": 0}, "3": {"8": {"name": "Fala", "answered": 0, "quotation": 0, "percentage": 0}, "9": {"name": "Viso (+ - correo)", "answered": 0, "quotation": 0, "percentage": 0}, "10": {"name": "Audio", "answered": 0, "quotation": 0, "percentage": 0}, "name": "Atividades Sensoriais", "answered": 0, "quotation": 0, "percentage": 0}, "4": {"11": {"name": "Memria", "answered": 0, "quotation": 0, "percentage": 0}, "12": {"name": "Comportamento", "answered": 0, "quotation": 0, "percentage": 0}, "13": {"name": "Humor", "answered": 0, "quotation": 0, "percentage": 0}, "name": "Atividades Mentais", "answered": 0, "quotation": 0, "percentage": 0}, "name": "ABVD - MDA", "answered": 0, "quotation": 0, "percentage": 0}, "name": "Funcionalidade", "answered": 0, "percentage": 0}, "12": {"3": {"5": {"4": {"name": "None", "answered": 0, "quotation": 0, "percentage": 0}, "name": "None", "answered": 0, "quotation": 0, "percentage": 0}, "name": "BSI", "answered": 0, "quotation": 0, "percentage": 0}, "name": "Psicossintomatologia", "answered": 0, "percentage": 0}, "13": {"4": {"9": {"39": {"name": "Orientao (Temporal)", "answered": 0, "quotation": 0, "percentage": 0}, "40": {"name": "Ateno e Concentrao (Clculo)", "answered": 0, "quotation": 0, "percentage": 0}, "41": {"name": "Orientao (Espacial)", "answered": 0, "quotation": 0, "percentage": 0}, "57": {"name": "Ateno e Concentrao (Soletrar)", "answered": 0, "quotation": 0, "percentage": 0}, "64": {"name": "Memria", "answered": 0, "quotation": 0, "percentage": 0}, "name": "Ateno e Orientao", "answered": 0, "quotation": 0, "percentage": 0}, "10": {"45": {"name": "Memria Antergrada", "answered": 0, "quotation": 0, "percentage": 0}, "46": {"name": "Memria Retrgrada", "answered": 0, "quotation": 0, "percentage": 0}, "47": {"name": "Evocao Diferida (Intervalo Curto)", "answered": 0, "quotation": 0, "percentage": 0}, "62": {"name": "Evocao Diferida (Intervalo Longo)", "answered": 0, "quotation": 0, "percentage": 0}, "67": {"name": "Reconhecimento", "answered": 0, "quotation": 0, "percentage": 0}, "name": "Memria", "answered": 0, "quotation": 0, "percentage": 0}, "11": {"42": {"name": "Letra P", "answered": 0, "quotation": 0, "percentage": 0}, "43": {"name": "Categoria \\"Animais\\"", "answered": 0, "quotation": 0, "percentage": 0}, "name": "Fluncia", "answered": 0, "quotation": 0, "percentage": 0}, "12": {"48": {"name": "Compreenso (Carto)", "answered": 0, "quotation": 0, "percentage": 0}, "49": {"name": "Compreenso (Etapas)", "answered": 0, "quotation": 0, "percentage": 0}, "50": {"name": "Escrita", "answered": 0, "quotation": 0, "percentage": 0}, "51": {"name": "Repetio I", "answered": 0, "quotation": 0, "percentage": 0}, "52": {"name": "Repetio II", "answered": 0, "quotation": 0, "percentage": 0}, "53": {"name": "Repetio III", "answered": 0, "quotation": 0, "percentage": 0}, "54": {"name": "Nomeao", "answered": 0, "quotation": 0, "percentage": 0}, "55": {"name": "Compreenso (Figuras)", "answered": 0, "quotation": 0, "percentage": 0}, "56": {"name": "Leitura", "answered": 0, "quotation": 0, "percentage": 0}, "name": "Linguagem", "answered": 0, "quotation": 0, "percentage": 0}, "14": {"58": {"name": "Capacidade Visuo-Espacial (Pentgonos)", "answered": 0, "quotation": 0, "percentage": 0}, "59": {"name": "Capacidade Visuo-Espacial (Cubo)", "answered": 0, "quotation": 0, "percentage": 0}, "60": {"name": "Capacidade Visuo-Espacial (Relgio)", "answered": 0, "quotation": 0, "percentage": 0}, "65": {"name": "Percepo (Pontos)", "answered": 0, "quotation": 0, "percentage": 0}, "66": {"name": "Percepo (Letras)", "answered": 0, "quotation": 0, "percentage": 0}, "name": "Visuo-Espacial", "answered": 0, "quotation": 0, "percentage": 0}, "name": "ACE-R", "answered": 0, "quotation": 0, "percentage": 0}, "5": {"17": {"68": {"name": "Orientao (Temporal)", "answered": 0, "quotation": 0, "percentage": 0}, "69": {"name": "Orientao (Espacial)", "answered": 0, "quotation": 0, "percentage": 0}, "70": {"name": "Memria", "answered": 0, "quotation": 0, "percentage": 0}, "71": {"name": "Ateno e Concentrao (Clculo)", "answered": 0, "quotation": 0, "percentage": 0}, "72": {"name": "Ateno e Concentrao (Soletrar)", "answered": 0, "quotation": 0, "percentage": 0}, "name": "Ateno e Orientao", "answered": 0, "quotation": 0, "percentage": 0}, "18": {"73": {"name": "Evocao Diferida (Intervalo Curto)", "answered": 0, "quotation": 0, "percentage": 0}, "name": "Memria", "answered": 0, "quotation": 0, "percentage": 0}, "19": {"76": {"name": "Compreenso (Carto)", "answered": 0, "quotation": 0, "percentage": 0}, "77": {"name": "Compreenso (Etapas)", "answered": 0, "quotation": 0, "percentage": 0}, "78": {"name": "Escrita", "answered": 0, "quotation": 0, "percentage": 0}, "79": {"name": "Repetio III", "answered": 0, "quotation": 0, "percentage": 0}, "80": {"name": "Nomeao", "answered": 0, "quotation": 0, "percentage": 0}, "name": "Linguagem", "answered": 0, "quotation": 0, "percentage": 0}, "20": {"81": {"name": "Capacidade Visuo-Espacial (Pentgonos)", "answered": 0, "quotation": 0, "percentage": 0}, "name": "Visuo-Espacial", "answered": 0, "quotation": 0, "percentage": 0}, "name": "MMSE", "answered": 0, "quotation": 0, "percentage": 0}, "name": "Cognio", "answered": 0, "percentage": 0}, "14": {"10": {"30": {"106": {"name": "None", "answered": 0, "quotation": 0, "percentage": 0}, "name": "Conscincia", "answered": 0, "quotation": 0, "percentage": 0}, "31": {"107": {"name": "None", "answered": 0, "quotation": 0, "percentage": 0}, "name": "Atividade Motora", "answered": 0, "quotation": 0, "percentage": 0}, "32": {"108": {"name": "None", "answered": 0, "quotation": 0, "percentage": 0}, "name": "Humor", "answered": 0, "quotation": 0, "percentage": 0}, "name": "None", "answered": 0, "quotation": 0, "percentage": 0}, "name": "Conscincia, Humor e Comportamento", "answered": 0, "percentage": 0}, "15": {"11": {"33": {"109": {"name": "None", "answered": 0, "quotation": 0, "percentage": 0}, "name": "None", "answered": 0, "quotation": 0, "percentage": 0}, "name": "None", "answered": 0, "quotation": 0, "percentage": 0}, "name": "Cooperao dada na entrevista", "answered": 0, "percentage": 0}, "16": {"12": {"34": {"110": {"name": "None", "answered": 0, "quotation": 0, "percentage": 0}, "name": "None", "answered": 0, "quotation": 0, "percentage": 0}, "name": "None", "answered": 0, "quotation": 0, "percentage": 0}, "name": "Relao com o Avaliador", "answered": 0, "percentage": 0}, "total_answered": 0, "total_percentage": 0}	3	798	265	\N
588	2024-03-29 21:57:03.132004+00	{"78": {"24": {"46": {"118": {"name": "None", "answered": 0, "quotation": 0, "percentage": 0}, "name": "None", "answered": 0, "quotation": 0, "percentage": 0}, "name": "None", "answered": 0, "quotation": 0, "percentage": 0}, "name": "Questionrio Sociodemogrfico", "answered": 0, "percentage": 0}, "total_answered": 0, "total_percentage": 0}	342	582	221	\N
380	2024-03-13 16:31:26.634289+00	{"78": {"24": {"46": {"118": {"name": "None", "answered": 0, "quotation": 0, "percentage": 0}, "name": "None", "answered": 0, "quotation": 0, "percentage": 0}, "name": "None", "answered": 0, "quotation": 0, "percentage": 0}, "name": "Questionrio Sociodemogrfico", "answered": 0, "percentage": 0}, "total_answered": 0, "total_percentage": 0}	167	374	133	\N
366	2024-03-13 15:57:00.101935+00	{"46": {"15": {"name": "None", "answered": 0, "quotation": 0, "percentage": 0}, "16": {"name": "Fumadores", "answered": 0, "quotation": 0, "percentage": 0}, "17": {"name": "None", "answered": 0, "quotation": 0, "percentage": 0}, "18": {"40": {"name": "Fumar", "answered": 0, "quotation": 0, "percentage": 0}, "name": "None", "answered": 0, "quotation": 0, "percentage": 0}, "name": "None", "answered": 0, "percentage": 0}, "47": {"19": {"41": {"113": {"name": "MentHA-Risk-section", "answered": 1, "quotation": 0, "percentage": 100}, "name": "MentHA-Risk-dimension", "answered": 1, "quotation": 0, "percentage": 100}, "name": "MentHA-Risk-instrument", "answered": 1, "quotation": 0, "percentage": 100}, "name": "MentHA-Risk-area", "answered": 1, "percentage": 100}, "total_answered": 1, "total_percentage": 100}	167	360	167	\N
589	2024-03-29 21:57:38.369344+00	{"78": {"24": {"46": {"118": {"name": "None", "answered": 0, "quotation": 0, "percentage": 0}, "name": "None", "answered": 0, "quotation": 0, "percentage": 0}, "name": "None", "answered": 0, "quotation": 0, "percentage": 0}, "name": "Questionrio Sociodemogrfico", "answered": 0, "percentage": 0}, "total_answered": 0, "total_percentage": 0}	342	583	222	\N
415	2024-03-14 12:18:41.212801+00	{"46": {"15": {"name": "None", "answered": 0, "quotation": 0, "percentage": 0}, "16": {"name": "Fumadores", "answered": 0, "quotation": 0, "percentage": 0}, "17": {"name": "None", "answered": 0, "quotation": 0, "percentage": 0}, "18": {"40": {"name": "Fumar", "answered": 0, "quotation": 0, "percentage": 0}, "name": "None", "answered": 0, "quotation": 0, "percentage": 0}, "name": "None", "answered": 0, "percentage": 0}, "47": {"19": {"41": {"113": {"name": "MentHA-Risk-section", "answered": 1, "quotation": 6, "percentage": 100}, "name": "MentHA-Risk-dimension", "answered": 1, "quotation": 0, "percentage": 100}, "name": "MentHA-Risk-instrument", "answered": 1, "quotation": 0, "percentage": 100}, "name": "MentHA-Risk-area", "answered": 1, "percentage": 100}, "total_answered": 1, "total_percentage": 100}	3	409	118	\N
450	2024-03-14 16:18:06.485459+00	{"46": {"15": {"name": "None", "answered": 0, "quotation": 0, "percentage": 0}, "16": {"name": "Fumadores", "answered": 0, "quotation": 0, "percentage": 0}, "17": {"name": "None", "answered": 0, "quotation": 0, "percentage": 0}, "18": {"40": {"name": "Fumar", "answered": 0, "quotation": 0, "percentage": 0}, "name": "None", "answered": 0, "quotation": 0, "percentage": 0}, "name": "None", "answered": 0, "percentage": 0}, "47": {"19": {"41": {"113": {"name": "MentHA-Risk-section", "answered": 1, "quotation": 4, "percentage": 100}, "name": "MentHA-Risk-dimension", "answered": 1, "quotation": 0, "percentage": 100}, "name": "MentHA-Risk-instrument", "answered": 1, "quotation": 0, "percentage": 100}, "name": "MentHA-Risk-area", "answered": 1, "percentage": 100}, "total_answered": 1, "total_percentage": 100}	3	444	126	\N
436	2024-03-14 15:22:12.888976+00	{"78": {"24": {"46": {"118": {"name": "None", "answered": 0, "quotation": 0, "percentage": 0}, "name": "None", "answered": 0, "quotation": 0, "percentage": 0}, "name": "None", "answered": 0, "quotation": 0, "percentage": 0}, "name": "Questionrio Sociodemogrfico", "answered": 0, "percentage": 0}, "total_answered": 0, "total_percentage": 0}	3	430	133	\N
694	2024-05-25 15:29:37.81943+00	{"46": {"15": {"name": "None", "answered": 0, "quotation": 0, "percentage": 0}, "16": {"name": "Fumadores", "answered": 0, "quotation": 0, "percentage": 0}, "17": {"name": "None", "answered": 0, "quotation": 0, "percentage": 0}, "18": {"40": {"name": "Fumar", "answered": 0, "quotation": 0, "percentage": 0}, "name": "None", "answered": 0, "quotation": 0, "percentage": 0}, "name": "None", "answered": 0, "percentage": 0}, "47": {"19": {"41": {"113": {"name": "MentHA-Risk-section", "answered": 1, "quotation": 4, "percentage": 100}, "name": "MentHA-Risk-dimension", "answered": 1, "quotation": 0, "percentage": 100}, "name": "MentHA-Risk-instrument", "answered": 1, "quotation": 0, "percentage": 100}, "name": "MentHA-Risk-area", "answered": 1, "percentage": 100}, "total_answered": 1, "total_percentage": 100}	165	688	108	\N
671	2024-05-20 13:46:37.419933+00	{"46": {"15": {"name": "None", "answered": 0, "quotation": 0, "percentage": 0}, "16": {"name": "Fumadores", "answered": 0, "quotation": 0, "percentage": 0}, "17": {"name": "None", "answered": 0, "quotation": 0, "percentage": 0}, "18": {"40": {"name": "Fumar", "answered": 0, "quotation": 0, "percentage": 0}, "name": "None", "answered": 0, "quotation": 0, "percentage": 0}, "name": "None", "answered": 0, "percentage": 0}, "47": {"19": {"41": {"113": {"name": "MentHA-Risk-section", "answered": 1, "quotation": 5, "percentage": 100}, "name": "MentHA-Risk-dimension", "answered": 1, "quotation": 0, "percentage": 100}, "name": "MentHA-Risk-instrument", "answered": 1, "quotation": 0, "percentage": 100}, "name": "MentHA-Risk-area", "answered": 1, "percentage": 100}, "total_answered": 1, "total_percentage": 100}	265	665	277	\N
372	2024-03-13 16:15:13.484729+00	{"46": {"15": {"name": "None", "answered": 0, "quotation": 0, "percentage": 0}, "16": {"name": "Fumadores", "answered": 0, "quotation": 0, "percentage": 0}, "17": {"name": "None", "answered": 0, "quotation": 0, "percentage": 0}, "18": {"40": {"name": "Fumar", "answered": 0, "quotation": 0, "percentage": 0}, "name": "None", "answered": 0, "quotation": 0, "percentage": 0}, "name": "None", "answered": 0, "percentage": 0}, "47": {"19": {"41": {"113": {"name": "MentHA-Risk-section", "answered": 1, "quotation": 0, "percentage": 100}, "name": "MentHA-Risk-dimension", "answered": 1, "quotation": 0, "percentage": 100}, "name": "MentHA-Risk-instrument", "answered": 1, "quotation": 0, "percentage": 100}, "name": "MentHA-Risk-area", "answered": 1, "percentage": 100}, "total_answered": 1, "total_percentage": 100}	167	366	170	\N
368	2024-03-13 16:04:11.030074+00	{"46": {"15": {"name": "None", "answered": 0, "quotation": 0, "percentage": 0}, "16": {"name": "Fumadores", "answered": 0, "quotation": 0, "percentage": 0}, "17": {"name": "None", "answered": 0, "quotation": 0, "percentage": 0}, "18": {"40": {"name": "Fumar", "answered": 0, "quotation": 0, "percentage": 0}, "name": "None", "answered": 0, "quotation": 0, "percentage": 0}, "name": "None", "answered": 0, "percentage": 0}, "47": {"19": {"41": {"113": {"name": "MentHA-Risk-section", "answered": 1, "quotation": 0, "percentage": 100}, "name": "MentHA-Risk-dimension", "answered": 1, "quotation": 0, "percentage": 100}, "name": "MentHA-Risk-instrument", "answered": 1, "quotation": 0, "percentage": 100}, "name": "MentHA-Risk-area", "answered": 1, "percentage": 100}, "total_answered": 1, "total_percentage": 100}	167	362	168	\N
370	2024-03-13 16:10:20.592855+00	{"46": {"15": {"name": "None", "answered": 0, "quotation": 0, "percentage": 0}, "16": {"name": "Fumadores", "answered": 0, "quotation": 0, "percentage": 0}, "17": {"name": "None", "answered": 0, "quotation": 0, "percentage": 0}, "18": {"40": {"name": "Fumar", "answered": 0, "quotation": 0, "percentage": 0}, "name": "None", "answered": 0, "quotation": 0, "percentage": 0}, "name": "None", "answered": 0, "percentage": 0}, "47": {"19": {"41": {"113": {"name": "MentHA-Risk-section", "answered": 1, "quotation": 1, "percentage": 100}, "name": "MentHA-Risk-dimension", "answered": 1, "quotation": 0, "percentage": 100}, "name": "MentHA-Risk-instrument", "answered": 1, "quotation": 0, "percentage": 100}, "name": "MentHA-Risk-area", "answered": 1, "percentage": 100}, "total_answered": 1, "total_percentage": 100}	167	364	169	\N
374	2024-03-13 16:19:20.622995+00	{"46": {"15": {"name": "None", "answered": 0, "quotation": 0, "percentage": 0}, "16": {"name": "Fumadores", "answered": 0, "quotation": 0, "percentage": 0}, "17": {"name": "None", "answered": 0, "quotation": 0, "percentage": 0}, "18": {"40": {"name": "Fumar", "answered": 0, "quotation": 0, "percentage": 0}, "name": "None", "answered": 0, "quotation": 0, "percentage": 0}, "name": "None", "answered": 0, "percentage": 0}, "47": {"19": {"41": {"113": {"name": "MentHA-Risk-section", "answered": 1, "quotation": 0, "percentage": 100}, "name": "MentHA-Risk-dimension", "answered": 1, "quotation": 0, "percentage": 100}, "name": "MentHA-Risk-instrument", "answered": 1, "quotation": 0, "percentage": 100}, "name": "MentHA-Risk-area", "answered": 1, "percentage": 100}, "total_answered": 1, "total_percentage": 100}	167	368	171	\N
376	2024-03-13 16:24:13.731506+00	{"46": {"15": {"name": "None", "answered": 0, "quotation": 0, "percentage": 0}, "16": {"name": "Fumadores", "answered": 0, "quotation": 0, "percentage": 0}, "17": {"name": "None", "answered": 0, "quotation": 0, "percentage": 0}, "18": {"40": {"name": "Fumar", "answered": 0, "quotation": 0, "percentage": 0}, "name": "None", "answered": 0, "quotation": 0, "percentage": 0}, "name": "None", "answered": 0, "percentage": 0}, "47": {"19": {"41": {"113": {"name": "MentHA-Risk-section", "answered": 1, "quotation": 0, "percentage": 100}, "name": "MentHA-Risk-dimension", "answered": 1, "quotation": 0, "percentage": 100}, "name": "MentHA-Risk-instrument", "answered": 1, "quotation": 0, "percentage": 100}, "name": "MentHA-Risk-area", "answered": 1, "percentage": 100}, "total_answered": 1, "total_percentage": 100}	167	370	172	\N
381	2024-03-13 16:33:43.267295+00	{"78": {"24": {"46": {"118": {"name": "None", "answered": 0, "quotation": 0, "percentage": 0}, "name": "None", "answered": 0, "quotation": 0, "percentage": 0}, "name": "None", "answered": 0, "quotation": 0, "percentage": 0}, "name": "Questionrio Sociodemogrfico", "answered": 0, "percentage": 0}, "total_answered": 0, "total_percentage": 0}	167	375	174	\N
632	2024-04-01 15:59:24.67312+00	{"78": {"24": {"46": {"118": {"name": "None", "answered": 0, "quotation": 0, "percentage": 0}, "name": "None", "answered": 0, "quotation": 0, "percentage": 0}, "name": "None", "answered": 0, "quotation": 0, "percentage": 0}, "name": "Questionrio Sociodemogrfico", "answered": 0, "percentage": 0}, "total_answered": 0, "total_percentage": 0}	165	626	133	\N
383	2024-03-13 16:37:40.119213+00	{"78": {"24": {"46": {"118": {"name": "None", "answered": 0, "quotation": 0, "percentage": 0}, "name": "None", "answered": 0, "quotation": 0, "percentage": 0}, "name": "None", "answered": 0, "quotation": 0, "percentage": 0}, "name": "Questionrio Sociodemogrfico", "answered": 0, "percentage": 0}, "total_answered": 0, "total_percentage": 0}	167	377	175	\N
378	2024-03-13 16:29:55.080768+00	{"46": {"15": {"name": "None", "answered": 0, "quotation": 0, "percentage": 0}, "16": {"name": "Fumadores", "answered": 0, "quotation": 0, "percentage": 0}, "17": {"name": "None", "answered": 0, "quotation": 0, "percentage": 0}, "18": {"40": {"name": "Fumar", "answered": 0, "quotation": 0, "percentage": 0}, "name": "None", "answered": 0, "quotation": 0, "percentage": 0}, "name": "None", "answered": 0, "percentage": 0}, "47": {"19": {"41": {"113": {"name": "MentHA-Risk-section", "answered": 1, "quotation": 0, "percentage": 100}, "name": "MentHA-Risk-dimension", "answered": 1, "quotation": 0, "percentage": 100}, "name": "MentHA-Risk-instrument", "answered": 1, "quotation": 0, "percentage": 100}, "name": "MentHA-Risk-area", "answered": 1, "percentage": 100}, "total_answered": 1, "total_percentage": 100}	167	372	173	\N
416	2024-03-14 12:20:53.94919+00	{"46": {"15": {"name": "None", "answered": 0, "quotation": 0, "percentage": 0}, "16": {"name": "Fumadores", "answered": 0, "quotation": 0, "percentage": 0}, "17": {"name": "None", "answered": 0, "quotation": 0, "percentage": 0}, "18": {"40": {"name": "Fumar", "answered": 0, "quotation": 0, "percentage": 0}, "name": "None", "answered": 0, "quotation": 0, "percentage": 0}, "name": "None", "answered": 0, "percentage": 0}, "47": {"19": {"41": {"113": {"name": "MentHA-Risk-section", "answered": 1, "quotation": 8, "percentage": 100}, "name": "MentHA-Risk-dimension", "answered": 1, "quotation": 0, "percentage": 100}, "name": "MentHA-Risk-instrument", "answered": 1, "quotation": 0, "percentage": 100}, "name": "MentHA-Risk-area", "answered": 1, "percentage": 100}, "total_answered": 1, "total_percentage": 100}	3	410	118	\N
451	2024-03-14 16:26:17.093438+00	{"78": {"24": {"46": {"118": {"name": "None", "answered": 0, "quotation": 0, "percentage": 0}, "name": "None", "answered": 0, "quotation": 0, "percentage": 0}, "name": "None", "answered": 0, "quotation": 0, "percentage": 0}, "name": "Questionrio Sociodemogrfico", "answered": 0, "percentage": 0}, "total_answered": 0, "total_percentage": 0}	3	445	132	\N
437	2024-03-14 15:24:42.116696+00	{"46": {"15": {"name": "None", "answered": 0, "quotation": 0, "percentage": 0}, "16": {"name": "Fumadores", "answered": 0, "quotation": 0, "percentage": 0}, "17": {"name": "None", "answered": 0, "quotation": 0, "percentage": 0}, "18": {"40": {"name": "Fumar", "answered": 0, "quotation": 0, "percentage": 0}, "name": "None", "answered": 0, "quotation": 0, "percentage": 0}, "name": "None", "answered": 0, "percentage": 0}, "47": {"19": {"41": {"113": {"name": "MentHA-Risk-section", "answered": 1, "quotation": 5, "percentage": 100}, "name": "MentHA-Risk-dimension", "answered": 1, "quotation": 0, "percentage": 100}, "name": "MentHA-Risk-instrument", "answered": 1, "quotation": 0, "percentage": 100}, "name": "MentHA-Risk-area", "answered": 1, "percentage": 100}, "total_answered": 1, "total_percentage": 100}	3	431	133	\N
590	2024-03-29 21:58:01.708223+00	{"78": {"24": {"46": {"118": {"name": "None", "answered": 0, "quotation": 0, "percentage": 0}, "name": "None", "answered": 0, "quotation": 0, "percentage": 0}, "name": "None", "answered": 0, "quotation": 0, "percentage": 0}, "name": "Questionrio Sociodemogrfico", "answered": 0, "percentage": 0}, "total_answered": 0, "total_percentage": 0}	342	584	223	\N
771	2024-05-28 01:06:58.278331+00	{"46": {"15": {"name": "None", "answered": 0, "quotation": 0, "percentage": 0}, "16": {"name": "Fumadores", "answered": 0, "quotation": 0, "percentage": 0}, "17": {"name": "None", "answered": 0, "quotation": 0, "percentage": 0}, "18": {"40": {"name": "Fumar", "answered": 0, "quotation": 0, "percentage": 0}, "name": "None", "answered": 0, "quotation": 0, "percentage": 0}, "name": "None", "answered": 0, "percentage": 0}, "47": {"19": {"41": {"113": {"name": "MentHA-Risk-section", "answered": 1, "quotation": 0, "percentage": 100}, "name": "MentHA-Risk-dimension", "answered": 1, "quotation": 0, "percentage": 100}, "name": "MentHA-Risk-instrument", "answered": 1, "quotation": 0, "percentage": 100}, "name": "MentHA-Risk-area", "answered": 1, "percentage": 100}, "total_answered": 1, "total_percentage": 100}	165	765	308	\N
382	2024-03-13 16:34:58.777647+00	{"46": {"15": {"name": "None", "answered": 0, "quotation": 0, "percentage": 0}, "16": {"name": "Fumadores", "answered": 0, "quotation": 0, "percentage": 0}, "17": {"name": "None", "answered": 0, "quotation": 0, "percentage": 0}, "18": {"40": {"name": "Fumar", "answered": 0, "quotation": 0, "percentage": 0}, "name": "None", "answered": 0, "quotation": 0, "percentage": 0}, "name": "None", "answered": 0, "percentage": 0}, "47": {"19": {"41": {"113": {"name": "MentHA-Risk-section", "answered": 1, "quotation": 0, "percentage": 100}, "name": "MentHA-Risk-dimension", "answered": 1, "quotation": 0, "percentage": 100}, "name": "MentHA-Risk-instrument", "answered": 1, "quotation": 0, "percentage": 100}, "name": "MentHA-Risk-area", "answered": 1, "percentage": 100}, "total_answered": 1, "total_percentage": 100}	167	376	174	\N
385	2024-03-13 16:42:47.239668+00	{"78": {"24": {"46": {"118": {"name": "None", "answered": 0, "quotation": 0, "percentage": 0}, "name": "None", "answered": 0, "quotation": 0, "percentage": 0}, "name": "None", "answered": 0, "quotation": 0, "percentage": 0}, "name": "Questionrio Sociodemogrfico", "answered": 0, "percentage": 0}, "total_answered": 0, "total_percentage": 0}	167	379	166	\N
438	2024-03-14 15:42:07.834793+00	{"78": {"24": {"46": {"118": {"name": "None", "answered": 0, "quotation": 0, "percentage": 0}, "name": "None", "answered": 0, "quotation": 0, "percentage": 0}, "name": "None", "answered": 0, "quotation": 0, "percentage": 0}, "name": "Questionrio Sociodemogrfico", "answered": 0, "percentage": 0}, "total_answered": 0, "total_percentage": 0}	3	432	97	\N
417	2024-03-14 12:35:03.301511+00	{"46": {"15": {"name": "None", "answered": 0, "quotation": 0, "percentage": 0}, "16": {"name": "Fumadores", "answered": 0, "quotation": 0, "percentage": 0}, "17": {"name": "None", "answered": 0, "quotation": 0, "percentage": 0}, "18": {"40": {"name": "Fumar", "answered": 0, "quotation": 0, "percentage": 0}, "name": "None", "answered": 0, "quotation": 0, "percentage": 0}, "name": "None", "answered": 0, "percentage": 0}, "47": {"19": {"41": {"113": {"name": "MentHA-Risk-section", "answered": 1, "quotation": 4, "percentage": 100}, "name": "MentHA-Risk-dimension", "answered": 1, "quotation": 0, "percentage": 100}, "name": "MentHA-Risk-instrument", "answered": 1, "quotation": 0, "percentage": 100}, "name": "MentHA-Risk-area", "answered": 1, "percentage": 100}, "total_answered": 1, "total_percentage": 100}	3	411	177	\N
591	2024-03-29 21:58:33.682868+00	{"78": {"24": {"46": {"118": {"name": "None", "answered": 0, "quotation": 0, "percentage": 0}, "name": "None", "answered": 0, "quotation": 0, "percentage": 0}, "name": "None", "answered": 0, "quotation": 0, "percentage": 0}, "name": "Questionrio Sociodemogrfico", "answered": 0, "percentage": 0}, "total_answered": 0, "total_percentage": 0}	342	585	227	\N
452	2024-03-14 16:26:39.027497+00	{"46": {"15": {"name": "None", "answered": 0, "quotation": 0, "percentage": 0}, "16": {"name": "Fumadores", "answered": 0, "quotation": 0, "percentage": 0}, "17": {"name": "None", "answered": 0, "quotation": 0, "percentage": 0}, "18": {"40": {"name": "Fumar", "answered": 0, "quotation": 0, "percentage": 0}, "name": "None", "answered": 0, "quotation": 0, "percentage": 0}, "name": "None", "answered": 0, "percentage": 0}, "47": {"19": {"41": {"113": {"name": "MentHA-Risk-section", "answered": 1, "quotation": 0, "percentage": 100}, "name": "MentHA-Risk-dimension", "answered": 1, "quotation": 0, "percentage": 100}, "name": "MentHA-Risk-instrument", "answered": 1, "quotation": 0, "percentage": 100}, "name": "MentHA-Risk-area", "answered": 1, "percentage": 100}, "total_answered": 1, "total_percentage": 100}	3	446	132	\N
772	2024-05-28 09:24:49.065208+00	{"46": {"15": {"name": "None", "answered": 0, "quotation": 0, "percentage": 0}, "16": {"name": "Fumadores", "answered": 0, "quotation": 0, "percentage": 0}, "17": {"name": "None", "answered": 0, "quotation": 0, "percentage": 0}, "18": {"40": {"name": "Fumar", "answered": 0, "quotation": 0, "percentage": 0}, "name": "None", "answered": 0, "quotation": 0, "percentage": 0}, "name": "None", "answered": 0, "percentage": 0}, "47": {"19": {"41": {"113": {"name": "MentHA-Risk-section", "answered": 1, "quotation": 12, "percentage": 100}, "name": "MentHA-Risk-dimension", "answered": 1, "quotation": 0, "percentage": 100}, "name": "MentHA-Risk-instrument", "answered": 1, "quotation": 0, "percentage": 100}, "name": "MentHA-Risk-area", "answered": 1, "percentage": 100}, "total_answered": 1, "total_percentage": 100}	265	766	292	\N
384	2024-03-13 16:39:02.441575+00	{"46": {"15": {"name": "None", "answered": 0, "quotation": 0, "percentage": 0}, "16": {"name": "Fumadores", "answered": 0, "quotation": 0, "percentage": 0}, "17": {"name": "None", "answered": 0, "quotation": 0, "percentage": 0}, "18": {"40": {"name": "Fumar", "answered": 0, "quotation": 0, "percentage": 0}, "name": "None", "answered": 0, "quotation": 0, "percentage": 0}, "name": "None", "answered": 0, "percentage": 0}, "47": {"19": {"41": {"113": {"name": "MentHA-Risk-section", "answered": 1, "quotation": 0, "percentage": 100}, "name": "MentHA-Risk-dimension", "answered": 1, "quotation": 0, "percentage": 100}, "name": "MentHA-Risk-instrument", "answered": 1, "quotation": 0, "percentage": 100}, "name": "MentHA-Risk-area", "answered": 1, "percentage": 100}, "total_answered": 1, "total_percentage": 100}	167	378	175	\N
418	2024-03-14 12:37:17.712123+00	{"78": {"24": {"46": {"118": {"name": "None", "answered": 0, "quotation": 0, "percentage": 0}, "name": "None", "answered": 0, "quotation": 0, "percentage": 0}, "name": "None", "answered": 0, "quotation": 0, "percentage": 0}, "name": "Questionrio Sociodemogrfico", "answered": 0, "percentage": 0}, "total_answered": 0, "total_percentage": 0}	3	412	177	\N
453	2024-03-14 16:35:02.553682+00	{"46": {"15": {"name": "None", "answered": 0, "quotation": 0, "percentage": 0}, "16": {"name": "Fumadores", "answered": 0, "quotation": 0, "percentage": 0}, "17": {"name": "None", "answered": 0, "quotation": 0, "percentage": 0}, "18": {"40": {"name": "Fumar", "answered": 0, "quotation": 0, "percentage": 0}, "name": "None", "answered": 0, "quotation": 0, "percentage": 0}, "name": "None", "answered": 0, "percentage": 0}, "47": {"19": {"41": {"113": {"name": "MentHA-Risk-section", "answered": 1, "quotation": 3, "percentage": 100}, "name": "MentHA-Risk-dimension", "answered": 1, "quotation": 0, "percentage": 100}, "name": "MentHA-Risk-instrument", "answered": 1, "quotation": 0, "percentage": 100}, "name": "MentHA-Risk-area", "answered": 1, "percentage": 100}, "total_answered": 1, "total_percentage": 100}	3	447	129	\N
409	2024-03-14 12:03:55.897874+00	{"46": {"15": {"name": "None", "answered": 0, "quotation": 0, "percentage": 0}, "16": {"name": "Fumadores", "answered": 0, "quotation": 0, "percentage": 0}, "17": {"name": "None", "answered": 0, "quotation": 0, "percentage": 0}, "18": {"40": {"name": "Fumar", "answered": 0, "quotation": 0, "percentage": 0}, "name": "None", "answered": 0, "quotation": 0, "percentage": 0}, "name": "None", "answered": 0, "percentage": 0}, "47": {"19": {"41": {"113": {"name": "MentHA-Risk-section", "answered": 1, "quotation": 4, "percentage": 100}, "name": "MentHA-Risk-dimension", "answered": 1, "quotation": 0, "percentage": 100}, "name": "MentHA-Risk-instrument", "answered": 1, "quotation": 0, "percentage": 100}, "name": "MentHA-Risk-area", "answered": 1, "percentage": 100}, "total_answered": 1, "total_percentage": 100}	3	403	108	\N
676	2024-05-21 14:20:11.625006+00	{"46": {"15": {"name": "None", "answered": 0, "quotation": 0, "percentage": 0}, "16": {"name": "Fumadores", "answered": 0, "quotation": 0, "percentage": 0}, "17": {"name": "None", "answered": 0, "quotation": 0, "percentage": 0}, "18": {"40": {"name": "Fumar", "answered": 0, "quotation": 0, "percentage": 0}, "name": "None", "answered": 0, "quotation": 0, "percentage": 0}, "name": "None", "answered": 0, "percentage": 0}, "47": {"19": {"41": {"113": {"name": "MentHA-Risk-section", "answered": 1, "quotation": 4, "percentage": 100}, "name": "MentHA-Risk-dimension", "answered": 1, "quotation": 0, "percentage": 100}, "name": "MentHA-Risk-instrument", "answered": 1, "quotation": 0, "percentage": 100}, "name": "MentHA-Risk-area", "answered": 1, "percentage": 100}, "total_answered": 1, "total_percentage": 100}	265	670	275	\N
476	2024-03-29 20:34:49.036891+00	{"46": {"15": {"name": "None", "answered": 0, "quotation": 0, "percentage": 0}, "16": {"name": "Fumadores", "answered": 0, "quotation": 0, "percentage": 0}, "17": {"name": "None", "answered": 0, "quotation": 0, "percentage": 0}, "18": {"40": {"name": "Fumar", "answered": 0, "quotation": 0, "percentage": 0}, "name": "None", "answered": 0, "quotation": 0, "percentage": 0}, "name": "None", "answered": 0, "percentage": 0}, "47": {"19": {"41": {"113": {"name": "MentHA-Risk-section", "answered": 1, "quotation": 5, "percentage": 100}, "name": "MentHA-Risk-dimension", "answered": 1, "quotation": 0, "percentage": 100}, "name": "MentHA-Risk-instrument", "answered": 1, "quotation": 0, "percentage": 100}, "name": "MentHA-Risk-area", "answered": 1, "percentage": 100}, "total_answered": 1, "total_percentage": 100}	342	470	192	\N
545	2024-03-29 21:27:02.166827+00	{"78": {"24": {"46": {"118": {"name": "None", "answered": 0, "quotation": 0, "percentage": 0}, "name": "None", "answered": 0, "quotation": 0, "percentage": 0}, "name": "None", "answered": 0, "quotation": 0, "percentage": 0}, "name": "Questionrio Sociodemogrfico", "answered": 0, "percentage": 0}, "total_answered": 0, "total_percentage": 0}	342	539	191	\N
419	2024-03-14 12:40:54.41838+00	{"46": {"15": {"name": "None", "answered": 0, "quotation": 0, "percentage": 0}, "16": {"name": "Fumadores", "answered": 0, "quotation": 0, "percentage": 0}, "17": {"name": "None", "answered": 0, "quotation": 0, "percentage": 0}, "18": {"40": {"name": "Fumar", "answered": 0, "quotation": 0, "percentage": 0}, "name": "None", "answered": 0, "quotation": 0, "percentage": 0}, "name": "None", "answered": 0, "percentage": 0}, "47": {"19": {"41": {"113": {"name": "MentHA-Risk-section", "answered": 1, "quotation": 3, "percentage": 100}, "name": "MentHA-Risk-dimension", "answered": 1, "quotation": 0, "percentage": 100}, "name": "MentHA-Risk-instrument", "answered": 1, "quotation": 0, "percentage": 100}, "name": "MentHA-Risk-area", "answered": 1, "percentage": 100}, "total_answered": 1, "total_percentage": 100}	3	413	106	\N
389	2024-03-14 10:38:29.694647+00	{"46": {"15": {"name": "None", "answered": 0, "quotation": 0, "percentage": 0}, "16": {"name": "Fumadores", "answered": 0, "quotation": 0, "percentage": 0}, "17": {"name": "None", "answered": 0, "quotation": 0, "percentage": 0}, "18": {"40": {"name": "Fumar", "answered": 0, "quotation": 0, "percentage": 0}, "name": "None", "answered": 0, "quotation": 0, "percentage": 0}, "name": "None", "answered": 0, "percentage": 0}, "47": {"19": {"41": {"113": {"name": "MentHA-Risk-section", "answered": 1, "quotation": 12, "percentage": 100}, "name": "MentHA-Risk-dimension", "answered": 1, "quotation": 0, "percentage": 100}, "name": "MentHA-Risk-instrument", "answered": 1, "quotation": 0, "percentage": 100}, "name": "MentHA-Risk-area", "answered": 1, "percentage": 100}, "total_answered": 1, "total_percentage": 100}	3	383	109	\N
454	2024-03-14 16:40:57.334637+00	{"78": {"24": {"46": {"118": {"name": "None", "answered": 0, "quotation": 0, "percentage": 0}, "name": "None", "answered": 0, "quotation": 0, "percentage": 0}, "name": "None", "answered": 0, "quotation": 0, "percentage": 0}, "name": "Questionrio Sociodemogrfico", "answered": 0, "percentage": 0}, "total_answered": 0, "total_percentage": 0}	3	448	98	\N
592	2024-03-29 21:59:13.762245+00	{"78": {"24": {"46": {"118": {"name": "None", "answered": 0, "quotation": 0, "percentage": 0}, "name": "None", "answered": 0, "quotation": 0, "percentage": 0}, "name": "None", "answered": 0, "quotation": 0, "percentage": 0}, "name": "Questionrio Sociodemogrfico", "answered": 0, "percentage": 0}, "total_answered": 0, "total_percentage": 0}	342	586	228	\N
439	2024-03-14 15:44:05.050775+00	{"46": {"15": {"name": "None", "answered": 0, "quotation": 0, "percentage": 0}, "16": {"name": "Fumadores", "answered": 0, "quotation": 0, "percentage": 0}, "17": {"name": "None", "answered": 0, "quotation": 0, "percentage": 0}, "18": {"40": {"name": "Fumar", "answered": 0, "quotation": 0, "percentage": 0}, "name": "None", "answered": 0, "quotation": 0, "percentage": 0}, "name": "None", "answered": 0, "percentage": 0}, "47": {"19": {"41": {"113": {"name": "MentHA-Risk-section", "answered": 1, "quotation": 4, "percentage": 100}, "name": "MentHA-Risk-dimension", "answered": 1, "quotation": 0, "percentage": 100}, "name": "MentHA-Risk-instrument", "answered": 1, "quotation": 0, "percentage": 100}, "name": "MentHA-Risk-area", "answered": 1, "percentage": 100}, "total_answered": 1, "total_percentage": 100}	3	433	97	\N
629	2024-03-31 16:49:15.49883+00	{"46": {"15": {"name": "None", "answered": 0, "quotation": 0, "percentage": 0}, "16": {"name": "Fumadores", "answered": 0, "quotation": 0, "percentage": 0}, "17": {"name": "None", "answered": 0, "quotation": 0, "percentage": 0}, "18": {"40": {"name": "Fumar", "answered": 0, "quotation": 0, "percentage": 0}, "name": "None", "answered": 0, "quotation": 0, "percentage": 0}, "name": "None", "answered": 0, "percentage": 0}, "47": {"19": {"41": {"113": {"name": "MentHA-Risk-section", "answered": 1, "quotation": 0, "percentage": 100}, "name": "MentHA-Risk-dimension", "answered": 1, "quotation": 0, "percentage": 100}, "name": "MentHA-Risk-instrument", "answered": 1, "quotation": 0, "percentage": 100}, "name": "MentHA-Risk-area", "answered": 1, "percentage": 100}, "total_answered": 1, "total_percentage": 100}	342	623	259	\N
420	2024-03-14 12:44:29.164495+00	{"46": {"15": {"name": "None", "answered": 0, "quotation": 0, "percentage": 0}, "16": {"name": "Fumadores", "answered": 0, "quotation": 0, "percentage": 0}, "17": {"name": "None", "answered": 0, "quotation": 0, "percentage": 0}, "18": {"40": {"name": "Fumar", "answered": 0, "quotation": 0, "percentage": 0}, "name": "None", "answered": 0, "quotation": 0, "percentage": 0}, "name": "None", "answered": 0, "percentage": 0}, "47": {"19": {"41": {"113": {"name": "MentHA-Risk-section", "answered": 1, "quotation": 3, "percentage": 100}, "name": "MentHA-Risk-dimension", "answered": 1, "quotation": 0, "percentage": 100}, "name": "MentHA-Risk-instrument", "answered": 1, "quotation": 0, "percentage": 100}, "name": "MentHA-Risk-area", "answered": 1, "percentage": 100}, "total_answered": 1, "total_percentage": 100}	3	414	106	\N
391	2024-03-14 10:46:10.729962+00	{"46": {"15": {"name": "None", "answered": 0, "quotation": 0, "percentage": 0}, "16": {"name": "Fumadores", "answered": 0, "quotation": 0, "percentage": 0}, "17": {"name": "None", "answered": 0, "quotation": 0, "percentage": 0}, "18": {"40": {"name": "Fumar", "answered": 0, "quotation": 0, "percentage": 0}, "name": "None", "answered": 0, "quotation": 0, "percentage": 0}, "name": "None", "answered": 0, "percentage": 0}, "47": {"19": {"41": {"113": {"name": "MentHA-Risk-section", "answered": 1, "quotation": 9, "percentage": 100}, "name": "MentHA-Risk-dimension", "answered": 1, "quotation": 0, "percentage": 100}, "name": "MentHA-Risk-instrument", "answered": 1, "quotation": 0, "percentage": 100}, "name": "MentHA-Risk-area", "answered": 1, "percentage": 100}, "total_answered": 1, "total_percentage": 100}	3	385	117	\N
455	2024-03-14 16:41:29.416744+00	{"46": {"15": {"name": "None", "answered": 0, "quotation": 0, "percentage": 0}, "16": {"name": "Fumadores", "answered": 0, "quotation": 0, "percentage": 0}, "17": {"name": "None", "answered": 0, "quotation": 0, "percentage": 0}, "18": {"40": {"name": "Fumar", "answered": 0, "quotation": 0, "percentage": 0}, "name": "None", "answered": 0, "quotation": 0, "percentage": 0}, "name": "None", "answered": 0, "percentage": 0}, "47": {"19": {"41": {"113": {"name": "MentHA-Risk-section", "answered": 1, "quotation": 5, "percentage": 100}, "name": "MentHA-Risk-dimension", "answered": 1, "quotation": 0, "percentage": 100}, "name": "MentHA-Risk-instrument", "answered": 1, "quotation": 0, "percentage": 100}, "name": "MentHA-Risk-area", "answered": 1, "percentage": 100}, "total_answered": 1, "total_percentage": 100}	3	449	98	\N
546	2024-03-29 21:34:18.532506+00	{"78": {"24": {"46": {"118": {"name": "None", "answered": 0, "quotation": 0, "percentage": 0}, "name": "None", "answered": 0, "quotation": 0, "percentage": 0}, "name": "None", "answered": 0, "quotation": 0, "percentage": 0}, "name": "Questionrio Sociodemogrfico", "answered": 0, "percentage": 0}, "total_answered": 0, "total_percentage": 0}	342	540	184	\N
593	2024-03-29 21:59:40.386638+00	{"78": {"24": {"46": {"118": {"name": "None", "answered": 0, "quotation": 0, "percentage": 0}, "name": "None", "answered": 0, "quotation": 0, "percentage": 0}, "name": "None", "answered": 0, "quotation": 0, "percentage": 0}, "name": "Questionrio Sociodemogrfico", "answered": 0, "percentage": 0}, "total_answered": 0, "total_percentage": 0}	342	587	229	\N
394	2024-03-14 11:05:06.585813+00	{"46": {"15": {"name": "None", "answered": 0, "quotation": 0, "percentage": 0}, "16": {"name": "Fumadores", "answered": 0, "quotation": 0, "percentage": 0}, "17": {"name": "None", "answered": 0, "quotation": 0, "percentage": 0}, "18": {"40": {"name": "Fumar", "answered": 0, "quotation": 0, "percentage": 0}, "name": "None", "answered": 0, "quotation": 0, "percentage": 0}, "name": "None", "answered": 0, "percentage": 0}, "47": {"19": {"41": {"113": {"name": "MentHA-Risk-section", "answered": 1, "quotation": 3, "percentage": 100}, "name": "MentHA-Risk-dimension", "answered": 1, "quotation": 0, "percentage": 100}, "name": "MentHA-Risk-instrument", "answered": 1, "quotation": 0, "percentage": 100}, "name": "MentHA-Risk-area", "answered": 1, "percentage": 100}, "total_answered": 1, "total_percentage": 100}	3	388	120	\N
392	2024-03-14 10:48:38.84826+00	{"46": {"15": {"name": "None", "answered": 0, "quotation": 0, "percentage": 0}, "16": {"name": "Fumadores", "answered": 0, "quotation": 0, "percentage": 0}, "17": {"name": "None", "answered": 0, "quotation": 0, "percentage": 0}, "18": {"40": {"name": "Fumar", "answered": 0, "quotation": 0, "percentage": 0}, "name": "None", "answered": 0, "quotation": 0, "percentage": 0}, "name": "None", "answered": 0, "percentage": 0}, "47": {"19": {"41": {"113": {"name": "MentHA-Risk-section", "answered": 1, "quotation": 9, "percentage": 100}, "name": "MentHA-Risk-dimension", "answered": 1, "quotation": 0, "percentage": 100}, "name": "MentHA-Risk-instrument", "answered": 1, "quotation": 0, "percentage": 100}, "name": "MentHA-Risk-area", "answered": 1, "percentage": 100}, "total_answered": 1, "total_percentage": 100}	3	386	117	\N
395	2024-03-14 11:09:21.588326+00	{"46": {"15": {"name": "None", "answered": 0, "quotation": 0, "percentage": 0}, "16": {"name": "Fumadores", "answered": 0, "quotation": 0, "percentage": 0}, "17": {"name": "None", "answered": 0, "quotation": 0, "percentage": 0}, "18": {"40": {"name": "Fumar", "answered": 0, "quotation": 0, "percentage": 0}, "name": "None", "answered": 0, "quotation": 0, "percentage": 0}, "name": "None", "answered": 0, "percentage": 0}, "47": {"19": {"41": {"113": {"name": "MentHA-Risk-section", "answered": 1, "quotation": 4, "percentage": 100}, "name": "MentHA-Risk-dimension", "answered": 1, "quotation": 0, "percentage": 100}, "name": "MentHA-Risk-instrument", "answered": 1, "quotation": 0, "percentage": 100}, "name": "MentHA-Risk-area", "answered": 1, "percentage": 100}, "total_answered": 1, "total_percentage": 100}	3	389	120	\N
388	2024-03-14 10:23:55.960004+00	{"46": {"15": {"name": "None", "answered": 0, "quotation": 0, "percentage": 0}, "16": {"name": "Fumadores", "answered": 0, "quotation": 0, "percentage": 0}, "17": {"name": "None", "answered": 0, "quotation": 0, "percentage": 0}, "18": {"40": {"name": "Fumar", "answered": 0, "quotation": 0, "percentage": 0}, "name": "None", "answered": 0, "quotation": 0, "percentage": 0}, "name": "None", "answered": 0, "percentage": 0}, "47": {"19": {"41": {"113": {"name": "MentHA-Risk-section", "answered": 1, "quotation": 14, "percentage": 100}, "name": "MentHA-Risk-dimension", "answered": 1, "quotation": 0, "percentage": 100}, "name": "MentHA-Risk-instrument", "answered": 1, "quotation": 0, "percentage": 100}, "name": "MentHA-Risk-area", "answered": 1, "percentage": 100}, "total_answered": 1, "total_percentage": 100}	3	382	109	\N
398	2024-03-14 11:21:33.951299+00	{"46": {"15": {"name": "None", "answered": 0, "quotation": 0, "percentage": 0}, "16": {"name": "Fumadores", "answered": 0, "quotation": 0, "percentage": 0}, "17": {"name": "None", "answered": 0, "quotation": 0, "percentage": 0}, "18": {"40": {"name": "Fumar", "answered": 0, "quotation": 0, "percentage": 0}, "name": "None", "answered": 0, "quotation": 0, "percentage": 0}, "name": "None", "answered": 0, "percentage": 0}, "47": {"19": {"41": {"113": {"name": "MentHA-Risk-section", "answered": 1, "quotation": 21, "percentage": 100}, "name": "MentHA-Risk-dimension", "answered": 1, "quotation": 0, "percentage": 100}, "name": "MentHA-Risk-instrument", "answered": 1, "quotation": 0, "percentage": 100}, "name": "MentHA-Risk-area", "answered": 1, "percentage": 100}, "total_answered": 1, "total_percentage": 100}	3	392	113	\N
421	2024-03-14 12:47:50.396713+00	{"78": {"24": {"46": {"118": {"name": "None", "answered": 0, "quotation": 0, "percentage": 0}, "name": "None", "answered": 0, "quotation": 0, "percentage": 0}, "name": "None", "answered": 0, "quotation": 0, "percentage": 0}, "name": "Questionrio Sociodemogrfico", "answered": 0, "percentage": 0}, "total_answered": 0, "total_percentage": 0}	3	415	119	\N
441	2024-03-14 15:47:09.45638+00	{"78": {"24": {"46": {"118": {"name": "None", "answered": 0, "quotation": 0, "percentage": 0}, "name": "None", "answered": 0, "quotation": 0, "percentage": 0}, "name": "None", "answered": 0, "quotation": 0, "percentage": 0}, "name": "Questionrio Sociodemogrfico", "answered": 0, "percentage": 0}, "total_answered": 0, "total_percentage": 0}	3	435	99	\N
399	2024-03-14 11:24:03.455597+00	{"46": {"15": {"name": "None", "answered": 0, "quotation": 0, "percentage": 0}, "16": {"name": "Fumadores", "answered": 0, "quotation": 0, "percentage": 0}, "17": {"name": "None", "answered": 0, "quotation": 0, "percentage": 0}, "18": {"40": {"name": "Fumar", "answered": 0, "quotation": 0, "percentage": 0}, "name": "None", "answered": 0, "quotation": 0, "percentage": 0}, "name": "None", "answered": 0, "percentage": 0}, "47": {"19": {"41": {"113": {"name": "MentHA-Risk-section", "answered": 1, "quotation": 0, "percentage": 100}, "name": "MentHA-Risk-dimension", "answered": 1, "quotation": 0, "percentage": 100}, "name": "MentHA-Risk-instrument", "answered": 1, "quotation": 0, "percentage": 100}, "name": "MentHA-Risk-area", "answered": 1, "percentage": 100}, "total_answered": 1, "total_percentage": 100}	3	393	113	\N
442	2024-03-14 15:49:46.07173+00	{"46": {"15": {"name": "None", "answered": 0, "quotation": 0, "percentage": 0}, "16": {"name": "Fumadores", "answered": 0, "quotation": 0, "percentage": 0}, "17": {"name": "None", "answered": 0, "quotation": 0, "percentage": 0}, "18": {"40": {"name": "Fumar", "answered": 0, "quotation": 0, "percentage": 0}, "name": "None", "answered": 0, "quotation": 0, "percentage": 0}, "name": "None", "answered": 0, "percentage": 0}, "47": {"19": {"41": {"113": {"name": "MentHA-Risk-section", "answered": 1, "quotation": 9, "percentage": 100}, "name": "MentHA-Risk-dimension", "answered": 1, "quotation": 0, "percentage": 100}, "name": "MentHA-Risk-instrument", "answered": 1, "quotation": 0, "percentage": 100}, "name": "MentHA-Risk-area", "answered": 1, "percentage": 100}, "total_answered": 1, "total_percentage": 100}	3	436	99	\N
422	2024-03-14 12:49:06.076206+00	{"46": {"15": {"name": "None", "answered": 0, "quotation": 0, "percentage": 0}, "16": {"name": "Fumadores", "answered": 0, "quotation": 0, "percentage": 0}, "17": {"name": "None", "answered": 0, "quotation": 0, "percentage": 0}, "18": {"40": {"name": "Fumar", "answered": 0, "quotation": 0, "percentage": 0}, "name": "None", "answered": 0, "quotation": 0, "percentage": 0}, "name": "None", "answered": 0, "percentage": 0}, "47": {"19": {"41": {"113": {"name": "MentHA-Risk-section", "answered": 1, "quotation": 22, "percentage": 100}, "name": "MentHA-Risk-dimension", "answered": 1, "quotation": 0, "percentage": 100}, "name": "MentHA-Risk-instrument", "answered": 1, "quotation": 0, "percentage": 100}, "name": "MentHA-Risk-area", "answered": 1, "percentage": 100}, "total_answered": 1, "total_percentage": 100}	3	416	119	\N
675	2024-05-20 14:00:07.821977+00	{"46": {"15": {"name": "None", "answered": 0, "quotation": 0, "percentage": 0}, "16": {"name": "Fumadores", "answered": 0, "quotation": 0, "percentage": 0}, "17": {"name": "None", "answered": 0, "quotation": 0, "percentage": 0}, "18": {"40": {"name": "Fumar", "answered": 0, "quotation": 0, "percentage": 0}, "name": "None", "answered": 0, "quotation": 0, "percentage": 0}, "name": "None", "answered": 0, "percentage": 0}, "47": {"19": {"41": {"113": {"name": "MentHA-Risk-section", "answered": 1, "quotation": 5, "percentage": 100}, "name": "MentHA-Risk-dimension", "answered": 1, "quotation": 0, "percentage": 100}, "name": "MentHA-Risk-instrument", "answered": 1, "quotation": 0, "percentage": 100}, "name": "MentHA-Risk-area", "answered": 1, "percentage": 100}, "total_answered": 1, "total_percentage": 100}	265	669	267	\N
773	2024-05-28 09:42:27.287943+00	{"46": {"15": {"name": "None", "answered": 0, "quotation": 0, "percentage": 0}, "16": {"name": "Fumadores", "answered": 0, "quotation": 0, "percentage": 0}, "17": {"name": "None", "answered": 0, "quotation": 0, "percentage": 0}, "18": {"40": {"name": "Fumar", "answered": 0, "quotation": 0, "percentage": 0}, "name": "None", "answered": 0, "quotation": 0, "percentage": 0}, "name": "None", "answered": 0, "percentage": 0}, "47": {"19": {"41": {"113": {"name": "MentHA-Risk-section", "answered": 1, "quotation": 9, "percentage": 100}, "name": "MentHA-Risk-dimension", "answered": 1, "quotation": 0, "percentage": 100}, "name": "MentHA-Risk-instrument", "answered": 1, "quotation": 0, "percentage": 100}, "name": "MentHA-Risk-area", "answered": 1, "percentage": 100}, "total_answered": 1, "total_percentage": 100}	265	767	287	\N
805	2024-06-27 15:46:35.037715+00	{"46": {"15": {"name": "None", "answered": 0, "quotation": 0, "percentage": 0}, "16": {"name": "Fumadores", "answered": 0, "quotation": 0, "percentage": 0}, "17": {"name": "None", "answered": 0, "quotation": 0, "percentage": 0}, "18": {"40": {"name": "Fumar", "answered": 0, "quotation": 0, "percentage": 0}, "name": "None", "answered": 0, "quotation": 0, "percentage": 0}, "name": "None", "answered": 0, "percentage": 0}, "47": {"19": {"41": {"113": {"name": "MentHA-Risk-section", "answered": 1, "quotation": 0, "percentage": 100}, "name": "MentHA-Risk-dimension", "answered": 1, "quotation": 0, "percentage": 100}, "name": "MentHA-Risk-instrument", "answered": 1, "quotation": 0, "percentage": 100}, "name": "MentHA-Risk-area", "answered": 1, "percentage": 100}, "total_answered": 1, "total_percentage": 100}	3	799	159	\N
547	2024-03-29 21:35:06.121137+00	{"78": {"24": {"46": {"118": {"name": "None", "answered": 0, "quotation": 0, "percentage": 0}, "name": "None", "answered": 0, "quotation": 0, "percentage": 0}, "name": "None", "answered": 0, "quotation": 0, "percentage": 0}, "name": "Questionrio Sociodemogrfico", "answered": 0, "percentage": 0}, "total_answered": 0, "total_percentage": 0}	342	541	185	\N
520	2024-03-29 21:05:47.646596+00	{"46": {"15": {"name": "None", "answered": 0, "quotation": 0, "percentage": 0}, "16": {"name": "Fumadores", "answered": 0, "quotation": 0, "percentage": 0}, "17": {"name": "None", "answered": 0, "quotation": 0, "percentage": 0}, "18": {"40": {"name": "Fumar", "answered": 0, "quotation": 0, "percentage": 0}, "name": "None", "answered": 0, "quotation": 0, "percentage": 0}, "name": "None", "answered": 0, "percentage": 0}, "47": {"19": {"41": {"113": {"name": "MentHA-Risk-section", "answered": 1, "quotation": 0, "percentage": 100}, "name": "MentHA-Risk-dimension", "answered": 1, "quotation": 0, "percentage": 100}, "name": "MentHA-Risk-instrument", "answered": 1, "quotation": 0, "percentage": 100}, "name": "MentHA-Risk-area", "answered": 1, "percentage": 100}, "total_answered": 1, "total_percentage": 100}	342	514	235	\N
695	2024-05-25 15:35:05.429267+00	{"46": {"15": {"name": "None", "answered": 0, "quotation": 0, "percentage": 0}, "16": {"name": "Fumadores", "answered": 0, "quotation": 0, "percentage": 0}, "17": {"name": "None", "answered": 0, "quotation": 0, "percentage": 0}, "18": {"40": {"name": "Fumar", "answered": 0, "quotation": 0, "percentage": 0}, "name": "None", "answered": 0, "quotation": 0, "percentage": 0}, "name": "None", "answered": 0, "percentage": 0}, "47": {"19": {"41": {"113": {"name": "MentHA-Risk-section", "answered": 1, "quotation": 0, "percentage": 100}, "name": "MentHA-Risk-dimension", "answered": 1, "quotation": 0, "percentage": 100}, "name": "MentHA-Risk-instrument", "answered": 1, "quotation": 0, "percentage": 100}, "name": "MentHA-Risk-area", "answered": 1, "percentage": 100}, "total_answered": 1, "total_percentage": 100}	165	689	162	\N
548	2024-03-29 21:35:30.915631+00	{"78": {"24": {"46": {"118": {"name": "None", "answered": 0, "quotation": 0, "percentage": 0}, "name": "None", "answered": 0, "quotation": 0, "percentage": 0}, "name": "None", "answered": 0, "quotation": 0, "percentage": 0}, "name": "Questionrio Sociodemogrfico", "answered": 0, "percentage": 0}, "total_answered": 0, "total_percentage": 0}	342	542	186	\N
594	2024-03-29 22:00:29.059967+00	{"78": {"24": {"46": {"118": {"name": "None", "answered": 0, "quotation": 0, "percentage": 0}, "name": "None", "answered": 0, "quotation": 0, "percentage": 0}, "name": "None", "answered": 0, "quotation": 0, "percentage": 0}, "name": "Questionrio Sociodemogrfico", "answered": 0, "percentage": 0}, "total_answered": 0, "total_percentage": 0}	342	588	230	\N
806	2024-06-27 15:47:46.629837+00	{"78": {"24": {"46": {"118": {"name": "None", "answered": 0, "quotation": 0, "percentage": 0}, "name": "None", "answered": 0, "quotation": 0, "percentage": 0}, "name": "None", "answered": 0, "quotation": 0, "percentage": 0}, "name": "Questionrio Sociodemogrfico", "answered": 0, "percentage": 0}, "total_answered": 0, "total_percentage": 0}	3	800	159	\N
677	2024-05-21 14:38:25.726104+00	{"46": {"15": {"name": "None", "answered": 0, "quotation": 0, "percentage": 0}, "16": {"name": "Fumadores", "answered": 0, "quotation": 0, "percentage": 0}, "17": {"name": "None", "answered": 0, "quotation": 0, "percentage": 0}, "18": {"40": {"name": "Fumar", "answered": 0, "quotation": 0, "percentage": 0}, "name": "None", "answered": 0, "quotation": 0, "percentage": 0}, "name": "None", "answered": 0, "percentage": 0}, "47": {"19": {"41": {"113": {"name": "MentHA-Risk-section", "answered": 1, "quotation": 1, "percentage": 100}, "name": "MentHA-Risk-dimension", "answered": 1, "quotation": 0, "percentage": 100}, "name": "MentHA-Risk-instrument", "answered": 1, "quotation": 0, "percentage": 100}, "name": "MentHA-Risk-area", "answered": 1, "percentage": 100}, "total_answered": 1, "total_percentage": 100}	265	671	265	\N
696	2024-05-25 15:37:11.294605+00	{"46": {"15": {"name": "None", "answered": 0, "quotation": 0, "percentage": 0}, "16": {"name": "Fumadores", "answered": 0, "quotation": 0, "percentage": 0}, "17": {"name": "None", "answered": 0, "quotation": 0, "percentage": 0}, "18": {"40": {"name": "Fumar", "answered": 0, "quotation": 0, "percentage": 0}, "name": "None", "answered": 0, "quotation": 0, "percentage": 0}, "name": "None", "answered": 0, "percentage": 0}, "47": {"19": {"41": {"113": {"name": "MentHA-Risk-section", "answered": 1, "quotation": 0, "percentage": 100}, "name": "MentHA-Risk-dimension", "answered": 1, "quotation": 0, "percentage": 100}, "name": "MentHA-Risk-instrument", "answered": 1, "quotation": 0, "percentage": 100}, "name": "MentHA-Risk-area", "answered": 1, "percentage": 100}, "total_answered": 1, "total_percentage": 100}	165	690	173	\N
774	2024-05-28 09:49:32.446223+00	{"46": {"15": {"name": "None", "answered": 0, "quotation": 0, "percentage": 0}, "16": {"name": "Fumadores", "answered": 0, "quotation": 0, "percentage": 0}, "17": {"name": "None", "answered": 0, "quotation": 0, "percentage": 0}, "18": {"40": {"name": "Fumar", "answered": 0, "quotation": 0, "percentage": 0}, "name": "None", "answered": 0, "quotation": 0, "percentage": 0}, "name": "None", "answered": 0, "percentage": 0}, "47": {"19": {"41": {"113": {"name": "MentHA-Risk-section", "answered": 1, "quotation": 4, "percentage": 100}, "name": "MentHA-Risk-dimension", "answered": 1, "quotation": 0, "percentage": 100}, "name": "MentHA-Risk-instrument", "answered": 1, "quotation": 0, "percentage": 100}, "name": "MentHA-Risk-area", "answered": 1, "percentage": 100}, "total_answered": 1, "total_percentage": 100}	265	768	286	\N
549	2024-03-29 21:36:03.554833+00	{"78": {"24": {"46": {"118": {"name": "None", "answered": 0, "quotation": 0, "percentage": 0}, "name": "None", "answered": 0, "quotation": 0, "percentage": 0}, "name": "None", "answered": 0, "quotation": 0, "percentage": 0}, "name": "Questionrio Sociodemogrfico", "answered": 0, "percentage": 0}, "total_answered": 0, "total_percentage": 0}	342	543	187	\N
595	2024-03-29 22:00:55.588552+00	{"78": {"24": {"46": {"118": {"name": "None", "answered": 0, "quotation": 0, "percentage": 0}, "name": "None", "answered": 0, "quotation": 0, "percentage": 0}, "name": "None", "answered": 0, "quotation": 0, "percentage": 0}, "name": "Questionrio Sociodemogrfico", "answered": 0, "percentage": 0}, "total_answered": 0, "total_percentage": 0}	342	589	231	\N
807	2024-06-27 15:48:10.96332+00	{"11": {"1": {"1": {"1": {"name": "Alimentao", "answered": 0, "quotation": 0, "percentage": 0}, "2": {"name": "Higiene", "answered": 0, "quotation": 0, "percentage": 0}, "3": {"name": "Eliminao", "answered": 0, "quotation": 0, "percentage": 0}, "name": "Atividades Corporais", "answered": 0, "quotation": 0, "percentage": 0}, "2": {"5": {"name": "Transferncia (subir ou descer da cama)", "answered": 0, "quotation": 0, "percentage": 0}, "6": {"name": "Deslocao (no domicilio ou no exterior)", "answered": 0, "quotation": 0, "percentage": 0}, "7": {"name": "Espao de vida (+/- ajuda humana ou tcnica)", "answered": 0, "quotation": 0, "percentage": 0}, "name": "Atividades Motoras", "answered": 0, "quotation": 0, "percentage": 0}, "3": {"8": {"name": "Fala", "answered": 0, "quotation": 0, "percentage": 0}, "9": {"name": "Viso (+ - correo)", "answered": 0, "quotation": 0, "percentage": 0}, "10": {"name": "Audio", "answered": 0, "quotation": 0, "percentage": 0}, "name": "Atividades Sensoriais", "answered": 0, "quotation": 0, "percentage": 0}, "4": {"11": {"name": "Memria", "answered": 0, "quotation": 0, "percentage": 0}, "12": {"name": "Comportamento", "answered": 0, "quotation": 0, "percentage": 0}, "13": {"name": "Humor", "answered": 0, "quotation": 0, "percentage": 0}, "name": "Atividades Mentais", "answered": 0, "quotation": 0, "percentage": 0}, "name": "ABVD - MDA", "answered": 0, "quotation": 0, "percentage": 0}, "name": "Funcionalidade", "answered": 0, "percentage": 0}, "12": {"3": {"5": {"4": {"name": "None", "answered": 0, "quotation": 0, "percentage": 0}, "name": "None", "answered": 0, "quotation": 0, "percentage": 0}, "name": "BSI", "answered": 0, "quotation": 0, "percentage": 0}, "name": "Psicossintomatologia", "answered": 0, "percentage": 0}, "13": {"4": {"9": {"39": {"name": "Orientao (Temporal)", "answered": 0, "quotation": 0, "percentage": 0}, "40": {"name": "Ateno e Concentrao (Clculo)", "answered": 0, "quotation": 0, "percentage": 0}, "41": {"name": "Orientao (Espacial)", "answered": 0, "quotation": 0, "percentage": 0}, "57": {"name": "Ateno e Concentrao (Soletrar)", "answered": 0, "quotation": 0, "percentage": 0}, "64": {"name": "Memria", "answered": 0, "quotation": 0, "percentage": 0}, "name": "Ateno e Orientao", "answered": 0, "quotation": 0, "percentage": 0}, "10": {"45": {"name": "Memria Antergrada", "answered": 0, "quotation": 0, "percentage": 0}, "46": {"name": "Memria Retrgrada", "answered": 0, "quotation": 0, "percentage": 0}, "47": {"name": "Evocao Diferida (Intervalo Curto)", "answered": 0, "quotation": 0, "percentage": 0}, "62": {"name": "Evocao Diferida (Intervalo Longo)", "answered": 0, "quotation": 0, "percentage": 0}, "67": {"name": "Reconhecimento", "answered": 0, "quotation": 0, "percentage": 0}, "name": "Memria", "answered": 0, "quotation": 0, "percentage": 0}, "11": {"42": {"name": "Letra P", "answered": 0, "quotation": 0, "percentage": 0}, "43": {"name": "Categoria \\"Animais\\"", "answered": 0, "quotation": 0, "percentage": 0}, "name": "Fluncia", "answered": 0, "quotation": 0, "percentage": 0}, "12": {"48": {"name": "Compreenso (Carto)", "answered": 0, "quotation": 0, "percentage": 0}, "49": {"name": "Compreenso (Etapas)", "answered": 0, "quotation": 0, "percentage": 0}, "50": {"name": "Escrita", "answered": 0, "quotation": 0, "percentage": 0}, "51": {"name": "Repetio I", "answered": 0, "quotation": 0, "percentage": 0}, "52": {"name": "Repetio II", "answered": 0, "quotation": 0, "percentage": 0}, "53": {"name": "Repetio III", "answered": 0, "quotation": 0, "percentage": 0}, "54": {"name": "Nomeao", "answered": 0, "quotation": 0, "percentage": 0}, "55": {"name": "Compreenso (Figuras)", "answered": 0, "quotation": 0, "percentage": 0}, "56": {"name": "Leitura", "answered": 0, "quotation": 0, "percentage": 0}, "name": "Linguagem", "answered": 0, "quotation": 0, "percentage": 0}, "14": {"58": {"name": "Capacidade Visuo-Espacial (Pentgonos)", "answered": 0, "quotation": 0, "percentage": 0}, "59": {"name": "Capacidade Visuo-Espacial (Cubo)", "answered": 0, "quotation": 0, "percentage": 0}, "60": {"name": "Capacidade Visuo-Espacial (Relgio)", "answered": 0, "quotation": 0, "percentage": 0}, "65": {"name": "Percepo (Pontos)", "answered": 0, "quotation": 0, "percentage": 0}, "66": {"name": "Percepo (Letras)", "answered": 0, "quotation": 0, "percentage": 0}, "name": "Visuo-Espacial", "answered": 0, "quotation": 0, "percentage": 0}, "name": "ACE-R", "answered": 0, "quotation": 0, "percentage": 0}, "5": {"17": {"68": {"name": "Orientao (Temporal)", "answered": 0, "quotation": 0, "percentage": 0}, "69": {"name": "Orientao (Espacial)", "answered": 0, "quotation": 0, "percentage": 0}, "70": {"name": "Memria", "answered": 0, "quotation": 0, "percentage": 0}, "71": {"name": "Ateno e Concentrao (Clculo)", "answered": 0, "quotation": 0, "percentage": 0}, "72": {"name": "Ateno e Concentrao (Soletrar)", "answered": 0, "quotation": 0, "percentage": 0}, "name": "Ateno e Orientao", "answered": 0, "quotation": 0, "percentage": 0}, "18": {"73": {"name": "Evocao Diferida (Intervalo Curto)", "answered": 0, "quotation": 0, "percentage": 0}, "name": "Memria", "answered": 0, "quotation": 0, "percentage": 0}, "19": {"76": {"name": "Compreenso (Carto)", "answered": 0, "quotation": 0, "percentage": 0}, "77": {"name": "Compreenso (Etapas)", "answered": 0, "quotation": 0, "percentage": 0}, "78": {"name": "Escrita", "answered": 0, "quotation": 0, "percentage": 0}, "79": {"name": "Repetio III", "answered": 0, "quotation": 0, "percentage": 0}, "80": {"name": "Nomeao", "answered": 0, "quotation": 0, "percentage": 0}, "name": "Linguagem", "answered": 0, "quotation": 0, "percentage": 0}, "20": {"81": {"name": "Capacidade Visuo-Espacial (Pentgonos)", "answered": 0, "quotation": 0, "percentage": 0}, "name": "Visuo-Espacial", "answered": 0, "quotation": 0, "percentage": 0}, "name": "MMSE", "answered": 0, "quotation": 0, "percentage": 0}, "name": "Cognio", "answered": 0, "percentage": 0}, "14": {"10": {"30": {"106": {"name": "None", "answered": 0, "quotation": 0, "percentage": 0}, "name": "Conscincia", "answered": 0, "quotation": 0, "percentage": 0}, "31": {"107": {"name": "None", "answered": 0, "quotation": 0, "percentage": 0}, "name": "Atividade Motora", "answered": 0, "quotation": 0, "percentage": 0}, "32": {"108": {"name": "None", "answered": 0, "quotation": 0, "percentage": 0}, "name": "Humor", "answered": 0, "quotation": 0, "percentage": 0}, "name": "None", "answered": 0, "quotation": 0, "percentage": 0}, "name": "Conscincia, Humor e Comportamento", "answered": 0, "percentage": 0}, "15": {"11": {"33": {"109": {"name": "None", "answered": 0, "quotation": 0, "percentage": 0}, "name": "None", "answered": 0, "quotation": 0, "percentage": 0}, "name": "None", "answered": 0, "quotation": 0, "percentage": 0}, "name": "Cooperao dada na entrevista", "answered": 0, "percentage": 0}, "16": {"12": {"34": {"110": {"name": "None", "answered": 0, "quotation": 0, "percentage": 0}, "name": "None", "answered": 0, "quotation": 0, "percentage": 0}, "name": "None", "answered": 0, "quotation": 0, "percentage": 0}, "name": "Relao com o Avaliador", "answered": 0, "percentage": 0}, "total_answered": 0, "total_percentage": 0}	3	801	159	\N
483	2024-03-29 20:43:07.261153+00	{"46": {"15": {"name": "None", "answered": 0, "quotation": 0, "percentage": 0}, "16": {"name": "Fumadores", "answered": 0, "quotation": 0, "percentage": 0}, "17": {"name": "None", "answered": 0, "quotation": 0, "percentage": 0}, "18": {"40": {"name": "Fumar", "answered": 0, "quotation": 0, "percentage": 0}, "name": "None", "answered": 0, "quotation": 0, "percentage": 0}, "name": "None", "answered": 0, "percentage": 0}, "47": {"19": {"41": {"113": {"name": "MentHA-Risk-section", "answered": 1, "quotation": 10, "percentage": 100}, "name": "MentHA-Risk-dimension", "answered": 1, "quotation": 0, "percentage": 100}, "name": "MentHA-Risk-instrument", "answered": 1, "quotation": 0, "percentage": 100}, "name": "MentHA-Risk-area", "answered": 1, "percentage": 100}, "total_answered": 1, "total_percentage": 100}	342	477	199	\N
550	2024-03-29 21:36:27.200458+00	{"78": {"24": {"46": {"118": {"name": "None", "answered": 0, "quotation": 0, "percentage": 0}, "name": "None", "answered": 0, "quotation": 0, "percentage": 0}, "name": "None", "answered": 0, "quotation": 0, "percentage": 0}, "name": "Questionrio Sociodemogrfico", "answered": 0, "percentage": 0}, "total_answered": 0, "total_percentage": 0}	342	544	188	\N
596	2024-03-29 22:01:23.416678+00	{"78": {"24": {"46": {"118": {"name": "None", "answered": 0, "quotation": 0, "percentage": 0}, "name": "None", "answered": 0, "quotation": 0, "percentage": 0}, "name": "None", "answered": 0, "quotation": 0, "percentage": 0}, "name": "Questionrio Sociodemogrfico", "answered": 0, "percentage": 0}, "total_answered": 0, "total_percentage": 0}	342	590	232	\N
290	2023-10-14 14:25:17.297289+00	{"46": {"15": {"name": "None", "answered": 0, "quotation": 0, "percentage": 0}, "16": {"name": "Fumadores", "answered": 0, "quotation": 0, "percentage": 0}, "17": {"name": "None", "answered": 0, "quotation": 0, "percentage": 0}, "18": {"40": {"name": "Fumar", "answered": 0, "quotation": 0, "percentage": 0}, "name": "None", "answered": 0, "quotation": 0, "percentage": 0}, "name": "None", "answered": 0, "percentage": 0}, "47": {"19": {"41": {"113": {"name": "MentHA-Risk-section", "answered": 1, "quotation": 23, "percentage": 100}, "name": "MentHA-Risk-dimension", "answered": 1, "quotation": 0, "percentage": 100}, "name": "MentHA-Risk-instrument", "answered": 1, "quotation": 0, "percentage": 100}, "name": "MentHA-Risk-area", "answered": 1, "percentage": 100}, "total_answered": 1, "total_percentage": 100}	245	284	139	\N
551	2024-03-29 21:36:51.828858+00	{"78": {"24": {"46": {"118": {"name": "None", "answered": 0, "quotation": 0, "percentage": 0}, "name": "None", "answered": 0, "quotation": 0, "percentage": 0}, "name": "None", "answered": 0, "quotation": 0, "percentage": 0}, "name": "Questionrio Sociodemogrfico", "answered": 0, "percentage": 0}, "total_answered": 0, "total_percentage": 0}	342	545	189	\N
597	2024-03-29 22:02:11.218368+00	{"78": {"24": {"46": {"118": {"name": "None", "answered": 0, "quotation": 0, "percentage": 0}, "name": "None", "answered": 0, "quotation": 0, "percentage": 0}, "name": "None", "answered": 0, "quotation": 0, "percentage": 0}, "name": "Questionrio Sociodemogrfico", "answered": 0, "percentage": 0}, "total_answered": 0, "total_percentage": 0}	342	591	233	\N
709	2024-05-26 15:39:30.916982+00	{"46": {"15": {"name": "None", "answered": 0, "quotation": 0, "percentage": 0}, "16": {"name": "Fumadores", "answered": 0, "quotation": 0, "percentage": 0}, "17": {"name": "None", "answered": 0, "quotation": 0, "percentage": 0}, "18": {"40": {"name": "Fumar", "answered": 0, "quotation": 0, "percentage": 0}, "name": "None", "answered": 0, "quotation": 0, "percentage": 0}, "name": "None", "answered": 0, "percentage": 0}, "47": {"19": {"41": {"113": {"name": "MentHA-Risk-section", "answered": 1, "quotation": 2, "percentage": 100}, "name": "MentHA-Risk-dimension", "answered": 1, "quotation": 0, "percentage": 100}, "name": "MentHA-Risk-instrument", "answered": 1, "quotation": 0, "percentage": 100}, "name": "MentHA-Risk-area", "answered": 1, "percentage": 100}, "total_answered": 1, "total_percentage": 100}	165	703	165	\N
508	2024-03-29 20:59:29.703277+00	{"46": {"15": {"name": "None", "answered": 0, "quotation": 0, "percentage": 0}, "16": {"name": "Fumadores", "answered": 0, "quotation": 0, "percentage": 0}, "17": {"name": "None", "answered": 0, "quotation": 0, "percentage": 0}, "18": {"40": {"name": "Fumar", "answered": 0, "quotation": 0, "percentage": 0}, "name": "None", "answered": 0, "quotation": 0, "percentage": 0}, "name": "None", "answered": 0, "percentage": 0}, "47": {"19": {"41": {"113": {"name": "MentHA-Risk-section", "answered": 1, "quotation": 0, "percentage": 100}, "name": "MentHA-Risk-dimension", "answered": 1, "quotation": 0, "percentage": 100}, "name": "MentHA-Risk-instrument", "answered": 1, "quotation": 0, "percentage": 100}, "name": "MentHA-Risk-area", "answered": 1, "percentage": 100}, "total_answered": 1, "total_percentage": 100}	342	502	220	\N
678	2024-05-21 14:41:22.146857+00	{"46": {"15": {"name": "None", "answered": 0, "quotation": 0, "percentage": 0}, "16": {"name": "Fumadores", "answered": 0, "quotation": 0, "percentage": 0}, "17": {"name": "None", "answered": 0, "quotation": 0, "percentage": 0}, "18": {"40": {"name": "Fumar", "answered": 0, "quotation": 0, "percentage": 0}, "name": "None", "answered": 0, "quotation": 0, "percentage": 0}, "name": "None", "answered": 0, "percentage": 0}, "47": {"19": {"41": {"113": {"name": "MentHA-Risk-section", "answered": 1, "quotation": 8, "percentage": 100}, "name": "MentHA-Risk-dimension", "answered": 1, "quotation": 0, "percentage": 100}, "name": "MentHA-Risk-instrument", "answered": 1, "quotation": 0, "percentage": 100}, "name": "MentHA-Risk-area", "answered": 1, "percentage": 100}, "total_answered": 1, "total_percentage": 100}	265	672	266	\N
511	2024-03-29 21:00:48.278572+00	{"46": {"15": {"name": "None", "answered": 0, "quotation": 0, "percentage": 0}, "16": {"name": "Fumadores", "answered": 0, "quotation": 0, "percentage": 0}, "17": {"name": "None", "answered": 0, "quotation": 0, "percentage": 0}, "18": {"40": {"name": "Fumar", "answered": 0, "quotation": 0, "percentage": 0}, "name": "None", "answered": 0, "quotation": 0, "percentage": 0}, "name": "None", "answered": 0, "percentage": 0}, "47": {"19": {"41": {"113": {"name": "MentHA-Risk-section", "answered": 1, "quotation": 0, "percentage": 100}, "name": "MentHA-Risk-dimension", "answered": 1, "quotation": 0, "percentage": 100}, "name": "MentHA-Risk-instrument", "answered": 1, "quotation": 0, "percentage": 100}, "name": "MentHA-Risk-area", "answered": 1, "percentage": 100}, "total_answered": 1, "total_percentage": 100}	342	505	223	\N
552	2024-03-29 21:37:26.818916+00	{"78": {"24": {"46": {"118": {"name": "None", "answered": 0, "quotation": 0, "percentage": 0}, "name": "None", "answered": 0, "quotation": 0, "percentage": 0}, "name": "None", "answered": 0, "quotation": 0, "percentage": 0}, "name": "Questionrio Sociodemogrfico", "answered": 0, "percentage": 0}, "total_answered": 0, "total_percentage": 0}	342	546	192	\N
718	2024-05-27 12:35:21.78174+00	{"46": {"15": {"name": "None", "answered": 0, "quotation": 0, "percentage": 0}, "16": {"name": "Fumadores", "answered": 0, "quotation": 0, "percentage": 0}, "17": {"name": "None", "answered": 0, "quotation": 0, "percentage": 0}, "18": {"40": {"name": "Fumar", "answered": 0, "quotation": 0, "percentage": 0}, "name": "None", "answered": 0, "quotation": 0, "percentage": 0}, "name": "None", "answered": 0, "percentage": 0}, "47": {"19": {"41": {"113": {"name": "MentHA-Risk-section", "answered": 1, "quotation": 3, "percentage": 100}, "name": "MentHA-Risk-dimension", "answered": 1, "quotation": 0, "percentage": 100}, "name": "MentHA-Risk-instrument", "answered": 1, "quotation": 0, "percentage": 100}, "name": "MentHA-Risk-area", "answered": 1, "percentage": 100}, "total_answered": 1, "total_percentage": 100}	165	712	96	\N
697	2024-05-25 23:50:50.163731+00	{"46": {"15": {"name": "None", "answered": 0, "quotation": 0, "percentage": 0}, "16": {"name": "Fumadores", "answered": 0, "quotation": 0, "percentage": 0}, "17": {"name": "None", "answered": 0, "quotation": 0, "percentage": 0}, "18": {"40": {"name": "Fumar", "answered": 0, "quotation": 0, "percentage": 0}, "name": "None", "answered": 0, "quotation": 0, "percentage": 0}, "name": "None", "answered": 0, "percentage": 0}, "47": {"19": {"41": {"113": {"name": "MentHA-Risk-section", "answered": 1, "quotation": 2, "percentage": 100}, "name": "MentHA-Risk-dimension", "answered": 1, "quotation": 0, "percentage": 100}, "name": "MentHA-Risk-instrument", "answered": 1, "quotation": 0, "percentage": 100}, "name": "MentHA-Risk-area", "answered": 1, "percentage": 100}, "total_answered": 1, "total_percentage": 100}	245	691	141	\N
710	2024-05-26 15:48:56.253906+00	{"46": {"15": {"name": "None", "answered": 0, "quotation": 0, "percentage": 0}, "16": {"name": "Fumadores", "answered": 0, "quotation": 0, "percentage": 0}, "17": {"name": "None", "answered": 0, "quotation": 0, "percentage": 0}, "18": {"40": {"name": "Fumar", "answered": 0, "quotation": 0, "percentage": 0}, "name": "None", "answered": 0, "quotation": 0, "percentage": 0}, "name": "None", "answered": 0, "percentage": 0}, "47": {"19": {"41": {"113": {"name": "MentHA-Risk-section", "answered": 1, "quotation": 7, "percentage": 100}, "name": "MentHA-Risk-dimension", "answered": 1, "quotation": 0, "percentage": 100}, "name": "MentHA-Risk-instrument", "answered": 1, "quotation": 0, "percentage": 100}, "name": "MentHA-Risk-area", "answered": 1, "percentage": 100}, "total_answered": 1, "total_percentage": 100}	165	704	112	\N
668	2024-04-29 21:42:48.803113+00	{"46": {"15": {"name": "None", "answered": 0, "quotation": 0, "percentage": 0}, "16": {"name": "Fumadores", "answered": 0, "quotation": 0, "percentage": 0}, "17": {"name": "None", "answered": 0, "quotation": 0, "percentage": 0}, "18": {"40": {"name": "Fumar", "answered": 0, "quotation": 0, "percentage": 0}, "name": "None", "answered": 0, "quotation": 0, "percentage": 0}, "name": "None", "answered": 0, "percentage": 0}, "47": {"19": {"41": {"113": {"name": "MentHA-Risk-section", "answered": 1, "quotation": 0, "percentage": 100}, "name": "MentHA-Risk-dimension", "answered": 1, "quotation": 0, "percentage": 100}, "name": "MentHA-Risk-instrument", "answered": 1, "quotation": 0, "percentage": 100}, "name": "MentHA-Risk-area", "answered": 1, "percentage": 100}, "total_answered": 1, "total_percentage": 100}	3	662	219	\N
662	2024-04-19 11:45:49.388034+00	{"46": {"15": {"name": "None", "answered": 0, "quotation": 0, "percentage": 0}, "16": {"name": "Fumadores", "answered": 0, "quotation": 0, "percentage": 0}, "17": {"name": "None", "answered": 0, "quotation": 0, "percentage": 0}, "18": {"40": {"name": "Fumar", "answered": 0, "quotation": 0, "percentage": 0}, "name": "None", "answered": 0, "quotation": 0, "percentage": 0}, "name": "None", "answered": 0, "percentage": 0}, "47": {"19": {"41": {"113": {"name": "MentHA-Risk-section", "answered": 1, "quotation": 10, "percentage": 100}, "name": "MentHA-Risk-dimension", "answered": 1, "quotation": 0, "percentage": 100}, "name": "MentHA-Risk-instrument", "answered": 1, "quotation": 0, "percentage": 100}, "name": "MentHA-Risk-area", "answered": 1, "percentage": 100}, "total_answered": 1, "total_percentage": 100}	342	656	195	\N
553	2024-03-29 21:37:54.864841+00	{"78": {"24": {"46": {"118": {"name": "None", "answered": 0, "quotation": 0, "percentage": 0}, "name": "None", "answered": 0, "quotation": 0, "percentage": 0}, "name": "None", "answered": 0, "quotation": 0, "percentage": 0}, "name": "Questionrio Sociodemogrfico", "answered": 0, "percentage": 0}, "total_answered": 0, "total_percentage": 0}	342	547	193	\N
501	2024-03-29 20:55:21.752551+00	{"46": {"15": {"name": "None", "answered": 0, "quotation": 0, "percentage": 0}, "16": {"name": "Fumadores", "answered": 0, "quotation": 0, "percentage": 0}, "17": {"name": "None", "answered": 0, "quotation": 0, "percentage": 0}, "18": {"40": {"name": "Fumar", "answered": 0, "quotation": 0, "percentage": 0}, "name": "None", "answered": 0, "quotation": 0, "percentage": 0}, "name": "None", "answered": 0, "percentage": 0}, "47": {"19": {"41": {"113": {"name": "MentHA-Risk-section", "answered": 1, "quotation": 5, "percentage": 100}, "name": "MentHA-Risk-dimension", "answered": 1, "quotation": 0, "percentage": 100}, "name": "MentHA-Risk-instrument", "answered": 1, "quotation": 0, "percentage": 100}, "name": "MentHA-Risk-area", "answered": 1, "percentage": 100}, "total_answered": 1, "total_percentage": 100}	342	495	215	\N
493	2024-03-29 20:51:10.021869+00	{"46": {"15": {"name": "None", "answered": 0, "quotation": 0, "percentage": 0}, "16": {"name": "Fumadores", "answered": 0, "quotation": 0, "percentage": 0}, "17": {"name": "None", "answered": 0, "quotation": 0, "percentage": 0}, "18": {"40": {"name": "Fumar", "answered": 0, "quotation": 0, "percentage": 0}, "name": "None", "answered": 0, "quotation": 0, "percentage": 0}, "name": "None", "answered": 0, "percentage": 0}, "47": {"19": {"41": {"113": {"name": "MentHA-Risk-section", "answered": 1, "quotation": 3, "percentage": 100}, "name": "MentHA-Risk-dimension", "answered": 1, "quotation": 0, "percentage": 100}, "name": "MentHA-Risk-instrument", "answered": 1, "quotation": 0, "percentage": 100}, "name": "MentHA-Risk-area", "answered": 1, "percentage": 100}, "total_answered": 1, "total_percentage": 100}	342	487	190	\N
680	2024-05-21 15:02:08.233913+00	{"46": {"15": {"name": "None", "answered": 0, "quotation": 0, "percentage": 0}, "16": {"name": "Fumadores", "answered": 0, "quotation": 0, "percentage": 0}, "17": {"name": "None", "answered": 0, "quotation": 0, "percentage": 0}, "18": {"40": {"name": "Fumar", "answered": 0, "quotation": 0, "percentage": 0}, "name": "None", "answered": 0, "quotation": 0, "percentage": 0}, "name": "None", "answered": 0, "percentage": 0}, "47": {"19": {"41": {"113": {"name": "MentHA-Risk-section", "answered": 1, "quotation": 11, "percentage": 100}, "name": "MentHA-Risk-dimension", "answered": 1, "quotation": 0, "percentage": 100}, "name": "MentHA-Risk-instrument", "answered": 1, "quotation": 0, "percentage": 100}, "name": "MentHA-Risk-area", "answered": 1, "percentage": 100}, "total_answered": 1, "total_percentage": 100}	265	674	270	\N
669	2024-05-07 15:40:02.584128+00	{"total_answered": 0, "total_percentage": 0}	3	663	220	\N
681	2024-05-21 15:06:38.016572+00	{"46": {"15": {"name": "None", "answered": 0, "quotation": 0, "percentage": 0}, "16": {"name": "Fumadores", "answered": 0, "quotation": 0, "percentage": 0}, "17": {"name": "None", "answered": 0, "quotation": 0, "percentage": 0}, "18": {"40": {"name": "Fumar", "answered": 0, "quotation": 0, "percentage": 0}, "name": "None", "answered": 0, "quotation": 0, "percentage": 0}, "name": "None", "answered": 0, "percentage": 0}, "47": {"19": {"41": {"113": {"name": "MentHA-Risk-section", "answered": 1, "quotation": 9, "percentage": 100}, "name": "MentHA-Risk-dimension", "answered": 1, "quotation": 0, "percentage": 100}, "name": "MentHA-Risk-instrument", "answered": 1, "quotation": 0, "percentage": 100}, "name": "MentHA-Risk-area", "answered": 1, "percentage": 100}, "total_answered": 1, "total_percentage": 100}	265	675	272	\N
698	2024-05-25 23:57:54.788279+00	{"46": {"15": {"name": "None", "answered": 0, "quotation": 0, "percentage": 0}, "16": {"name": "Fumadores", "answered": 0, "quotation": 0, "percentage": 0}, "17": {"name": "None", "answered": 0, "quotation": 0, "percentage": 0}, "18": {"40": {"name": "Fumar", "answered": 0, "quotation": 0, "percentage": 0}, "name": "None", "answered": 0, "quotation": 0, "percentage": 0}, "name": "None", "answered": 0, "percentage": 0}, "47": {"19": {"41": {"113": {"name": "MentHA-Risk-section", "answered": 1, "quotation": 5, "percentage": 100}, "name": "MentHA-Risk-dimension", "answered": 1, "quotation": 0, "percentage": 100}, "name": "MentHA-Risk-instrument", "answered": 1, "quotation": 0, "percentage": 100}, "name": "MentHA-Risk-area", "answered": 1, "percentage": 100}, "total_answered": 1, "total_percentage": 100}	245	692	142	\N
554	2024-03-29 21:38:21.634019+00	{"78": {"24": {"46": {"118": {"name": "None", "answered": 0, "quotation": 0, "percentage": 0}, "name": "None", "answered": 0, "quotation": 0, "percentage": 0}, "name": "None", "answered": 0, "quotation": 0, "percentage": 0}, "name": "Questionrio Sociodemogrfico", "answered": 0, "percentage": 0}, "total_answered": 0, "total_percentage": 0}	342	548	194	\N
600	2024-03-29 22:03:44.173959+00	{"78": {"24": {"46": {"118": {"name": "None", "answered": 0, "quotation": 0, "percentage": 0}, "name": "None", "answered": 0, "quotation": 0, "percentage": 0}, "name": "None", "answered": 0, "quotation": 0, "percentage": 0}, "name": "Questionrio Sociodemogrfico", "answered": 0, "percentage": 0}, "total_answered": 0, "total_percentage": 0}	342	594	234	\N
225	2023-10-04 10:41:48.923763+00	{"46": {"15": {"name": "None", "answered": 0, "quotation": 0, "percentage": 0}, "16": {"name": "Fumadores", "answered": 0, "quotation": 0, "percentage": 0}, "17": {"name": "None", "answered": 0, "quotation": 0, "percentage": 0}, "18": {"40": {"name": "Fumar", "answered": 0, "quotation": 0, "percentage": 0}, "name": "None", "answered": 0, "quotation": 0, "percentage": 0}, "name": "None", "answered": 0, "percentage": 0}, "47": {"19": {"41": {"113": {"name": "MentHA-Risk-section", "answered": 1, "quotation": 7, "percentage": 100}, "name": "MentHA-Risk-dimension", "answered": 1, "quotation": 0, "percentage": 100}, "name": "MentHA-Risk-instrument", "answered": 1, "quotation": 0, "percentage": 100}, "name": "MentHA-Risk-area", "answered": 1, "percentage": 100}, "total_answered": 1, "total_percentage": 100}	165	219	112	\N
776	2024-05-28 10:16:04.860426+00	{"46": {"15": {"name": "None", "answered": 0, "quotation": 0, "percentage": 0}, "16": {"name": "Fumadores", "answered": 0, "quotation": 0, "percentage": 0}, "17": {"name": "None", "answered": 0, "quotation": 0, "percentage": 0}, "18": {"40": {"name": "Fumar", "answered": 0, "quotation": 0, "percentage": 0}, "name": "None", "answered": 0, "quotation": 0, "percentage": 0}, "name": "None", "answered": 0, "percentage": 0}, "47": {"19": {"41": {"113": {"name": "MentHA-Risk-section", "answered": 1, "quotation": 3, "percentage": 100}, "name": "MentHA-Risk-dimension", "answered": 1, "quotation": 0, "percentage": 100}, "name": "MentHA-Risk-instrument", "answered": 1, "quotation": 0, "percentage": 100}, "name": "MentHA-Risk-area", "answered": 1, "percentage": 100}, "total_answered": 1, "total_percentage": 100}	265	770	290	\N
499	2024-03-29 20:54:30.016991+00	{"46": {"15": {"name": "None", "answered": 0, "quotation": 0, "percentage": 0}, "16": {"name": "Fumadores", "answered": 0, "quotation": 0, "percentage": 0}, "17": {"name": "None", "answered": 0, "quotation": 0, "percentage": 0}, "18": {"40": {"name": "Fumar", "answered": 0, "quotation": 0, "percentage": 0}, "name": "None", "answered": 0, "quotation": 0, "percentage": 0}, "name": "None", "answered": 0, "percentage": 0}, "47": {"19": {"41": {"113": {"name": "MentHA-Risk-section", "answered": 1, "quotation": 6, "percentage": 100}, "name": "MentHA-Risk-dimension", "answered": 1, "quotation": 0, "percentage": 100}, "name": "MentHA-Risk-instrument", "answered": 1, "quotation": 0, "percentage": 100}, "name": "MentHA-Risk-area", "answered": 1, "percentage": 100}, "total_answered": 1, "total_percentage": 100}	342	493	213	\N
777	2024-05-28 10:40:36.492282+00	{"78": {"24": {"46": {"118": {"name": "None", "answered": 0, "quotation": 0, "percentage": 0}, "name": "None", "answered": 0, "quotation": 0, "percentage": 0}, "name": "None", "answered": 0, "quotation": 0, "percentage": 0}, "name": "Questionrio Sociodemogrfico", "answered": 0, "percentage": 0}, "total_answered": 0, "total_percentage": 0}	265	771	298	\N
555	2024-03-29 21:38:40.713843+00	{"78": {"24": {"46": {"118": {"name": "None", "answered": 0, "quotation": 0, "percentage": 0}, "name": "None", "answered": 0, "quotation": 0, "percentage": 0}, "name": "None", "answered": 0, "quotation": 0, "percentage": 0}, "name": "Questionrio Sociodemogrfico", "answered": 0, "percentage": 0}, "total_answered": 0, "total_percentage": 0}	342	549	195	\N
601	2024-03-29 22:04:27.187114+00	{"78": {"24": {"46": {"118": {"name": "None", "answered": 0, "quotation": 0, "percentage": 0}, "name": "None", "answered": 0, "quotation": 0, "percentage": 0}, "name": "None", "answered": 0, "quotation": 0, "percentage": 0}, "name": "Questionrio Sociodemogrfico", "answered": 0, "percentage": 0}, "total_answered": 0, "total_percentage": 0}	342	595	235	\N
808	2024-06-27 22:37:24.711032+00	{"46": {"15": {"name": "None", "answered": 0, "quotation": 0, "percentage": 0}, "16": {"name": "Fumadores", "answered": 0, "quotation": 0, "percentage": 0}, "17": {"name": "None", "answered": 0, "quotation": 0, "percentage": 0}, "18": {"40": {"name": "Fumar", "answered": 0, "quotation": 0, "percentage": 0}, "name": "None", "answered": 0, "quotation": 0, "percentage": 0}, "name": "None", "answered": 0, "percentage": 0}, "47": {"19": {"41": {"113": {"name": "MentHA-Risk-section", "answered": 1, "quotation": 0, "percentage": 100}, "name": "MentHA-Risk-dimension", "answered": 1, "quotation": 0, "percentage": 100}, "name": "MentHA-Risk-instrument", "answered": 1, "quotation": 0, "percentage": 100}, "name": "MentHA-Risk-area", "answered": 1, "percentage": 100}, "total_answered": 1, "total_percentage": 100}	3	802	265	\N
500	2024-03-29 20:54:54.804861+00	{"46": {"15": {"name": "None", "answered": 0, "quotation": 0, "percentage": 0}, "16": {"name": "Fumadores", "answered": 0, "quotation": 0, "percentage": 0}, "17": {"name": "None", "answered": 0, "quotation": 0, "percentage": 0}, "18": {"40": {"name": "Fumar", "answered": 0, "quotation": 0, "percentage": 0}, "name": "None", "answered": 0, "quotation": 0, "percentage": 0}, "name": "None", "answered": 0, "percentage": 0}, "47": {"19": {"41": {"113": {"name": "MentHA-Risk-section", "answered": 1, "quotation": 1, "percentage": 100}, "name": "MentHA-Risk-dimension", "answered": 1, "quotation": 0, "percentage": 100}, "name": "MentHA-Risk-instrument", "answered": 1, "quotation": 0, "percentage": 100}, "name": "MentHA-Risk-area", "answered": 1, "percentage": 100}, "total_answered": 1, "total_percentage": 100}	342	494	214	\N
467	2024-03-29 20:26:15.613294+00	{"46": {"15": {"name": "None", "answered": 0, "quotation": 0, "percentage": 0}, "16": {"name": "Fumadores", "answered": 0, "quotation": 0, "percentage": 0}, "17": {"name": "None", "answered": 0, "quotation": 0, "percentage": 0}, "18": {"40": {"name": "Fumar", "answered": 0, "quotation": 0, "percentage": 0}, "name": "None", "answered": 0, "quotation": 0, "percentage": 0}, "name": "None", "answered": 0, "percentage": 0}, "47": {"19": {"41": {"113": {"name": "MentHA-Risk-section", "answered": 1, "quotation": 2, "percentage": 100}, "name": "MentHA-Risk-dimension", "answered": 1, "quotation": 0, "percentage": 100}, "name": "MentHA-Risk-instrument", "answered": 1, "quotation": 0, "percentage": 100}, "name": "MentHA-Risk-area", "answered": 1, "percentage": 100}, "total_answered": 1, "total_percentage": 100}	342	461	181	\N
556	2024-03-29 21:39:07.961027+00	{"78": {"24": {"46": {"118": {"name": "None", "answered": 0, "quotation": 0, "percentage": 0}, "name": "None", "answered": 0, "quotation": 0, "percentage": 0}, "name": "None", "answered": 0, "quotation": 0, "percentage": 0}, "name": "Questionrio Sociodemogrfico", "answered": 0, "percentage": 0}, "total_answered": 0, "total_percentage": 0}	342	550	196	\N
602	2024-03-29 22:04:54.854937+00	{"78": {"24": {"46": {"118": {"name": "None", "answered": 0, "quotation": 0, "percentage": 0}, "name": "None", "answered": 0, "quotation": 0, "percentage": 0}, "name": "None", "answered": 0, "quotation": 0, "percentage": 0}, "name": "Questionrio Sociodemogrfico", "answered": 0, "percentage": 0}, "total_answered": 0, "total_percentage": 0}	342	596	236	\N
719	2024-05-27 12:41:02.579134+00	{"46": {"15": {"name": "None", "answered": 0, "quotation": 0, "percentage": 0}, "16": {"name": "Fumadores", "answered": 0, "quotation": 0, "percentage": 0}, "17": {"name": "None", "answered": 0, "quotation": 0, "percentage": 0}, "18": {"40": {"name": "Fumar", "answered": 0, "quotation": 0, "percentage": 0}, "name": "None", "answered": 0, "quotation": 0, "percentage": 0}, "name": "None", "answered": 0, "percentage": 0}, "47": {"19": {"41": {"113": {"name": "MentHA-Risk-section", "answered": 1, "quotation": 7, "percentage": 100}, "name": "MentHA-Risk-dimension", "answered": 1, "quotation": 0, "percentage": 100}, "name": "MentHA-Risk-instrument", "answered": 1, "quotation": 0, "percentage": 100}, "name": "MentHA-Risk-area", "answered": 1, "percentage": 100}, "total_answered": 1, "total_percentage": 100}	165	713	299	\N
699	2024-05-26 00:02:04.351893+00	{"46": {"15": {"name": "None", "answered": 0, "quotation": 0, "percentage": 0}, "16": {"name": "Fumadores", "answered": 0, "quotation": 0, "percentage": 0}, "17": {"name": "None", "answered": 0, "quotation": 0, "percentage": 0}, "18": {"40": {"name": "Fumar", "answered": 0, "quotation": 0, "percentage": 0}, "name": "None", "answered": 0, "quotation": 0, "percentage": 0}, "name": "None", "answered": 0, "percentage": 0}, "47": {"19": {"41": {"113": {"name": "MentHA-Risk-section", "answered": 1, "quotation": 11, "percentage": 100}, "name": "MentHA-Risk-dimension", "answered": 1, "quotation": 0, "percentage": 100}, "name": "MentHA-Risk-instrument", "answered": 1, "quotation": 0, "percentage": 100}, "name": "MentHA-Risk-area", "answered": 1, "percentage": 100}, "total_answered": 1, "total_percentage": 100}	245	693	143	\N
711	2024-05-26 15:54:01.155659+00	{"46": {"15": {"name": "None", "answered": 0, "quotation": 0, "percentage": 0}, "16": {"name": "Fumadores", "answered": 0, "quotation": 0, "percentage": 0}, "17": {"name": "None", "answered": 0, "quotation": 0, "percentage": 0}, "18": {"40": {"name": "Fumar", "answered": 0, "quotation": 0, "percentage": 0}, "name": "None", "answered": 0, "quotation": 0, "percentage": 0}, "name": "None", "answered": 0, "percentage": 0}, "47": {"19": {"41": {"113": {"name": "MentHA-Risk-section", "answered": 1, "quotation": 4, "percentage": 100}, "name": "MentHA-Risk-dimension", "answered": 1, "quotation": 0, "percentage": 100}, "name": "MentHA-Risk-instrument", "answered": 1, "quotation": 0, "percentage": 100}, "name": "MentHA-Risk-area", "answered": 1, "percentage": 100}, "total_answered": 1, "total_percentage": 100}	165	705	85	\N
557	2024-03-29 21:39:34.652483+00	{"78": {"24": {"46": {"118": {"name": "None", "answered": 0, "quotation": 0, "percentage": 0}, "name": "None", "answered": 0, "quotation": 0, "percentage": 0}, "name": "None", "answered": 0, "quotation": 0, "percentage": 0}, "name": "Questionrio Sociodemogrfico", "answered": 0, "percentage": 0}, "total_answered": 0, "total_percentage": 0}	342	551	197	\N
603	2024-03-29 22:05:22.126693+00	{"78": {"24": {"46": {"118": {"name": "None", "answered": 0, "quotation": 0, "percentage": 0}, "name": "None", "answered": 0, "quotation": 0, "percentage": 0}, "name": "None", "answered": 0, "quotation": 0, "percentage": 0}, "name": "Questionrio Sociodemogrfico", "answered": 0, "percentage": 0}, "total_answered": 0, "total_percentage": 0}	342	597	237	\N
725	2024-05-27 12:59:08.461177+00	{"46": {"15": {"name": "None", "answered": 0, "quotation": 0, "percentage": 0}, "16": {"name": "Fumadores", "answered": 0, "quotation": 0, "percentage": 0}, "17": {"name": "None", "answered": 0, "quotation": 0, "percentage": 0}, "18": {"40": {"name": "Fumar", "answered": 0, "quotation": 0, "percentage": 0}, "name": "None", "answered": 0, "quotation": 0, "percentage": 0}, "name": "None", "answered": 0, "percentage": 0}, "47": {"19": {"41": {"113": {"name": "MentHA-Risk-section", "answered": 1, "quotation": 0, "percentage": 100}, "name": "MentHA-Risk-dimension", "answered": 1, "quotation": 0, "percentage": 100}, "name": "MentHA-Risk-instrument", "answered": 1, "quotation": 0, "percentage": 100}, "name": "MentHA-Risk-area", "answered": 1, "percentage": 100}, "total_answered": 1, "total_percentage": 100}	165	719	172	\N
506	2024-03-29 20:57:25.384936+00	{"46": {"15": {"name": "None", "answered": 0, "quotation": 0, "percentage": 0}, "16": {"name": "Fumadores", "answered": 0, "quotation": 0, "percentage": 0}, "17": {"name": "None", "answered": 0, "quotation": 0, "percentage": 0}, "18": {"40": {"name": "Fumar", "answered": 0, "quotation": 0, "percentage": 0}, "name": "None", "answered": 0, "quotation": 0, "percentage": 0}, "name": "None", "answered": 0, "percentage": 0}, "47": {"19": {"41": {"113": {"name": "MentHA-Risk-section", "answered": 1, "quotation": 4, "percentage": 100}, "name": "MentHA-Risk-dimension", "answered": 1, "quotation": 0, "percentage": 100}, "name": "MentHA-Risk-instrument", "answered": 1, "quotation": 0, "percentage": 100}, "name": "MentHA-Risk-area", "answered": 1, "percentage": 100}, "total_answered": 1, "total_percentage": 100}	342	500	218	\N
778	2024-05-28 17:26:00.633045+00	{"46": {"15": {"name": "None", "answered": 0, "quotation": 0, "percentage": 0}, "16": {"name": "Fumadores", "answered": 0, "quotation": 0, "percentage": 0}, "17": {"name": "None", "answered": 0, "quotation": 0, "percentage": 0}, "18": {"40": {"name": "Fumar", "answered": 0, "quotation": 0, "percentage": 0}, "name": "None", "answered": 0, "quotation": 0, "percentage": 0}, "name": "None", "answered": 0, "percentage": 0}, "47": {"19": {"41": {"113": {"name": "MentHA-Risk-section", "answered": 1, "quotation": 0, "percentage": 100}, "name": "MentHA-Risk-dimension", "answered": 1, "quotation": 0, "percentage": 100}, "name": "MentHA-Risk-instrument", "answered": 1, "quotation": 0, "percentage": 100}, "name": "MentHA-Risk-area", "answered": 1, "percentage": 100}, "total_answered": 1, "total_percentage": 100}	265	772	312	\N
683	2024-05-21 15:20:15.495577+00	{"46": {"15": {"name": "None", "answered": 0, "quotation": 0, "percentage": 0}, "16": {"name": "Fumadores", "answered": 0, "quotation": 0, "percentage": 0}, "17": {"name": "None", "answered": 0, "quotation": 0, "percentage": 0}, "18": {"40": {"name": "Fumar", "answered": 0, "quotation": 0, "percentage": 0}, "name": "None", "answered": 0, "quotation": 0, "percentage": 0}, "name": "None", "answered": 0, "percentage": 0}, "47": {"19": {"41": {"113": {"name": "MentHA-Risk-section", "answered": 1, "quotation": 5, "percentage": 100}, "name": "MentHA-Risk-dimension", "answered": 1, "quotation": 0, "percentage": 100}, "name": "MentHA-Risk-instrument", "answered": 1, "quotation": 0, "percentage": 100}, "name": "MentHA-Risk-area", "answered": 1, "percentage": 100}, "total_answered": 1, "total_percentage": 100}	265	677	276	\N
827	2024-12-30 15:11:53.024495+00	{"18": {"10": {"30": {"106": {"name": "None", "answered": 0, "quotation": 0, "percentage": 0}, "name": "Conscincia", "answered": 0, "quotation": 0, "percentage": 0}, "31": {"107": {"name": "None", "answered": 0, "quotation": 0, "percentage": 0}, "name": "Atividade Motora", "answered": 0, "quotation": 0, "percentage": 0}, "32": {"108": {"name": "None", "answered": 0, "quotation": 0, "percentage": 0}, "name": "Humor", "answered": 0, "quotation": 0, "percentage": 0}, "name": "None", "answered": 0, "quotation": 0, "percentage": 0}, "name": "Conscicia, Humor e Comportamento", "answered": 0, "percentage": 0}, "19": {"11": {"33": {"109": {"name": "None", "answered": 0, "quotation": 0, "percentage": 0}, "name": "None", "answered": 0, "quotation": 0, "percentage": 0}, "name": "None", "answered": 0, "quotation": 0, "percentage": 0}, "name": "Cooperao dada na entrevista", "answered": 0, "percentage": 0}, "20": {"12": {"34": {"110": {"name": "None", "answered": 0, "quotation": 0, "percentage": 0}, "name": "None", "answered": 0, "quotation": 0, "percentage": 0}, "name": "None", "answered": 0, "quotation": 0, "percentage": 0}, "name": "Relao com o Avaliador", "answered": 0, "percentage": 0}, "22": {"9": {"6": {"14": {"name": "None", "answered": 0, "quotation": 0, "percentage": 0}, "name": "PANAS", "answered": 0, "quotation": 0, "percentage": 0}, "name": "PANAS", "answered": 0, "quotation": 0, "percentage": 0}, "name": "Estado de  nimo", "answered": 0, "percentage": 0}, "23": {"2": {"7": {"15": {"name": "Utilizao do telefone", "answered": 0, "quotation": 0, "percentage": 0}, "16": {"name": "Fazer compras", "answered": 0, "quotation": 0, "percentage": 0}, "17": {"name": "Preparao das refeies", "answered": 0, "quotation": 0, "percentage": 0}, "18": {"name": "Tarefas domsticas", "answered": 0, "quotation": 0, "percentage": 0}, "19": {"name": "Lavagem da roupa", "answered": 0, "quotation": 0, "percentage": 0}, "20": {"name": "Utilizao de meios de transporte", "answered": 0, "quotation": 0, "percentage": 0}, "21": {"name": "Manejo de medicao", "answered": 0, "quotation": 0, "percentage": 0}, "22": {"name": "Responsabilidade de assuntos financeiros", "answered": 0, "quotation": 0, "percentage": 0}, "name": "None", "answered": 0, "quotation": 0, "percentage": 0}, "name": "AIVD", "answered": 0, "quotation": 0, "percentage": 0}, "name": "Funcionalidade", "answered": 0, "percentage": 0}, "24": {"13": {"35": {"111": {"name": "None", "answered": 0, "quotation": 0, "percentage": 0}, "name": "None", "answered": 0, "quotation": 0, "percentage": 0}, "name": "NEO-FFI 20", "answered": 0, "quotation": 0, "percentage": 0}, "name": "Personalidade", "answered": 0, "percentage": 0}, "25": {"7": {"8": {"37": {"name": "None", "answered": 0, "quotation": 0, "percentage": 0}, "name": "None", "answered": 0, "quotation": 0, "percentage": 0}, "name": "HADS", "answered": 0, "quotation": 0, "percentage": 0}, "name": "Ansiedade e Depresso", "answered": 0, "percentage": 0}, "26": {"6": {"21": {"82": {"name": "Desenho A", "answered": 0, "quotation": 0, "percentage": 0}, "83": {"name": "Desenho B", "answered": 0, "quotation": 0, "percentage": 0}, "84": {"name": "Desenho C", "answered": 0, "quotation": 0, "percentage": 0}, "85": {"name": "Desenho D", "answered": 0, "quotation": 0, "percentage": 0}, "86": {"name": "Desenho E", "answered": 0, "quotation": 0, "percentage": 0}, "name": "Memria Visual Imediata - Figuras de Weschler", "answered": 0, "quotation": 0, "percentage": 0}, "22": {"87": {"name": "Desenho A", "answered": 0, "quotation": 0, "percentage": 0}, "88": {"name": "Desenho B", "answered": 0, "quotation": 0, "percentage": 0}, "89": {"name": "Desenho C", "answered": 0, "quotation": 0, "percentage": 0}, "90": {"name": "Desenho D", "answered": 0, "quotation": 0, "percentage": 0}, "91": {"name": "Desenho E", "answered": 0, "quotation": 0, "percentage": 0}, "name": "Memria Diferida", "answered": 0, "quotation": 0, "percentage": 0}, "23": {"92": {"name": "Trail Making Test - Parte A - Treino", "answered": 0, "quotation": 0, "percentage": 0}, "93": {"name": "Trail Making Test - Parte A - Teste", "answered": 0, "quotation": 0, "percentage": 0}, "name": "Trail Making Test - Parte A", "answered": 0, "quotation": 0, "percentage": 0}, "24": {"94": {"name": "Trail Making Test - Parte B - Treino", "answered": 0, "quotation": 0, "percentage": 0}, "95": {"name": "Trail Making Test - Parte B - Teste", "answered": 0, "quotation": 0, "percentage": 0}, "name": "Trail Making Test - Parte B", "answered": 0, "quotation": 0, "percentage": 0}, "25": {"96": {"name": "None", "answered": 0, "quotation": 0, "percentage": 0}, "name": "Gnosia - (Autotopognosia) Orientao Direita Esquerda", "answered": 0, "quotation": 0, "percentage": 0}, "26": {"97": {"name": "Provrbio A", "answered": 0, "quotation": 0, "percentage": 0}, "98": {"name": "Provrbio B", "answered": 0, "quotation": 0, "percentage": 0}, "99": {"name": "Provrbio C", "answered": 0, "quotation": 0, "percentage": 0}, "name": "Provrbios", "answered": 0, "quotation": 0, "percentage": 0}, "27": {"100": {"name": "Nomeao de Cores", "answered": 0, "quotation": 0, "percentage": 0}, "101": {"name": "Ordens", "answered": 0, "quotation": 0, "percentage": 0}, "name": "Token Test - Compreenso de ordens verbais (verso breve)", "answered": 0, "quotation": 0, "percentage": 0}, "name": "reas Complementares", "answered": 0, "quotation": 0, "percentage": 0}, "name": "Cognio", "answered": 0, "percentage": 0}, "27": {"8": {"28": {"102": {"name": "None", "answered": 0, "quotation": 0, "percentage": 0}, "name": "Atribuio de Estadio", "answered": 0, "quotation": 0, "percentage": 0}, "29": {"103": {"name": "Respondente #1", "answered": 0, "quotation": 0, "percentage": 0}, "104": {"name": "Respondente #2", "answered": 0, "quotation": 0, "percentage": 0}, "105": {"name": "Respondente #3", "answered": 0, "quotation": 0, "percentage": 0}, "name": "Questionrios", "answered": 0, "quotation": 0, "percentage": 0}, "name": "GDS", "answered": 0, "quotation": 0, "percentage": 0}, "name": "Estadio de Deteriorao", "answered": 0, "percentage": 0}, "total_answered": 0, "total_percentage": 0}	342	821	181	\N
558	2024-03-29 21:39:51.715259+00	{"78": {"24": {"46": {"118": {"name": "None", "answered": 0, "quotation": 0, "percentage": 0}, "name": "None", "answered": 0, "quotation": 0, "percentage": 0}, "name": "None", "answered": 0, "quotation": 0, "percentage": 0}, "name": "Questionrio Sociodemogrfico", "answered": 0, "percentage": 0}, "total_answered": 0, "total_percentage": 0}	342	552	181	\N
604	2024-03-29 22:05:48.34912+00	{"78": {"24": {"46": {"118": {"name": "None", "answered": 0, "quotation": 0, "percentage": 0}, "name": "None", "answered": 0, "quotation": 0, "percentage": 0}, "name": "None", "answered": 0, "quotation": 0, "percentage": 0}, "name": "Questionrio Sociodemogrfico", "answered": 0, "percentage": 0}, "total_answered": 0, "total_percentage": 0}	342	598	238	\N
775	2024-05-28 10:02:50.114322+00	{"46": {"15": {"name": "None", "answered": 0, "quotation": 0, "percentage": 0}, "16": {"name": "Fumadores", "answered": 0, "quotation": 0, "percentage": 0}, "17": {"name": "None", "answered": 0, "quotation": 0, "percentage": 0}, "18": {"40": {"name": "Fumar", "answered": 0, "quotation": 0, "percentage": 0}, "name": "None", "answered": 0, "quotation": 0, "percentage": 0}, "name": "None", "answered": 0, "percentage": 0}, "47": {"19": {"41": {"113": {"name": "MentHA-Risk-section", "answered": 1, "quotation": 2, "percentage": 100}, "name": "MentHA-Risk-dimension", "answered": 1, "quotation": 0, "percentage": 100}, "name": "MentHA-Risk-instrument", "answered": 1, "quotation": 0, "percentage": 100}, "name": "MentHA-Risk-area", "answered": 1, "percentage": 100}, "total_answered": 1, "total_percentage": 100}	265	769	298	\N
828	2025-02-05 22:16:44.471509+00	{"46": {"15": {"name": "None", "answered": 0, "quotation": 0, "percentage": 0}, "16": {"name": "Fumadores", "answered": 0, "quotation": 0, "percentage": 0}, "17": {"name": "None", "answered": 0, "quotation": 0, "percentage": 0}, "18": {"40": {"name": "Fumar", "answered": 0, "quotation": 0, "percentage": 0}, "name": "None", "answered": 0, "quotation": 0, "percentage": 0}, "name": "None", "answered": 0, "percentage": 0}, "47": {"19": {"41": {"113": {"name": "MentHA-Risk-section", "answered": 0, "quotation": 0, "percentage": 0}, "name": "MentHA-Risk-dimension", "answered": 0, "quotation": 0, "percentage": 0}, "name": "MentHA-Risk-instrument", "answered": 0, "quotation": 0, "percentage": 0}, "name": "MentHA-Risk-area", "answered": 0, "percentage": 0}, "total_answered": 0, "total_percentage": 0}	3	822	312	\N
559	2024-03-29 21:40:09.747604+00	{"78": {"24": {"46": {"118": {"name": "None", "answered": 0, "quotation": 0, "percentage": 0}, "name": "None", "answered": 0, "quotation": 0, "percentage": 0}, "name": "None", "answered": 0, "quotation": 0, "percentage": 0}, "name": "Questionrio Sociodemogrfico", "answered": 0, "percentage": 0}, "total_answered": 0, "total_percentage": 0}	342	553	182	\N
605	2024-03-29 22:06:39.415+00	{"78": {"24": {"46": {"118": {"name": "None", "answered": 0, "quotation": 0, "percentage": 0}, "name": "None", "answered": 0, "quotation": 0, "percentage": 0}, "name": "None", "answered": 0, "quotation": 0, "percentage": 0}, "name": "Questionrio Sociodemogrfico", "answered": 0, "percentage": 0}, "total_answered": 0, "total_percentage": 0}	342	599	239	\N
720	2024-05-27 12:43:17.481151+00	{"46": {"15": {"name": "None", "answered": 0, "quotation": 0, "percentage": 0}, "16": {"name": "Fumadores", "answered": 0, "quotation": 0, "percentage": 0}, "17": {"name": "None", "answered": 0, "quotation": 0, "percentage": 0}, "18": {"40": {"name": "Fumar", "answered": 0, "quotation": 0, "percentage": 0}, "name": "None", "answered": 0, "quotation": 0, "percentage": 0}, "name": "None", "answered": 0, "percentage": 0}, "47": {"19": {"41": {"113": {"name": "MentHA-Risk-section", "answered": 1, "quotation": 10, "percentage": 100}, "name": "MentHA-Risk-dimension", "answered": 1, "quotation": 0, "percentage": 100}, "name": "MentHA-Risk-instrument", "answered": 1, "quotation": 0, "percentage": 100}, "name": "MentHA-Risk-area", "answered": 1, "percentage": 100}, "total_answered": 1, "total_percentage": 100}	165	714	299	\N
670	2024-05-08 12:16:08.482032+00	{"46": {"15": {"name": "None", "answered": 0, "quotation": 0, "percentage": 0}, "16": {"name": "Fumadores", "answered": 0, "quotation": 0, "percentage": 0}, "17": {"name": "None", "answered": 0, "quotation": 0, "percentage": 0}, "18": {"40": {"name": "Fumar", "answered": 0, "quotation": 0, "percentage": 0}, "name": "None", "answered": 0, "quotation": 0, "percentage": 0}, "name": "None", "answered": 0, "percentage": 0}, "47": {"19": {"41": {"113": {"name": "MentHA-Risk-section", "answered": 0, "quotation": 0, "percentage": 0}, "name": "MentHA-Risk-dimension", "answered": 0, "quotation": 0, "percentage": 0}, "name": "MentHA-Risk-instrument", "answered": 0, "quotation": 0, "percentage": 0}, "name": "MentHA-Risk-area", "answered": 0, "percentage": 0}, "total_answered": 0, "total_percentage": 0}	3	664	175	\N
654	2024-04-19 09:27:38.576966+00	{"46": {"15": {"name": "None", "answered": 0, "quotation": 0, "percentage": 0}, "16": {"name": "Fumadores", "answered": 0, "quotation": 0, "percentage": 0}, "17": {"name": "None", "answered": 0, "quotation": 0, "percentage": 0}, "18": {"40": {"name": "Fumar", "answered": 0, "quotation": 0, "percentage": 0}, "name": "None", "answered": 0, "quotation": 0, "percentage": 0}, "name": "None", "answered": 0, "percentage": 0}, "47": {"19": {"41": {"113": {"name": "MentHA-Risk-section", "answered": 1, "quotation": 1, "percentage": 100}, "name": "MentHA-Risk-dimension", "answered": 1, "quotation": 0, "percentage": 100}, "name": "MentHA-Risk-instrument", "answered": 1, "quotation": 0, "percentage": 100}, "name": "MentHA-Risk-area", "answered": 1, "percentage": 100}, "total_answered": 1, "total_percentage": 100}	342	648	198	\N
663	2024-04-19 14:44:29.31049+00	{"46": {"15": {"name": "None", "answered": 0, "quotation": 0, "percentage": 0}, "16": {"name": "Fumadores", "answered": 0, "quotation": 0, "percentage": 0}, "17": {"name": "None", "answered": 0, "quotation": 0, "percentage": 0}, "18": {"40": {"name": "Fumar", "answered": 0, "quotation": 0, "percentage": 0}, "name": "None", "answered": 0, "quotation": 0, "percentage": 0}, "name": "None", "answered": 0, "percentage": 0}, "47": {"19": {"41": {"113": {"name": "MentHA-Risk-section", "answered": 1, "quotation": 0, "percentage": 100}, "name": "MentHA-Risk-dimension", "answered": 1, "quotation": 0, "percentage": 100}, "name": "MentHA-Risk-instrument", "answered": 1, "quotation": 0, "percentage": 100}, "name": "MentHA-Risk-area", "answered": 1, "percentage": 100}, "total_answered": 1, "total_percentage": 100}	342	657	183	\N
684	2024-05-21 15:34:40.529573+00	{"46": {"15": {"name": "None", "answered": 0, "quotation": 0, "percentage": 0}, "16": {"name": "Fumadores", "answered": 0, "quotation": 0, "percentage": 0}, "17": {"name": "None", "answered": 0, "quotation": 0, "percentage": 0}, "18": {"40": {"name": "Fumar", "answered": 0, "quotation": 0, "percentage": 0}, "name": "None", "answered": 0, "quotation": 0, "percentage": 0}, "name": "None", "answered": 0, "percentage": 0}, "47": {"19": {"41": {"113": {"name": "MentHA-Risk-section", "answered": 1, "quotation": 0, "percentage": 100}, "name": "MentHA-Risk-dimension", "answered": 1, "quotation": 0, "percentage": 100}, "name": "MentHA-Risk-instrument", "answered": 1, "quotation": 0, "percentage": 100}, "name": "MentHA-Risk-area", "answered": 1, "percentage": 100}, "total_answered": 1, "total_percentage": 100}	265	678	278	\N
664	2024-04-19 14:55:52.354425+00	{"46": {"15": {"name": "None", "answered": 0, "quotation": 0, "percentage": 0}, "16": {"name": "Fumadores", "answered": 0, "quotation": 0, "percentage": 0}, "17": {"name": "None", "answered": 0, "quotation": 0, "percentage": 0}, "18": {"40": {"name": "Fumar", "answered": 0, "quotation": 0, "percentage": 0}, "name": "None", "answered": 0, "quotation": 0, "percentage": 0}, "name": "None", "answered": 0, "percentage": 0}, "47": {"19": {"41": {"113": {"name": "MentHA-Risk-section", "answered": 1, "quotation": 4, "percentage": 100}, "name": "MentHA-Risk-dimension", "answered": 1, "quotation": 0, "percentage": 100}, "name": "MentHA-Risk-instrument", "answered": 1, "quotation": 0, "percentage": 100}, "name": "MentHA-Risk-area", "answered": 1, "percentage": 100}, "total_answered": 1, "total_percentage": 100}	342	658	207	\N
560	2024-03-29 21:40:36.47327+00	{"78": {"24": {"46": {"118": {"name": "None", "answered": 0, "quotation": 0, "percentage": 0}, "name": "None", "answered": 0, "quotation": 0, "percentage": 0}, "name": "None", "answered": 0, "quotation": 0, "percentage": 0}, "name": "Questionrio Sociodemogrfico", "answered": 0, "percentage": 0}, "total_answered": 0, "total_percentage": 0}	342	554	183	\N
700	2024-05-26 00:05:55.504806+00	{"46": {"15": {"name": "None", "answered": 0, "quotation": 0, "percentage": 0}, "16": {"name": "Fumadores", "answered": 0, "quotation": 0, "percentage": 0}, "17": {"name": "None", "answered": 0, "quotation": 0, "percentage": 0}, "18": {"40": {"name": "Fumar", "answered": 0, "quotation": 0, "percentage": 0}, "name": "None", "answered": 0, "quotation": 0, "percentage": 0}, "name": "None", "answered": 0, "percentage": 0}, "47": {"19": {"41": {"113": {"name": "MentHA-Risk-section", "answered": 1, "quotation": 7, "percentage": 100}, "name": "MentHA-Risk-dimension", "answered": 1, "quotation": 0, "percentage": 100}, "name": "MentHA-Risk-instrument", "answered": 1, "quotation": 0, "percentage": 100}, "name": "MentHA-Risk-area", "answered": 1, "percentage": 100}, "total_answered": 1, "total_percentage": 100}	245	694	144	\N
685	2024-05-25 13:25:51.554835+00	{"46": {"15": {"name": "None", "answered": 0, "quotation": 0, "percentage": 0}, "16": {"name": "Fumadores", "answered": 0, "quotation": 0, "percentage": 0}, "17": {"name": "None", "answered": 0, "quotation": 0, "percentage": 0}, "18": {"40": {"name": "Fumar", "answered": 0, "quotation": 0, "percentage": 0}, "name": "None", "answered": 0, "quotation": 0, "percentage": 0}, "name": "None", "answered": 0, "percentage": 0}, "47": {"19": {"41": {"113": {"name": "MentHA-Risk-section", "answered": 1, "quotation": 0, "percentage": 100}, "name": "MentHA-Risk-dimension", "answered": 1, "quotation": 0, "percentage": 100}, "name": "MentHA-Risk-instrument", "answered": 1, "quotation": 0, "percentage": 100}, "name": "MentHA-Risk-area", "answered": 1, "percentage": 100}, "total_answered": 1, "total_percentage": 100}	165	679	175	\N
779	2024-05-28 17:33:05.528182+00	{"46": {"15": {"name": "None", "answered": 0, "quotation": 0, "percentage": 0}, "16": {"name": "Fumadores", "answered": 0, "quotation": 0, "percentage": 0}, "17": {"name": "None", "answered": 0, "quotation": 0, "percentage": 0}, "18": {"40": {"name": "Fumar", "answered": 0, "quotation": 0, "percentage": 0}, "name": "None", "answered": 0, "quotation": 0, "percentage": 0}, "name": "None", "answered": 0, "percentage": 0}, "47": {"19": {"41": {"113": {"name": "MentHA-Risk-section", "answered": 1, "quotation": 3, "percentage": 100}, "name": "MentHA-Risk-dimension", "answered": 1, "quotation": 0, "percentage": 100}, "name": "MentHA-Risk-instrument", "answered": 1, "quotation": 0, "percentage": 100}, "name": "MentHA-Risk-area", "answered": 1, "percentage": 100}, "total_answered": 1, "total_percentage": 100}	265	773	295	\N
561	2024-03-29 21:41:25.394813+00	{"78": {"24": {"46": {"118": {"name": "None", "answered": 0, "quotation": 0, "percentage": 0}, "name": "None", "answered": 0, "quotation": 0, "percentage": 0}, "name": "None", "answered": 0, "quotation": 0, "percentage": 0}, "name": "Questionrio Sociodemogrfico", "answered": 0, "percentage": 0}, "total_answered": 0, "total_percentage": 0}	342	555	198	\N
809	2024-06-28 08:18:51.234691+00	{"46": {"15": {"name": "None", "answered": 0, "quotation": 0, "percentage": 0}, "16": {"name": "Fumadores", "answered": 0, "quotation": 0, "percentage": 0}, "17": {"name": "None", "answered": 0, "quotation": 0, "percentage": 0}, "18": {"40": {"name": "Fumar", "answered": 0, "quotation": 0, "percentage": 0}, "name": "None", "answered": 0, "quotation": 0, "percentage": 0}, "name": "None", "answered": 0, "percentage": 0}, "47": {"19": {"41": {"113": {"name": "MentHA-Risk-section", "answered": 1, "quotation": 0, "percentage": 100}, "name": "MentHA-Risk-dimension", "answered": 1, "quotation": 0, "percentage": 100}, "name": "MentHA-Risk-instrument", "answered": 1, "quotation": 0, "percentage": 100}, "name": "MentHA-Risk-area", "answered": 1, "percentage": 100}, "total_answered": 1, "total_percentage": 100}	3	803	186	\N
686	2024-05-25 13:30:29.730195+00	{"46": {"15": {"name": "None", "answered": 0, "quotation": 0, "percentage": 0}, "16": {"name": "Fumadores", "answered": 0, "quotation": 0, "percentage": 0}, "17": {"name": "None", "answered": 0, "quotation": 0, "percentage": 0}, "18": {"40": {"name": "Fumar", "answered": 0, "quotation": 0, "percentage": 0}, "name": "None", "answered": 0, "quotation": 0, "percentage": 0}, "name": "None", "answered": 0, "percentage": 0}, "47": {"19": {"41": {"113": {"name": "MentHA-Risk-section", "answered": 1, "quotation": 3, "percentage": 100}, "name": "MentHA-Risk-dimension", "answered": 1, "quotation": 0, "percentage": 100}, "name": "MentHA-Risk-instrument", "answered": 1, "quotation": 0, "percentage": 100}, "name": "MentHA-Risk-area", "answered": 1, "percentage": 100}, "total_answered": 1, "total_percentage": 100}	165	680	106	\N
712	2024-05-26 15:58:53.615745+00	{"46": {"15": {"name": "None", "answered": 0, "quotation": 0, "percentage": 0}, "16": {"name": "Fumadores", "answered": 0, "quotation": 0, "percentage": 0}, "17": {"name": "None", "answered": 0, "quotation": 0, "percentage": 0}, "18": {"40": {"name": "Fumar", "answered": 0, "quotation": 0, "percentage": 0}, "name": "None", "answered": 0, "quotation": 0, "percentage": 0}, "name": "None", "answered": 0, "percentage": 0}, "47": {"19": {"41": {"113": {"name": "MentHA-Risk-section", "answered": 1, "quotation": 0, "percentage": 100}, "name": "MentHA-Risk-dimension", "answered": 1, "quotation": 0, "percentage": 100}, "name": "MentHA-Risk-instrument", "answered": 1, "quotation": 0, "percentage": 100}, "name": "MentHA-Risk-area", "answered": 1, "percentage": 100}, "total_answered": 1, "total_percentage": 100}	165	706	283	\N
656	2024-04-19 09:39:05.093763+00	{"46": {"15": {"name": "None", "answered": 0, "quotation": 0, "percentage": 0}, "16": {"name": "Fumadores", "answered": 0, "quotation": 0, "percentage": 0}, "17": {"name": "None", "answered": 0, "quotation": 0, "percentage": 0}, "18": {"40": {"name": "Fumar", "answered": 0, "quotation": 0, "percentage": 0}, "name": "None", "answered": 0, "quotation": 0, "percentage": 0}, "name": "None", "answered": 0, "percentage": 0}, "47": {"19": {"41": {"113": {"name": "MentHA-Risk-section", "answered": 1, "quotation": 2, "percentage": 100}, "name": "MentHA-Risk-dimension", "answered": 1, "quotation": 0, "percentage": 100}, "name": "MentHA-Risk-instrument", "answered": 1, "quotation": 0, "percentage": 100}, "name": "MentHA-Risk-area", "answered": 1, "percentage": 100}, "total_answered": 1, "total_percentage": 100}	342	650	209	\N
562	2024-03-29 21:41:44.926664+00	{"78": {"24": {"46": {"118": {"name": "None", "answered": 0, "quotation": 0, "percentage": 0}, "name": "None", "answered": 0, "quotation": 0, "percentage": 0}, "name": "None", "answered": 0, "quotation": 0, "percentage": 0}, "name": "Questionrio Sociodemogrfico", "answered": 0, "percentage": 0}, "total_answered": 0, "total_percentage": 0}	342	556	199	\N
665	2024-04-19 14:59:20.759424+00	{"46": {"15": {"name": "None", "answered": 0, "quotation": 0, "percentage": 0}, "16": {"name": "Fumadores", "answered": 0, "quotation": 0, "percentage": 0}, "17": {"name": "None", "answered": 0, "quotation": 0, "percentage": 0}, "18": {"40": {"name": "Fumar", "answered": 0, "quotation": 0, "percentage": 0}, "name": "None", "answered": 0, "quotation": 0, "percentage": 0}, "name": "None", "answered": 0, "percentage": 0}, "47": {"19": {"41": {"113": {"name": "MentHA-Risk-section", "answered": 1, "quotation": 2, "percentage": 100}, "name": "MentHA-Risk-dimension", "answered": 1, "quotation": 0, "percentage": 100}, "name": "MentHA-Risk-instrument", "answered": 1, "quotation": 0, "percentage": 100}, "name": "MentHA-Risk-area", "answered": 1, "percentage": 100}, "total_answered": 1, "total_percentage": 100}	342	659	197	\N
701	2024-05-26 14:51:02.477613+00	{"46": {"15": {"name": "None", "answered": 0, "quotation": 0, "percentage": 0}, "16": {"name": "Fumadores", "answered": 0, "quotation": 0, "percentage": 0}, "17": {"name": "None", "answered": 0, "quotation": 0, "percentage": 0}, "18": {"40": {"name": "Fumar", "answered": 0, "quotation": 0, "percentage": 0}, "name": "None", "answered": 0, "quotation": 0, "percentage": 0}, "name": "None", "answered": 0, "percentage": 0}, "47": {"19": {"41": {"113": {"name": "MentHA-Risk-section", "answered": 1, "quotation": 3, "percentage": 100}, "name": "MentHA-Risk-dimension", "answered": 1, "quotation": 0, "percentage": 100}, "name": "MentHA-Risk-instrument", "answered": 1, "quotation": 0, "percentage": 100}, "name": "MentHA-Risk-area", "answered": 1, "percentage": 100}, "total_answered": 1, "total_percentage": 100}	165	695	279	\N
687	2024-05-25 13:33:42.139629+00	{"46": {"15": {"name": "None", "answered": 0, "quotation": 0, "percentage": 0}, "16": {"name": "Fumadores", "answered": 0, "quotation": 0, "percentage": 0}, "17": {"name": "None", "answered": 0, "quotation": 0, "percentage": 0}, "18": {"40": {"name": "Fumar", "answered": 0, "quotation": 0, "percentage": 0}, "name": "None", "answered": 0, "quotation": 0, "percentage": 0}, "name": "None", "answered": 0, "percentage": 0}, "47": {"19": {"41": {"113": {"name": "MentHA-Risk-section", "answered": 1, "quotation": 4, "percentage": 100}, "name": "MentHA-Risk-dimension", "answered": 1, "quotation": 0, "percentage": 100}, "name": "MentHA-Risk-instrument", "answered": 1, "quotation": 0, "percentage": 100}, "name": "MentHA-Risk-area", "answered": 1, "percentage": 100}, "total_answered": 1, "total_percentage": 100}	165	681	134	\N
702	2024-05-26 14:51:41.774633+00	{"78": {"24": {"46": {"118": {"name": "None", "answered": 0, "quotation": 0, "percentage": 0}, "name": "None", "answered": 0, "quotation": 0, "percentage": 0}, "name": "None", "answered": 0, "quotation": 0, "percentage": 0}, "name": "Questionrio Sociodemogrfico", "answered": 0, "percentage": 0}, "total_answered": 0, "total_percentage": 0}	165	696	279	\N
657	2024-04-19 09:41:36.210005+00	{"46": {"15": {"name": "None", "answered": 0, "quotation": 0, "percentage": 0}, "16": {"name": "Fumadores", "answered": 0, "quotation": 0, "percentage": 0}, "17": {"name": "None", "answered": 0, "quotation": 0, "percentage": 0}, "18": {"40": {"name": "Fumar", "answered": 0, "quotation": 0, "percentage": 0}, "name": "None", "answered": 0, "quotation": 0, "percentage": 0}, "name": "None", "answered": 0, "percentage": 0}, "47": {"19": {"41": {"113": {"name": "MentHA-Risk-section", "answered": 1, "quotation": 2, "percentage": 100}, "name": "MentHA-Risk-dimension", "answered": 1, "quotation": 0, "percentage": 100}, "name": "MentHA-Risk-instrument", "answered": 1, "quotation": 0, "percentage": 100}, "name": "MentHA-Risk-area", "answered": 1, "percentage": 100}, "total_answered": 1, "total_percentage": 100}	342	651	182	\N
563	2024-03-29 21:42:42.325965+00	{"78": {"24": {"46": {"118": {"name": "None", "answered": 0, "quotation": 0, "percentage": 0}, "name": "None", "answered": 0, "quotation": 0, "percentage": 0}, "name": "None", "answered": 0, "quotation": 0, "percentage": 0}, "name": "Questionrio Sociodemogrfico", "answered": 0, "percentage": 0}, "total_answered": 0, "total_percentage": 0}	342	557	200	\N
810	2024-06-28 08:20:57.976178+00	{"78": {"24": {"46": {"118": {"name": "None", "answered": 0, "quotation": 0, "percentage": 0}, "name": "None", "answered": 0, "quotation": 0, "percentage": 0}, "name": "None", "answered": 0, "quotation": 0, "percentage": 0}, "name": "Questionrio Sociodemogrfico", "answered": 0, "percentage": 0}, "total_answered": 0, "total_percentage": 0}	3	804	186	\N
724	2024-05-27 12:55:24.92101+00	{"46": {"15": {"name": "None", "answered": 0, "quotation": 0, "percentage": 0}, "16": {"name": "Fumadores", "answered": 0, "quotation": 0, "percentage": 0}, "17": {"name": "None", "answered": 0, "quotation": 0, "percentage": 0}, "18": {"40": {"name": "Fumar", "answered": 0, "quotation": 0, "percentage": 0}, "name": "None", "answered": 0, "quotation": 0, "percentage": 0}, "name": "None", "answered": 0, "percentage": 0}, "47": {"19": {"41": {"113": {"name": "MentHA-Risk-section", "answered": 1, "quotation": 0, "percentage": 100}, "name": "MentHA-Risk-dimension", "answered": 1, "quotation": 0, "percentage": 100}, "name": "MentHA-Risk-instrument", "answered": 1, "quotation": 0, "percentage": 100}, "name": "MentHA-Risk-area", "answered": 1, "percentage": 100}, "total_answered": 1, "total_percentage": 100}	165	718	170	\N
830	2025-03-05 17:12:07.740783+00	{"78": {"24": {"46": {"118": {"name": "None", "answered": 0, "quotation": 0, "percentage": 0}, "name": "None", "answered": 0, "quotation": 0, "percentage": 0}, "name": "None", "answered": 0, "quotation": 0, "percentage": 0}, "name": "Questionrio Sociodemogrfico", "answered": 0, "percentage": 0}, "total_answered": 0, "total_percentage": 0}	3	824	320	\N
688	2024-05-25 13:41:37.603997+00	{"46": {"15": {"name": "None", "answered": 0, "quotation": 0, "percentage": 0}, "16": {"name": "Fumadores", "answered": 0, "quotation": 0, "percentage": 0}, "17": {"name": "None", "answered": 0, "quotation": 0, "percentage": 0}, "18": {"40": {"name": "Fumar", "answered": 0, "quotation": 0, "percentage": 0}, "name": "None", "answered": 0, "quotation": 0, "percentage": 0}, "name": "None", "answered": 0, "percentage": 0}, "47": {"19": {"41": {"113": {"name": "MentHA-Risk-section", "answered": 1, "quotation": 2, "percentage": 100}, "name": "MentHA-Risk-dimension", "answered": 1, "quotation": 0, "percentage": 100}, "name": "MentHA-Risk-instrument", "answered": 1, "quotation": 0, "percentage": 100}, "name": "MentHA-Risk-area", "answered": 1, "percentage": 100}, "total_answered": 1, "total_percentage": 100}	165	682	91	\N
651	2024-04-19 09:22:28.811268+00	{"46": {"15": {"name": "None", "answered": 0, "quotation": 0, "percentage": 0}, "16": {"name": "Fumadores", "answered": 0, "quotation": 0, "percentage": 0}, "17": {"name": "None", "answered": 0, "quotation": 0, "percentage": 0}, "18": {"40": {"name": "Fumar", "answered": 0, "quotation": 0, "percentage": 0}, "name": "None", "answered": 0, "quotation": 0, "percentage": 0}, "name": "None", "answered": 0, "percentage": 0}, "47": {"19": {"41": {"113": {"name": "MentHA-Risk-section", "answered": 1, "quotation": 3, "percentage": 100}, "name": "MentHA-Risk-dimension", "answered": 1, "quotation": 0, "percentage": 100}, "name": "MentHA-Risk-instrument", "answered": 1, "quotation": 0, "percentage": 100}, "name": "MentHA-Risk-area", "answered": 1, "percentage": 100}, "total_answered": 1, "total_percentage": 100}	342	645	194	\N
564	2024-03-29 21:43:30.520205+00	{"78": {"24": {"46": {"118": {"name": "None", "answered": 0, "quotation": 0, "percentage": 0}, "name": "None", "answered": 0, "quotation": 0, "percentage": 0}, "name": "None", "answered": 0, "quotation": 0, "percentage": 0}, "name": "Questionrio Sociodemogrfico", "answered": 0, "percentage": 0}, "total_answered": 0, "total_percentage": 0}	342	558	201	\N
713	2024-05-26 16:02:56.822681+00	{"46": {"15": {"name": "None", "answered": 0, "quotation": 0, "percentage": 0}, "16": {"name": "Fumadores", "answered": 0, "quotation": 0, "percentage": 0}, "17": {"name": "None", "answered": 0, "quotation": 0, "percentage": 0}, "18": {"40": {"name": "Fumar", "answered": 0, "quotation": 0, "percentage": 0}, "name": "None", "answered": 0, "quotation": 0, "percentage": 0}, "name": "None", "answered": 0, "percentage": 0}, "47": {"19": {"41": {"113": {"name": "MentHA-Risk-section", "answered": 1, "quotation": 1, "percentage": 100}, "name": "MentHA-Risk-dimension", "answered": 1, "quotation": 0, "percentage": 100}, "name": "MentHA-Risk-instrument", "answered": 1, "quotation": 0, "percentage": 100}, "name": "MentHA-Risk-area", "answered": 1, "percentage": 100}, "total_answered": 1, "total_percentage": 100}	165	707	284	\N
526	2024-03-29 21:08:57.524997+00	{"46": {"15": {"name": "None", "answered": 0, "quotation": 0, "percentage": 0}, "16": {"name": "Fumadores", "answered": 0, "quotation": 0, "percentage": 0}, "17": {"name": "None", "answered": 0, "quotation": 0, "percentage": 0}, "18": {"40": {"name": "Fumar", "answered": 0, "quotation": 0, "percentage": 0}, "name": "None", "answered": 0, "quotation": 0, "percentage": 0}, "name": "None", "answered": 0, "percentage": 0}, "47": {"19": {"41": {"113": {"name": "MentHA-Risk-section", "answered": 1, "quotation": 2, "percentage": 100}, "name": "MentHA-Risk-dimension", "answered": 1, "quotation": 0, "percentage": 100}, "name": "MentHA-Risk-instrument", "answered": 1, "quotation": 0, "percentage": 100}, "name": "MentHA-Risk-area", "answered": 1, "percentage": 100}, "total_answered": 1, "total_percentage": 100}	342	520	241	\N
703	2024-05-26 15:03:22.664026+00	{"46": {"15": {"name": "None", "answered": 0, "quotation": 0, "percentage": 0}, "16": {"name": "Fumadores", "answered": 0, "quotation": 0, "percentage": 0}, "17": {"name": "None", "answered": 0, "quotation": 0, "percentage": 0}, "18": {"40": {"name": "Fumar", "answered": 0, "quotation": 0, "percentage": 0}, "name": "None", "answered": 0, "quotation": 0, "percentage": 0}, "name": "None", "answered": 0, "percentage": 0}, "47": {"19": {"41": {"113": {"name": "MentHA-Risk-section", "answered": 1, "quotation": 4, "percentage": 100}, "name": "MentHA-Risk-dimension", "answered": 1, "quotation": 0, "percentage": 100}, "name": "MentHA-Risk-instrument", "answered": 1, "quotation": 0, "percentage": 100}, "name": "MentHA-Risk-area", "answered": 1, "percentage": 100}, "total_answered": 1, "total_percentage": 100}	165	697	280	\N
832	2025-03-05 17:13:00.185721+00	{"11": {"1": {"1": {"1": {"name": "Alimentao", "answered": 0, "quotation": 0, "percentage": 0}, "2": {"name": "Higiene", "answered": 0, "quotation": 0, "percentage": 0}, "3": {"name": "Eliminao", "answered": 0, "quotation": 0, "percentage": 0}, "name": "Atividades Corporais", "answered": 0, "quotation": 0, "percentage": 0}, "2": {"5": {"name": "Transferncia (subir ou descer da cama)", "answered": 0, "quotation": 0, "percentage": 0}, "6": {"name": "Deslocao (no domicilio ou no exterior)", "answered": 0, "quotation": 0, "percentage": 0}, "7": {"name": "Espao de vida (+/- ajuda humana ou tcnica)", "answered": 0, "quotation": 0, "percentage": 0}, "name": "Atividades Motoras", "answered": 0, "quotation": 0, "percentage": 0}, "3": {"8": {"name": "Fala", "answered": 0, "quotation": 0, "percentage": 0}, "9": {"name": "Viso (+ - correo)", "answered": 0, "quotation": 0, "percentage": 0}, "10": {"name": "Audio", "answered": 0, "quotation": 0, "percentage": 0}, "name": "Atividades Sensoriais", "answered": 0, "quotation": 0, "percentage": 0}, "4": {"11": {"name": "Memria", "answered": 0, "quotation": 0, "percentage": 0}, "12": {"name": "Comportamento", "answered": 0, "quotation": 0, "percentage": 0}, "13": {"name": "Humor", "answered": 0, "quotation": 0, "percentage": 0}, "name": "Atividades Mentais", "answered": 0, "quotation": 0, "percentage": 0}, "name": "ABVD - MDA", "answered": 0, "quotation": 0, "percentage": 0}, "name": "Funcionalidade", "answered": 0, "percentage": 0}, "12": {"3": {"5": {"4": {"name": "None", "answered": 0, "quotation": 0, "percentage": 0}, "name": "None", "answered": 0, "quotation": 0, "percentage": 0}, "name": "BSI", "answered": 0, "quotation": 0, "percentage": 0}, "name": "Psicossintomatologia", "answered": 0, "percentage": 0}, "13": {"4": {"9": {"39": {"name": "Orientao (Temporal)", "answered": 0, "quotation": 0, "percentage": 0}, "40": {"name": "Ateno e Concentrao (Clculo)", "answered": 0, "quotation": 0, "percentage": 0}, "41": {"name": "Orientao (Espacial)", "answered": 0, "quotation": 0, "percentage": 0}, "57": {"name": "Ateno e Concentrao (Soletrar)", "answered": 0, "quotation": 0, "percentage": 0}, "64": {"name": "Memria", "answered": 0, "quotation": 0, "percentage": 0}, "name": "Ateno e Orientao", "answered": 0, "quotation": 0, "percentage": 0}, "10": {"45": {"name": "Memria Antergrada", "answered": 0, "quotation": 0, "percentage": 0}, "46": {"name": "Memria Retrgrada", "answered": 0, "quotation": 0, "percentage": 0}, "47": {"name": "Evocao Diferida (Intervalo Curto)", "answered": 0, "quotation": 0, "percentage": 0}, "62": {"name": "Evocao Diferida (Intervalo Longo)", "answered": 0, "quotation": 0, "percentage": 0}, "67": {"name": "Reconhecimento", "answered": 0, "quotation": 0, "percentage": 0}, "name": "Memria", "answered": 0, "quotation": 0, "percentage": 0}, "11": {"42": {"name": "Letra P", "answered": 0, "quotation": 0, "percentage": 0}, "43": {"name": "Categoria \\"Animais\\"", "answered": 0, "quotation": 0, "percentage": 0}, "name": "Fluncia", "answered": 0, "quotation": 0, "percentage": 0}, "12": {"48": {"name": "Compreenso (Carto)", "answered": 0, "quotation": 0, "percentage": 0}, "49": {"name": "Compreenso (Etapas)", "answered": 0, "quotation": 0, "percentage": 0}, "50": {"name": "Escrita", "answered": 0, "quotation": 0, "percentage": 0}, "51": {"name": "Repetio I", "answered": 0, "quotation": 0, "percentage": 0}, "52": {"name": "Repetio II", "answered": 0, "quotation": 0, "percentage": 0}, "53": {"name": "Repetio III", "answered": 0, "quotation": 0, "percentage": 0}, "54": {"name": "Nomeao", "answered": 0, "quotation": 0, "percentage": 0}, "55": {"name": "Compreenso (Figuras)", "answered": 0, "quotation": 0, "percentage": 0}, "56": {"name": "Leitura", "answered": 0, "quotation": 0, "percentage": 0}, "name": "Linguagem", "answered": 0, "quotation": 0, "percentage": 0}, "14": {"58": {"name": "Capacidade Visuo-Espacial (Pentgonos)", "answered": 0, "quotation": 0, "percentage": 0}, "59": {"name": "Capacidade Visuo-Espacial (Cubo)", "answered": 0, "quotation": 0, "percentage": 0}, "60": {"name": "Capacidade Visuo-Espacial (Relgio)", "answered": 0, "quotation": 0, "percentage": 0}, "65": {"name": "Percepo (Pontos)", "answered": 0, "quotation": 0, "percentage": 0}, "66": {"name": "Percepo (Letras)", "answered": 0, "quotation": 0, "percentage": 0}, "name": "Visuo-Espacial", "answered": 0, "quotation": 0, "percentage": 0}, "name": "ACE-R", "answered": 0, "quotation": 0, "percentage": 0}, "5": {"17": {"68": {"name": "Orientao (Temporal)", "answered": 0, "quotation": 0, "percentage": 0}, "69": {"name": "Orientao (Espacial)", "answered": 0, "quotation": 0, "percentage": 0}, "70": {"name": "Memria", "answered": 0, "quotation": 0, "percentage": 0}, "71": {"name": "Ateno e Concentrao (Clculo)", "answered": 0, "quotation": 0, "percentage": 0}, "72": {"name": "Ateno e Concentrao (Soletrar)", "answered": 0, "quotation": 0, "percentage": 0}, "name": "Ateno e Orientao", "answered": 0, "quotation": 0, "percentage": 0}, "18": {"73": {"name": "Evocao Diferida (Intervalo Curto)", "answered": 0, "quotation": 0, "percentage": 0}, "name": "Memria", "answered": 0, "quotation": 0, "percentage": 0}, "19": {"76": {"name": "Compreenso (Carto)", "answered": 0, "quotation": 0, "percentage": 0}, "77": {"name": "Compreenso (Etapas)", "answered": 0, "quotation": 0, "percentage": 0}, "78": {"name": "Escrita", "answered": 0, "quotation": 0, "percentage": 0}, "79": {"name": "Repetio III", "answered": 0, "quotation": 0, "percentage": 0}, "80": {"name": "Nomeao", "answered": 0, "quotation": 0, "percentage": 0}, "name": "Linguagem", "answered": 0, "quotation": 0, "percentage": 0}, "20": {"81": {"name": "Capacidade Visuo-Espacial (Pentgonos)", "answered": 0, "quotation": 0, "percentage": 0}, "name": "Visuo-Espacial", "answered": 0, "quotation": 0, "percentage": 0}, "name": "MMSE", "answered": 0, "quotation": 0, "percentage": 0}, "name": "Cognio", "answered": 0, "percentage": 0}, "14": {"10": {"30": {"106": {"name": "None", "answered": 0, "quotation": 0, "percentage": 0}, "name": "Conscincia", "answered": 0, "quotation": 0, "percentage": 0}, "31": {"107": {"name": "None", "answered": 0, "quotation": 0, "percentage": 0}, "name": "Atividade Motora", "answered": 0, "quotation": 0, "percentage": 0}, "32": {"108": {"name": "None", "answered": 0, "quotation": 0, "percentage": 0}, "name": "Humor", "answered": 0, "quotation": 0, "percentage": 0}, "name": "None", "answered": 0, "quotation": 0, "percentage": 0}, "name": "Conscincia, Humor e Comportamento", "answered": 0, "percentage": 0}, "15": {"11": {"33": {"109": {"name": "None", "answered": 0, "quotation": 0, "percentage": 0}, "name": "None", "answered": 0, "quotation": 0, "percentage": 0}, "name": "None", "answered": 0, "quotation": 0, "percentage": 0}, "name": "Cooperao dada na entrevista", "answered": 0, "percentage": 0}, "16": {"12": {"34": {"110": {"name": "None", "answered": 0, "quotation": 0, "percentage": 0}, "name": "None", "answered": 0, "quotation": 0, "percentage": 0}, "name": "None", "answered": 0, "quotation": 0, "percentage": 0}, "name": "Relao com o Avaliador", "answered": 0, "percentage": 0}, "total_answered": 0, "total_percentage": 0}	3	826	320	\N
498	2024-03-29 20:54:03.549181+00	{"46": {"15": {"name": "None", "answered": 0, "quotation": 0, "percentage": 0}, "16": {"name": "Fumadores", "answered": 0, "quotation": 0, "percentage": 0}, "17": {"name": "None", "answered": 0, "quotation": 0, "percentage": 0}, "18": {"40": {"name": "Fumar", "answered": 0, "quotation": 0, "percentage": 0}, "name": "None", "answered": 0, "quotation": 0, "percentage": 0}, "name": "None", "answered": 0, "percentage": 0}, "47": {"19": {"41": {"113": {"name": "MentHA-Risk-section", "answered": 1, "quotation": 3, "percentage": 100}, "name": "MentHA-Risk-dimension", "answered": 1, "quotation": 0, "percentage": 100}, "name": "MentHA-Risk-instrument", "answered": 1, "quotation": 0, "percentage": 100}, "name": "MentHA-Risk-area", "answered": 1, "percentage": 100}, "total_answered": 1, "total_percentage": 100}	342	492	212	\N
565	2024-03-29 21:43:56.891256+00	{"78": {"24": {"46": {"118": {"name": "None", "answered": 0, "quotation": 0, "percentage": 0}, "name": "None", "answered": 0, "quotation": 0, "percentage": 0}, "name": "None", "answered": 0, "quotation": 0, "percentage": 0}, "name": "Questionrio Sociodemogrfico", "answered": 0, "percentage": 0}, "total_answered": 0, "total_percentage": 0}	342	559	202	\N
704	2024-05-26 15:03:50.892933+00	{"78": {"24": {"46": {"118": {"name": "None", "answered": 0, "quotation": 0, "percentage": 0}, "name": "None", "answered": 0, "quotation": 0, "percentage": 0}, "name": "None", "answered": 0, "quotation": 0, "percentage": 0}, "name": "Questionrio Sociodemogrfico", "answered": 0, "percentage": 0}, "total_answered": 0, "total_percentage": 0}	165	698	280	\N
721	2024-05-27 12:46:07.679189+00	{"46": {"15": {"name": "None", "answered": 0, "quotation": 0, "percentage": 0}, "16": {"name": "Fumadores", "answered": 0, "quotation": 0, "percentage": 0}, "17": {"name": "None", "answered": 0, "quotation": 0, "percentage": 0}, "18": {"40": {"name": "Fumar", "answered": 0, "quotation": 0, "percentage": 0}, "name": "None", "answered": 0, "quotation": 0, "percentage": 0}, "name": "None", "answered": 0, "percentage": 0}, "47": {"19": {"41": {"113": {"name": "MentHA-Risk-section", "answered": 1, "quotation": 9, "percentage": 100}, "name": "MentHA-Risk-dimension", "answered": 1, "quotation": 0, "percentage": 100}, "name": "MentHA-Risk-instrument", "answered": 1, "quotation": 0, "percentage": 100}, "name": "MentHA-Risk-area", "answered": 1, "percentage": 100}, "total_answered": 1, "total_percentage": 100}	165	715	99	\N
474	2024-03-29 20:33:15.683504+00	{"46": {"15": {"name": "None", "answered": 0, "quotation": 0, "percentage": 0}, "16": {"name": "Fumadores", "answered": 0, "quotation": 0, "percentage": 0}, "17": {"name": "None", "answered": 0, "quotation": 0, "percentage": 0}, "18": {"40": {"name": "Fumar", "answered": 0, "quotation": 0, "percentage": 0}, "name": "None", "answered": 0, "quotation": 0, "percentage": 0}, "name": "None", "answered": 0, "percentage": 0}, "47": {"19": {"41": {"113": {"name": "MentHA-Risk-section", "answered": 1, "quotation": 3, "percentage": 100}, "name": "MentHA-Risk-dimension", "answered": 1, "quotation": 0, "percentage": 100}, "name": "MentHA-Risk-instrument", "answered": 1, "quotation": 0, "percentage": 100}, "name": "MentHA-Risk-area", "answered": 1, "percentage": 100}, "total_answered": 1, "total_percentage": 100}	342	468	188	\N
566	2024-03-29 21:44:16.662529+00	{"78": {"24": {"46": {"118": {"name": "None", "answered": 0, "quotation": 0, "percentage": 0}, "name": "None", "answered": 0, "quotation": 0, "percentage": 0}, "name": "None", "answered": 0, "quotation": 0, "percentage": 0}, "name": "Questionrio Sociodemogrfico", "answered": 0, "percentage": 0}, "total_answered": 0, "total_percentage": 0}	342	560	203	\N
504	2024-03-29 20:56:33.654611+00	{"46": {"15": {"name": "None", "answered": 0, "quotation": 0, "percentage": 0}, "16": {"name": "Fumadores", "answered": 0, "quotation": 0, "percentage": 0}, "17": {"name": "None", "answered": 0, "quotation": 0, "percentage": 0}, "18": {"40": {"name": "Fumar", "answered": 0, "quotation": 0, "percentage": 0}, "name": "None", "answered": 0, "quotation": 0, "percentage": 0}, "name": "None", "answered": 0, "percentage": 0}, "47": {"19": {"41": {"113": {"name": "MentHA-Risk-section", "answered": 1, "quotation": 3, "percentage": 100}, "name": "MentHA-Risk-dimension", "answered": 1, "quotation": 0, "percentage": 100}, "name": "MentHA-Risk-instrument", "answered": 1, "quotation": 0, "percentage": 100}, "name": "MentHA-Risk-area", "answered": 1, "percentage": 100}, "total_answered": 1, "total_percentage": 100}	342	498	216	\N
689	2024-05-25 15:07:41.677771+00	{"46": {"15": {"name": "None", "answered": 0, "quotation": 0, "percentage": 0}, "16": {"name": "Fumadores", "answered": 0, "quotation": 0, "percentage": 0}, "17": {"name": "None", "answered": 0, "quotation": 0, "percentage": 0}, "18": {"40": {"name": "Fumar", "answered": 0, "quotation": 0, "percentage": 0}, "name": "None", "answered": 0, "quotation": 0, "percentage": 0}, "name": "None", "answered": 0, "percentage": 0}, "47": {"19": {"41": {"113": {"name": "MentHA-Risk-section", "answered": 1, "quotation": 5, "percentage": 100}, "name": "MentHA-Risk-dimension", "answered": 1, "quotation": 0, "percentage": 100}, "name": "MentHA-Risk-instrument", "answered": 1, "quotation": 0, "percentage": 100}, "name": "MentHA-Risk-area", "answered": 1, "percentage": 100}, "total_answered": 1, "total_percentage": 100}	165	683	100	\N
705	2024-05-26 15:31:09.591608+00	{"46": {"15": {"name": "None", "answered": 0, "quotation": 0, "percentage": 0}, "16": {"name": "Fumadores", "answered": 0, "quotation": 0, "percentage": 0}, "17": {"name": "None", "answered": 0, "quotation": 0, "percentage": 0}, "18": {"40": {"name": "Fumar", "answered": 0, "quotation": 0, "percentage": 0}, "name": "None", "answered": 0, "quotation": 0, "percentage": 0}, "name": "None", "answered": 0, "percentage": 0}, "47": {"19": {"41": {"113": {"name": "MentHA-Risk-section", "answered": 1, "quotation": 0, "percentage": 100}, "name": "MentHA-Risk-dimension", "answered": 1, "quotation": 0, "percentage": 100}, "name": "MentHA-Risk-instrument", "answered": 1, "quotation": 0, "percentage": 100}, "name": "MentHA-Risk-area", "answered": 1, "percentage": 100}, "total_answered": 1, "total_percentage": 100}	165	699	174	\N
714	2024-05-26 16:06:11.434928+00	{"46": {"15": {"name": "None", "answered": 0, "quotation": 0, "percentage": 0}, "16": {"name": "Fumadores", "answered": 0, "quotation": 0, "percentage": 0}, "17": {"name": "None", "answered": 0, "quotation": 0, "percentage": 0}, "18": {"40": {"name": "Fumar", "answered": 0, "quotation": 0, "percentage": 0}, "name": "None", "answered": 0, "quotation": 0, "percentage": 0}, "name": "None", "answered": 0, "percentage": 0}, "47": {"19": {"41": {"113": {"name": "MentHA-Risk-section", "answered": 1, "quotation": 0, "percentage": 100}, "name": "MentHA-Risk-dimension", "answered": 1, "quotation": 0, "percentage": 100}, "name": "MentHA-Risk-instrument", "answered": 1, "quotation": 0, "percentage": 100}, "name": "MentHA-Risk-area", "answered": 1, "percentage": 100}, "total_answered": 1, "total_percentage": 100}	165	708	285	\N
722	2024-05-27 12:49:59.535029+00	{"78": {"24": {"46": {"118": {"name": "None", "answered": 0, "quotation": 0, "percentage": 0}, "name": "None", "answered": 0, "quotation": 0, "percentage": 0}, "name": "None", "answered": 0, "quotation": 0, "percentage": 0}, "name": "Questionrio Sociodemogrfico", "answered": 0, "percentage": 0}, "total_answered": 0, "total_percentage": 0}	165	716	97	\N
690	2024-05-25 15:13:05.78877+00	{"46": {"15": {"name": "None", "answered": 0, "quotation": 0, "percentage": 0}, "16": {"name": "Fumadores", "answered": 0, "quotation": 0, "percentage": 0}, "17": {"name": "None", "answered": 0, "quotation": 0, "percentage": 0}, "18": {"40": {"name": "Fumar", "answered": 0, "quotation": 0, "percentage": 0}, "name": "None", "answered": 0, "quotation": 0, "percentage": 0}, "name": "None", "answered": 0, "percentage": 0}, "47": {"19": {"41": {"113": {"name": "MentHA-Risk-section", "answered": 1, "quotation": 0, "percentage": 100}, "name": "MentHA-Risk-dimension", "answered": 1, "quotation": 0, "percentage": 100}, "name": "MentHA-Risk-instrument", "answered": 1, "quotation": 0, "percentage": 100}, "name": "MentHA-Risk-area", "answered": 1, "percentage": 100}, "total_answered": 1, "total_percentage": 100}	165	684	164	\N
497	2024-03-29 20:53:26.155627+00	{"46": {"15": {"name": "None", "answered": 0, "quotation": 0, "percentage": 0}, "16": {"name": "Fumadores", "answered": 0, "quotation": 0, "percentage": 0}, "17": {"name": "None", "answered": 0, "quotation": 0, "percentage": 0}, "18": {"40": {"name": "Fumar", "answered": 0, "quotation": 0, "percentage": 0}, "name": "None", "answered": 0, "quotation": 0, "percentage": 0}, "name": "None", "answered": 0, "percentage": 0}, "47": {"19": {"41": {"113": {"name": "MentHA-Risk-section", "answered": 1, "quotation": 0, "percentage": 100}, "name": "MentHA-Risk-dimension", "answered": 1, "quotation": 0, "percentage": 100}, "name": "MentHA-Risk-instrument", "answered": 1, "quotation": 0, "percentage": 100}, "name": "MentHA-Risk-area", "answered": 1, "percentage": 100}, "total_answered": 1, "total_percentage": 100}	342	491	211	\N
567	2024-03-29 21:44:40.248794+00	{"78": {"24": {"46": {"118": {"name": "None", "answered": 0, "quotation": 0, "percentage": 0}, "name": "None", "answered": 0, "quotation": 0, "percentage": 0}, "name": "None", "answered": 0, "quotation": 0, "percentage": 0}, "name": "Questionrio Sociodemogrfico", "answered": 0, "percentage": 0}, "total_answered": 0, "total_percentage": 0}	342	561	204	\N
706	2024-05-26 15:34:04.111116+00	{"46": {"15": {"name": "None", "answered": 0, "quotation": 0, "percentage": 0}, "16": {"name": "Fumadores", "answered": 0, "quotation": 0, "percentage": 0}, "17": {"name": "None", "answered": 0, "quotation": 0, "percentage": 0}, "18": {"40": {"name": "Fumar", "answered": 0, "quotation": 0, "percentage": 0}, "name": "None", "answered": 0, "quotation": 0, "percentage": 0}, "name": "None", "answered": 0, "percentage": 0}, "47": {"19": {"41": {"113": {"name": "MentHA-Risk-section", "answered": 1, "quotation": 4, "percentage": 100}, "name": "MentHA-Risk-dimension", "answered": 1, "quotation": 0, "percentage": 100}, "name": "MentHA-Risk-instrument", "answered": 1, "quotation": 0, "percentage": 100}, "name": "MentHA-Risk-area", "answered": 1, "percentage": 100}, "total_answered": 1, "total_percentage": 100}	165	700	281	\N
780	2024-05-28 17:37:34.732248+00	{"46": {"15": {"name": "None", "answered": 0, "quotation": 0, "percentage": 0}, "16": {"name": "Fumadores", "answered": 0, "quotation": 0, "percentage": 0}, "17": {"name": "None", "answered": 0, "quotation": 0, "percentage": 0}, "18": {"40": {"name": "Fumar", "answered": 0, "quotation": 0, "percentage": 0}, "name": "None", "answered": 0, "quotation": 0, "percentage": 0}, "name": "None", "answered": 0, "percentage": 0}, "47": {"19": {"41": {"113": {"name": "MentHA-Risk-section", "answered": 1, "quotation": 2, "percentage": 100}, "name": "MentHA-Risk-dimension", "answered": 1, "quotation": 0, "percentage": 100}, "name": "MentHA-Risk-instrument", "answered": 1, "quotation": 0, "percentage": 100}, "name": "MentHA-Risk-area", "answered": 1, "percentage": 100}, "total_answered": 1, "total_percentage": 100}	265	774	310	\N
715	2024-05-26 16:11:03.830258+00	{"46": {"15": {"name": "None", "answered": 0, "quotation": 0, "percentage": 0}, "16": {"name": "Fumadores", "answered": 0, "quotation": 0, "percentage": 0}, "17": {"name": "None", "answered": 0, "quotation": 0, "percentage": 0}, "18": {"40": {"name": "Fumar", "answered": 0, "quotation": 0, "percentage": 0}, "name": "None", "answered": 0, "quotation": 0, "percentage": 0}, "name": "None", "answered": 0, "percentage": 0}, "47": {"19": {"41": {"113": {"name": "MentHA-Risk-section", "answered": 1, "quotation": 0, "percentage": 100}, "name": "MentHA-Risk-dimension", "answered": 1, "quotation": 0, "percentage": 100}, "name": "MentHA-Risk-instrument", "answered": 1, "quotation": 0, "percentage": 100}, "name": "MentHA-Risk-area", "answered": 1, "percentage": 100}, "total_answered": 1, "total_percentage": 100}	165	709	113	\N
666	2024-04-19 15:10:32.06397+00	{"46": {"15": {"name": "None", "answered": 0, "quotation": 0, "percentage": 0}, "16": {"name": "Fumadores", "answered": 0, "quotation": 0, "percentage": 0}, "17": {"name": "None", "answered": 0, "quotation": 0, "percentage": 0}, "18": {"40": {"name": "Fumar", "answered": 0, "quotation": 0, "percentage": 0}, "name": "None", "answered": 0, "quotation": 0, "percentage": 0}, "name": "None", "answered": 0, "percentage": 0}, "47": {"19": {"41": {"113": {"name": "MentHA-Risk-section", "answered": 1, "quotation": 9, "percentage": 100}, "name": "MentHA-Risk-dimension", "answered": 1, "quotation": 0, "percentage": 100}, "name": "MentHA-Risk-instrument", "answered": 1, "quotation": 0, "percentage": 100}, "name": "MentHA-Risk-area", "answered": 1, "percentage": 100}, "total_answered": 1, "total_percentage": 100}	342	660	204	\N
653	2024-04-19 09:26:05.76367+00	{"46": {"15": {"name": "None", "answered": 0, "quotation": 0, "percentage": 0}, "16": {"name": "Fumadores", "answered": 0, "quotation": 0, "percentage": 0}, "17": {"name": "None", "answered": 0, "quotation": 0, "percentage": 0}, "18": {"40": {"name": "Fumar", "answered": 0, "quotation": 0, "percentage": 0}, "name": "None", "answered": 0, "quotation": 0, "percentage": 0}, "name": "None", "answered": 0, "percentage": 0}, "47": {"19": {"41": {"113": {"name": "MentHA-Risk-section", "answered": 1, "quotation": 2, "percentage": 100}, "name": "MentHA-Risk-dimension", "answered": 1, "quotation": 0, "percentage": 100}, "name": "MentHA-Risk-instrument", "answered": 1, "quotation": 0, "percentage": 100}, "name": "MentHA-Risk-area", "answered": 1, "percentage": 100}, "total_answered": 1, "total_percentage": 100}	342	647	202	\N
691	2024-05-25 15:19:08.936493+00	{"46": {"15": {"name": "None", "answered": 0, "quotation": 0, "percentage": 0}, "16": {"name": "Fumadores", "answered": 0, "quotation": 0, "percentage": 0}, "17": {"name": "None", "answered": 0, "quotation": 0, "percentage": 0}, "18": {"40": {"name": "Fumar", "answered": 0, "quotation": 0, "percentage": 0}, "name": "None", "answered": 0, "quotation": 0, "percentage": 0}, "name": "None", "answered": 0, "percentage": 0}, "47": {"19": {"41": {"113": {"name": "MentHA-Risk-section", "answered": 1, "quotation": 0, "percentage": 100}, "name": "MentHA-Risk-dimension", "answered": 1, "quotation": 0, "percentage": 100}, "name": "MentHA-Risk-instrument", "answered": 1, "quotation": 0, "percentage": 100}, "name": "MentHA-Risk-area", "answered": 1, "percentage": 100}, "total_answered": 1, "total_percentage": 100}	165	685	166	\N
707	2024-05-26 15:36:28.835446+00	{"46": {"15": {"name": "None", "answered": 0, "quotation": 0, "percentage": 0}, "16": {"name": "Fumadores", "answered": 0, "quotation": 0, "percentage": 0}, "17": {"name": "None", "answered": 0, "quotation": 0, "percentage": 0}, "18": {"40": {"name": "Fumar", "answered": 0, "quotation": 0, "percentage": 0}, "name": "None", "answered": 0, "quotation": 0, "percentage": 0}, "name": "None", "answered": 0, "percentage": 0}, "47": {"19": {"41": {"113": {"name": "MentHA-Risk-section", "answered": 1, "quotation": 0, "percentage": 100}, "name": "MentHA-Risk-dimension", "answered": 1, "quotation": 0, "percentage": 100}, "name": "MentHA-Risk-instrument", "answered": 1, "quotation": 0, "percentage": 100}, "name": "MentHA-Risk-area", "answered": 1, "percentage": 100}, "total_answered": 1, "total_percentage": 100}	165	701	282	\N
716	2024-05-27 12:28:55.762031+00	{"46": {"15": {"name": "None", "answered": 0, "quotation": 0, "percentage": 0}, "16": {"name": "Fumadores", "answered": 0, "quotation": 0, "percentage": 0}, "17": {"name": "None", "answered": 0, "quotation": 0, "percentage": 0}, "18": {"40": {"name": "Fumar", "answered": 0, "quotation": 0, "percentage": 0}, "name": "None", "answered": 0, "quotation": 0, "percentage": 0}, "name": "None", "answered": 0, "percentage": 0}, "47": {"19": {"41": {"113": {"name": "MentHA-Risk-section", "answered": 1, "quotation": 11, "percentage": 100}, "name": "MentHA-Risk-dimension", "answered": 1, "quotation": 0, "percentage": 100}, "name": "MentHA-Risk-instrument", "answered": 1, "quotation": 0, "percentage": 100}, "name": "MentHA-Risk-area", "answered": 1, "percentage": 100}, "total_answered": 1, "total_percentage": 100}	165	710	135	\N
485	2024-03-29 20:44:15.037712+00	{"46": {"15": {"name": "None", "answered": 0, "quotation": 0, "percentage": 0}, "16": {"name": "Fumadores", "answered": 0, "quotation": 0, "percentage": 0}, "17": {"name": "None", "answered": 0, "quotation": 0, "percentage": 0}, "18": {"40": {"name": "Fumar", "answered": 0, "quotation": 0, "percentage": 0}, "name": "None", "answered": 0, "quotation": 0, "percentage": 0}, "name": "None", "answered": 0, "percentage": 0}, "47": {"19": {"41": {"113": {"name": "MentHA-Risk-section", "answered": 1, "quotation": 8, "percentage": 100}, "name": "MentHA-Risk-dimension", "answered": 1, "quotation": 0, "percentage": 100}, "name": "MentHA-Risk-instrument", "answered": 1, "quotation": 0, "percentage": 100}, "name": "MentHA-Risk-area", "answered": 1, "percentage": 100}, "total_answered": 1, "total_percentage": 100}	342	479	201	\N
692	2024-05-25 15:21:33.110571+00	{"46": {"15": {"name": "None", "answered": 0, "quotation": 0, "percentage": 0}, "16": {"name": "Fumadores", "answered": 0, "quotation": 0, "percentage": 0}, "17": {"name": "None", "answered": 0, "quotation": 0, "percentage": 0}, "18": {"40": {"name": "Fumar", "answered": 0, "quotation": 0, "percentage": 0}, "name": "None", "answered": 0, "quotation": 0, "percentage": 0}, "name": "None", "answered": 0, "percentage": 0}, "47": {"19": {"41": {"113": {"name": "MentHA-Risk-section", "answered": 1, "quotation": 1, "percentage": 100}, "name": "MentHA-Risk-dimension", "answered": 1, "quotation": 0, "percentage": 100}, "name": "MentHA-Risk-instrument", "answered": 1, "quotation": 0, "percentage": 100}, "name": "MentHA-Risk-area", "answered": 1, "percentage": 100}, "total_answered": 1, "total_percentage": 100}	165	686	167	\N
660	2024-04-19 11:19:50.538769+00	{"46": {"15": {"name": "None", "answered": 0, "quotation": 0, "percentage": 0}, "16": {"name": "Fumadores", "answered": 0, "quotation": 0, "percentage": 0}, "17": {"name": "None", "answered": 0, "quotation": 0, "percentage": 0}, "18": {"40": {"name": "Fumar", "answered": 0, "quotation": 0, "percentage": 0}, "name": "None", "answered": 0, "quotation": 0, "percentage": 0}, "name": "None", "answered": 0, "percentage": 0}, "47": {"19": {"41": {"113": {"name": "MentHA-Risk-section", "answered": 1, "quotation": 3, "percentage": 100}, "name": "MentHA-Risk-dimension", "answered": 1, "quotation": 0, "percentage": 100}, "name": "MentHA-Risk-instrument", "answered": 1, "quotation": 0, "percentage": 100}, "name": "MentHA-Risk-area", "answered": 1, "percentage": 100}, "total_answered": 1, "total_percentage": 100}	342	654	206	\N
569	2024-03-29 21:45:30.88273+00	{"78": {"24": {"46": {"118": {"name": "None", "answered": 0, "quotation": 0, "percentage": 0}, "name": "None", "answered": 0, "quotation": 0, "percentage": 0}, "name": "None", "answered": 0, "quotation": 0, "percentage": 0}, "name": "Questionrio Sociodemogrfico", "answered": 0, "percentage": 0}, "total_answered": 0, "total_percentage": 0}	342	563	205	\N
717	2024-05-27 12:32:07.772204+00	{"46": {"15": {"name": "None", "answered": 0, "quotation": 0, "percentage": 0}, "16": {"name": "Fumadores", "answered": 0, "quotation": 0, "percentage": 0}, "17": {"name": "None", "answered": 0, "quotation": 0, "percentage": 0}, "18": {"40": {"name": "Fumar", "answered": 0, "quotation": 0, "percentage": 0}, "name": "None", "answered": 0, "quotation": 0, "percentage": 0}, "name": "None", "answered": 0, "percentage": 0}, "47": {"19": {"41": {"113": {"name": "MentHA-Risk-section", "answered": 1, "quotation": 0, "percentage": 100}, "name": "MentHA-Risk-dimension", "answered": 1, "quotation": 0, "percentage": 100}, "name": "MentHA-Risk-instrument", "answered": 1, "quotation": 0, "percentage": 100}, "name": "MentHA-Risk-area", "answered": 1, "percentage": 100}, "total_answered": 1, "total_percentage": 100}	165	711	125	\N
723	2024-05-27 12:50:56.551566+00	{"46": {"15": {"name": "None", "answered": 0, "quotation": 0, "percentage": 0}, "16": {"name": "Fumadores", "answered": 0, "quotation": 0, "percentage": 0}, "17": {"name": "None", "answered": 0, "quotation": 0, "percentage": 0}, "18": {"40": {"name": "Fumar", "answered": 0, "quotation": 0, "percentage": 0}, "name": "None", "answered": 0, "quotation": 0, "percentage": 0}, "name": "None", "answered": 0, "percentage": 0}, "47": {"19": {"41": {"113": {"name": "MentHA-Risk-section", "answered": 1, "quotation": 4, "percentage": 100}, "name": "MentHA-Risk-dimension", "answered": 1, "quotation": 0, "percentage": 100}, "name": "MentHA-Risk-instrument", "answered": 1, "quotation": 0, "percentage": 100}, "name": "MentHA-Risk-area", "answered": 1, "percentage": 100}, "total_answered": 1, "total_percentage": 100}	165	717	97	\N
543	2024-03-29 21:18:25.901008+00	{"46": {"15": {"name": "None", "answered": 0, "quotation": 0, "percentage": 0}, "16": {"name": "Fumadores", "answered": 0, "quotation": 0, "percentage": 0}, "17": {"name": "None", "answered": 0, "quotation": 0, "percentage": 0}, "18": {"40": {"name": "Fumar", "answered": 0, "quotation": 0, "percentage": 0}, "name": "None", "answered": 0, "quotation": 0, "percentage": 0}, "name": "None", "answered": 0, "percentage": 0}, "47": {"19": {"41": {"113": {"name": "MentHA-Risk-section", "answered": 1, "quotation": 0, "percentage": 100}, "name": "MentHA-Risk-dimension", "answered": 1, "quotation": 0, "percentage": 100}, "name": "MentHA-Risk-instrument", "answered": 1, "quotation": 0, "percentage": 100}, "name": "MentHA-Risk-area", "answered": 1, "percentage": 100}, "total_answered": 1, "total_percentage": 100}	342	537	257	\N
484	2024-03-29 20:43:47.215058+00	{"46": {"15": {"name": "None", "answered": 0, "quotation": 0, "percentage": 0}, "16": {"name": "Fumadores", "answered": 0, "quotation": 0, "percentage": 0}, "17": {"name": "None", "answered": 0, "quotation": 0, "percentage": 0}, "18": {"40": {"name": "Fumar", "answered": 0, "quotation": 0, "percentage": 0}, "name": "None", "answered": 0, "quotation": 0, "percentage": 0}, "name": "None", "answered": 0, "percentage": 0}, "47": {"19": {"41": {"113": {"name": "MentHA-Risk-section", "answered": 1, "quotation": 9, "percentage": 100}, "name": "MentHA-Risk-dimension", "answered": 1, "quotation": 0, "percentage": 100}, "name": "MentHA-Risk-instrument", "answered": 1, "quotation": 0, "percentage": 100}, "name": "MentHA-Risk-area", "answered": 1, "percentage": 100}, "total_answered": 1, "total_percentage": 100}	342	478	200	\N
667	2024-04-19 15:19:46.327279+00	{"46": {"15": {"name": "None", "answered": 0, "quotation": 0, "percentage": 0}, "16": {"name": "Fumadores", "answered": 0, "quotation": 0, "percentage": 0}, "17": {"name": "None", "answered": 0, "quotation": 0, "percentage": 0}, "18": {"40": {"name": "Fumar", "answered": 0, "quotation": 0, "percentage": 0}, "name": "None", "answered": 0, "quotation": 0, "percentage": 0}, "name": "None", "answered": 0, "percentage": 0}, "47": {"19": {"41": {"113": {"name": "MentHA-Risk-section", "answered": 1, "quotation": 1, "percentage": 100}, "name": "MentHA-Risk-dimension", "answered": 1, "quotation": 0, "percentage": 100}, "name": "MentHA-Risk-instrument", "answered": 1, "quotation": 0, "percentage": 100}, "name": "MentHA-Risk-area", "answered": 1, "percentage": 100}, "total_answered": 1, "total_percentage": 100}	342	661	205	\N
661	2024-04-19 11:33:26.46647+00	{"46": {"15": {"name": "None", "answered": 0, "quotation": 0, "percentage": 0}, "16": {"name": "Fumadores", "answered": 0, "quotation": 0, "percentage": 0}, "17": {"name": "None", "answered": 0, "quotation": 0, "percentage": 0}, "18": {"40": {"name": "Fumar", "answered": 0, "quotation": 0, "percentage": 0}, "name": "None", "answered": 0, "quotation": 0, "percentage": 0}, "name": "None", "answered": 0, "percentage": 0}, "47": {"19": {"41": {"113": {"name": "MentHA-Risk-section", "answered": 1, "quotation": 2, "percentage": 100}, "name": "MentHA-Risk-dimension", "answered": 1, "quotation": 0, "percentage": 100}, "name": "MentHA-Risk-instrument", "answered": 1, "quotation": 0, "percentage": 100}, "name": "MentHA-Risk-area", "answered": 1, "percentage": 100}, "total_answered": 1, "total_percentage": 100}	342	655	208	\N
693	2024-05-25 15:27:02.911085+00	{"46": {"15": {"name": "None", "answered": 0, "quotation": 0, "percentage": 0}, "16": {"name": "Fumadores", "answered": 0, "quotation": 0, "percentage": 0}, "17": {"name": "None", "answered": 0, "quotation": 0, "percentage": 0}, "18": {"40": {"name": "Fumar", "answered": 0, "quotation": 0, "percentage": 0}, "name": "None", "answered": 0, "quotation": 0, "percentage": 0}, "name": "None", "answered": 0, "percentage": 0}, "47": {"19": {"41": {"113": {"name": "MentHA-Risk-section", "answered": 1, "quotation": 1, "percentage": 100}, "name": "MentHA-Risk-dimension", "answered": 1, "quotation": 0, "percentage": 100}, "name": "MentHA-Risk-instrument", "answered": 1, "quotation": 0, "percentage": 100}, "name": "MentHA-Risk-area", "answered": 1, "percentage": 100}, "total_answered": 1, "total_percentage": 100}	165	687	169	\N
730	2024-05-27 13:17:00.391184+00	{"78": {"24": {"46": {"118": {"name": "None", "answered": 0, "quotation": 0, "percentage": 0}, "name": "None", "answered": 0, "quotation": 0, "percentage": 0}, "name": "None", "answered": 0, "quotation": 0, "percentage": 0}, "name": "Questionrio Sociodemogrfico", "answered": 0, "percentage": 0}, "total_answered": 0, "total_percentage": 0}	165	724	300	\N
726	2024-05-27 13:01:19.832205+00	{"46": {"15": {"name": "None", "answered": 0, "quotation": 0, "percentage": 0}, "16": {"name": "Fumadores", "answered": 0, "quotation": 0, "percentage": 0}, "17": {"name": "None", "answered": 0, "quotation": 0, "percentage": 0}, "18": {"40": {"name": "Fumar", "answered": 0, "quotation": 0, "percentage": 0}, "name": "None", "answered": 0, "quotation": 0, "percentage": 0}, "name": "None", "answered": 0, "percentage": 0}, "47": {"19": {"41": {"113": {"name": "MentHA-Risk-section", "answered": 1, "quotation": 0, "percentage": 100}, "name": "MentHA-Risk-dimension", "answered": 1, "quotation": 0, "percentage": 100}, "name": "MentHA-Risk-instrument", "answered": 1, "quotation": 0, "percentage": 100}, "name": "MentHA-Risk-area", "answered": 1, "percentage": 100}, "total_answered": 1, "total_percentage": 100}	165	720	168	\N
733	2024-05-27 13:28:20.864487+00	{"78": {"24": {"46": {"118": {"name": "None", "answered": 0, "quotation": 0, "percentage": 0}, "name": "None", "answered": 0, "quotation": 0, "percentage": 0}, "name": "None", "answered": 0, "quotation": 0, "percentage": 0}, "name": "Questionrio Sociodemogrfico", "answered": 0, "percentage": 0}, "total_answered": 0, "total_percentage": 0}	165	727	109	\N
781	2024-05-28 17:44:35.162455+00	{"46": {"15": {"name": "None", "answered": 0, "quotation": 0, "percentage": 0}, "16": {"name": "Fumadores", "answered": 0, "quotation": 0, "percentage": 0}, "17": {"name": "None", "answered": 0, "quotation": 0, "percentage": 0}, "18": {"40": {"name": "Fumar", "answered": 0, "quotation": 0, "percentage": 0}, "name": "None", "answered": 0, "quotation": 0, "percentage": 0}, "name": "None", "answered": 0, "percentage": 0}, "47": {"19": {"41": {"113": {"name": "MentHA-Risk-section", "answered": 1, "quotation": 7, "percentage": 100}, "name": "MentHA-Risk-dimension", "answered": 1, "quotation": 0, "percentage": 100}, "name": "MentHA-Risk-instrument", "answered": 1, "quotation": 0, "percentage": 100}, "name": "MentHA-Risk-area", "answered": 1, "percentage": 100}, "total_answered": 1, "total_percentage": 100}	265	775	311	\N
811	2024-06-28 08:27:04.294442+00	{"46": {"15": {"name": "None", "answered": 0, "quotation": 0, "percentage": 0}, "16": {"name": "Fumadores", "answered": 0, "quotation": 0, "percentage": 0}, "17": {"name": "None", "answered": 0, "quotation": 0, "percentage": 0}, "18": {"40": {"name": "Fumar", "answered": 0, "quotation": 0, "percentage": 0}, "name": "None", "answered": 0, "quotation": 0, "percentage": 0}, "name": "None", "answered": 0, "percentage": 0}, "47": {"19": {"41": {"113": {"name": "MentHA-Risk-section", "answered": 1, "quotation": 0, "percentage": 100}, "name": "MentHA-Risk-dimension", "answered": 1, "quotation": 0, "percentage": 100}, "name": "MentHA-Risk-instrument", "answered": 1, "quotation": 0, "percentage": 100}, "name": "MentHA-Risk-area", "answered": 1, "percentage": 100}, "total_answered": 1, "total_percentage": 100}	3	805	159	\N
727	2024-05-27 13:04:02.414893+00	{"46": {"15": {"name": "None", "answered": 0, "quotation": 0, "percentage": 0}, "16": {"name": "Fumadores", "answered": 0, "quotation": 0, "percentage": 0}, "17": {"name": "None", "answered": 0, "quotation": 0, "percentage": 0}, "18": {"40": {"name": "Fumar", "answered": 0, "quotation": 0, "percentage": 0}, "name": "None", "answered": 0, "quotation": 0, "percentage": 0}, "name": "None", "answered": 0, "percentage": 0}, "47": {"19": {"41": {"113": {"name": "MentHA-Risk-section", "answered": 1, "quotation": 7, "percentage": 100}, "name": "MentHA-Risk-dimension", "answered": 1, "quotation": 0, "percentage": 100}, "name": "MentHA-Risk-instrument", "answered": 1, "quotation": 0, "percentage": 100}, "name": "MentHA-Risk-area", "answered": 1, "percentage": 100}, "total_answered": 1, "total_percentage": 100}	165	721	89	\N
737	2024-05-27 19:30:43.352054+00	{"78": {"24": {"46": {"118": {"name": "None", "answered": 0, "quotation": 0, "percentage": 0}, "name": "None", "answered": 0, "quotation": 0, "percentage": 0}, "name": "None", "answered": 0, "quotation": 0, "percentage": 0}, "name": "Questionrio Sociodemogrfico", "answered": 0, "percentage": 0}, "total_answered": 0, "total_percentage": 0}	165	731	118	\N
782	2024-05-28 17:47:31.233467+00	{"46": {"15": {"name": "None", "answered": 0, "quotation": 0, "percentage": 0}, "16": {"name": "Fumadores", "answered": 0, "quotation": 0, "percentage": 0}, "17": {"name": "None", "answered": 0, "quotation": 0, "percentage": 0}, "18": {"40": {"name": "Fumar", "answered": 0, "quotation": 0, "percentage": 0}, "name": "None", "answered": 0, "quotation": 0, "percentage": 0}, "name": "None", "answered": 0, "percentage": 0}, "47": {"19": {"41": {"113": {"name": "MentHA-Risk-section", "answered": 1, "quotation": 7, "percentage": 100}, "name": "MentHA-Risk-dimension", "answered": 1, "quotation": 0, "percentage": 100}, "name": "MentHA-Risk-instrument", "answered": 1, "quotation": 0, "percentage": 100}, "name": "MentHA-Risk-area", "answered": 1, "percentage": 100}, "total_answered": 1, "total_percentage": 100}	265	776	309	\N
812	2024-06-28 08:29:21.348109+00	{"11": {"1": {"1": {"1": {"name": "Alimentao", "answered": 0, "quotation": 0, "percentage": 0}, "2": {"name": "Higiene", "answered": 0, "quotation": 0, "percentage": 0}, "3": {"name": "Eliminao", "answered": 0, "quotation": 0, "percentage": 0}, "name": "Atividades Corporais", "answered": 0, "quotation": 0, "percentage": 0}, "2": {"5": {"name": "Transferncia (subir ou descer da cama)", "answered": 0, "quotation": 0, "percentage": 0}, "6": {"name": "Deslocao (no domicilio ou no exterior)", "answered": 0, "quotation": 0, "percentage": 0}, "7": {"name": "Espao de vida (+/- ajuda humana ou tcnica)", "answered": 0, "quotation": 0, "percentage": 0}, "name": "Atividades Motoras", "answered": 0, "quotation": 0, "percentage": 0}, "3": {"8": {"name": "Fala", "answered": 0, "quotation": 0, "percentage": 0}, "9": {"name": "Viso (+ - correo)", "answered": 0, "quotation": 0, "percentage": 0}, "10": {"name": "Audio", "answered": 0, "quotation": 0, "percentage": 0}, "name": "Atividades Sensoriais", "answered": 0, "quotation": 0, "percentage": 0}, "4": {"11": {"name": "Memria", "answered": 0, "quotation": 0, "percentage": 0}, "12": {"name": "Comportamento", "answered": 0, "quotation": 0, "percentage": 0}, "13": {"name": "Humor", "answered": 0, "quotation": 0, "percentage": 0}, "name": "Atividades Mentais", "answered": 0, "quotation": 0, "percentage": 0}, "name": "ABVD - MDA", "answered": 0, "quotation": 0, "percentage": 0}, "name": "Funcionalidade", "answered": 0, "percentage": 0}, "12": {"3": {"5": {"4": {"name": "None", "answered": 0, "quotation": 0, "percentage": 0}, "name": "None", "answered": 0, "quotation": 0, "percentage": 0}, "name": "BSI", "answered": 0, "quotation": 0, "percentage": 0}, "name": "Psicossintomatologia", "answered": 0, "percentage": 0}, "13": {"4": {"9": {"39": {"name": "Orientao (Temporal)", "answered": 0, "quotation": 0, "percentage": 0}, "40": {"name": "Ateno e Concentrao (Clculo)", "answered": 0, "quotation": 0, "percentage": 0}, "41": {"name": "Orientao (Espacial)", "answered": 0, "quotation": 0, "percentage": 0}, "57": {"name": "Ateno e Concentrao (Soletrar)", "answered": 0, "quotation": 0, "percentage": 0}, "64": {"name": "Memria", "answered": 0, "quotation": 0, "percentage": 0}, "name": "Ateno e Orientao", "answered": 0, "quotation": 0, "percentage": 0}, "10": {"45": {"name": "Memria Antergrada", "answered": 0, "quotation": 0, "percentage": 0}, "46": {"name": "Memria Retrgrada", "answered": 0, "quotation": 0, "percentage": 0}, "47": {"name": "Evocao Diferida (Intervalo Curto)", "answered": 0, "quotation": 0, "percentage": 0}, "62": {"name": "Evocao Diferida (Intervalo Longo)", "answered": 0, "quotation": 0, "percentage": 0}, "67": {"name": "Reconhecimento", "answered": 0, "quotation": 0, "percentage": 0}, "name": "Memria", "answered": 0, "quotation": 0, "percentage": 0}, "11": {"42": {"name": "Letra P", "answered": 0, "quotation": 0, "percentage": 0}, "43": {"name": "Categoria \\"Animais\\"", "answered": 0, "quotation": 0, "percentage": 0}, "name": "Fluncia", "answered": 0, "quotation": 0, "percentage": 0}, "12": {"48": {"name": "Compreenso (Carto)", "answered": 0, "quotation": 0, "percentage": 0}, "49": {"name": "Compreenso (Etapas)", "answered": 0, "quotation": 0, "percentage": 0}, "50": {"name": "Escrita", "answered": 0, "quotation": 0, "percentage": 0}, "51": {"name": "Repetio I", "answered": 0, "quotation": 0, "percentage": 0}, "52": {"name": "Repetio II", "answered": 0, "quotation": 0, "percentage": 0}, "53": {"name": "Repetio III", "answered": 0, "quotation": 0, "percentage": 0}, "54": {"name": "Nomeao", "answered": 0, "quotation": 0, "percentage": 0}, "55": {"name": "Compreenso (Figuras)", "answered": 0, "quotation": 0, "percentage": 0}, "56": {"name": "Leitura", "answered": 0, "quotation": 0, "percentage": 0}, "name": "Linguagem", "answered": 0, "quotation": 0, "percentage": 0}, "14": {"58": {"name": "Capacidade Visuo-Espacial (Pentgonos)", "answered": 0, "quotation": 0, "percentage": 0}, "59": {"name": "Capacidade Visuo-Espacial (Cubo)", "answered": 0, "quotation": 0, "percentage": 0}, "60": {"name": "Capacidade Visuo-Espacial (Relgio)", "answered": 0, "quotation": 0, "percentage": 0}, "65": {"name": "Percepo (Pontos)", "answered": 0, "quotation": 0, "percentage": 0}, "66": {"name": "Percepo (Letras)", "answered": 0, "quotation": 0, "percentage": 0}, "name": "Visuo-Espacial", "answered": 0, "quotation": 0, "percentage": 0}, "name": "ACE-R", "answered": 0, "quotation": 0, "percentage": 0}, "5": {"17": {"68": {"name": "Orientao (Temporal)", "answered": 0, "quotation": 0, "percentage": 0}, "69": {"name": "Orientao (Espacial)", "answered": 0, "quotation": 0, "percentage": 0}, "70": {"name": "Memria", "answered": 0, "quotation": 0, "percentage": 0}, "71": {"name": "Ateno e Concentrao (Clculo)", "answered": 0, "quotation": 0, "percentage": 0}, "72": {"name": "Ateno e Concentrao (Soletrar)", "answered": 0, "quotation": 0, "percentage": 0}, "name": "Ateno e Orientao", "answered": 0, "quotation": 0, "percentage": 0}, "18": {"73": {"name": "Evocao Diferida (Intervalo Curto)", "answered": 0, "quotation": 0, "percentage": 0}, "name": "Memria", "answered": 0, "quotation": 0, "percentage": 0}, "19": {"76": {"name": "Compreenso (Carto)", "answered": 0, "quotation": 0, "percentage": 0}, "77": {"name": "Compreenso (Etapas)", "answered": 0, "quotation": 0, "percentage": 0}, "78": {"name": "Escrita", "answered": 0, "quotation": 0, "percentage": 0}, "79": {"name": "Repetio III", "answered": 0, "quotation": 0, "percentage": 0}, "80": {"name": "Nomeao", "answered": 0, "quotation": 0, "percentage": 0}, "name": "Linguagem", "answered": 0, "quotation": 0, "percentage": 0}, "20": {"81": {"name": "Capacidade Visuo-Espacial (Pentgonos)", "answered": 0, "quotation": 0, "percentage": 0}, "name": "Visuo-Espacial", "answered": 0, "quotation": 0, "percentage": 0}, "name": "MMSE", "answered": 0, "quotation": 0, "percentage": 0}, "name": "Cognio", "answered": 0, "percentage": 0}, "14": {"10": {"30": {"106": {"name": "None", "answered": 0, "quotation": 0, "percentage": 0}, "name": "Conscincia", "answered": 0, "quotation": 0, "percentage": 0}, "31": {"107": {"name": "None", "answered": 0, "quotation": 0, "percentage": 0}, "name": "Atividade Motora", "answered": 0, "quotation": 0, "percentage": 0}, "32": {"108": {"name": "None", "answered": 1, "quotation": 0, "percentage": 100}, "name": "Humor", "answered": 1, "quotation": 0, "percentage": 100}, "name": "None", "answered": 1, "quotation": 0, "percentage": 33}, "name": "Conscincia, Humor e Comportamento", "answered": 1, "percentage": 33}, "15": {"11": {"33": {"109": {"name": "None", "answered": 0, "quotation": 0, "percentage": 0}, "name": "None", "answered": 0, "quotation": 0, "percentage": 0}, "name": "None", "answered": 0, "quotation": 0, "percentage": 0}, "name": "Cooperao dada na entrevista", "answered": 0, "percentage": 0}, "16": {"12": {"34": {"110": {"name": "None", "answered": 0, "quotation": 0, "percentage": 0}, "name": "None", "answered": 0, "quotation": 0, "percentage": 0}, "name": "None", "answered": 0, "quotation": 0, "percentage": 0}, "name": "Relao com o Avaliador", "answered": 0, "percentage": 0}, "total_answered": 1, "total_percentage": 0}	3	806	159	\N
728	2024-05-27 13:07:28.133185+00	{"46": {"15": {"name": "None", "answered": 0, "quotation": 0, "percentage": 0}, "16": {"name": "Fumadores", "answered": 0, "quotation": 0, "percentage": 0}, "17": {"name": "None", "answered": 0, "quotation": 0, "percentage": 0}, "18": {"40": {"name": "Fumar", "answered": 0, "quotation": 0, "percentage": 0}, "name": "None", "answered": 0, "quotation": 0, "percentage": 0}, "name": "None", "answered": 0, "percentage": 0}, "47": {"19": {"41": {"113": {"name": "MentHA-Risk-section", "answered": 1, "quotation": 5, "percentage": 100}, "name": "MentHA-Risk-dimension", "answered": 1, "quotation": 0, "percentage": 100}, "name": "MentHA-Risk-instrument", "answered": 1, "quotation": 0, "percentage": 100}, "name": "MentHA-Risk-area", "answered": 1, "percentage": 100}, "total_answered": 1, "total_percentage": 100}	165	722	98	\N
739	2024-05-27 19:46:08.578484+00	{"78": {"24": {"46": {"118": {"name": "None", "answered": 0, "quotation": 0, "percentage": 0}, "name": "None", "answered": 0, "quotation": 0, "percentage": 0}, "name": "None", "answered": 0, "quotation": 0, "percentage": 0}, "name": "Questionrio Sociodemogrfico", "answered": 0, "percentage": 0}, "total_answered": 0, "total_percentage": 0}	165	733	120	\N
813	2024-06-28 09:42:33.454328+00	{"46": {"15": {"name": "None", "answered": 0, "quotation": 0, "percentage": 0}, "16": {"name": "Fumadores", "answered": 0, "quotation": 0, "percentage": 0}, "17": {"name": "None", "answered": 0, "quotation": 0, "percentage": 0}, "18": {"40": {"name": "Fumar", "answered": 0, "quotation": 0, "percentage": 0}, "name": "None", "answered": 0, "quotation": 0, "percentage": 0}, "name": "None", "answered": 0, "percentage": 0}, "47": {"19": {"41": {"113": {"name": "MentHA-Risk-section", "answered": 1, "quotation": 0, "percentage": 100}, "name": "MentHA-Risk-dimension", "answered": 1, "quotation": 0, "percentage": 100}, "name": "MentHA-Risk-instrument", "answered": 1, "quotation": 0, "percentage": 100}, "name": "MentHA-Risk-area", "answered": 1, "percentage": 100}, "total_answered": 1, "total_percentage": 100}	3	807	319	\N
783	2024-06-02 13:05:16.806548+00	{"46": {"15": {"name": "None", "answered": 0, "quotation": 0, "percentage": 0}, "16": {"name": "Fumadores", "answered": 0, "quotation": 0, "percentage": 0}, "17": {"name": "None", "answered": 0, "quotation": 0, "percentage": 0}, "18": {"40": {"name": "Fumar", "answered": 0, "quotation": 0, "percentage": 0}, "name": "None", "answered": 0, "quotation": 0, "percentage": 0}, "name": "None", "answered": 0, "percentage": 0}, "47": {"19": {"41": {"113": {"name": "MentHA-Risk-section", "answered": 1, "quotation": 1, "percentage": 100}, "name": "MentHA-Risk-dimension", "answered": 1, "quotation": 0, "percentage": 100}, "name": "MentHA-Risk-instrument", "answered": 1, "quotation": 0, "percentage": 100}, "name": "MentHA-Risk-area", "answered": 1, "percentage": 100}, "total_answered": 1, "total_percentage": 100}	3	777	265	\N
732	2024-05-27 13:24:30.171807+00	{"46": {"15": {"name": "None", "answered": 0, "quotation": 0, "percentage": 0}, "16": {"name": "Fumadores", "answered": 0, "quotation": 0, "percentage": 0}, "17": {"name": "None", "answered": 0, "quotation": 0, "percentage": 0}, "18": {"40": {"name": "Fumar", "answered": 0, "quotation": 0, "percentage": 0}, "name": "None", "answered": 0, "quotation": 0, "percentage": 0}, "name": "None", "answered": 0, "percentage": 0}, "47": {"19": {"41": {"113": {"name": "MentHA-Risk-section", "answered": 1, "quotation": 14, "percentage": 100}, "name": "MentHA-Risk-dimension", "answered": 1, "quotation": 0, "percentage": 100}, "name": "MentHA-Risk-instrument", "answered": 1, "quotation": 0, "percentage": 100}, "name": "MentHA-Risk-area", "answered": 1, "percentage": 100}, "total_answered": 1, "total_percentage": 100}	165	726	109	\N
729	2024-05-27 13:13:44.279017+00	{"46": {"15": {"name": "None", "answered": 0, "quotation": 0, "percentage": 0}, "16": {"name": "Fumadores", "answered": 0, "quotation": 0, "percentage": 0}, "17": {"name": "None", "answered": 0, "quotation": 0, "percentage": 0}, "18": {"40": {"name": "Fumar", "answered": 0, "quotation": 0, "percentage": 0}, "name": "None", "answered": 0, "quotation": 0, "percentage": 0}, "name": "None", "answered": 0, "percentage": 0}, "47": {"19": {"41": {"113": {"name": "MentHA-Risk-section", "answered": 1, "quotation": 0, "percentage": 100}, "name": "MentHA-Risk-dimension", "answered": 1, "quotation": 0, "percentage": 100}, "name": "MentHA-Risk-instrument", "answered": 1, "quotation": 0, "percentage": 100}, "name": "MentHA-Risk-area", "answered": 1, "percentage": 100}, "total_answered": 1, "total_percentage": 100}	165	723	300	\N
734	2024-05-27 13:29:46.471893+00	{"46": {"15": {"name": "None", "answered": 0, "quotation": 0, "percentage": 0}, "16": {"name": "Fumadores", "answered": 0, "quotation": 0, "percentage": 0}, "17": {"name": "None", "answered": 0, "quotation": 0, "percentage": 0}, "18": {"40": {"name": "Fumar", "answered": 0, "quotation": 0, "percentage": 0}, "name": "None", "answered": 0, "quotation": 0, "percentage": 0}, "name": "None", "answered": 0, "percentage": 0}, "47": {"19": {"41": {"113": {"name": "MentHA-Risk-section", "answered": 1, "quotation": 12, "percentage": 100}, "name": "MentHA-Risk-dimension", "answered": 1, "quotation": 0, "percentage": 100}, "name": "MentHA-Risk-instrument", "answered": 1, "quotation": 0, "percentage": 100}, "name": "MentHA-Risk-area", "answered": 1, "percentage": 100}, "total_answered": 1, "total_percentage": 100}	165	728	110	\N
731	2024-05-27 13:18:52.893313+00	{"46": {"15": {"name": "None", "answered": 0, "quotation": 0, "percentage": 0}, "16": {"name": "Fumadores", "answered": 0, "quotation": 0, "percentage": 0}, "17": {"name": "None", "answered": 0, "quotation": 0, "percentage": 0}, "18": {"40": {"name": "Fumar", "answered": 0, "quotation": 0, "percentage": 0}, "name": "None", "answered": 0, "quotation": 0, "percentage": 0}, "name": "None", "answered": 0, "percentage": 0}, "47": {"19": {"41": {"113": {"name": "MentHA-Risk-section", "answered": 1, "quotation": 1, "percentage": 100}, "name": "MentHA-Risk-dimension", "answered": 1, "quotation": 0, "percentage": 100}, "name": "MentHA-Risk-instrument", "answered": 1, "quotation": 0, "percentage": 100}, "name": "MentHA-Risk-area", "answered": 1, "percentage": 100}, "total_answered": 1, "total_percentage": 100}	165	725	300	\N
682	2024-05-21 15:15:59.957655+00	{"46": {"15": {"name": "None", "answered": 0, "quotation": 0, "percentage": 0}, "16": {"name": "Fumadores", "answered": 0, "quotation": 0, "percentage": 0}, "17": {"name": "None", "answered": 0, "quotation": 0, "percentage": 0}, "18": {"40": {"name": "Fumar", "answered": 0, "quotation": 0, "percentage": 0}, "name": "None", "answered": 0, "quotation": 0, "percentage": 0}, "name": "None", "answered": 0, "percentage": 0}, "47": {"19": {"41": {"113": {"name": "MentHA-Risk-section", "answered": 1, "quotation": 4, "percentage": 100}, "name": "MentHA-Risk-dimension", "answered": 1, "quotation": 0, "percentage": 100}, "name": "MentHA-Risk-instrument", "answered": 1, "quotation": 0, "percentage": 100}, "name": "MentHA-Risk-area", "answered": 1, "percentage": 100}, "total_answered": 1, "total_percentage": 100}	265	676	273	\N
741	2024-05-27 20:01:05.089617+00	{"78": {"24": {"46": {"118": {"name": "None", "answered": 0, "quotation": 0, "percentage": 0}, "name": "None", "answered": 0, "quotation": 0, "percentage": 0}, "name": "None", "answered": 0, "quotation": 0, "percentage": 0}, "name": "Questionrio Sociodemogrfico", "answered": 0, "percentage": 0}, "total_answered": 0, "total_percentage": 0}	165	735	121	\N
679	2024-05-21 14:44:09.767318+00	{"46": {"15": {"name": "None", "answered": 0, "quotation": 0, "percentage": 0}, "16": {"name": "Fumadores", "answered": 0, "quotation": 0, "percentage": 0}, "17": {"name": "None", "answered": 0, "quotation": 0, "percentage": 0}, "18": {"40": {"name": "Fumar", "answered": 0, "quotation": 0, "percentage": 0}, "name": "None", "answered": 0, "quotation": 0, "percentage": 0}, "name": "None", "answered": 0, "percentage": 0}, "47": {"19": {"41": {"113": {"name": "MentHA-Risk-section", "answered": 1, "quotation": 4, "percentage": 100}, "name": "MentHA-Risk-dimension", "answered": 1, "quotation": 0, "percentage": 100}, "name": "MentHA-Risk-instrument", "answered": 1, "quotation": 0, "percentage": 100}, "name": "MentHA-Risk-area", "answered": 1, "percentage": 100}, "total_answered": 1, "total_percentage": 100}	265	673	268	\N
743	2024-05-27 20:39:35.475901+00	{"78": {"24": {"46": {"118": {"name": "None", "answered": 0, "quotation": 0, "percentage": 0}, "name": "None", "answered": 0, "quotation": 0, "percentage": 0}, "name": "None", "answered": 0, "quotation": 0, "percentage": 0}, "name": "Questionrio Sociodemogrfico", "answered": 0, "percentage": 0}, "total_answered": 0, "total_percentage": 0}	165	737	117	\N
784	2024-06-03 11:21:05.148648+00	{"46": {"15": {"name": "None", "answered": 0, "quotation": 0, "percentage": 0}, "16": {"name": "Fumadores", "answered": 0, "quotation": 0, "percentage": 0}, "17": {"name": "None", "answered": 0, "quotation": 0, "percentage": 0}, "18": {"40": {"name": "Fumar", "answered": 0, "quotation": 0, "percentage": 0}, "name": "None", "answered": 0, "quotation": 0, "percentage": 0}, "name": "None", "answered": 0, "percentage": 0}, "47": {"19": {"41": {"113": {"name": "MentHA-Risk-section", "answered": 1, "quotation": 2, "percentage": 100}, "name": "MentHA-Risk-dimension", "answered": 1, "quotation": 0, "percentage": 100}, "name": "MentHA-Risk-instrument", "answered": 1, "quotation": 0, "percentage": 100}, "name": "MentHA-Risk-area", "answered": 1, "percentage": 100}, "total_answered": 1, "total_percentage": 100}	265	778	296	\N
735	2024-05-27 19:05:00.009932+00	{"46": {"15": {"name": "None", "answered": 0, "quotation": 0, "percentage": 0}, "16": {"name": "Fumadores", "answered": 0, "quotation": 0, "percentage": 0}, "17": {"name": "None", "answered": 0, "quotation": 0, "percentage": 0}, "18": {"40": {"name": "Fumar", "answered": 0, "quotation": 0, "percentage": 0}, "name": "None", "answered": 0, "quotation": 0, "percentage": 0}, "name": "None", "answered": 0, "percentage": 0}, "47": {"19": {"41": {"113": {"name": "MentHA-Risk-section", "answered": 1, "quotation": 4, "percentage": 100}, "name": "MentHA-Risk-dimension", "answered": 1, "quotation": 0, "percentage": 100}, "name": "MentHA-Risk-instrument", "answered": 1, "quotation": 0, "percentage": 100}, "name": "MentHA-Risk-area", "answered": 1, "percentage": 100}, "total_answered": 1, "total_percentage": 100}	245	729	154	\N
745	2024-05-27 23:32:49.729494+00	{"78": {"24": {"46": {"118": {"name": "None", "answered": 0, "quotation": 0, "percentage": 0}, "name": "None", "answered": 0, "quotation": 0, "percentage": 0}, "name": "None", "answered": 0, "quotation": 0, "percentage": 0}, "name": "Questionrio Sociodemogrfico", "answered": 0, "percentage": 0}, "total_answered": 0, "total_percentage": 0}	165	739	119	\N
793	2024-06-09 10:29:17.636274+00	{"46": {"15": {"name": "None", "answered": 0, "quotation": 0, "percentage": 0}, "16": {"name": "Fumadores", "answered": 0, "quotation": 0, "percentage": 0}, "17": {"name": "None", "answered": 0, "quotation": 0, "percentage": 0}, "18": {"40": {"name": "Fumar", "answered": 0, "quotation": 0, "percentage": 0}, "name": "None", "answered": 0, "quotation": 0, "percentage": 0}, "name": "None", "answered": 0, "percentage": 0}, "47": {"19": {"41": {"113": {"name": "MentHA-Risk-section", "answered": 1, "quotation": 12, "percentage": 100}, "name": "MentHA-Risk-dimension", "answered": 1, "quotation": 0, "percentage": 100}, "name": "MentHA-Risk-instrument", "answered": 1, "quotation": 0, "percentage": 100}, "name": "MentHA-Risk-area", "answered": 1, "percentage": 100}, "total_answered": 1, "total_percentage": 100}	165	787	316	\N
785	2024-06-03 11:26:36.138586+00	{"46": {"15": {"name": "None", "answered": 0, "quotation": 0, "percentage": 0}, "16": {"name": "Fumadores", "answered": 0, "quotation": 0, "percentage": 0}, "17": {"name": "None", "answered": 0, "quotation": 0, "percentage": 0}, "18": {"40": {"name": "Fumar", "answered": 0, "quotation": 0, "percentage": 0}, "name": "None", "answered": 0, "quotation": 0, "percentage": 0}, "name": "None", "answered": 0, "percentage": 0}, "47": {"19": {"41": {"113": {"name": "MentHA-Risk-section", "answered": 1, "quotation": 2, "percentage": 100}, "name": "MentHA-Risk-dimension", "answered": 1, "quotation": 0, "percentage": 100}, "name": "MentHA-Risk-instrument", "answered": 1, "quotation": 0, "percentage": 100}, "name": "MentHA-Risk-area", "answered": 1, "percentage": 100}, "total_answered": 1, "total_percentage": 100}	265	779	296	\N
815	2024-06-28 20:38:47.171524+00	{"46": {"15": {"name": "None", "answered": 0, "quotation": 0, "percentage": 0}, "16": {"name": "Fumadores", "answered": 0, "quotation": 0, "percentage": 0}, "17": {"name": "None", "answered": 0, "quotation": 0, "percentage": 0}, "18": {"40": {"name": "Fumar", "answered": 0, "quotation": 0, "percentage": 0}, "name": "None", "answered": 0, "quotation": 0, "percentage": 0}, "name": "None", "answered": 0, "percentage": 0}, "47": {"19": {"41": {"113": {"name": "MentHA-Risk-section", "answered": 0, "quotation": 0, "percentage": 0}, "name": "MentHA-Risk-dimension", "answered": 0, "quotation": 0, "percentage": 0}, "name": "MentHA-Risk-instrument", "answered": 0, "quotation": 0, "percentage": 0}, "name": "MentHA-Risk-area", "answered": 0, "percentage": 0}, "total_answered": 0, "total_percentage": 0}	3	809	219	\N
736	2024-05-27 19:08:53.804698+00	{"46": {"15": {"name": "None", "answered": 0, "quotation": 0, "percentage": 0}, "16": {"name": "Fumadores", "answered": 0, "quotation": 0, "percentage": 0}, "17": {"name": "None", "answered": 0, "quotation": 0, "percentage": 0}, "18": {"40": {"name": "Fumar", "answered": 0, "quotation": 0, "percentage": 0}, "name": "None", "answered": 0, "quotation": 0, "percentage": 0}, "name": "None", "answered": 0, "percentage": 0}, "47": {"19": {"41": {"113": {"name": "MentHA-Risk-section", "answered": 1, "quotation": 5, "percentage": 100}, "name": "MentHA-Risk-dimension", "answered": 1, "quotation": 0, "percentage": 100}, "name": "MentHA-Risk-instrument", "answered": 1, "quotation": 0, "percentage": 100}, "name": "MentHA-Risk-area", "answered": 1, "percentage": 100}, "total_answered": 1, "total_percentage": 100}	245	730	153	\N
747	2024-05-27 23:40:31.064233+00	{"78": {"24": {"46": {"118": {"name": "None", "answered": 0, "quotation": 0, "percentage": 0}, "name": "None", "answered": 0, "quotation": 0, "percentage": 0}, "name": "None", "answered": 0, "quotation": 0, "percentage": 0}, "name": "Questionrio Sociodemogrfico", "answered": 0, "percentage": 0}, "total_answered": 0, "total_percentage": 0}	165	741	301	\N
786	2024-06-03 11:37:36.15655+00	{"46": {"15": {"name": "None", "answered": 0, "quotation": 0, "percentage": 0}, "16": {"name": "Fumadores", "answered": 0, "quotation": 0, "percentage": 0}, "17": {"name": "None", "answered": 0, "quotation": 0, "percentage": 0}, "18": {"40": {"name": "Fumar", "answered": 0, "quotation": 0, "percentage": 0}, "name": "None", "answered": 0, "quotation": 0, "percentage": 0}, "name": "None", "answered": 0, "percentage": 0}, "47": {"19": {"41": {"113": {"name": "MentHA-Risk-section", "answered": 1, "quotation": 12, "percentage": 100}, "name": "MentHA-Risk-dimension", "answered": 1, "quotation": 0, "percentage": 100}, "name": "MentHA-Risk-instrument", "answered": 1, "quotation": 0, "percentage": 100}, "name": "MentHA-Risk-area", "answered": 1, "percentage": 100}, "total_answered": 1, "total_percentage": 100}	165	780	116	\N
738	2024-05-27 19:31:07.809561+00	{"46": {"15": {"name": "None", "answered": 0, "quotation": 0, "percentage": 0}, "16": {"name": "Fumadores", "answered": 0, "quotation": 0, "percentage": 0}, "17": {"name": "None", "answered": 0, "quotation": 0, "percentage": 0}, "18": {"40": {"name": "Fumar", "answered": 0, "quotation": 0, "percentage": 0}, "name": "None", "answered": 0, "quotation": 0, "percentage": 0}, "name": "None", "answered": 0, "percentage": 0}, "47": {"19": {"41": {"113": {"name": "MentHA-Risk-section", "answered": 1, "quotation": 4, "percentage": 100}, "name": "MentHA-Risk-dimension", "answered": 1, "quotation": 0, "percentage": 100}, "name": "MentHA-Risk-instrument", "answered": 1, "quotation": 0, "percentage": 100}, "name": "MentHA-Risk-area", "answered": 1, "percentage": 100}, "total_answered": 1, "total_percentage": 100}	165	732	118	\N
794	2024-06-09 10:36:59.352225+00	{"46": {"15": {"name": "None", "answered": 0, "quotation": 0, "percentage": 0}, "16": {"name": "Fumadores", "answered": 0, "quotation": 0, "percentage": 0}, "17": {"name": "None", "answered": 0, "quotation": 0, "percentage": 0}, "18": {"40": {"name": "Fumar", "answered": 0, "quotation": 0, "percentage": 0}, "name": "None", "answered": 0, "quotation": 0, "percentage": 0}, "name": "None", "answered": 0, "percentage": 0}, "47": {"19": {"41": {"113": {"name": "MentHA-Risk-section", "answered": 1, "quotation": 8, "percentage": 100}, "name": "MentHA-Risk-dimension", "answered": 1, "quotation": 0, "percentage": 100}, "name": "MentHA-Risk-instrument", "answered": 1, "quotation": 0, "percentage": 100}, "name": "MentHA-Risk-area", "answered": 1, "percentage": 100}, "total_answered": 1, "total_percentage": 100}	165	788	317	\N
750	2024-05-27 23:49:28.620375+00	{"78": {"24": {"46": {"118": {"name": "None", "answered": 0, "quotation": 0, "percentage": 0}, "name": "None", "answered": 0, "quotation": 0, "percentage": 0}, "name": "None", "answered": 0, "quotation": 0, "percentage": 0}, "name": "Questionrio Sociodemogrfico", "answered": 0, "percentage": 0}, "total_answered": 0, "total_percentage": 0}	165	744	302	\N
740	2024-05-27 19:46:52.447112+00	{"46": {"15": {"name": "None", "answered": 0, "quotation": 0, "percentage": 0}, "16": {"name": "Fumadores", "answered": 0, "quotation": 0, "percentage": 0}, "17": {"name": "None", "answered": 0, "quotation": 0, "percentage": 0}, "18": {"40": {"name": "Fumar", "answered": 0, "quotation": 0, "percentage": 0}, "name": "None", "answered": 0, "quotation": 0, "percentage": 0}, "name": "None", "answered": 0, "percentage": 0}, "47": {"19": {"41": {"113": {"name": "MentHA-Risk-section", "answered": 1, "quotation": 4, "percentage": 100}, "name": "MentHA-Risk-dimension", "answered": 1, "quotation": 0, "percentage": 100}, "name": "MentHA-Risk-instrument", "answered": 1, "quotation": 0, "percentage": 100}, "name": "MentHA-Risk-area", "answered": 1, "percentage": 100}, "total_answered": 1, "total_percentage": 100}	165	734	120	\N
795	2024-06-14 11:23:12.689645+00	{"46": {"15": {"name": "None", "answered": 0, "quotation": 0, "percentage": 0}, "16": {"name": "Fumadores", "answered": 0, "quotation": 0, "percentage": 0}, "17": {"name": "None", "answered": 0, "quotation": 0, "percentage": 0}, "18": {"40": {"name": "Fumar", "answered": 0, "quotation": 0, "percentage": 0}, "name": "None", "answered": 0, "quotation": 0, "percentage": 0}, "name": "None", "answered": 0, "percentage": 0}, "47": {"19": {"41": {"113": {"name": "MentHA-Risk-section", "answered": 1, "quotation": 0, "percentage": 100}, "name": "MentHA-Risk-dimension", "answered": 1, "quotation": 0, "percentage": 100}, "name": "MentHA-Risk-instrument", "answered": 1, "quotation": 0, "percentage": 100}, "name": "MentHA-Risk-area", "answered": 1, "percentage": 100}, "total_answered": 1, "total_percentage": 100}	265	789	313	\N
787	2024-06-03 11:42:32.309697+00	{"46": {"15": {"name": "None", "answered": 0, "quotation": 0, "percentage": 0}, "16": {"name": "Fumadores", "answered": 0, "quotation": 0, "percentage": 0}, "17": {"name": "None", "answered": 0, "quotation": 0, "percentage": 0}, "18": {"40": {"name": "Fumar", "answered": 0, "quotation": 0, "percentage": 0}, "name": "None", "answered": 0, "quotation": 0, "percentage": 0}, "name": "None", "answered": 0, "percentage": 0}, "47": {"19": {"41": {"113": {"name": "MentHA-Risk-section", "answered": 1, "quotation": 0, "percentage": 100}, "name": "MentHA-Risk-dimension", "answered": 1, "quotation": 0, "percentage": 100}, "name": "MentHA-Risk-instrument", "answered": 1, "quotation": 0, "percentage": 100}, "name": "MentHA-Risk-area", "answered": 1, "percentage": 100}, "total_answered": 1, "total_percentage": 100}	165	781	314	\N
758	2024-05-28 00:26:43.053367+00	{"78": {"24": {"46": {"118": {"name": "None", "answered": 0, "quotation": 0, "percentage": 0}, "name": "None", "answered": 0, "quotation": 0, "percentage": 0}, "name": "None", "answered": 0, "quotation": 0, "percentage": 0}, "name": "Questionrio Sociodemogrfico", "answered": 0, "percentage": 0}, "total_answered": 0, "total_percentage": 0}	165	752	123	\N
742	2024-05-27 20:05:27.835406+00	{"46": {"15": {"name": "None", "answered": 0, "quotation": 0, "percentage": 0}, "16": {"name": "Fumadores", "answered": 0, "quotation": 0, "percentage": 0}, "17": {"name": "None", "answered": 0, "quotation": 0, "percentage": 0}, "18": {"40": {"name": "Fumar", "answered": 0, "quotation": 0, "percentage": 0}, "name": "None", "answered": 0, "quotation": 0, "percentage": 0}, "name": "None", "answered": 0, "percentage": 0}, "47": {"19": {"41": {"113": {"name": "MentHA-Risk-section", "answered": 1, "quotation": 10, "percentage": 100}, "name": "MentHA-Risk-dimension", "answered": 1, "quotation": 0, "percentage": 100}, "name": "MentHA-Risk-instrument", "answered": 1, "quotation": 0, "percentage": 100}, "name": "MentHA-Risk-area", "answered": 1, "percentage": 100}, "total_answered": 1, "total_percentage": 100}	165	736	121	\N
744	2024-05-27 23:26:33.6574+00	{"46": {"15": {"name": "None", "answered": 0, "quotation": 0, "percentage": 0}, "16": {"name": "Fumadores", "answered": 0, "quotation": 0, "percentage": 0}, "17": {"name": "None", "answered": 0, "quotation": 0, "percentage": 0}, "18": {"40": {"name": "Fumar", "answered": 0, "quotation": 0, "percentage": 0}, "name": "None", "answered": 0, "quotation": 0, "percentage": 0}, "name": "None", "answered": 0, "percentage": 0}, "47": {"19": {"41": {"113": {"name": "MentHA-Risk-section", "answered": 1, "quotation": 9, "percentage": 100}, "name": "MentHA-Risk-dimension", "answered": 1, "quotation": 0, "percentage": 100}, "name": "MentHA-Risk-instrument", "answered": 1, "quotation": 0, "percentage": 100}, "name": "MentHA-Risk-area", "answered": 1, "percentage": 100}, "total_answered": 1, "total_percentage": 100}	165	738	117	\N
788	2024-06-03 11:48:01.330589+00	{"46": {"15": {"name": "None", "answered": 0, "quotation": 0, "percentage": 0}, "16": {"name": "Fumadores", "answered": 0, "quotation": 0, "percentage": 0}, "17": {"name": "None", "answered": 0, "quotation": 0, "percentage": 0}, "18": {"40": {"name": "Fumar", "answered": 0, "quotation": 0, "percentage": 0}, "name": "None", "answered": 0, "quotation": 0, "percentage": 0}, "name": "None", "answered": 0, "percentage": 0}, "47": {"19": {"41": {"113": {"name": "MentHA-Risk-section", "answered": 1, "quotation": 9, "percentage": 100}, "name": "MentHA-Risk-dimension", "answered": 1, "quotation": 0, "percentage": 100}, "name": "MentHA-Risk-instrument", "answered": 1, "quotation": 0, "percentage": 100}, "name": "MentHA-Risk-area", "answered": 1, "percentage": 100}, "total_answered": 1, "total_percentage": 100}	165	782	315	\N
796	2024-06-14 11:25:23.322993+00	{"46": {"15": {"name": "None", "answered": 0, "quotation": 0, "percentage": 0}, "16": {"name": "Fumadores", "answered": 0, "quotation": 0, "percentage": 0}, "17": {"name": "None", "answered": 0, "quotation": 0, "percentage": 0}, "18": {"40": {"name": "Fumar", "answered": 0, "quotation": 0, "percentage": 0}, "name": "None", "answered": 0, "quotation": 0, "percentage": 0}, "name": "None", "answered": 0, "percentage": 0}, "47": {"19": {"41": {"113": {"name": "MentHA-Risk-section", "answered": 1, "quotation": 0, "percentage": 100}, "name": "MentHA-Risk-dimension", "answered": 1, "quotation": 0, "percentage": 100}, "name": "MentHA-Risk-instrument", "answered": 1, "quotation": 0, "percentage": 100}, "name": "MentHA-Risk-area", "answered": 1, "percentage": 100}, "total_answered": 1, "total_percentage": 100}	265	790	289	\N
746	2024-05-27 23:33:15.078282+00	{"46": {"15": {"name": "None", "answered": 0, "quotation": 0, "percentage": 0}, "16": {"name": "Fumadores", "answered": 0, "quotation": 0, "percentage": 0}, "17": {"name": "None", "answered": 0, "quotation": 0, "percentage": 0}, "18": {"40": {"name": "Fumar", "answered": 0, "quotation": 0, "percentage": 0}, "name": "None", "answered": 0, "quotation": 0, "percentage": 0}, "name": "None", "answered": 0, "percentage": 0}, "47": {"19": {"41": {"113": {"name": "MentHA-Risk-section", "answered": 1, "quotation": 22, "percentage": 100}, "name": "MentHA-Risk-dimension", "answered": 1, "quotation": 0, "percentage": 100}, "name": "MentHA-Risk-instrument", "answered": 1, "quotation": 0, "percentage": 100}, "name": "MentHA-Risk-area", "answered": 1, "percentage": 100}, "total_answered": 1, "total_percentage": 100}	165	740	119	\N
760	2024-05-28 00:30:39.657967+00	{"78": {"24": {"46": {"118": {"name": "None", "answered": 0, "quotation": 0, "percentage": 0}, "name": "None", "answered": 0, "quotation": 0, "percentage": 0}, "name": "None", "answered": 0, "quotation": 0, "percentage": 0}, "name": "Questionrio Sociodemogrfico", "answered": 0, "percentage": 0}, "total_answered": 0, "total_percentage": 0}	165	754	83	\N
789	2024-06-03 12:58:14.787667+00	{"46": {"15": {"name": "None", "answered": 0, "quotation": 0, "percentage": 0}, "16": {"name": "Fumadores", "answered": 0, "quotation": 0, "percentage": 0}, "17": {"name": "None", "answered": 0, "quotation": 0, "percentage": 0}, "18": {"40": {"name": "Fumar", "answered": 0, "quotation": 0, "percentage": 0}, "name": "None", "answered": 0, "quotation": 0, "percentage": 0}, "name": "None", "answered": 0, "percentage": 0}, "47": {"19": {"41": {"113": {"name": "MentHA-Risk-section", "answered": 0, "quotation": 0, "percentage": 0}, "name": "MentHA-Risk-dimension", "answered": 0, "quotation": 0, "percentage": 0}, "name": "MentHA-Risk-instrument", "answered": 0, "quotation": 0, "percentage": 0}, "name": "MentHA-Risk-area", "answered": 0, "percentage": 0}, "total_answered": 0, "total_percentage": 0}	3	783	222	\N
797	2024-06-14 11:27:31.682009+00	{"46": {"15": {"name": "None", "answered": 0, "quotation": 0, "percentage": 0}, "16": {"name": "Fumadores", "answered": 0, "quotation": 0, "percentage": 0}, "17": {"name": "None", "answered": 0, "quotation": 0, "percentage": 0}, "18": {"40": {"name": "Fumar", "answered": 0, "quotation": 0, "percentage": 0}, "name": "None", "answered": 0, "quotation": 0, "percentage": 0}, "name": "None", "answered": 0, "percentage": 0}, "47": {"19": {"41": {"113": {"name": "MentHA-Risk-section", "answered": 1, "quotation": 0, "percentage": 100}, "name": "MentHA-Risk-dimension", "answered": 1, "quotation": 0, "percentage": 100}, "name": "MentHA-Risk-instrument", "answered": 1, "quotation": 0, "percentage": 100}, "name": "MentHA-Risk-area", "answered": 1, "percentage": 100}, "total_answered": 1, "total_percentage": 100}	265	791	291	\N
748	2024-05-27 23:41:49.354522+00	{"46": {"15": {"name": "None", "answered": 0, "quotation": 0, "percentage": 0}, "16": {"name": "Fumadores", "answered": 0, "quotation": 0, "percentage": 0}, "17": {"name": "None", "answered": 0, "quotation": 0, "percentage": 0}, "18": {"40": {"name": "Fumar", "answered": 0, "quotation": 0, "percentage": 0}, "name": "None", "answered": 0, "quotation": 0, "percentage": 0}, "name": "None", "answered": 0, "percentage": 0}, "47": {"19": {"41": {"113": {"name": "MentHA-Risk-section", "answered": 1, "quotation": 5, "percentage": 100}, "name": "MentHA-Risk-dimension", "answered": 1, "quotation": 0, "percentage": 100}, "name": "MentHA-Risk-instrument", "answered": 1, "quotation": 0, "percentage": 100}, "name": "MentHA-Risk-area", "answered": 1, "percentage": 100}, "total_answered": 1, "total_percentage": 100}	165	742	301	\N
798	2024-06-14 12:16:26.160533+00	{"46": {"15": {"name": "None", "answered": 0, "quotation": 0, "percentage": 0}, "16": {"name": "Fumadores", "answered": 0, "quotation": 0, "percentage": 0}, "17": {"name": "None", "answered": 0, "quotation": 0, "percentage": 0}, "18": {"40": {"name": "Fumar", "answered": 0, "quotation": 0, "percentage": 0}, "name": "None", "answered": 0, "quotation": 0, "percentage": 0}, "name": "None", "answered": 0, "percentage": 0}, "47": {"19": {"41": {"113": {"name": "MentHA-Risk-section", "answered": 1, "quotation": 0, "percentage": 100}, "name": "MentHA-Risk-dimension", "answered": 1, "quotation": 0, "percentage": 100}, "name": "MentHA-Risk-instrument", "answered": 1, "quotation": 0, "percentage": 100}, "name": "MentHA-Risk-area", "answered": 1, "percentage": 100}, "total_answered": 1, "total_percentage": 100}	265	792	293	\N
749	2024-05-27 23:46:49.395711+00	{"46": {"15": {"name": "None", "answered": 0, "quotation": 0, "percentage": 0}, "16": {"name": "Fumadores", "answered": 0, "quotation": 0, "percentage": 0}, "17": {"name": "None", "answered": 0, "quotation": 0, "percentage": 0}, "18": {"40": {"name": "Fumar", "answered": 0, "quotation": 0, "percentage": 0}, "name": "None", "answered": 0, "quotation": 0, "percentage": 0}, "name": "None", "answered": 0, "percentage": 0}, "47": {"19": {"41": {"113": {"name": "MentHA-Risk-section", "answered": 1, "quotation": 3, "percentage": 100}, "name": "MentHA-Risk-dimension", "answered": 1, "quotation": 0, "percentage": 100}, "name": "MentHA-Risk-instrument", "answered": 1, "quotation": 0, "percentage": 100}, "name": "MentHA-Risk-area", "answered": 1, "percentage": 100}, "total_answered": 1, "total_percentage": 100}	165	743	302	\N
751	2024-05-27 23:50:30.676788+00	{"46": {"15": {"name": "None", "answered": 0, "quotation": 0, "percentage": 0}, "16": {"name": "Fumadores", "answered": 0, "quotation": 0, "percentage": 0}, "17": {"name": "None", "answered": 0, "quotation": 0, "percentage": 0}, "18": {"40": {"name": "Fumar", "answered": 0, "quotation": 0, "percentage": 0}, "name": "None", "answered": 0, "quotation": 0, "percentage": 0}, "name": "None", "answered": 0, "percentage": 0}, "47": {"19": {"41": {"113": {"name": "MentHA-Risk-section", "answered": 1, "quotation": 3, "percentage": 100}, "name": "MentHA-Risk-dimension", "answered": 1, "quotation": 0, "percentage": 100}, "name": "MentHA-Risk-instrument", "answered": 1, "quotation": 0, "percentage": 100}, "name": "MentHA-Risk-area", "answered": 1, "percentage": 100}, "total_answered": 1, "total_percentage": 100}	165	745	302	\N
799	2024-06-14 12:18:22.467586+00	{"46": {"15": {"name": "None", "answered": 0, "quotation": 0, "percentage": 0}, "16": {"name": "Fumadores", "answered": 0, "quotation": 0, "percentage": 0}, "17": {"name": "None", "answered": 0, "quotation": 0, "percentage": 0}, "18": {"40": {"name": "Fumar", "answered": 0, "quotation": 0, "percentage": 0}, "name": "None", "answered": 0, "quotation": 0, "percentage": 0}, "name": "None", "answered": 0, "percentage": 0}, "47": {"19": {"41": {"113": {"name": "MentHA-Risk-section", "answered": 1, "quotation": 0, "percentage": 100}, "name": "MentHA-Risk-dimension", "answered": 1, "quotation": 0, "percentage": 100}, "name": "MentHA-Risk-instrument", "answered": 1, "quotation": 0, "percentage": 100}, "name": "MentHA-Risk-area", "answered": 1, "percentage": 100}, "total_answered": 1, "total_percentage": 100}	265	793	294	\N
752	2024-05-27 23:59:37.52726+00	{"46": {"15": {"name": "None", "answered": 0, "quotation": 0, "percentage": 0}, "16": {"name": "Fumadores", "answered": 0, "quotation": 0, "percentage": 0}, "17": {"name": "None", "answered": 0, "quotation": 0, "percentage": 0}, "18": {"40": {"name": "Fumar", "answered": 0, "quotation": 0, "percentage": 0}, "name": "None", "answered": 0, "quotation": 0, "percentage": 0}, "name": "None", "answered": 0, "percentage": 0}, "47": {"19": {"41": {"113": {"name": "MentHA-Risk-section", "answered": 1, "quotation": 4, "percentage": 100}, "name": "MentHA-Risk-dimension", "answered": 1, "quotation": 0, "percentage": 100}, "name": "MentHA-Risk-instrument", "answered": 1, "quotation": 0, "percentage": 100}, "name": "MentHA-Risk-area", "answered": 1, "percentage": 100}, "total_answered": 1, "total_percentage": 100}	165	746	303	\N
800	2024-06-14 12:20:16.110391+00	{"46": {"15": {"name": "None", "answered": 0, "quotation": 0, "percentage": 0}, "16": {"name": "Fumadores", "answered": 0, "quotation": 0, "percentage": 0}, "17": {"name": "None", "answered": 0, "quotation": 0, "percentage": 0}, "18": {"40": {"name": "Fumar", "answered": 0, "quotation": 0, "percentage": 0}, "name": "None", "answered": 0, "quotation": 0, "percentage": 0}, "name": "None", "answered": 0, "percentage": 0}, "47": {"19": {"41": {"113": {"name": "MentHA-Risk-section", "answered": 1, "quotation": 0, "percentage": 100}, "name": "MentHA-Risk-dimension", "answered": 1, "quotation": 0, "percentage": 100}, "name": "MentHA-Risk-instrument", "answered": 1, "quotation": 0, "percentage": 100}, "name": "MentHA-Risk-area", "answered": 1, "percentage": 100}, "total_answered": 1, "total_percentage": 100}	265	794	297	\N
753	2024-05-28 00:05:55.645548+00	{"46": {"15": {"name": "None", "answered": 0, "quotation": 0, "percentage": 0}, "16": {"name": "Fumadores", "answered": 0, "quotation": 0, "percentage": 0}, "17": {"name": "None", "answered": 0, "quotation": 0, "percentage": 0}, "18": {"40": {"name": "Fumar", "answered": 0, "quotation": 0, "percentage": 0}, "name": "None", "answered": 0, "quotation": 0, "percentage": 0}, "name": "None", "answered": 0, "percentage": 0}, "47": {"19": {"41": {"113": {"name": "MentHA-Risk-section", "answered": 1, "quotation": 3, "percentage": 100}, "name": "MentHA-Risk-dimension", "answered": 1, "quotation": 0, "percentage": 100}, "name": "MentHA-Risk-instrument", "answered": 1, "quotation": 0, "percentage": 100}, "name": "MentHA-Risk-area", "answered": 1, "percentage": 100}, "total_answered": 1, "total_percentage": 100}	165	747	304	\N
816	2024-06-28 20:39:01.205504+00	{"18": {"10": {"30": {"106": {"name": "None", "answered": 1, "quotation": 0, "percentage": 100}, "name": "Conscincia", "answered": 1, "quotation": 0, "percentage": 100}, "31": {"107": {"name": "None", "answered": 0, "quotation": 0, "percentage": 0}, "name": "Atividade Motora", "answered": 0, "quotation": 0, "percentage": 0}, "32": {"108": {"name": "None", "answered": 0, "quotation": 0, "percentage": 0}, "name": "Humor", "answered": 0, "quotation": 0, "percentage": 0}, "name": "None", "answered": 1, "quotation": 0, "percentage": 33}, "name": "Conscicia, Humor e Comportamento", "answered": 1, "percentage": 33}, "19": {"11": {"33": {"109": {"name": "None", "answered": 1, "quotation": 0, "percentage": 100}, "name": "None", "answered": 1, "quotation": 0, "percentage": 100}, "name": "None", "answered": 1, "quotation": 0, "percentage": 100}, "name": "Cooperao dada na entrevista", "answered": 1, "percentage": 100}, "20": {"12": {"34": {"110": {"name": "None", "answered": 0, "quotation": 0, "percentage": 0}, "name": "None", "answered": 0, "quotation": 0, "percentage": 0}, "name": "None", "answered": 0, "quotation": 0, "percentage": 0}, "name": "Relao com o Avaliador", "answered": 0, "percentage": 0}, "22": {"9": {"6": {"14": {"name": "None", "answered": 0, "quotation": 0, "percentage": 0}, "name": "PANAS", "answered": 0, "quotation": 0, "percentage": 0}, "name": "PANAS", "answered": 0, "quotation": 0, "percentage": 0}, "name": "Estado de  nimo", "answered": 0, "percentage": 0}, "23": {"2": {"7": {"15": {"name": "Utilizao do telefone", "answered": 0, "quotation": 0, "percentage": 0}, "16": {"name": "Fazer compras", "answered": 0, "quotation": 0, "percentage": 0}, "17": {"name": "Preparao das refeies", "answered": 0, "quotation": 0, "percentage": 0}, "18": {"name": "Tarefas domsticas", "answered": 0, "quotation": 0, "percentage": 0}, "19": {"name": "Lavagem da roupa", "answered": 0, "quotation": 0, "percentage": 0}, "20": {"name": "Utilizao de meios de transporte", "answered": 0, "quotation": 0, "percentage": 0}, "21": {"name": "Manejo de medicao", "answered": 0, "quotation": 0, "percentage": 0}, "22": {"name": "Responsabilidade de assuntos financeiros", "answered": 0, "quotation": 0, "percentage": 0}, "name": "None", "answered": 0, "quotation": 0, "percentage": 0}, "name": "AIVD", "answered": 0, "quotation": 0, "percentage": 0}, "name": "Funcionalidade", "answered": 0, "percentage": 0}, "24": {"13": {"35": {"111": {"name": "None", "answered": 0, "quotation": 0, "percentage": 0}, "name": "None", "answered": 0, "quotation": 0, "percentage": 0}, "name": "NEO-FFI 20", "answered": 0, "quotation": 0, "percentage": 0}, "name": "Personalidade", "answered": 0, "percentage": 0}, "25": {"7": {"8": {"37": {"name": "None", "answered": 0, "quotation": 0, "percentage": 0}, "name": "None", "answered": 0, "quotation": 0, "percentage": 0}, "name": "HADS", "answered": 0, "quotation": 0, "percentage": 0}, "name": "Ansiedade e Depresso", "answered": 0, "percentage": 0}, "26": {"6": {"21": {"82": {"name": "Desenho A", "answered": 0, "quotation": 0, "percentage": 0}, "83": {"name": "Desenho B", "answered": 0, "quotation": 0, "percentage": 0}, "84": {"name": "Desenho C", "answered": 0, "quotation": 0, "percentage": 0}, "85": {"name": "Desenho D", "answered": 0, "quotation": 0, "percentage": 0}, "86": {"name": "Desenho E", "answered": 0, "quotation": 0, "percentage": 0}, "name": "Memria Visual Imediata - Figuras de Weschler", "answered": 0, "quotation": 0, "percentage": 0}, "22": {"87": {"name": "Desenho A", "answered": 0, "quotation": 0, "percentage": 0}, "88": {"name": "Desenho B", "answered": 0, "quotation": 0, "percentage": 0}, "89": {"name": "Desenho C", "answered": 0, "quotation": 0, "percentage": 0}, "90": {"name": "Desenho D", "answered": 0, "quotation": 0, "percentage": 0}, "91": {"name": "Desenho E", "answered": 0, "quotation": 0, "percentage": 0}, "name": "Memria Diferida", "answered": 0, "quotation": 0, "percentage": 0}, "23": {"92": {"name": "Trail Making Test - Parte A - Treino", "answered": 0, "quotation": 0, "percentage": 0}, "93": {"name": "Trail Making Test - Parte A - Teste", "answered": 0, "quotation": 0, "percentage": 0}, "name": "Trail Making Test - Parte A", "answered": 0, "quotation": 0, "percentage": 0}, "24": {"94": {"name": "Trail Making Test - Parte B - Treino", "answered": 0, "quotation": 0, "percentage": 0}, "95": {"name": "Trail Making Test - Parte B - Teste", "answered": 0, "quotation": 0, "percentage": 0}, "name": "Trail Making Test - Parte B", "answered": 0, "quotation": 0, "percentage": 0}, "25": {"96": {"name": "None", "answered": 0, "quotation": 0, "percentage": 0}, "name": "Gnosia - (Autotopognosia) Orientao Direita Esquerda", "answered": 0, "quotation": 0, "percentage": 0}, "26": {"97": {"name": "Provrbio A", "answered": 0, "quotation": 0, "percentage": 0}, "98": {"name": "Provrbio B", "answered": 0, "quotation": 0, "percentage": 0}, "99": {"name": "Provrbio C", "answered": 0, "quotation": 0, "percentage": 0}, "name": "Provrbios", "answered": 0, "quotation": 0, "percentage": 0}, "27": {"100": {"name": "Nomeao de Cores", "answered": 0, "quotation": 0, "percentage": 0}, "101": {"name": "Ordens", "answered": 0, "quotation": 0, "percentage": 0}, "name": "Token Test - Compreenso de ordens verbais (verso breve)", "answered": 0, "quotation": 0, "percentage": 0}, "name": "reas Complementares", "answered": 0, "quotation": 0, "percentage": 0}, "name": "Cognio", "answered": 0, "percentage": 0}, "27": {"8": {"28": {"102": {"name": "None", "answered": 0, "quotation": 0, "percentage": 0}, "name": "Atribuio de Estadio", "answered": 0, "quotation": 0, "percentage": 0}, "29": {"103": {"name": "Respondente #1", "answered": 0, "quotation": 0, "percentage": 0}, "104": {"name": "Respondente #2", "answered": 0, "quotation": 0, "percentage": 0}, "105": {"name": "Respondente #3", "answered": 0, "quotation": 0, "percentage": 0}, "name": "Questionrios", "answered": 0, "quotation": 0, "percentage": 0}, "name": "GDS", "answered": 0, "quotation": 0, "percentage": 0}, "name": "Estadio de Deteriorao", "answered": 0, "percentage": 0}, "total_answered": 2, "total_percentage": 2}	3	810	219	\N
801	2024-06-18 17:30:16.74062+00	{"46": {"15": {"name": "None", "answered": 0, "quotation": 0, "percentage": 0}, "16": {"name": "Fumadores", "answered": 0, "quotation": 0, "percentage": 0}, "17": {"name": "None", "answered": 0, "quotation": 0, "percentage": 0}, "18": {"40": {"name": "Fumar", "answered": 0, "quotation": 0, "percentage": 0}, "name": "None", "answered": 0, "quotation": 0, "percentage": 0}, "name": "None", "answered": 0, "percentage": 0}, "47": {"19": {"41": {"113": {"name": "MentHA-Risk-section", "answered": 1, "quotation": 0, "percentage": 100}, "name": "MentHA-Risk-dimension", "answered": 1, "quotation": 0, "percentage": 100}, "name": "MentHA-Risk-instrument", "answered": 1, "quotation": 0, "percentage": 100}, "name": "MentHA-Risk-area", "answered": 1, "percentage": 100}, "total_answered": 1, "total_percentage": 100}	3	795	312	\N
756	2024-05-28 00:16:21.504573+00	{"46": {"15": {"name": "None", "answered": 0, "quotation": 0, "percentage": 0}, "16": {"name": "Fumadores", "answered": 0, "quotation": 0, "percentage": 0}, "17": {"name": "None", "answered": 0, "quotation": 0, "percentage": 0}, "18": {"40": {"name": "Fumar", "answered": 0, "quotation": 0, "percentage": 0}, "name": "None", "answered": 0, "quotation": 0, "percentage": 0}, "name": "None", "answered": 0, "percentage": 0}, "47": {"19": {"41": {"113": {"name": "MentHA-Risk-section", "answered": 1, "quotation": 5, "percentage": 100}, "name": "MentHA-Risk-dimension", "answered": 1, "quotation": 0, "percentage": 100}, "name": "MentHA-Risk-instrument", "answered": 1, "quotation": 0, "percentage": 100}, "name": "MentHA-Risk-area", "answered": 1, "percentage": 100}, "total_answered": 1, "total_percentage": 100}	165	750	133	\N
754	2024-05-28 00:11:22.566695+00	{"46": {"15": {"name": "None", "answered": 0, "quotation": 0, "percentage": 0}, "16": {"name": "Fumadores", "answered": 0, "quotation": 0, "percentage": 0}, "17": {"name": "None", "answered": 0, "quotation": 0, "percentage": 0}, "18": {"40": {"name": "Fumar", "answered": 0, "quotation": 0, "percentage": 0}, "name": "None", "answered": 0, "quotation": 0, "percentage": 0}, "name": "None", "answered": 0, "percentage": 0}, "47": {"19": {"41": {"113": {"name": "MentHA-Risk-section", "answered": 1, "quotation": 5, "percentage": 100}, "name": "MentHA-Risk-dimension", "answered": 1, "quotation": 0, "percentage": 100}, "name": "MentHA-Risk-instrument", "answered": 1, "quotation": 0, "percentage": 100}, "name": "MentHA-Risk-area", "answered": 1, "percentage": 100}, "total_answered": 1, "total_percentage": 100}	165	748	305	\N
757	2024-05-28 00:22:20.720948+00	{"46": {"15": {"name": "None", "answered": 0, "quotation": 0, "percentage": 0}, "16": {"name": "Fumadores", "answered": 0, "quotation": 0, "percentage": 0}, "17": {"name": "None", "answered": 0, "quotation": 0, "percentage": 0}, "18": {"40": {"name": "Fumar", "answered": 0, "quotation": 0, "percentage": 0}, "name": "None", "answered": 0, "quotation": 0, "percentage": 0}, "name": "None", "answered": 0, "percentage": 0}, "47": {"19": {"41": {"113": {"name": "MentHA-Risk-section", "answered": 1, "quotation": 2, "percentage": 100}, "name": "MentHA-Risk-dimension", "answered": 1, "quotation": 0, "percentage": 100}, "name": "MentHA-Risk-instrument", "answered": 1, "quotation": 0, "percentage": 100}, "name": "MentHA-Risk-area", "answered": 1, "percentage": 100}, "total_answered": 1, "total_percentage": 100}	165	751	114	\N
755	2024-05-28 00:13:55.225932+00	{"46": {"15": {"name": "None", "answered": 0, "quotation": 0, "percentage": 0}, "16": {"name": "Fumadores", "answered": 0, "quotation": 0, "percentage": 0}, "17": {"name": "None", "answered": 0, "quotation": 0, "percentage": 0}, "18": {"40": {"name": "Fumar", "answered": 0, "quotation": 0, "percentage": 0}, "name": "None", "answered": 0, "quotation": 0, "percentage": 0}, "name": "None", "answered": 0, "percentage": 0}, "47": {"19": {"41": {"113": {"name": "MentHA-Risk-section", "answered": 1, "quotation": 0, "percentage": 100}, "name": "MentHA-Risk-dimension", "answered": 1, "quotation": 0, "percentage": 100}, "name": "MentHA-Risk-instrument", "answered": 1, "quotation": 0, "percentage": 100}, "name": "MentHA-Risk-area", "answered": 1, "percentage": 100}, "total_answered": 1, "total_percentage": 100}	165	749	163	\N
759	2024-05-28 00:27:12.322123+00	{"46": {"15": {"name": "None", "answered": 0, "quotation": 0, "percentage": 0}, "16": {"name": "Fumadores", "answered": 0, "quotation": 0, "percentage": 0}, "17": {"name": "None", "answered": 0, "quotation": 0, "percentage": 0}, "18": {"40": {"name": "Fumar", "answered": 0, "quotation": 0, "percentage": 0}, "name": "None", "answered": 0, "quotation": 0, "percentage": 0}, "name": "None", "answered": 0, "percentage": 0}, "47": {"19": {"41": {"113": {"name": "MentHA-Risk-section", "answered": 1, "quotation": 5, "percentage": 100}, "name": "MentHA-Risk-dimension", "answered": 1, "quotation": 0, "percentage": 100}, "name": "MentHA-Risk-instrument", "answered": 1, "quotation": 0, "percentage": 100}, "name": "MentHA-Risk-area", "answered": 1, "percentage": 100}, "total_answered": 1, "total_percentage": 100}	165	753	123	\N
802	2024-06-22 10:26:14.707199+00	{"11": {"1": {"1": {"1": {"name": "Alimentao", "answered": 0, "quotation": 0, "percentage": 0}, "2": {"name": "Higiene", "answered": 0, "quotation": 0, "percentage": 0}, "3": {"name": "Eliminao", "answered": 0, "quotation": 0, "percentage": 0}, "name": "Atividades Corporais", "answered": 0, "quotation": 0, "percentage": 0}, "2": {"5": {"name": "Transferncia (subir ou descer da cama)", "answered": 0, "quotation": 0, "percentage": 0}, "6": {"name": "Deslocao (no domicilio ou no exterior)", "answered": 0, "quotation": 0, "percentage": 0}, "7": {"name": "Espao de vida (+/- ajuda humana ou tcnica)", "answered": 0, "quotation": 0, "percentage": 0}, "name": "Atividades Motoras", "answered": 0, "quotation": 0, "percentage": 0}, "3": {"8": {"name": "Fala", "answered": 0, "quotation": 0, "percentage": 0}, "9": {"name": "Viso (+ - correo)", "answered": 0, "quotation": 0, "percentage": 0}, "10": {"name": "Audio", "answered": 0, "quotation": 0, "percentage": 0}, "name": "Atividades Sensoriais", "answered": 0, "quotation": 0, "percentage": 0}, "4": {"11": {"name": "Memria", "answered": 0, "quotation": 0, "percentage": 0}, "12": {"name": "Comportamento", "answered": 0, "quotation": 0, "percentage": 0}, "13": {"name": "Humor", "answered": 0, "quotation": 0, "percentage": 0}, "name": "Atividades Mentais", "answered": 0, "quotation": 0, "percentage": 0}, "name": "ABVD - MDA", "answered": 0, "quotation": 0, "percentage": 0}, "name": "Funcionalidade", "answered": 0, "percentage": 0}, "12": {"3": {"5": {"4": {"name": "None", "answered": 0, "quotation": 0, "percentage": 0}, "name": "None", "answered": 0, "quotation": 0, "percentage": 0}, "name": "BSI", "answered": 0, "quotation": 0, "percentage": 0}, "name": "Psicossintomatologia", "answered": 0, "percentage": 0}, "13": {"4": {"9": {"39": {"name": "Orientao (Temporal)", "answered": 0, "quotation": 0, "percentage": 0}, "40": {"name": "Ateno e Concentrao (Clculo)", "answered": 0, "quotation": 0, "percentage": 0}, "41": {"name": "Orientao (Espacial)", "answered": 0, "quotation": 0, "percentage": 0}, "57": {"name": "Ateno e Concentrao (Soletrar)", "answered": 0, "quotation": 0, "percentage": 0}, "64": {"name": "Memria", "answered": 0, "quotation": 0, "percentage": 0}, "name": "Ateno e Orientao", "answered": 0, "quotation": 0, "percentage": 0}, "10": {"45": {"name": "Memria Antergrada", "answered": 0, "quotation": 0, "percentage": 0}, "46": {"name": "Memria Retrgrada", "answered": 0, "quotation": 0, "percentage": 0}, "47": {"name": "Evocao Diferida (Intervalo Curto)", "answered": 0, "quotation": 0, "percentage": 0}, "62": {"name": "Evocao Diferida (Intervalo Longo)", "answered": 0, "quotation": 0, "percentage": 0}, "67": {"name": "Reconhecimento", "answered": 0, "quotation": 0, "percentage": 0}, "name": "Memria", "answered": 0, "quotation": 0, "percentage": 0}, "11": {"42": {"name": "Letra P", "answered": 0, "quotation": 0, "percentage": 0}, "43": {"name": "Categoria \\"Animais\\"", "answered": 0, "quotation": 0, "percentage": 0}, "name": "Fluncia", "answered": 0, "quotation": 0, "percentage": 0}, "12": {"48": {"name": "Compreenso (Carto)", "answered": 0, "quotation": 0, "percentage": 0}, "49": {"name": "Compreenso (Etapas)", "answered": 0, "quotation": 0, "percentage": 0}, "50": {"name": "Escrita", "answered": 0, "quotation": 0, "percentage": 0}, "51": {"name": "Repetio I", "answered": 0, "quotation": 0, "percentage": 0}, "52": {"name": "Repetio II", "answered": 0, "quotation": 0, "percentage": 0}, "53": {"name": "Repetio III", "answered": 0, "quotation": 0, "percentage": 0}, "54": {"name": "Nomeao", "answered": 0, "quotation": 0, "percentage": 0}, "55": {"name": "Compreenso (Figuras)", "answered": 0, "quotation": 0, "percentage": 0}, "56": {"name": "Leitura", "answered": 0, "quotation": 0, "percentage": 0}, "name": "Linguagem", "answered": 0, "quotation": 0, "percentage": 0}, "14": {"58": {"name": "Capacidade Visuo-Espacial (Pentgonos)", "answered": 0, "quotation": 0, "percentage": 0}, "59": {"name": "Capacidade Visuo-Espacial (Cubo)", "answered": 0, "quotation": 0, "percentage": 0}, "60": {"name": "Capacidade Visuo-Espacial (Relgio)", "answered": 0, "quotation": 0, "percentage": 0}, "65": {"name": "Percepo (Pontos)", "answered": 0, "quotation": 0, "percentage": 0}, "66": {"name": "Percepo (Letras)", "answered": 0, "quotation": 0, "percentage": 0}, "name": "Visuo-Espacial", "answered": 0, "quotation": 0, "percentage": 0}, "name": "ACE-R", "answered": 0, "quotation": 0, "percentage": 0}, "5": {"17": {"68": {"name": "Orientao (Temporal)", "answered": 0, "quotation": 0, "percentage": 0}, "69": {"name": "Orientao (Espacial)", "answered": 0, "quotation": 0, "percentage": 0}, "70": {"name": "Memria", "answered": 0, "quotation": 0, "percentage": 0}, "71": {"name": "Ateno e Concentrao (Clculo)", "answered": 0, "quotation": 0, "percentage": 0}, "72": {"name": "Ateno e Concentrao (Soletrar)", "answered": 0, "quotation": 0, "percentage": 0}, "name": "Ateno e Orientao", "answered": 0, "quotation": 0, "percentage": 0}, "18": {"73": {"name": "Evocao Diferida (Intervalo Curto)", "answered": 0, "quotation": 0, "percentage": 0}, "name": "Memria", "answered": 0, "quotation": 0, "percentage": 0}, "19": {"76": {"name": "Compreenso (Carto)", "answered": 0, "quotation": 0, "percentage": 0}, "77": {"name": "Compreenso (Etapas)", "answered": 0, "quotation": 0, "percentage": 0}, "78": {"name": "Escrita", "answered": 0, "quotation": 0, "percentage": 0}, "79": {"name": "Repetio III", "answered": 0, "quotation": 0, "percentage": 0}, "80": {"name": "Nomeao", "answered": 0, "quotation": 0, "percentage": 0}, "name": "Linguagem", "answered": 0, "quotation": 0, "percentage": 0}, "20": {"81": {"name": "Capacidade Visuo-Espacial (Pentgonos)", "answered": 0, "quotation": 0, "percentage": 0}, "name": "Visuo-Espacial", "answered": 0, "quotation": 0, "percentage": 0}, "name": "MMSE", "answered": 0, "quotation": 0, "percentage": 0}, "name": "Cognio", "answered": 0, "percentage": 0}, "14": {"10": {"30": {"106": {"name": "None", "answered": 1, "quotation": 0, "percentage": 100}, "name": "Conscincia", "answered": 1, "quotation": 0, "percentage": 100}, "31": {"107": {"name": "None", "answered": 1, "quotation": 0, "percentage": 100}, "name": "Atividade Motora", "answered": 1, "quotation": 0, "percentage": 100}, "32": {"108": {"name": "None", "answered": 1, "quotation": 0, "percentage": 100}, "name": "Humor", "answered": 1, "quotation": 0, "percentage": 100}, "name": "None", "answered": 3, "quotation": 0, "percentage": 100}, "name": "Conscincia, Humor e Comportamento", "answered": 3, "percentage": 100}, "15": {"11": {"33": {"109": {"name": "None", "answered": 0, "quotation": 0, "percentage": 0}, "name": "None", "answered": 0, "quotation": 0, "percentage": 0}, "name": "None", "answered": 0, "quotation": 0, "percentage": 0}, "name": "Cooperao dada na entrevista", "answered": 0, "percentage": 0}, "16": {"12": {"34": {"110": {"name": "None", "answered": 0, "quotation": 0, "percentage": 0}, "name": "None", "answered": 0, "quotation": 0, "percentage": 0}, "name": "None", "answered": 0, "quotation": 0, "percentage": 0}, "name": "Relao com o Avaliador", "answered": 0, "percentage": 0}, "total_answered": 3, "total_percentage": 2}	3	796	282	\N
817	2024-09-22 07:57:55.533362+00	{"total_answered": 0, "total_percentage": 0}	342	811	216	\N
658	2024-04-19 09:46:15.769244+00	{"46": {"15": {"name": "None", "answered": 0, "quotation": 0, "percentage": 0}, "16": {"name": "Fumadores", "answered": 0, "quotation": 0, "percentage": 0}, "17": {"name": "None", "answered": 0, "quotation": 0, "percentage": 0}, "18": {"40": {"name": "Fumar", "answered": 0, "quotation": 0, "percentage": 0}, "name": "None", "answered": 0, "quotation": 0, "percentage": 0}, "name": "None", "answered": 0, "percentage": 0}, "47": {"19": {"41": {"113": {"name": "MentHA-Risk-section", "answered": 1, "quotation": 2, "percentage": 100}, "name": "MentHA-Risk-dimension", "answered": 1, "quotation": 0, "percentage": 100}, "name": "MentHA-Risk-instrument", "answered": 1, "quotation": 0, "percentage": 100}, "name": "MentHA-Risk-area", "answered": 1, "percentage": 100}, "total_answered": 1, "total_percentage": 100}	342	652	186	\N
818	2024-09-22 08:00:28.545348+00	{"11": {"1": {"1": {"1": {"name": "Alimentao", "answered": 0, "quotation": 0, "percentage": 0}, "2": {"name": "Higiene", "answered": 0, "quotation": 0, "percentage": 0}, "3": {"name": "Eliminao", "answered": 0, "quotation": 0, "percentage": 0}, "name": "Atividades Corporais", "answered": 0, "quotation": 0, "percentage": 0}, "2": {"5": {"name": "Transferncia (subir ou descer da cama)", "answered": 0, "quotation": 0, "percentage": 0}, "6": {"name": "Deslocao (no domicilio ou no exterior)", "answered": 0, "quotation": 0, "percentage": 0}, "7": {"name": "Espao de vida (+/- ajuda humana ou tcnica)", "answered": 0, "quotation": 0, "percentage": 0}, "name": "Atividades Motoras", "answered": 0, "quotation": 0, "percentage": 0}, "3": {"8": {"name": "Fala", "answered": 0, "quotation": 0, "percentage": 0}, "9": {"name": "Viso (+ - correo)", "answered": 0, "quotation": 0, "percentage": 0}, "10": {"name": "Audio", "answered": 0, "quotation": 0, "percentage": 0}, "name": "Atividades Sensoriais", "answered": 0, "quotation": 0, "percentage": 0}, "4": {"11": {"name": "Memria", "answered": 0, "quotation": 0, "percentage": 0}, "12": {"name": "Comportamento", "answered": 0, "quotation": 0, "percentage": 0}, "13": {"name": "Humor", "answered": 0, "quotation": 0, "percentage": 0}, "name": "Atividades Mentais", "answered": 0, "quotation": 0, "percentage": 0}, "name": "ABVD - MDA", "answered": 0, "quotation": 0, "percentage": 0}, "name": "Funcionalidade", "answered": 0, "percentage": 0}, "12": {"3": {"5": {"4": {"name": "None", "answered": 0, "quotation": 0, "percentage": 0}, "name": "None", "answered": 0, "quotation": 0, "percentage": 0}, "name": "BSI", "answered": 0, "quotation": 0, "percentage": 0}, "name": "Psicossintomatologia", "answered": 0, "percentage": 0}, "13": {"4": {"9": {"39": {"name": "Orientao (Temporal)", "answered": 0, "quotation": 0, "percentage": 0}, "40": {"name": "Ateno e Concentrao (Clculo)", "answered": 0, "quotation": 0, "percentage": 0}, "41": {"name": "Orientao (Espacial)", "answered": 0, "quotation": 0, "percentage": 0}, "57": {"name": "Ateno e Concentrao (Soletrar)", "answered": 0, "quotation": 0, "percentage": 0}, "64": {"name": "Memria", "answered": 0, "quotation": 0, "percentage": 0}, "name": "Ateno e Orientao", "answered": 0, "quotation": 0, "percentage": 0}, "10": {"45": {"name": "Memria Antergrada", "answered": 0, "quotation": 0, "percentage": 0}, "46": {"name": "Memria Retrgrada", "answered": 0, "quotation": 0, "percentage": 0}, "47": {"name": "Evocao Diferida (Intervalo Curto)", "answered": 0, "quotation": 0, "percentage": 0}, "62": {"name": "Evocao Diferida (Intervalo Longo)", "answered": 0, "quotation": 0, "percentage": 0}, "67": {"name": "Reconhecimento", "answered": 0, "quotation": 0, "percentage": 0}, "name": "Memria", "answered": 0, "quotation": 0, "percentage": 0}, "11": {"42": {"name": "Letra P", "answered": 0, "quotation": 0, "percentage": 0}, "43": {"name": "Categoria \\"Animais\\"", "answered": 0, "quotation": 0, "percentage": 0}, "name": "Fluncia", "answered": 0, "quotation": 0, "percentage": 0}, "12": {"48": {"name": "Compreenso (Carto)", "answered": 0, "quotation": 0, "percentage": 0}, "49": {"name": "Compreenso (Etapas)", "answered": 0, "quotation": 0, "percentage": 0}, "50": {"name": "Escrita", "answered": 0, "quotation": 0, "percentage": 0}, "51": {"name": "Repetio I", "answered": 0, "quotation": 0, "percentage": 0}, "52": {"name": "Repetio II", "answered": 0, "quotation": 0, "percentage": 0}, "53": {"name": "Repetio III", "answered": 0, "quotation": 0, "percentage": 0}, "54": {"name": "Nomeao", "answered": 0, "quotation": 0, "percentage": 0}, "55": {"name": "Compreenso (Figuras)", "answered": 0, "quotation": 0, "percentage": 0}, "56": {"name": "Leitura", "answered": 0, "quotation": 0, "percentage": 0}, "name": "Linguagem", "answered": 0, "quotation": 0, "percentage": 0}, "14": {"58": {"name": "Capacidade Visuo-Espacial (Pentgonos)", "answered": 0, "quotation": 0, "percentage": 0}, "59": {"name": "Capacidade Visuo-Espacial (Cubo)", "answered": 0, "quotation": 0, "percentage": 0}, "60": {"name": "Capacidade Visuo-Espacial (Relgio)", "answered": 0, "quotation": 0, "percentage": 0}, "65": {"name": "Percepo (Pontos)", "answered": 0, "quotation": 0, "percentage": 0}, "66": {"name": "Percepo (Letras)", "answered": 0, "quotation": 0, "percentage": 0}, "name": "Visuo-Espacial", "answered": 0, "quotation": 0, "percentage": 0}, "name": "ACE-R", "answered": 0, "quotation": 0, "percentage": 0}, "5": {"17": {"68": {"name": "Orientao (Temporal)", "answered": 0, "quotation": 0, "percentage": 0}, "69": {"name": "Orientao (Espacial)", "answered": 0, "quotation": 0, "percentage": 0}, "70": {"name": "Memria", "answered": 0, "quotation": 0, "percentage": 0}, "71": {"name": "Ateno e Concentrao (Clculo)", "answered": 0, "quotation": 0, "percentage": 0}, "72": {"name": "Ateno e Concentrao (Soletrar)", "answered": 0, "quotation": 0, "percentage": 0}, "name": "Ateno e Orientao", "answered": 0, "quotation": 0, "percentage": 0}, "18": {"73": {"name": "Evocao Diferida (Intervalo Curto)", "answered": 0, "quotation": 0, "percentage": 0}, "name": "Memria", "answered": 0, "quotation": 0, "percentage": 0}, "19": {"76": {"name": "Compreenso (Carto)", "answered": 0, "quotation": 0, "percentage": 0}, "77": {"name": "Compreenso (Etapas)", "answered": 0, "quotation": 0, "percentage": 0}, "78": {"name": "Escrita", "answered": 0, "quotation": 0, "percentage": 0}, "79": {"name": "Repetio III", "answered": 0, "quotation": 0, "percentage": 0}, "80": {"name": "Nomeao", "answered": 0, "quotation": 0, "percentage": 0}, "name": "Linguagem", "answered": 0, "quotation": 0, "percentage": 0}, "20": {"81": {"name": "Capacidade Visuo-Espacial (Pentgonos)", "answered": 0, "quotation": 0, "percentage": 0}, "name": "Visuo-Espacial", "answered": 0, "quotation": 0, "percentage": 0}, "name": "MMSE", "answered": 0, "quotation": 0, "percentage": 0}, "name": "Cognio", "answered": 0, "percentage": 0}, "14": {"10": {"30": {"106": {"name": "None", "answered": 0, "quotation": 0, "percentage": 0}, "name": "Conscincia", "answered": 0, "quotation": 0, "percentage": 0}, "31": {"107": {"name": "None", "answered": 0, "quotation": 0, "percentage": 0}, "name": "Atividade Motora", "answered": 0, "quotation": 0, "percentage": 0}, "32": {"108": {"name": "None", "answered": 0, "quotation": 0, "percentage": 0}, "name": "Humor", "answered": 0, "quotation": 0, "percentage": 0}, "name": "None", "answered": 0, "quotation": 0, "percentage": 0}, "name": "Conscincia, Humor e Comportamento", "answered": 0, "percentage": 0}, "15": {"11": {"33": {"109": {"name": "None", "answered": 0, "quotation": 0, "percentage": 0}, "name": "None", "answered": 0, "quotation": 0, "percentage": 0}, "name": "None", "answered": 0, "quotation": 0, "percentage": 0}, "name": "Cooperao dada na entrevista", "answered": 0, "percentage": 0}, "16": {"12": {"34": {"110": {"name": "None", "answered": 0, "quotation": 0, "percentage": 0}, "name": "None", "answered": 0, "quotation": 0, "percentage": 0}, "name": "None", "answered": 0, "quotation": 0, "percentage": 0}, "name": "Relao com o Avaliador", "answered": 0, "percentage": 0}, "total_answered": 0, "total_percentage": 0}	342	812	216	\N
761	2024-05-28 00:31:00.842673+00	{"46": {"15": {"name": "None", "answered": 0, "quotation": 0, "percentage": 0}, "16": {"name": "Fumadores", "answered": 0, "quotation": 0, "percentage": 0}, "17": {"name": "None", "answered": 0, "quotation": 0, "percentage": 0}, "18": {"40": {"name": "Fumar", "answered": 0, "quotation": 0, "percentage": 0}, "name": "None", "answered": 0, "quotation": 0, "percentage": 0}, "name": "None", "answered": 0, "percentage": 0}, "47": {"19": {"41": {"113": {"name": "MentHA-Risk-section", "answered": 1, "quotation": 5, "percentage": 100}, "name": "MentHA-Risk-dimension", "answered": 1, "quotation": 0, "percentage": 100}, "name": "MentHA-Risk-instrument", "answered": 1, "quotation": 0, "percentage": 100}, "name": "MentHA-Risk-area", "answered": 1, "percentage": 100}, "total_answered": 1, "total_percentage": 100}	165	755	83	\N
819	2024-09-22 08:02:51.933187+00	{"28": {"10": {"30": {"106": {"name": "None", "answered": 0, "quotation": 0, "percentage": 0}, "name": "Conscincia", "answered": 0, "quotation": 0, "percentage": 0}, "31": {"107": {"name": "None", "answered": 0, "quotation": 0, "percentage": 0}, "name": "Atividade Motora", "answered": 0, "quotation": 0, "percentage": 0}, "32": {"108": {"name": "None", "answered": 0, "quotation": 0, "percentage": 0}, "name": "Humor", "answered": 0, "quotation": 0, "percentage": 0}, "name": "None", "answered": 0, "quotation": 0, "percentage": 0}, "name": "Conscincia, Humor e Comportamento", "answered": 0, "percentage": 0}, "29": {"11": {"33": {"109": {"name": "None", "answered": 0, "quotation": 0, "percentage": 0}, "name": "None", "answered": 0, "quotation": 0, "percentage": 0}, "name": "None", "answered": 0, "quotation": 0, "percentage": 0}, "name": "Cooperao dada na entrevista", "answered": 0, "percentage": 0}, "30": {"12": {"34": {"110": {"name": "None", "answered": 0, "quotation": 0, "percentage": 0}, "name": "None", "answered": 0, "quotation": 0, "percentage": 0}, "name": "None", "answered": 0, "quotation": 0, "percentage": 0}, "name": "Relao com o Avaliador", "answered": 0, "percentage": 0}, "32": {"9": {"6": {"14": {"name": "None", "answered": 0, "quotation": 0, "percentage": 0}, "name": "PANAS", "answered": 0, "quotation": 0, "percentage": 0}, "name": "PANAS", "answered": 0, "quotation": 0, "percentage": 0}, "name": "Estado de  nimo", "answered": 0, "percentage": 0}, "33": {"7": {"8": {"37": {"name": "None", "answered": 0, "quotation": 0, "percentage": 0}, "name": "None", "answered": 0, "quotation": 0, "percentage": 0}, "name": "HADS", "answered": 0, "quotation": 0, "percentage": 0}, "name": "Ansiedade e Depresso", "answered": 0, "percentage": 0}, "34": {"6": {"21": {"82": {"name": "Desenho A", "answered": 0, "quotation": 0, "percentage": 0}, "83": {"name": "Desenho B", "answered": 0, "quotation": 0, "percentage": 0}, "84": {"name": "Desenho C", "answered": 0, "quotation": 0, "percentage": 0}, "85": {"name": "Desenho D", "answered": 0, "quotation": 0, "percentage": 0}, "86": {"name": "Desenho E", "answered": 0, "quotation": 0, "percentage": 0}, "name": "Memria Visual Imediata - Figuras de Weschler", "answered": 0, "quotation": 0, "percentage": 0}, "22": {"87": {"name": "Desenho A", "answered": 0, "quotation": 0, "percentage": 0}, "88": {"name": "Desenho B", "answered": 0, "quotation": 0, "percentage": 0}, "89": {"name": "Desenho C", "answered": 0, "quotation": 0, "percentage": 0}, "90": {"name": "Desenho D", "answered": 0, "quotation": 0, "percentage": 0}, "91": {"name": "Desenho E", "answered": 0, "quotation": 0, "percentage": 0}, "name": "Memria Diferida", "answered": 0, "quotation": 0, "percentage": 0}, "23": {"92": {"name": "Trail Making Test - Parte A - Treino", "answered": 0, "quotation": 0, "percentage": 0}, "93": {"name": "Trail Making Test - Parte A - Teste", "answered": 0, "quotation": 0, "percentage": 0}, "name": "Trail Making Test - Parte A", "answered": 0, "quotation": 0, "percentage": 0}, "24": {"94": {"name": "Trail Making Test - Parte B - Treino", "answered": 0, "quotation": 0, "percentage": 0}, "95": {"name": "Trail Making Test - Parte B - Teste", "answered": 0, "quotation": 0, "percentage": 0}, "name": "Trail Making Test - Parte B", "answered": 0, "quotation": 0, "percentage": 0}, "25": {"96": {"name": "None", "answered": 0, "quotation": 0, "percentage": 0}, "name": "Gnosia - (Autotopognosia) Orientao Direita Esquerda", "answered": 0, "quotation": 0, "percentage": 0}, "26": {"97": {"name": "Provrbio A", "answered": 0, "quotation": 0, "percentage": 0}, "98": {"name": "Provrbio B", "answered": 0, "quotation": 0, "percentage": 0}, "99": {"name": "Provrbio C", "answered": 0, "quotation": 0, "percentage": 0}, "name": "Provrbios", "answered": 0, "quotation": 0, "percentage": 0}, "27": {"100": {"name": "Nomeao de Cores", "answered": 0, "quotation": 0, "percentage": 0}, "101": {"name": "Ordens", "answered": 0, "quotation": 0, "percentage": 0}, "name": "Token Test - Compreenso de ordens verbais (verso breve)", "answered": 0, "quotation": 0, "percentage": 0}, "name": "reas Complementares", "answered": 0, "quotation": 0, "percentage": 0}, "name": "Cognio", "answered": 0, "percentage": 0}, "total_answered": 0, "total_percentage": 0}	342	813	216	\N
762	2024-05-28 00:35:34.106711+00	{"46": {"15": {"name": "None", "answered": 0, "quotation": 0, "percentage": 0}, "16": {"name": "Fumadores", "answered": 0, "quotation": 0, "percentage": 0}, "17": {"name": "None", "answered": 0, "quotation": 0, "percentage": 0}, "18": {"40": {"name": "Fumar", "answered": 0, "quotation": 0, "percentage": 0}, "name": "None", "answered": 0, "quotation": 0, "percentage": 0}, "name": "None", "answered": 0, "percentage": 0}, "47": {"19": {"41": {"113": {"name": "MentHA-Risk-section", "answered": 1, "quotation": 1, "percentage": 100}, "name": "MentHA-Risk-dimension", "answered": 1, "quotation": 0, "percentage": 100}, "name": "MentHA-Risk-instrument", "answered": 1, "quotation": 0, "percentage": 100}, "name": "MentHA-Risk-area", "answered": 1, "percentage": 100}, "total_answered": 1, "total_percentage": 100}	165	756	160	\N
473	2024-03-29 20:32:44.746498+00	{"46": {"15": {"name": "None", "answered": 0, "quotation": 0, "percentage": 0}, "16": {"name": "Fumadores", "answered": 0, "quotation": 0, "percentage": 0}, "17": {"name": "None", "answered": 0, "quotation": 0, "percentage": 0}, "18": {"40": {"name": "Fumar", "answered": 0, "quotation": 0, "percentage": 0}, "name": "None", "answered": 0, "quotation": 0, "percentage": 0}, "name": "None", "answered": 0, "percentage": 0}, "47": {"19": {"41": {"113": {"name": "MentHA-Risk-section", "answered": 1, "quotation": 1, "percentage": 100}, "name": "MentHA-Risk-dimension", "answered": 1, "quotation": 0, "percentage": 100}, "name": "MentHA-Risk-instrument", "answered": 1, "quotation": 0, "percentage": 100}, "name": "MentHA-Risk-area", "answered": 1, "percentage": 100}, "total_answered": 1, "total_percentage": 100}	342	467	187	\N
655	2024-04-19 09:30:14.897619+00	{"46": {"15": {"name": "None", "answered": 0, "quotation": 0, "percentage": 0}, "16": {"name": "Fumadores", "answered": 0, "quotation": 0, "percentage": 0}, "17": {"name": "None", "answered": 0, "quotation": 0, "percentage": 0}, "18": {"40": {"name": "Fumar", "answered": 0, "quotation": 0, "percentage": 0}, "name": "None", "answered": 0, "quotation": 0, "percentage": 0}, "name": "None", "answered": 0, "percentage": 0}, "47": {"19": {"41": {"113": {"name": "MentHA-Risk-section", "answered": 1, "quotation": 0, "percentage": 100}, "name": "MentHA-Risk-dimension", "answered": 1, "quotation": 0, "percentage": 100}, "name": "MentHA-Risk-instrument", "answered": 1, "quotation": 0, "percentage": 100}, "name": "MentHA-Risk-area", "answered": 1, "percentage": 100}, "total_answered": 1, "total_percentage": 100}	342	649	184	\N
763	2024-05-28 00:38:02.974325+00	{"46": {"15": {"name": "None", "answered": 0, "quotation": 0, "percentage": 0}, "16": {"name": "Fumadores", "answered": 0, "quotation": 0, "percentage": 0}, "17": {"name": "None", "answered": 0, "quotation": 0, "percentage": 0}, "18": {"40": {"name": "Fumar", "answered": 0, "quotation": 0, "percentage": 0}, "name": "None", "answered": 0, "quotation": 0, "percentage": 0}, "name": "None", "answered": 0, "percentage": 0}, "47": {"19": {"41": {"113": {"name": "MentHA-Risk-section", "answered": 1, "quotation": 1, "percentage": 100}, "name": "MentHA-Risk-dimension", "answered": 1, "quotation": 0, "percentage": 100}, "name": "MentHA-Risk-instrument", "answered": 1, "quotation": 0, "percentage": 100}, "name": "MentHA-Risk-area", "answered": 1, "percentage": 100}, "total_answered": 1, "total_percentage": 100}	165	757	161	\N
820	2024-09-30 15:43:06.65808+00	{"11": {"1": {"1": {"1": {"name": "Alimentao", "answered": 1, "quotation": 1, "percentage": 100}, "2": {"name": "Higiene", "answered": 1, "quotation": 2, "percentage": 100}, "3": {"name": "Eliminao", "answered": 1, "quotation": 1, "percentage": 100}, "name": "Atividades Corporais", "answered": 3, "quotation": 4, "percentage": 100}, "2": {"5": {"name": "Transferncia (subir ou descer da cama)", "answered": 1, "quotation": 2, "percentage": 100}, "6": {"name": "Deslocao (no domicilio ou no exterior)", "answered": 1, "quotation": 1, "percentage": 100}, "7": {"name": "Espao de vida (+/- ajuda humana ou tcnica)", "answered": 1, "quotation": 0, "percentage": 100}, "name": "Atividades Motoras", "answered": 3, "quotation": 3, "percentage": 100}, "3": {"8": {"name": "Fala", "answered": 1, "quotation": 1, "percentage": 100}, "9": {"name": "Viso (+ - correo)", "answered": 1, "quotation": 1, "percentage": 100}, "10": {"name": "Audio", "answered": 1, "quotation": 0, "percentage": 100}, "name": "Atividades Sensoriais", "answered": 3, "quotation": 2, "percentage": 100}, "4": {"11": {"name": "Memria", "answered": 0, "quotation": 0, "percentage": 0}, "12": {"name": "Comportamento", "answered": 1, "quotation": 1, "percentage": 100}, "13": {"name": "Humor", "answered": 1, "quotation": 1, "percentage": 100}, "name": "Atividades Mentais", "answered": 2, "quotation": 2, "percentage": 66}, "name": "ABVD - MDA", "answered": 11, "quotation": 11, "percentage": 91}, "name": "Funcionalidade", "answered": 11, "percentage": 91}, "12": {"3": {"5": {"4": {"name": "None", "answered": 0, "quotation": 0, "percentage": 0}, "name": "None", "answered": 0, "quotation": 0, "percentage": 0}, "name": "BSI", "answered": 0, "quotation": 0, "percentage": 0}, "name": "Psicossintomatologia", "answered": 0, "percentage": 0}, "13": {"4": {"9": {"39": {"name": "Orientao (Temporal)", "answered": 0, "quotation": 0, "percentage": 0}, "40": {"name": "Ateno e Concentrao (Clculo)", "answered": 1, "quotation": 0, "percentage": 100}, "41": {"name": "Orientao (Espacial)", "answered": 0, "quotation": 0, "percentage": 0}, "57": {"name": "Ateno e Concentrao (Soletrar)", "answered": 1, "quotation": 0, "percentage": 100}, "64": {"name": "Memria", "answered": 0, "quotation": 0, "percentage": 0}, "name": "Ateno e Orientao", "answered": 2, "quotation": 0, "percentage": 40}, "10": {"45": {"name": "Memria Antergrada", "answered": 0, "quotation": 0, "percentage": 0}, "46": {"name": "Memria Retrgrada", "answered": 0, "quotation": 0, "percentage": 0}, "47": {"name": "Evocao Diferida (Intervalo Curto)", "answered": 0, "quotation": 0, "percentage": 0}, "62": {"name": "Evocao Diferida (Intervalo Longo)", "answered": 0, "quotation": 0, "percentage": 0}, "67": {"name": "Reconhecimento", "answered": 0, "quotation": 0, "percentage": 0}, "name": "Memria", "answered": 0, "quotation": 0, "percentage": 0}, "11": {"42": {"name": "Letra P", "answered": 1, "quotation": 0, "percentage": 100}, "43": {"name": "Categoria \\"Animais\\"", "answered": 0, "quotation": 0, "percentage": 0}, "name": "Fluncia", "answered": 1, "quotation": 0, "percentage": 50}, "12": {"48": {"name": "Compreenso (Carto)", "answered": 0, "quotation": 0, "percentage": 0}, "49": {"name": "Compreenso (Etapas)", "answered": 0, "quotation": 0, "percentage": 0}, "50": {"name": "Escrita", "answered": 0, "quotation": 0, "percentage": 0}, "51": {"name": "Repetio I", "answered": 0, "quotation": 0, "percentage": 0}, "52": {"name": "Repetio II", "answered": 0, "quotation": 0, "percentage": 0}, "53": {"name": "Repetio III", "answered": 0, "quotation": 0, "percentage": 0}, "54": {"name": "Nomeao", "answered": 0, "quotation": 0, "percentage": 0}, "55": {"name": "Compreenso (Figuras)", "answered": 0, "quotation": 0, "percentage": 0}, "56": {"name": "Leitura", "answered": 0, "quotation": 0, "percentage": 0}, "name": "Linguagem", "answered": 0, "quotation": 0, "percentage": 0}, "14": {"58": {"name": "Capacidade Visuo-Espacial (Pentgonos)", "answered": 0, "quotation": 0, "percentage": 0}, "59": {"name": "Capacidade Visuo-Espacial (Cubo)", "answered": 0, "quotation": 0, "percentage": 0}, "60": {"name": "Capacidade Visuo-Espacial (Relgio)", "answered": 0, "quotation": 0, "percentage": 0}, "65": {"name": "Percepo (Pontos)", "answered": 0, "quotation": 0, "percentage": 0}, "66": {"name": "Percepo (Letras)", "answered": 0, "quotation": 0, "percentage": 0}, "name": "Visuo-Espacial", "answered": 0, "quotation": 0, "percentage": 0}, "name": "ACE-R", "answered": 3, "quotation": 0, "percentage": 11}, "5": {"17": {"68": {"name": "Orientao (Temporal)", "answered": 0, "quotation": 0, "percentage": 0}, "69": {"name": "Orientao (Espacial)", "answered": 0, "quotation": 0, "percentage": 0}, "70": {"name": "Memria", "answered": 0, "quotation": 0, "percentage": 0}, "71": {"name": "Ateno e Concentrao (Clculo)", "answered": 0, "quotation": 0, "percentage": 0}, "72": {"name": "Ateno e Concentrao (Soletrar)", "answered": 0, "quotation": 0, "percentage": 0}, "name": "Ateno e Orientao", "answered": 0, "quotation": 0, "percentage": 0}, "18": {"73": {"name": "Evocao Diferida (Intervalo Curto)", "answered": 0, "quotation": 0, "percentage": 0}, "name": "Memria", "answered": 0, "quotation": 0, "percentage": 0}, "19": {"76": {"name": "Compreenso (Carto)", "answered": 0, "quotation": 0, "percentage": 0}, "77": {"name": "Compreenso (Etapas)", "answered": 0, "quotation": 0, "percentage": 0}, "78": {"name": "Escrita", "answered": 0, "quotation": 0, "percentage": 0}, "79": {"name": "Repetio III", "answered": 0, "quotation": 0, "percentage": 0}, "80": {"name": "Nomeao", "answered": 0, "quotation": 0, "percentage": 0}, "name": "Linguagem", "answered": 0, "quotation": 0, "percentage": 0}, "20": {"81": {"name": "Capacidade Visuo-Espacial (Pentgonos)", "answered": 0, "quotation": 0, "percentage": 0}, "name": "Visuo-Espacial", "answered": 0, "quotation": 0, "percentage": 0}, "name": "MMSE", "answered": 0, "quotation": 0, "percentage": 0}, "name": "Cognio", "answered": 3, "percentage": 7}, "14": {"10": {"30": {"106": {"name": "None", "answered": 1, "quotation": 0, "percentage": 100}, "name": "Conscincia", "answered": 1, "quotation": 0, "percentage": 100}, "31": {"107": {"name": "None", "answered": 1, "quotation": 0, "percentage": 100}, "name": "Atividade Motora", "answered": 1, "quotation": 0, "percentage": 100}, "32": {"108": {"name": "None", "answered": 1, "quotation": 0, "percentage": 100}, "name": "Humor", "answered": 1, "quotation": 0, "percentage": 100}, "name": "None", "answered": 3, "quotation": 0, "percentage": 100}, "name": "Conscincia, Humor e Comportamento", "answered": 3, "percentage": 100}, "15": {"11": {"33": {"109": {"name": "None", "answered": 0, "quotation": 0, "percentage": 0}, "name": "None", "answered": 0, "quotation": 0, "percentage": 0}, "name": "None", "answered": 0, "quotation": 0, "percentage": 0}, "name": "Cooperao dada na entrevista", "answered": 0, "percentage": 0}, "16": {"12": {"34": {"110": {"name": "None", "answered": 0, "quotation": 0, "percentage": 0}, "name": "None", "answered": 0, "quotation": 0, "percentage": 0}, "name": "None", "answered": 0, "quotation": 0, "percentage": 0}, "name": "Relao com o Avaliador", "answered": 0, "percentage": 0}, "total_answered": 17, "total_percentage": 15}	342	814	213	\N
\.


--
-- Data for Name: protocolo_risk; Type: TABLE DATA; Schema: public; Owner: leda
--

COPY public.protocolo_risk (id, idade, sexo, peso, altura, imc, pressao_arterial, colestrol_total, colestrol_hdl, colestrol_nao_hdl, hemoglobina_gliciada, fumador, diabetes, anos_diabetes, avc, enfarte, doenca_rins, doenca_pernas, hipercolestrol, data_atual, comentario2, comentario, risco_de_enfarte, relatorio, relatorio_word, concluido, "parteDoUtilizador_id", pat_id, horas_jejum, batimentos, cholhdl, ldl, tg, doenca_cognitiva, pre_diabetico, recomendacoes, eag_hba1, ifcc_hba1, ngsp_hba1, pergunta_cardiovascular, pat_id_v2, pressao_arterial_diastolica) FROM stdin;
218	30	Feminino	70	156	1	94	0	0	0	3	nonSmoking	f	0	f	f	f	f	f	2024-03-13		 Teve diabetes na gravidez\r\nDiastlica: 59	0		relatorio_risk_word/Risco_Cardiovascular_SofiaAlexandraCostaLopes44a492c7bd.docx	t	368	PID00100	4	87	0	0	0	f	f		0	35	5.4	Baixo	0	0
178	64	Feminino	75	168	1	142	87	95	95	3	nonSmoking	t	8	f	f	f	f	f	2024-03-12		 teste	6		relatorio_risk_word/Risco_Cardiovascular_AnaIsabelPeixe-ReiBritocc6083aed8.docx	t	335	pid754	8	142	145	88	95	f	t	teste	69	122	12	Baixo	0	0
183	47	Feminino	85	175	0	44	175	0	0	0	\N	t	0	f	f	f	f	f	2024-03-13			0			f	\N	0	4	0	98	142	100	f	f		68.3	20	4	Alto	0	0
156	47	Feminino	98	178	0	44	444	0	0	0	\N	t	0	f	f	f	f	f	2024-03-01			0			f	\N	0	4	0	44	444	44	f	f		89.6	49.6	49.5	Alto	0	0
224	0	Masculino	66.2	165	0	169	259	0	0	0	\N	t	0	f	f	f	f	f	2024-03-14			0			f	\N	0	0	0	5.1	171	186	f	f		0	0	0	Alto	0	0
188	48	Masculino	72	0	1	159	0	0	0	3	nonSmoking	t	0	f	f	f	f	f	2024-03-13		Insuficincia renal em hemodilise,\r\nFaz avaliao de peso de 2 em 2 dias, Refere ter 67 Kg \r\n(tommos o valor do nosso instrumento)\r\nPresso diastlica: 110	4		relatorio_risk_word/Risco_Cardiovascular_HlioJorgePauloCardosob6b7473ee0.docx	t	343	PID 00376	12	84	0	0	0	f	t		0	34	5.2	Baixo	0	0
525	63	Masculino	60.6	163	0	109	223	66	157	4	nonSmoking	f	0	f	f	f	f	t	2024-05-26		 	7		relatorio_risk_word/Risco_Cardiovascular_GraaMariab697df7e4d.docx	t	694	PID00366	4	57	3.4	102	275	f	f		0	0	0	Moderado	0	0
161	47	Feminino	44	178	0	44	125	0	0	0	\N	t	0	f	f	f	f	f	2024-03-10			0			f	\N	0	44	0	445	126	68	f	f		68.4	122	14	Alto	0	0
166	47	Feminino	44	178	0	44	125	0	0	0	\N	t	0	f	f	f	f	f	2024-03-10			0			f	\N	0	44	0	445	126	68	f	f		69.66	1122.5	11.55	Alto	0	0
151	47	Feminino	98	178	0	44	444	0	0	0	\N	t	0	f	f	f	f	f	2024-03-01			0			f	\N	0	4	0	44	444	44	f	f		48.6	44	49.5	Alto	0	0
269	53	Feminino	77.8	161	0	141	181	42	139	3	nonSmoking	f	0	f	f	f	f	f	2024-03-14		 Diastlica: 88 	3		relatorio_risk_word/Risco_Cardiovascular_AmliaRosaRodriguesb2f71219f9.docx	t	413	PID00347	0	98	4.3	102	185	f	f		0	0	0	Baixo	0	0
193	44	Feminino	86	162	1	128	0	0	0	3	nonSmoking	t	0	f	f	f	f	t	2024-03-13		Presso Arterial Diastlica: 72	1		relatorio_risk_word/Risco_Cardiovascular_RosaMariaCarvalhoViegasf29777eba6.docx	t	349	PID00378	1	81	0	0	0	f	t		0	37	5.6	Moderado	0	0
346	53	Masculino	68.3	174	0	105	170	0	0	0	\N	t	0	f	f	f	f	f	2024-04-16			0			f	\N	0	2	0	3.4	101	94	f	f		0	32	5.1	No se sabe	0	0
254	69	Feminino	106	159	0	122	173	0	0	0	\N	t	0	f	f	f	f	f	2024-03-14			0			f	\N	0	0	0	3.1	79	189	f	f		0	41	5.9	Alto	0	0
213	39	Feminino	65.5	143	1	145	0	0	0	3	smoking	f	0	f	f	f	f	t	2024-03-13		 Diastlica: 86	0		relatorio_risk_word/Risco_Cardiovascular_ClaudiaSofiaMorgadinhoReis6fe7b63357.docx	t	360	PID00098	3	80	0	0	0	f	f		0	34	5.3	Moderado	0	0
173	22	Masculino	85	154	1	145	154	142	123	3	nonSmoking	t	8	f	f	f	f	f	2024-03-12		 teste  	0		relatorio_risk_word/Risco_Cardiovascular_MiguelCardoso421c1d5e67.docx	t	338	PID834	4	145	121	128	120	f	t	teste2 	72.5	21	12	Alto	0	0
259	61	Feminino	105	163	0	114	165	0	0	0	\N	t	0	f	f	f	f	f	2024-03-14			0			f	\N	0	1	0	3.7	83	187	f	f		0	45	6.2	Alto	0	0
126	0	Masculino	66.2	165	1	169	259	51	208	5	nonSmoking	f	0	f	f	f	f	f	2023-10-11		  Falta realizar o questionrio\r\nfalta a altura 	0		relatorio_risk_word/Risco_Cardiovascular_NunoJos9b7a6c1203.docx	t	267	PID00055	0	88	5.1	171	186	f	f		0	0	0	Alto	0	0
229	66	Masculino	72.1	167	0	137	168	0	0	0	\N	t	0	f	f	f	f	f	2024-03-14			0			f	\N	0	1	0	4.1	91	182	f	f		0	32	5.1	Alto	0	0
234	71	Feminino	86	167	1	138	169	65	104	3	nonSmoking	f	0	f	f	f	f	f	2024-03-14		 Diastlica: 74	9		relatorio_risk_word/Risco_Cardiovascular_MariaOdeteMartinsMadeira75bb292491.docx	t	385	PID00387	1	71	2.6	69	173	f	f		0	33	5.2	Moderado	0	0
239	58	Feminino	88.4	153	0	136	158	0	0	0	\N	t	0	f	f	f	f	f	2024-03-14			0			f	\N	0	0	0	2.4	24	344	f	f		0	0	0	Alto	0	0
244	78	Masculino	87	170	0	187	108	0	0	0	\N	t	0	f	f	f	f	f	2024-03-14			0			f	\N	0	0	0	3	51	106	f	f		0	38	5.6	Alto	0	0
249	65	Masculino	78.4	174	0	118	98	0	0	0	\N	t	0	f	f	f	f	f	2024-03-14			0			f	\N	0	0	0	3.2	32	177	f	f		0	46	6.4	Alto	0	0
264	56	Feminino	61.5	150	1	120	121	35	137	3	smoking	t	10	f	f	f	f	f	2024-03-14		 Diastlica: 66 	6		relatorio_risk_word/Risco_Cardiovascular_MariadoRosrioNunesMimosoa7f6b64950.docx	t	409	PID00340	0	85	4.9	28	389	f	f		0	0	0	Elevado	0	0
278	64	Feminino	63	156	0	115	174	0	0	0	\N	t	0	f	f	f	f	f	2024-03-14			0			f	\N	0	0	0	3.1	53	325	f	f		0	31	5	Alto	0	0
274	70	Masculino	83.7	0	1	144	162	66	96	3	nonSmoking	t	10	f	f	f	f	f	2024-03-14		 Epilepsia de criana\r\nDiastlica: 81	15		relatorio_risk_word/Risco_Cardiovascular_SilvriodoNascimentoCoelhoGraaa088a0adce.docx	t	419	PID00343	0	61	2.5	47	242	f	f		0	0	0	Baixo	0	0
287	56	Masculino	91.6	173	0	91	178	0	0	0	\N	t	0	f	f	f	f	f	2024-03-14			0			f	\N	0	0	0	5.8	85	314	f	f		0	40	5.8	Alto	0	0
68	50	Feminino	72.2	171	1	136	149	53	96	3	nonSmoking	t	0	f	f	f	t	f	2023-09-23		ddd	2		relatorio_risk_word/Risco_Cardiovascular_AlexandradoCarmoFarinhaTeste44c577712d.docx	t	208	PID00064	0	88	2.7	67	143	f	f	0	0	0	0	Alto	0	0
146	47	Feminino	98	178	0	44	444	0	0	0	\N	t	0	f	f	f	f	f	2024-03-01			0			f	\N	0	4	0	48.6	444	44	f	f		44	44	44	Alto	0	0
152	47	Feminino	98	178	0	44	444	0	0	0	\N	t	0	f	f	f	f	f	2024-03-01			0			f	\N	0	4	0	44	444	44	f	f		48.6	49.6	49.5	Alto	0	0
219	29	Feminino	56.9	148	1	124	0	0	0	3	nonSmoking	f	0	f	f	f	f	f	2024-03-13		 Diastlica: 73	0		relatorio_risk_word/Risco_Cardiovascular_KarinaNarynaNetyks3efc13cc2f.docx	t	370	PID00384	4	108	0	0	0	f	f		0	33	5.2	Baixo	0	0
194	20	Masculino	63.5	174	1	119	0	0	0	3	nonSmoking	t	0	f	f	f	f	f	2024-03-13		 Presso Arterial Sistlica: 63	0		relatorio_risk_word/Risco_Cardiovascular_DavidPinheiroAndrade927ce5dc54.docx	t	351	PID00096	1	82	0	0	0	f	t		0	32	5	Baixo	0	0
167	88	Feminino	98	175	1	144	147	125	123	3	nonSmoking	t	5	f	f	f	f	f	2024-03-11		 Sem comentrios  	35		relatorio_risk_word/Risco_Cardiovascular_LigiaMartinezRomeroCereceda63403241b5.docx	t	290	pid854	4	144	123	145	165	f	t	Recomendo medir a tenso diariamente	68.6	20	13	Baixo	0	0
174	22	Masculino	85	154	0	145	154	0	0	0	\N	t	0	f	f	f	f	f	2024-03-12			0			f	\N	0	4	0	121	128	120	f	f		72.5	21	12	Alto	0	0
179	64	Feminino	98	175	1	98	75	75	757	6	nonSmoking	t	4	f	f	f	f	f	2024-03-12		teste2	0		relatorio_risk_word/Risco_Cardiovascular_AnaIsabelPeixe-ReiBrito652a24eb42.docx	t	339	741	4	98	75	75	75	f	t	teste3	69	120	13	Baixo	0	0
184	48	Masculino	59.3	173	0	0	142	0	0	0	\N	t	0	f	f	f	f	f	2024-03-13			0			f	\N	0	0	0	3.4	81	100	f	f		0	0	0	Alto	0	0
162	47	Feminino	44	178	0	44	125	0	0	0	\N	t	0	f	f	f	f	f	2024-03-10			0			f	\N	0	44	0	445	126	68	f	f		68.4	122	12	Alto	0	0
52	48	Masculino	59.3	173	1	0	142	42	101	3	nonSmoking	f	0	f	f	f	f	f	2023-09-22		 Falta realizar o questionrio    	0		relatorio_risk_word/Risco_Cardiovascular_HlioJorgePauloCardosodec2c90724.docx	t	192	PID00071	0	89	3.4	81	100	f	f		0	0	0	Alto	0	0
554	42	Feminino	84.2	165	0	97	170	0	0	0	\N	t	0	f	f	f	f	f	2024-05-27			0			f	\N	0	0	0	3.2	99	89	f	f		0	35	5.4	No se sabe	0	0
559	68	Masculino	62.6	167	0	100	105	0	0	0	\N	t	0	f	f	f	f	f	2024-05-27			0			f	\N	0	3	0	2.7	50	78	f	f		0	42	6	No se sabe	0	0
189	46	Masculino	82.2	165	1	122	0	0	0	3	nonSmoking	t	0	f	f	f	f	f	2024-03-13		Ateno: Diz que fez a primeira avaliao  \r\nPresso Diastlica: 76\r\n\r\n	3		relatorio_risk_word/Risco_Cardiovascular_JosInacioVitorinoRamosMendes5a0fa9f263.docx	t	344	PID00377	4	54	0	0	0	f	t		0	31	5	Moderado	0	0
214	21	Feminino	61.7	153	1	115	0	0	0	3	smoking	f	0	f	f	f	f	f	2024-03-13		 Ansiedade e Depresso \r\nDiastlica: 64	0		relatorio_risk_word/Risco_Cardiovascular_LeonorGonalvesdaSilva79ae68d822.docx	t	362	Pid00382	1	97	0	0	0	f	f		0	31	5	Baixo	0	0
235	58	Feminino	88.4	153	1	136	158	65	93	3	nonSmoking	f	0	f	f	f	f	t	2024-03-14		 Diastlica: 79\r\nPai faleceu com AVC,\r\nMe teve embolia cerebral   	3		relatorio_risk_word/Risco_Cardiovascular_MariaErmelindadeS1303d804e1.docx	t	388	PID000060	0	77	2.4	24	344	f	f		0	0	0	Alto	0	0
225	66	Masculino	72.1	167	1	137	168	41	127	3	smoking	f	0	f	f	f	f	f	2024-03-14		 Diastlica: 71   	14		relatorio_risk_word/Risco_Cardiovascular_ManuelFelisbertoGuerreirod7160e4872.docx	t	382	PID00106	1	103	4.1	91	182	f	f		0	32	5.1	Baixo	0	0
230	66	Masculino	72.1	167	0	137	168	0	0	0	\N	t	0	f	f	f	f	f	2024-03-14			0			f	\N	0	1	0	4.1	91	182	f	f		0	32	5.1	Alto	0	0
240	58	Feminino	90.7	153	0	153	206	0	0	0	\N	t	0	f	f	f	f	f	2024-03-14			0			f	\N	0	0	0	2.6	102	133	f	f		0	35	5.4	Alto	0	0
245	78	Masculino	87	170	0	187	108	0	0	0	\N	t	0	f	f	f	f	f	2024-03-14			0			f	\N	0	0	0	3	51	106	f	f		0	38	5.6	Alto	0	0
250	62	Feminino	74.6	144	1	139	157	54	102	3	nonSmoking	f	0	f	f	f	f	f	2024-03-14		Artrite Reumatide\r\nDiastlica: 73	5		relatorio_risk_word/Risco_Cardiovascular_MariaOlindaMachadoRibeiroeeea35fbf6.docx	t	397	PID00112	1	86	2.9	59	218	f	f		0	35	5.4	Alto	0	0
255	69	Feminino	110.2	159	0	124	158	0	0	0	\N	t	0	f	f	f	f	f	2024-03-14			0			f	\N	0	0	0	3.7	97	164	f	f		0	0	0	Alto	0	0
260	57	Masculino	82	186	1	144	121	27	94	3	smoking	f	0	f	f	f	f	f	2024-03-14		 Diastlica: 93 	11		relatorio_risk_word/Risco_Cardiovascular_FranciscoJosCorreiaSantosaa8398c10d.docx	t	406	PID00345	0	82	4.4	67	137	f	f		0	0	0	Alto	0	0
270	52	Feminino	86.6	161	1	140	175	40	135	3	nonSmoking	f	0	f	f	f	f	f	2024-03-14		  	3		relatorio_risk_word/Risco_Cardiovascular_AmliaRosaRodriguesa291edea13.docx	t	414	PID00116	0	99	4.4	84	253	f	t		0	48	6.5	Baixo	0	0
284	53	Masculino	72.5	162	0	117	255	0	0	0	\N	t	0	f	f	f	f	f	2024-03-14			0			f	\N	0	0	0	9.9	0	598	f	f		0	38	5.6	Alto	0	0
279	65	Masculino	103.2	171	1	128	198	43	155	4	nonSmoking	f	0	f	f	f	f	f	2024-03-14		 Diastlica: 77	11		relatorio_risk_word/Risco_Cardiovascular_JosAntoniodaSilvaAlmeidac455c00f1d.docx	t	422	PID00124	0	68	4.6	120	180	f	f		0	37	5.5	Baixo	0	0
147	47	Feminino	98	178	0	44	444	0	0	0	\N	t	0	f	f	f	f	f	2024-03-01			0			f	\N	0	4	0	48.6	444	44	f	f		44	44	44	Alto	0	0
153	47	Feminino	98	178	0	44	444	0	0	0	\N	t	0	f	f	f	f	f	2024-03-01			0			f	\N	0	4	0	44	444	44	f	f		48.6	49.6	49.5	Alto	0	0
158	47	Feminino	44	178	0	44	125	0	0	0	\N	t	0	f	f	f	f	f	2024-03-01			0			f	\N	0	44	0	445	125	65	f	f		12	12	12	Alto	0	0
163	47	Feminino	44	178	0	44	125	0	0	0	\N	t	0	f	f	f	f	f	2024-03-10			0			f	\N	0	44	0	445	126	68	f	f		68.4	122	11.4	Alto	0	0
168	88	Feminino	98	175	0	144	147	0	0	0	\N	t	0	f	f	f	f	f	2024-03-11			0			f	\N	0	4	0	123	145	165	f	f		68.6	20	13	Alto	0	0
175	22	Masculino	85	154	0	145	154	0	0	0	\N	t	0	f	f	f	f	f	2024-03-12			0			f	\N	0	4	0	121	128	120	f	f		72.5	21	12	Alto	0	0
180	0	Feminino	65.4	162	0	135	116	0	0	0	\N	t	0	f	f	f	f	f	2024-03-13			0			f	\N	0	0	0	2.4	23	228	f	f		68	22	13	Alto	0	0
220	21	Masculino	59.6	168	1	120	0	0	0	3	nonSmoking	f	0	f	f	f	f	f	2024-03-13		 Internamento por ansiedade um ms\r\nDiastlica: 74	0		relatorio_risk_word/Risco_Cardiovascular_DavilsonOrioneDiasBorgesa76397f1d7.docx	t	372	PID00101	4	83	0	0	0	f	f		0	39	5.7	Baixo	0	0
241	78	Masculino	88.3	170	1	144	116	41	76	3	nonSmoking	f	0	f	f	f	f	f	2024-03-14		 Diastlica: 78 	21		relatorio_risk_word/Risco_Cardiovascular_JoaquimDionisio1e5f6fc85c.docx	t	392	PID00058	1	67	2.8	53	112	f	f		0	0	0	Moderado	0	0
185	48	Masculino	75	174	1	45	174	147	1447	6	nonSmoking	t	0	f	f	f	f	f	2024-03-13		Falta x y z\r\ninseri valores --> 0 0 0	0		relatorio_risk_word/Risco_Cardiovascular_HlioJorgePauloCardosod93dc488c2.docx	t	342	PID874	4	145	444	147	147	f	f	ssssssssssssss	68	21	13	Baixo	0	0
190	48	Feminino	101.1	158	1	151	0	0	0	3	nonSmoking	t	0	f	f	f	f	f	2024-03-13		 Presso Diastlica: 90	2		relatorio_risk_word/Risco_Cardiovascular_WandaJesusPiedadeAndradee3e5e86c8b.docx	t	345	PID00039	4	72	0	0	0	f	t		0	38	5.7	Moderado	0	0
560	58	Masculino	97.1	180	0	130	166	0	0	0	\N	t	0	f	f	f	f	f	2024-05-27			0			f	\N	0	3	0	3.3	101	77	f	f		0	43	6.1	No se sabe	0	0
231	66	Masculino	0	167	0	117	165	0	0	0	\N	t	0	f	f	f	f	f	2024-03-14			0			f	\N	0	0	0	4.4	108	99	f	f		0	0	0	Alto	0	0
195	30	Masculino	82.2	177	1	125	0	0	0	3	smoking	t	0	f	f	f	f	f	2024-03-13		Teve angina de peito\r\nPresso Arterial Diastlica: 68	0		relatorio_risk_word/Risco_Cardiovascular_NikitaMyagkov25811a46a8.docx	t	353	PID00379	1	94	0	0	0	f	t		0	30	4.9	Moderado	0	0
215	21	Feminino	61.7	153	0	115	0	0	0	0	\N	t	0	f	f	f	f	f	2024-03-13			0			f	\N	0	1	0	0	0	0	f	f		0	31	5	Alto	0	0
565	45	Masculino	64.2	166	0	107	167	0	0	0	\N	t	0	f	f	f	f	f	2024-05-27			0			f	\N	0	3	0	2.4	82	84	f	f		0	33	5.2	No se sabe	0	0
236	58	Feminino	90.7	153	1	153	206	78	128	3	nonSmoking	f	0	f	f	f	f	f	2024-03-14		 Diastlica: 62 	4		relatorio_risk_word/Risco_Cardiovascular_MariaErmelindadeSc17f0690a2.docx	t	389	PID00389	0	79	2.6	102	133	f	f		0	35	5.4	Alto	0	0
275	70	Masculino	0	0	1	128	159	67	92	3	nonSmoking	t	10	f	f	f	f	f	2024-03-14		Cadeirante \r\nDiastlica: 72	12		relatorio_risk_word/Risco_Cardiovascular_SilvriodoNascimentoCoelhoGraac80562892f.docx	t	420	PID00399	0	72	2.4	68	118	f	f		0	33	5.1	Baixo	0	0
226	66	Masculino	0	167	1	117	165	38	127	3	smoking	f	0	f	f	f	f	f	2024-03-14		 Diastlica: 80  	12		relatorio_risk_word/Risco_Cardiovascular_ManuelFelisbertoGuerreiroe9067c3018.docx	t	383	PID00063	0	113	4.4	108	99	f	f		0	0	0	Baixo	0	0
251	69	Feminino	110.2	159	1	124	158	47	129	3	smoking	f	0	f	f	f	f	f	2024-03-14		 Diastlica: 77  	10		relatorio_risk_word/Risco_Cardiovascular_MariaJosdeJesusGonalves3ac147b8c2.docx	t	399	PID00062	0	65	3.7	97	164	f	f		0	0	0	Baixo	0	0
246	65	Masculino	73.7	174	1	114	78	25	53	3	smoking	t	14	f	f	f	f	f	2024-03-14		 Diastlica: 78 	12		relatorio_risk_word/Risco_Cardiovascular_ManuelJosdeOliveiraGomes2c60e68d5a.docx	t	394	PID00054	0	104	3.1	22	155	f	f		0	0	0	Moderado	0	0
256	61	Feminino	110.2	163	1	126	146	44	102	3	nonSmoking	f	0	f	f	f	f	f	2024-03-14		 Diastlica: 75 	5		relatorio_risk_word/Risco_Cardiovascular_DanieladaConceioDomingos2155465723.docx	t	402	PID	1	95	3.3	74	143	f	f		0	0	0	Baixo	0	0
261	57	Masculino	99.3	186	1	118	159	34	125	3	smoking	f	0	f	f	f	f	f	2024-03-14		 Diastlica: 89 	7		relatorio_risk_word/Risco_Cardiovascular_FranciscoJosCorreiaSantos5ffae73d6c.docx	t	407	PID00114	0	85	4.7	94	155	f	f		0	31	5	Alto	0	0
266	56	Feminino	61.5	150	0	120	121	0	0	0	\N	t	0	f	f	f	f	f	2024-03-14			0			f	\N	0	0	0	4.9	28	389	f	f		0	0	0	Alto	0	0
271	52	Feminino	86.6	161	0	140	175	0	0	0	\N	t	0	f	f	f	f	f	2024-03-14			0			f	\N	0	0	0	4.4	84	253	f	f		0	48	6.5	Alto	0	0
288	56	Masculino	91.6	173	0	91	178	0	0	0	\N	t	0	f	f	f	f	f	2024-03-14			0			f	\N	0	0	0	5.8	85	314	f	f		0	40	5.8	Alto	0	0
285	62	Masculino	80	169	1	156	175	40	135	3	nonSmoking	f	0	f	f	f	f	f	2024-03-14		 	9		relatorio_risk_word/Risco_Cardiovascular_JosLuisIriaRofino2938495eb6.docx	t	436	PID00128	0	81	4.4	92	213	f	f		0	37	5.6	Moderado	0	0
292	45	Masculino	96.2	180	0	146	171	0	0	0	\N	t	0	f	f	f	f	f	2024-03-14			0			f	\N	0	0	0	5	108	141	f	f		0	0	0	Alto	0	0
148	47	Feminino	98	178	0	44	444	0	0	0	\N	t	0	f	f	f	f	f	2024-03-01			0			f	\N	0	4	0	44	444	44	f	f		44	44	44	Alto	0	0
154	47	Feminino	98	178	0	44	444	0	0	0	\N	t	0	f	f	f	f	f	2024-03-01			0			f	\N	0	4	0	44	444	44	f	f		89.6	49.6	49.5	Alto	0	0
159	47	Feminino	44	178	0	44	125	0	0	0	\N	t	0	f	f	f	f	f	2024-03-09			0			f	\N	0	44	0	445	126	68	f	f		69.5	130	13	Alto	0	0
164	47	Feminino	44	178	0	44	125	0	0	0	\N	t	0	f	f	f	f	f	2024-03-10			0			f	\N	0	44	0	445	126	68	f	f		69.66	122	11.4	Alto	0	0
171	88	Feminino	98	175	0	144	147	0	0	0	\N	t	0	f	f	f	f	f	2024-03-12			0			f	\N	0	4	0	123	145	165	f	f		68.6	20	13	Alto	0	0
176	64	Feminino	66.2	153	0	130	235	0	0	0	\N	t	0	f	f	f	f	f	2024-03-12			0			f	\N	0	0	0	5.1	115	368	f	f		68.3	0	0	Alto	0	0
350	51	Masculino	76.5	169	0	144	144	0	0	0	\N	t	0	f	f	f	f	f	2024-04-16			0			f	\N	0	1	0	4.3	69	209	f	f		0	41	5.9	No se sabe	0	0
191	40	Feminino	84.5	148	1	122	0	0	0	3	smoking	f	0	t	f	f	f	t	2024-03-13		 Teve "micro-AVC" h 8 anos \r\n\r\nPresso Diastlica: 76	3		relatorio_risk_word/Risco_Cardiovascular_PatrciaSofiaSilvrioDiasa5fa8db432.docx	t	347	PID00000	0	76	0	0	0	f	t		0	34	5.3	Moderado	0	0
526	45	Masculino	97.1	173	0	120	0	0	0	3	nonSmoking	f	0	f	f	f	f	t	2024-05-26		 Distlica - 72	3		relatorio_risk_word/Risco_Cardiovascular_DavidJosFavinhaMartins74348f3541.docx	t	695	0	0	71	0	0	0	f	f		0	39	5.7	Alto	PID00422	0
116	64	Feminino	66.2	153	1	130	235	46	189	4	nonSmoking	f	0	f	f	f	f	f	2023-10-11		 Falta realizar o questionrio  	5		relatorio_risk_word/Risco_Cardiovascular_AnaIsabelPeixe-ReiBrito2feec0dd0a.docx	t	257	PID00355	0	78	5.1	115	368	f	f	teste	68.3	0	0	Alto	0	0
196	18	Masculino	66.6	177	1	123	0	0	0	3	nonSmoking	t	0	f	f	f	f	t	2024-03-13		 Nada (hiperactividade)\r\nPresso Arterial Diastlica: 60	0		relatorio_risk_word/Risco_Cardiovascular_AntnioMiguelLaneiroBajucae565601360.docx	t	355	PID00380	1	82	0	0	0	f	t		0	28	4.7	Baixo	0	0
141	73	Feminino	98	175	1	144	147	179	158	4	smoking	t	4	t	t	t	f	f	2024-02-12		 teste	19		relatorio_risk_word/Risco_Cardiovascular_MariaCarmen531d9b5d58.docx	t	322	pid888	8	144	147	147	147	f	f	0	0	0	0	Alto	0	0
216	45	Feminino	97	160	1	107	0	0	0	3	nonSmoking	f	0	f	f	f	f	t	2024-03-13		Diastlica: 73	1		relatorio_risk_word/Risco_Cardiovascular_CludiaMariaSanchesLandim3bf80c6a7a.docx	t	364	PID00099	3	84	0	0	0	f	f		0	37	5.5	Baixo	0	0
181	47	Feminino	85	175	1	44	175	101	122	3	smoking	t	4	t	t	f	f	t	2024-03-13		 teste  	0		relatorio_risk_word/Risco_Cardiovascular_MichelleBatistaDias5953a6b873.docx	t	341	pid984	4	44	98	142	100	f	t	teste 2	68.3	20	4	Moderado	0	0
186	48	Masculino	75	174	0	45	174	0	0	0	\N	t	0	f	f	f	f	f	2024-03-13			0			f	\N	0	4	0	444	147	147	f	f		68	21	13	Alto	0	0
221	20	Masculino	100	185	1	131	0	0	0	3	nonSmoking	f	0	f	f	f	f	f	2024-03-13		 Diastlica: 66	0		relatorio_risk_word/Risco_Cardiovascular_EdmundoMiguelHortaBota1394227e0f.docx	t	376	PID00102	4	74	0	0	0	f	f		0	35	5.4	Baixo	0	0
227	71	Feminino	82.4	167	1	139	187	56	106	3	nonSmoking	f	0	f	f	f	f	f	2024-03-14		 Diastlica: 77 	9		relatorio_risk_word/Risco_Cardiovascular_MariaOdeteMartinsMadeirad47f365a7d.docx	t	386	PID00056	0	67	7.8	108	389	f	f		0	0	0	Moderado	0	0
232	66	Masculino	0	167	0	117	165	0	0	0	\N	t	0	f	f	f	f	f	2024-03-14			0			f	\N	0	0	0	4.4	108	99	f	f		0	0	0	Alto	0	0
237	0	Feminino	88.4	153	0	136	158	0	0	0	\N	t	0	f	f	f	f	f	2024-03-14			0			f	\N	0	0	0	2.4	24	344	f	f		0	0	0	Alto	0	0
252	69	Feminino	106	159	1	122	173	57	117	3	smoking	f	0	f	f	f	f	f	2024-03-14		 Diastlica: 71 	10		relatorio_risk_word/Risco_Cardiovascular_MariaJosdeJesusGonalves0ad20ad278.docx	t	400	PID00108	0	78	3.1	79	189	f	f		0	41	5.9	Moderado	0	0
247	65	Masculino	78.4	174	1	118	98	31	67	3	smoking	t	15	f	f	f	f	f	2024-03-14		 Diastlica: 77 	12		relatorio_risk_word/Risco_Cardiovascular_ManuelJosdeOliveiraGomes9822732839.docx	t	395	PID00393/95	0	96	3.2	32	177	f	f		0	46	6.4	Moderado	0	0
242	78	Masculino	87	170	1	187	108	36	72	3	nonSmoking	f	0	f	f	f	f	f	2024-03-14		 Diastlica: 65  	0		relatorio_risk_word/Risco_Cardiovascular_JoaquimDionisioa90a5a7140.docx	t	393	PID00110	0	68	3	51	106	f	f		0	38	5.6	Moderado	0	0
262	57	Masculino	82	186	0	144	121	0	0	0	\N	t	0	f	f	f	f	f	2024-03-14			0			f	\N	0	0	0	4.4	67	137	f	f		0	0	0	Alto	0	0
267	56	Feminino	65.9	150	0	140	140	0	0	0	\N	t	0	f	f	f	f	f	2024-03-14			0			f	\N	0	0	0	7.9	0	426	f	f		0	0	0	Alto	0	0
272	82	Masculino	50.4	0	1	109	172	35	137	3	nonSmoking	f	0	f	f	f	f	f	2024-03-14		 Diastlica: 56	22		relatorio_risk_word/Risco_Cardiovascular_MrioNicolauPereiraCaetanod423513dd5.docx	t	416	PID00342	0	62	4.9	88	244	f	f		0	0	0	Baixo	0	0
281	47	Masculino	126.6	177	0	172	132	0	0	0	\N	t	0	f	f	f	f	f	2024-03-14			0			f	\N	0	0	0	2.6	36	225	f	f		0	0	0	Alto	0	0
276	55	Masculino	0	0	1	0	208	0	0	3	nonSmoking	t	0	f	f	f	f	f	2024-03-14		Encefalite com sequelas \r\nTG: "Outlier" 	0		relatorio_risk_word/Risco_Cardiovascular_OtvioJosVarguesdaSilva51cfe3abe9.docx	t	425	PID00409	0	0	0	0	0	t	f		0	70	8.5	Alto	0	0
289	47	Masculino	126.6	177	0	172	132	0	0	0	\N	t	0	f	f	f	f	f	2024-03-14			0			f	\N	0	0	0	2.6	36	225	f	f		0	41	5.9	Alto	0	0
144	73	Feminino	85	174	1	144	475	444	444	6	nonSmoking	t	4	f	f	f	f	f	2024-02-27		 aa     	12		relatorio_risk_word/Risco_Cardiovascular_MariaCarmenf895a5e083.docx	t	331	pid888	4	144	44	444	444	f	f	0	0	0	0	Alto	0	0
143	50	Feminino	85	174	1	140	148	144	144	3	nonSmoking	t	4	t	f	f	t	t	2024-02-23		 Teste           	3		relatorio_risk_word/Risco_Cardiovascular_AlexandradoCarmoFarinhaTes83971fb134.docx	t	316	PID965	4	140	125	144	0	f	f	0	0	0	0	Alto	0	0
51	43	Feminino	65.7	162	1	109	167	69	98	3	nonSmoking	f	0	f	f	f	f	f	2023-09-22		 Falta fazer o Questionrio  	1		relatorio_risk_word/Risco_Cardiovascular_CladiaCristinaOliveiraFernandes8ef794b3d7.docx	t	188	PID00073	0	99	2	83	74	f	f		0	0	0	Alto	0	0
56	54	Masculino	67.5	169	1	138	254	51	204	5	nonSmoking	f	0	f	f	f	f	f	2023-09-23		 Falta realizar o questionrio,	5		relatorio_risk_word/Risco_Cardiovascular_LuisManuelNevesPardalf2f5ad1fe1.docx	t	196	PID00070	0	66	5	180	116	f	f		0	0	0	Alto	0	0
57	46	Feminino	71.5	152	1	128	223	57	166	4	nonSmoking	f	0	f	f	f	f	f	2023-09-23		 Falta realizar o questionrio,	2		relatorio_risk_word/Risco_Cardiovascular_TelmaNobreMartins63e9bc3bc9.docx	t	197	PID00066	0	104	3.9	122	220	f	f		0	0	0	Alto	0	0
53	45	Feminino	69.6	167	1	127	169	66	103	3	nonSmoking	f	0	f	f	f	f	f	2023-09-23		  Falta realizar o questionrio	2		relatorio_risk_word/Risco_Cardiovascular_FernandaMargaridaValenteMendonaf154aa8f68.docx	t	193	PID00072	0	62	2.6	68	174	f	f		0	0	0	Alto	0	0
58	47	Feminino	40.4	156	1	114	182	61	121	3	nonSmoking	f	0	f	f	f	f	f	2023-09-23		 Falta realizar o questionrio  	1		relatorio_risk_word/Risco_Cardiovascular_AnaPachillerdaRochaecea3c2649.docx	t	198	PID00067	0	112	3	85	181	f	f		0	0	0	Alto	0	0
61	44	Masculino	105.5	179	1	123	129	35	93	3	nonSmoking	f	0	f	f	f	f	f	2023-09-23		Falta preencher o questionrio, 	2		relatorio_risk_word/Risco_Cardiovascular_IranNeiraOliveira6c3bca0197.docx	t	201	PID00353	0	81	0	68	127	f	f		0	0	0	Alto	0	0
73	52	Feminino	77.8	165	1	141	181	42	139	3	nonSmoking	f	0	f	f	f	f	f	2023-10-03		 Falta realizar o questionrio,	3		relatorio_risk_word/Risco_Cardiovascular_AmliaRosa49839bc6cc.docx	t	213	PID00347	0	98	4.3	102	185	f	f		0	0	0	Alto	0	0
62	45	Masculino	78.2	167	1	120	189	48	141	3	nonSmoking	f	0	f	f	f	f	f	2023-09-23		Falta realizar o questionario	3		relatorio_risk_word/Risco_Cardiovascular_JosInacioVitorinoRamosMendesa7a4f643df.docx	t	202	PID000350	0	56	39	116	124	f	f		0	0	0	Alto	0	0
55	47	Feminino	100.4	167	1	161	178	51	127	3	nonSmoking	f	0	f	f	f	f	f	2023-09-23		 Falta realizar o questionrio	3		relatorio_risk_word/Risco_Cardiovascular_VandaJesusPiedadeAndradee5d6d8c598.docx	t	195	PID00069	0	78	3.5	107	100	f	f		0	0	0	Alto	0	0
66	62	Masculino	81.3	171	1	137	184	40	145	3	nonSmoking	f	0	f	f	f	f	f	2023-09-23		 Falta realizar o questionrio,	7		relatorio_risk_word/Risco_Cardiovascular_JosLuisIriaRofino4b16853224.docx	t	206	PID00081	0	88	4.6	93	257	f	f		0	0	0	Alto	0	0
63	22	Masculino	70.7	162	1	115	221	26	195	4	nonSmoking	f	0	f	f	f	f	f	2023-09-23		 Falta realizar o questionrio,	0		relatorio_risk_word/Risco_Cardiovascular_JooManuelRosaChapimd8ed6fe65a.docx	t	203	PID00079	0	80	8.5	128	335	f	f		0	0	0	Alto	0	0
60	47	Masculino	98.3	170	1	148	221	69	152	4	nonSmoking	f	0	f	f	f	f	f	2023-09-23		Falta realizar o questionrio  	5		relatorio_risk_word/Risco_Cardiovascular_JorgeAlmaBrsDiase03c2ca954.docx	t	200	PID000349	0	61	3.2	127	125	f	f		0	0	0	Alto	0	0
535	32	Masculino	53.7	171	0	129	212	41	170	4	nonSmoking	t	0	f	f	f	f	f	2024-05-26		 	0		relatorio_risk_word/Risco_Cardiovascular_FbioHenriquedeOliveira41ad74e0eb.docx	t	706	PID00405	0	82	5.1	144	135	f	t		0	42	6	Baixo	0	0
65	43	Feminino	65.7	162	1	109	167	69	98	3	nonSmoking	f	0	f	f	f	f	f	2023-09-23		 Falta preencher o questionrio,	1		relatorio_risk_word/Risco_Cardiovascular_CladiaCristinaOliveiraFernandesa824323d4b.docx	t	204	PID00073	0	99	2.4	83	74	f	f		0	0	0	Alto	0	0
67	59	Masculino	101.2	177	1	146	133	32	101	3	nonSmoking	f	0	f	f	f	f	f	2023-09-23		 Falta preencher o questionrio,	7		relatorio_risk_word/Risco_Cardiovascular_AntonioLuisBritoSantosSousa1b18407312.docx	t	207	PID00074	0	86	4.2	82	100	f	f		0	0	0	Alto	0	0
69	46	Feminino	67.3	155	1	103	257	41	216	5	nonSmoking	f	0	f	f	f	f	f	2023-10-02		 Falta realizar o questionrio	1		relatorio_risk_word/Risco_Cardiovascular_MichelleBatistaDiase9280dba8f.docx	t	209	PID00068	0	70	6.2	171	223	f	f		0	0	0	Alto	0	0
72	64	Feminino	98.3	170	1	148	221	69	152	4	nonSmoking	f	0	f	f	f	f	f	2023-10-02		 Falta realizar o questionrio	6		relatorio_risk_word/Risco_Cardiovascular_JosefaMariaBrsDias0e97c1be45.docx	t	212	PID000349	0	61	3.2	127	125	f	f		0	0	0	Alto	0	0
70	56	Feminino	74	159	1	141	219	51	168	4	nonSmoking	f	0	f	f	f	f	f	2023-10-02		 Falta realizar o questionrio	4		relatorio_risk_word/Risco_Cardiovascular_VandadeFreitasFerroPaixo6f912898bd.docx	t	210	PID00351	0	79	4.3	119	243	f	f		0	0	0	Alto	0	0
71	47	Feminino	96.5	160	1	138	214	49	165	4	nonSmoking	f	0	f	f	f	f	f	2023-10-02		 Falta realizar o questionrio	2		relatorio_risk_word/Risco_Cardiovascular_AnaCristinaBandeiradoNascimentoAlvesFres485207d99d.docx	t	211	PID00065	0	53	4.4	121	221	f	f		0	0	0	Alto	0	0
527	44	Masculino	74.9	161	0	134	0	0	0	3	smoking	t	0	f	f	f	f	t	2024-05-26		 	4		relatorio_risk_word/Risco_Cardiovascular_DavidMartinsFernandes5f9177a242.docx	t	697	0	0	101	0	0	0	f	t		0	34	5.2	Elevado	PID00120	0
74	74	Masculino	69.9	165	1	144	117	43	74	3	nonSmoking	f	0	f	f	f	f	f	2023-10-03		 Asmal Almancil	15		relatorio_risk_word/Risco_Cardiovascular_AntonioJose7ab265fb0f.docx	t	214	PID00348	0	104	2.7	55	95	f	f		0	0	0	Alto	0	0
75	60	Feminino	110.2	165	1	126	146	44	102	3	nonSmoking	f	0	f	f	f	f	f	2023-10-03		 ASMAL ALMANCIL	5		relatorio_risk_word/Risco_Cardiovascular_DanielaDomingos51f7d4ccac.docx	t	215	PID00061	0	95	33	74	143	f	f		0	0	0	Alto	0	0
76	65	Masculino	65	165	1	65	165	38	127	3	nonSmoking	f	0	f	f	f	f	f	2023-10-03		 ASMAL ALMANCIL	0		relatorio_risk_word/Risco_Cardiovascular_ManuelFelisberto5ffc0e71db.docx	t	216	PID00063	0	0	4.4	108	99	f	f		0	0	0	Alto	0	0
77	64	Masculino	73.7	165	1	114	78	25	53	3	nonSmoking	f	0	f	f	f	f	f	2023-10-03		 ASMAL ALMANCIL	6		relatorio_risk_word/Risco_Cardiovascular_ManuelGomes03e7f6f2b0.docx	t	217	PID00054	0	104	3.1	22	155	f	f		0	0	0	Alto	0	0
78	67	Masculino	65	165	1	110	178	47	131	3	nonSmoking	f	0	f	f	f	f	f	2023-10-04		 ALMANCIL	8		relatorio_risk_word/Risco_Cardiovascular_EdmundoHelena205ef69b74.docx	t	218	PID00057	0	80	3.8	99	159	f	f		0	0	0	Alto	0	0
86	81	Masculino	50.4	165	1	109	172	35	137	3	nonSmoking	f	0	f	f	f	f	f	2023-10-04		 Falta realizar o questionario ALMANCIL\r\nNAO APRESENTA ALTURA	22		relatorio_risk_word/Risco_Cardiovascular_MrioNicolauPereiraCaetano3f35b927c7.docx	t	226	PID00342	0	62	4.9	88	244	f	f		0	0	0	Alto	0	0
80	77	Masculino	88.3	165	1	130	116	41	76	3	nonSmoking	f	0	f	f	f	f	f	2023-10-04		Falta realizar o questionario	17		relatorio_risk_word/Risco_Cardiovascular_JoaquimDionisiobfced230e3.docx	t	220	PID00058	0	67	2.8	53	112	f	f		0	0	0	Alto	0	0
81	0	Masculino	66.2	165	1	109	259	51	208	5	nonSmoking	f	0	f	f	f	f	f	2023-10-04		 Falta realizar o questionario	0		relatorio_risk_word/Risco_Cardiovascular_NunoJos5d6b4ddbb5.docx	t	221	PID00055	0	88	5.1	171	186	f	f		0	0	0	Alto	0	0
82	0	Masculino	83.7	165	1	61	162	66	96	3	nonSmoking	f	0	f	f	f	f	f	2023-10-04		 Falta realizar o questionario Nao tem altura 	0		relatorio_risk_word/Risco_Cardiovascular_SilvenoGraab59cabfbce.docx	t	222	PID00343	0	144	2.5	47	242	f	f		0	0	0	Alto	0	0
90	0	Masculino	90.1	176	1	90	197	36	163	4	nonSmoking	f	0	f	f	f	f	f	2023-10-04		 Falta realizar o questionario ALGARVE	0		relatorio_risk_word/Risco_Cardiovascular_NunoMiguelPeresSantos3a38606942.docx	t	230	PID00076	0	120	56	134	136	f	f		0	0	0	Alto	0	0
83	70	Masculino	67.5	165	1	121	135	33	102	3	nonSmoking	f	0	f	f	f	f	f	2023-10-04		 Falta realizar o questionario, falta a altura ALMANCIL	12		relatorio_risk_word/Risco_Cardiovascular_VitorSemio17a13da6d1.docx	t	223	PID00059	0	91	41	86	80	f	f		0	0	0	Alto	0	0
84	70	Feminino	82.4	165	1	139	187	56	132	3	nonSmoking	f	0	f	f	f	f	f	2023-10-04		 Falta realizar o questionario Sem altura	9		relatorio_risk_word/Risco_Cardiovascular_MariaOdeteMartinsMadeira7cb6be34aa.docx	t	224	PID00056	0	67	3.4	108	117	f	f		0	0	0	Alto	0	0
85	0	Feminino	61.5	165	1	85	121	16	106	3	nonSmoking	f	0	f	f	f	f	f	2023-10-04		 Falta realizar o questionario ALMANCIL FALTA A ALTURA	0		relatorio_risk_word/Risco_Cardiovascular_MariadoRosrioNunesMimoso2028c118a0.docx	t	225	PID00340	0	120	7.8	28	389	f	f		0	0	0	Alto	0	0
87	0	Feminino	88.4	165	1	136	176	47	129	3	nonSmoking	f	0	f	f	f	f	f	2023-10-04		 Falta realizar o questionario /nao tem altura 	0		relatorio_risk_word/Risco_Cardiovascular_MariaErmelindadeS54a677903e.docx	t	227	PID00062	0	77	3.7	97	164	f	f		0	0	0	Alto	0	0
91	0	Feminino	79.1	165	1	150	180	55	125	3	nonSmoking	f	0	f	f	f	f	f	2023-10-04		 Falta realizar o questionario ALGARVE	0		relatorio_risk_word/Risco_Cardiovascular_VaniaIsabeldosSantosMatos69ba9b0869.docx	t	231	PID00077	0	89	3.3	98	136	f	f		0	0	0	Alto	0	0
88	0	Feminino	110.2	165	1	124	176	47	129	3	nonSmoking	f	0	f	f	f	f	f	2023-10-04		 Falta realizar o questionario, NAO TEM ALTURA ALMANCIL	0		relatorio_risk_word/Risco_Cardiovascular_MariaJosdeJesusGonalves6b3da0bd36.docx	t	228	PID00062	0	65	3.7	97	164	f	f		0	0	0	Alto	0	0
89	0	Feminino	73.6	165	1	152	204	43	161	4	nonSmoking	f	0	f	f	f	f	f	2023-10-04		 Falta realizar o questionario ALMANCIL NAO TEM ALTURA	0		relatorio_risk_word/Risco_Cardiovascular_MadalenaBairroArz6ed8ee72c7.docx	t	229	PID00346	0	96	4.7	137	117	f	f		0	0	0	Alto	0	0
92	56	Masculino	84.3	163	1	108	179	45	134	3	nonSmoking	f	0	f	f	f	f	f	2023-10-04		 Falta realizar o questionario ALGARVE	4		relatorio_risk_word/Risco_Cardiovascular_JosCarruscaCompton35f22f0b5c.docx	t	232	PID00078	0	92	4	80	274	f	f		0	0	0	Alto	0	0
97	0	Feminino	54.3	166	1	98	302	88	214	5	nonSmoking	f	0	f	f	f	f	f	2023-10-04		 Falta realizar o questionario, ALGARVE	0		relatorio_risk_word/Risco_Cardiovascular_HelenaJohannaZixennis25c8a16385.docx	t	237	PID00357	0	79	3.4	171	213	f	f		0	0	0	Alto	0	0
94	0	Feminino	65.4	162	1	146	116	48	68	3	nonSmoking	f	0	f	f	f	f	f	2023-10-04		 Falta realizar o questionrio // ALGARVE	0		relatorio_risk_word/Risco_Cardiovascular_SusanaGonalvesDias88055d5ff1.docx	t	234	PID00363	0	76	2.4	23	228	f	f		0	0	0	Alto	0	0
149	47	Feminino	98	178	0	44	444	0	0	0	\N	t	0	f	f	f	f	f	2024-03-01			0			f	\N	0	4	0	44	444	44	f	f		44	44	44	Alto	0	0
356	55	Masculino	81.6	168	0	165	217	0	0	0	\N	t	0	f	f	f	f	f	2024-04-16			0			f	\N	0	1	0	3.1	129	88	f	f		0	35	5.3	No se sabe	0	0
96	0	Feminino	70.2	154	1	125	258	61	197	4	nonSmoking	f	0	f	f	f	f	f	2023-10-04		 ALGARVE\r\nFalta realizar o questionario	0		relatorio_risk_word/Risco_Cardiovascular_ManuelaAntonio8331a3b969.docx	t	236	PID00361	0	74	4.2	150	237	f	f		0	0	0	Alto	0	0
95	48	Feminino	120.9	169	1	143	145	28	116	3	nonSmoking	f	0	f	f	f	f	f	2023-10-04		 FALTA REALIZAR O QUESTIONRIO// ALGARVE	2		relatorio_risk_word/Risco_Cardiovascular_SilviaCristinaAmaroAdanjaccc28b88e3.docx	t	235	PID00360	0	85	5.1	59	290	f	f		0	0	0	Alto	0	0
98	0	Feminino	77.5	162	1	11	195	51	144	3	nonSmoking	f	0	f	f	f	f	f	2023-10-04		 falta realizar o questionrio / ALGARVE	0		relatorio_risk_word/Risco_Cardiovascular_LeiladeSousac6721eebbd.docx	t	239	PID00359	0	87	38	81	316	f	f		0	0	0	Alto	0	0
99	65	Masculino	75	170	1	134	223	46	177	4	nonSmoking	f	0	f	f	f	f	f	2023-10-08		 Falta realizar o questionrio,	11		relatorio_risk_word/Risco_Cardiovascular_JosAntonioDaSilvaAlmeidaa77d2af932.docx	t	240	PID00356	0	78	4.9	107	351	f	f		0	0	0	Alto	0	0
101	0	Masculino	93.2	169	1	121	212	36	176	4	nonSmoking	f	0	f	f	f	f	f	2023-10-08		  Falta realizar o questionrio,	0		relatorio_risk_word/Risco_Cardiovascular_AntonioJosJesusSantos5f9906b3e2.docx	t	242	PID00358	0	79	5.8	117	296	f	f		0	0	0	Alto	0	0
109	0	Masculino	83.7	165	1	144	162	66	96	3	nonSmoking	f	0	f	f	f	f	f	2023-10-08		   Falta realizar o questionrio,\r\nFalta a altura,	0		relatorio_risk_word/Risco_Cardiovascular_SilvenoGraa568fcef920.docx	t	250	PID00343	0	61	2.5	47	242	f	f		0	0	0	Alto	0	0
102	0	Feminino	70.2	154	1	125	258	61	197	4	nonSmoking	f	0	f	f	f	f	f	2023-10-08		  Falta realizar o questionrio,	0		relatorio_risk_word/Risco_Cardiovascular_ManuelaAntonio62b09bddfc.docx	t	243	PID00361	0	74	4.2	150	237	f	f		0	0	0	Alto	0	0
114	64	Feminino	98.3	170	1	148	221	69	152	4	nonSmoking	f	0	f	f	f	f	f	2023-10-08		   Falta realizar o questionrio,	6		relatorio_risk_word/Risco_Cardiovascular_JosefaMariaBrsDias4f0d86b922.docx	t	255	PID000349	0	61	3.2	127	125	f	f		0	0	0	Alto	0	0
104	56	Masculino	84.3	163	1	108	179	45	134	3	nonSmoking	f	0	f	f	f	f	f	2023-10-08		  Falta realizar o questionrio,	4		relatorio_risk_word/Risco_Cardiovascular_JosCarruscaCompton1c5ecc1e6e.docx	t	245	PID00078	0	92	4	80	274	f	f		0	0	0	Alto	0	0
110	77	Masculino	88.3	165	1	130	116	41	76	3	nonSmoking	f	0	f	f	f	f	f	2023-10-08		   Falta realizar o questionrio,\r\nFalta a altura,	17		relatorio_risk_word/Risco_Cardiovascular_JoaquimDionisio8e38fba141.docx	t	251	PID00058	0	67	2.8	53	112	f	f		0	0	0	Alto	0	0
105	0	Masculino	90.1	176	1	120	197	36	162	4	nonSmoking	f	0	f	f	f	f	f	2023-10-08		  Falta realizar o questionrio,	0		relatorio_risk_word/Risco_Cardiovascular_NunoMiguelPeresSantosee314ed088.docx	t	246	PID00076	0	90	56	134	136	f	f		0	0	0	Alto	0	0
106	0	Feminino	110.2	165	1	124	176	47	129	3	nonSmoking	f	0	f	f	f	f	f	2023-10-08		 Falta a altura\r\n Falta realizar o questionrio,	0		relatorio_risk_word/Risco_Cardiovascular_MariaJosdeJesusGonalves247e20a716.docx	t	247	PID00062	0	65	3.7	97	164	f	f		0	0	0	Alto	0	0
107	81	Masculino	50.4	165	1	109	172	35	137	3	nonSmoking	f	0	f	f	f	f	f	2023-10-08		  Falta realizar o questionrio,\r\nFalta a altura,	22		relatorio_risk_word/Risco_Cardiovascular_MrioNicolauPereiraCaetano44ca0018af.docx	t	248	PID00342	0	62	4.9	88	244	f	f		0	0	0	Alto	0	0
111	67	Masculino	80	165	1	110	178	47	131	3	nonSmoking	f	0	f	f	f	f	f	2023-10-08		   Falta realizar o questionrio,\r\nFalta a altura,\r\nFalta o peso	8		relatorio_risk_word/Risco_Cardiovascular_EdmundoHelena3fdf295d73.docx	t	252	PID00057	0	80	3.8	99	159	f	f		0	0	0	Alto	0	0
108	70	Feminino	82.4	165	1	139	187	56	132	3	nonSmoking	f	0	f	f	f	f	f	2023-10-08		   Falta realizar o questionrio,\r\nFalta a altura,	9		relatorio_risk_word/Risco_Cardiovascular_MariaOdeteMartinsMadeiraa92b4989e0.docx	t	249	PID00056	0	67	3.4	108	117	f	f		0	0	0	Alto	0	0
115	56	Feminino	74	159	1	141	219	51	168	4	nonSmoking	f	0	f	f	f	f	f	2023-10-08		Falta realizar o questionrio,	4		relatorio_risk_word/Risco_Cardiovascular_VandadeFreitasFerroPaixo94c7eab291.docx	t	256	PID00351	0	79	4.3	119	243	f	f		0	0	0	Alto	0	0
112	65	Masculino	85	165	1	117	165	38	127	3	nonSmoking	f	0	f	f	f	f	f	2023-10-08		   Falta realizar o questionrio,\r\nFalta a altura,	8		relatorio_risk_word/Risco_Cardiovascular_ManuelFelisberto25e0c83e42.docx	t	253	PID00063	0	113	4.4	108	99	f	f		0	0	0	Alto	0	0
113	74	Masculino	69.9	165	1	144	117	43	74	3	nonSmoking	f	0	f	f	f	f	f	2023-10-08		   Falta realizar o questionrio,\r\nFalta a altura,	15		relatorio_risk_word/Risco_Cardiovascular_AntonioJose8d59fcf435.docx	t	254	PID00348	0	104	2.7	55	95	f	f		0	0	0	Alto	0	0
118	0	Feminino	54.3	166	1	98	302	88	214	5	nonSmoking	f	0	f	f	f	f	f	2023-10-11		 Falta realizar o questionario	0		relatorio_risk_word/Risco_Cardiovascular_HelenaJohannaZixennisa66fe7d932.docx	t	259	PID00357	0	79	3.4	171	213	f	f		0	0	0	Alto	0	0
103	0	Feminino	65.4	162	1	135	116	48	68	3	nonSmoking	f	0	f	f	f	f	f	2023-10-08		  Falta realizar o questionrio, 	0		relatorio_risk_word/Risco_Cardiovascular_SusanaGonalvesDiasae85cbb477.docx	t	244	PID00363	0	81	2.4	23	228	f	f		68	22	13	Alto	0	0
100	47	Masculino	125.2	180	1	147	119	52	67	3	nonSmoking	f	0	f	f	f	f	f	2023-10-08		 Falta realizar o questionrio,   	4		relatorio_risk_word/Risco_Cardiovascular_NunoAlvaroRodriguesLoureno673b47c20f.docx	t	241	PID00354	0	85	2.3	21	228	f	f	teste	0	0	0	Alto	0	0
561	62	Masculino	60.6	172	0	125	122	0	0	0	\N	t	0	f	f	f	f	f	2024-05-27			0			f	\N	0	3	0	2.7	50	134	f	f		0	47	6.5	No se sabe	0	0
566	45	Masculino	64.2	166	0	107	167	0	0	0	\N	t	0	f	f	f	f	f	2024-05-27			0			f	\N	0	3	0	2.4	82	84	f	f		0	33	5.2	No se sabe	0	0
117	0	Feminino	71.5	162	1	111	195	51	144	3	nonSmoking	f	0	f	f	f	f	f	2023-10-11		 Falta realizar o questionrio	0		relatorio_risk_word/Risco_Cardiovascular_LeiladeSousaed276a43b2.docx	t	258	PID00359	0	87	38	81	316	f	f		0	0	0	Alto	0	0
120	45	Masculino	70	165	1	146	171	34	137	3	nonSmoking	f	0	f	f	f	f	f	2023-10-11		 Falta realizar o questionrio\r\nN tem altura nem peso (default)	4		relatorio_risk_word/Risco_Cardiovascular_MarioRafaelRodriguesSilva4686123285.docx	t	261	PID00082	0	76	5	108	141	f	f		0	0	0	Alto	0	0
119	48	Feminino	120.9	169	1	143	145	28	116	3	nonSmoking	f	0	f	f	f	f	f	2023-10-11		 Falta realizar o questionario	2		relatorio_risk_word/Risco_Cardiovascular_SilviaCristinaAmaroAdanja612a1c5b49.docx	t	260	PID00360	0	85	5.1	59	290	f	f		0	0	0	Alto	0	0
121	0	Feminino	79.1	165	1	150	180	55	125	3	nonSmoking	f	0	f	f	f	f	f	2023-10-11		 Falta realizar o questionrio	0		relatorio_risk_word/Risco_Cardiovascular_VaniaIsabeldosSantosMatosd4b265e7bb.docx	t	262	PID00077	0	89	3.3	98	136	f	f		0	0	0	Alto	0	0
122	0	Feminino	73.6	165	1	152	204	43	161	4	nonSmoking	f	0	f	f	f	f	f	2023-10-11		  Falta realizar o questionrio	0		relatorio_risk_word/Risco_Cardiovascular_MadalenaBairroArz8c1cc428a2.docx	t	263	PID000346	0	96	4.7	137	117	f	f		0	0	0	Alto	0	0
123	0	Feminino	88.4	165	1	136	158	65	93	3	nonSmoking	f	0	f	f	f	f	f	2023-10-11		  Falta realizar o questionrio	0		relatorio_risk_word/Risco_Cardiovascular_MariaErmelindadeSe69c63eafe.docx	t	264	PID00060	0	77	2.4	24	344	f	f		0	0	0	Alto	0	0
124	0	Feminino	61.5	0	1	120	121	16	106	3	nonSmoking	f	0	f	f	f	f	f	2023-10-11		  Falta realizar o questionrio	0		relatorio_risk_word/Risco_Cardiovascular_MariadoRosrioNunesMimoso7e1f03f35e.docx	t	265	PID00340	0	85	7.8	28	389	f	f		0	0	0	Alto	0	0
125	70	Masculino	67.5	165	1	121	135	33	102	3	nonSmoking	f	0	f	f	f	f	f	2023-10-11		  Falta realizar o questionrio\r\nNao tem altura\r\n	12		relatorio_risk_word/Risco_Cardiovascular_VitorSemio7b96fca65a.docx	t	266	PID00059	0	91	4.1	86	80	f	f		0	0	0	Alto	0	0
338	54	Feminino	41.2	136	0	149	0	0	0	0	\N	t	0	f	f	f	f	f	2024-04-16			0			f	\N	0	1	0	0	0	0	f	f		0	0	0	No se sabe	0	0
133	70	Masculino	80	172	1	142	100	48	53	3	smoking	f	0	f	f	f	f	f	2023-10-19		 O utente no sabe se tem histrico sobre Hipercolesterolemia familiar,	23		relatorio_risk_word/Risco_Cardiovascular_MiguelNunoDiasMorbey743bf74f37.docx	t	286	PID00084	2	79	2.1	29	119	f	f		0	0	0	Alto	0	0
127	57	Masculino	98	165	1	144	121	27	94	3	nonSmoking	f	0	f	f	f	f	f	2023-10-11		  Falta realizar o questionrio\r\nFALTA A ALTURA	7		relatorio_risk_word/Risco_Cardiovascular_FranciscoSantose9dc70c0b1.docx	t	268	PID00345	0	82	4.4	67	137	f	f		0	0	0	Alto	0	0
128	64	Masculino	73.7	175	1	114	78	25	53	3	nonSmoking	f	0	f	f	f	f	f	2023-10-11		   Falta realizar o questionrio\r\nFALTA A ALTURA	6		relatorio_risk_word/Risco_Cardiovascular_ManuelGomes6a358db4b8.docx	t	270	PID00054	0	104	3.1	22	155	f	f		0	0	0	Alto	0	0
140	56	Masculino	12	123	1	122	2121	2121	2121	6	nonSmoking	f	4	f	f	f	f	f	2023-12-18		 222        	7		relatorio_risk_word/Risco_Cardiovascular_ElisabeteTeresaDeArajoCostadosSantosSaldanha9_i9Q6aTR.docx	t	314	22121	2	2221	1221	2121	2121	f	f		0	0	0	Alto	0	0
129	60	Feminino	110.2	165	1	126	146	44	102	3	nonSmoking	f	0	f	f	f	f	f	2023-10-11		   Falta realizar o questionrio\r\nFALTA A ALTURA	5		relatorio_risk_word/Risco_Cardiovascular_DanielaDomingosfab9cb91ae.docx	t	271	PID00061	0	95	33	74	143	f	f		0	0	0	Alto	0	0
134	56	Masculino	84.3	163	1	119	232	55	177	4	nonSmoking	t	0	f	f	f	f	f	2023-10-20		No foi fornecido os anos relacionado aos diabetes, 	5		relatorio_risk_word/Risco_Cardiovascular_ElisabeteTeresaDeArajoCostadosSantosSaldanha1_bZnjKOf.docx	t	288	PID00364	3	86	4.2	109	341	f	f		0	0	0	Alto	0	0
130	52	Feminino	77.8	165	1	141	181	42	139	3	nonSmoking	f	0	f	f	f	f	f	2023-10-11		   Falta realizar o questionrio\r\nFALTA A ALTURA	3		relatorio_risk_word/Risco_Cardiovascular_AmliaRosa8a5cc9ef1f.docx	t	272	PID00347	0	98	4.3	102	185	f	f		0	0	0	Alto	0	0
131	47	Feminino	96.5	160	1	138	214	49	165	4	nonSmoking	f	0	f	f	f	f	f	2023-10-11		   Falta realizar o questionrio\r\nFALTA A ALTURA	2		relatorio_risk_word/Risco_Cardiovascular_AnaCristinaBandeiradoNascimentoAlvesFresa21ca35254.docx	t	274	PID00065	0	53	4.4	121	221	f	f		0	0	0	Alto	0	0
138	67	Feminino	88.2	150	1	104	167	63	105	3	nonSmoking	f	0	f	f	f	f	f	2023-11-29		 Falta questionrio e o nmero do PAT	5		relatorio_risk_word/Risco_Cardiovascular_AnaMariaCarvalhoVelozdeAlmeida3d8eecd552.docx	t	302	PID00000	0	77	2.7	88	82	f	f		0	0	0	Alto	0	0
132	46	Feminino	67.3	155	1	103	257	41	216	5	nonSmoking	f	0	f	f	f	f	f	2023-10-11		   Falta realizar o questionrio\r\n	1		relatorio_risk_word/Risco_Cardiovascular_MichelleBatistaDias92900a1af9.docx	t	275	PID00068	0	70	6.2	171	223	f	f		0	0	0	Alto	0	0
135	54	Masculino	103.2	174	1	154	131	24	107	3	smoking	f	0	f	f	f	t	f	2023-10-20		Hipercolesterolemia Familiar no sabe,\r\nTem varizes nas pernas,\r\nJ fumou  2 meses,	9		relatorio_risk_word/Risco_Cardiovascular_CarlosRodriguescc59eb790f.docx	t	289	PID00365	4	66	5.5	40	335	f	f		0	0	0	Alto	0	0
136	24	Masculino	66	6	1	104	5	4	4	3	nonSmoking	f	5	f	f	f	f	f	2023-11-24		 	0		relatorio_risk_word/Risco_Cardiovascular_PabloEscobar6b557eeff4.docx	t	300	PID00000	3	55546	0.4	5	0	f	f		0	0	0	Alto	0	0
137	62	Masculino	60	163	1	109	223	66	157	4	nonSmoking	f	0	f	f	f	f	t	2023-11-26		 	7		relatorio_risk_word/Risco_Cardiovascular_GraaMaria4b463fb2d4.docx	t	301	PID00366	4	57	3.4	102	275	f	f		0	0	0	Alto	0	0
139	54	Masculino	95	170	1	123	196	48	148	3	nonSmoking	f	0	f	f	f	f	f	2023-11-29		  Falta questionrio e o nmero de PAT	4		relatorio_risk_word/Risco_Cardiovascular_TitoEmanuelAguasdeAlmeida6f16e84d96.docx	t	303	PID00000	0	60	4.1	120	140	f	f		0	0	0	Alto	0	0
150	47	Feminino	98	178	0	44	444	0	0	0	\N	t	0	f	f	f	f	f	2024-03-01			0			f	\N	0	4	0	44	444	44	f	f		48.6	44	44	Alto	0	0
155	47	Feminino	98	178	0	44	444	0	0	0	\N	t	0	f	f	f	f	f	2024-03-01			0			f	\N	0	4	0	44	444	44	f	f		89.6	49.6	49.5	Alto	0	0
160	47	Feminino	44	178	0	44	125	0	0	0	\N	t	0	f	f	f	f	f	2024-03-09			0			f	\N	0	44	0	445	126	68	f	f		69.5	130	14	Alto	0	0
165	47	Feminino	44	178	0	44	125	0	0	0	\N	t	0	f	f	f	f	f	2024-03-10			0			f	\N	0	44	0	445	126	68	f	f		69.66	122	11.55	Alto	0	0
339	54	Feminino	41.2	136	0	149	0	0	0	0	\N	t	0	f	f	f	f	f	2024-04-16			0			f	\N	0	1	0	0	0	0	f	f		0	0	0	No se sabe	0	0
217	38	Masculino	84.5	166	1	107	0	0	0	3	nonSmoking	f	0	f	f	f	f	f	2024-03-13		 Diastlica: 70\r\n	0		relatorio_risk_word/Risco_Cardiovascular_JooMiguelGuerreirodaCosta7a843bea52.docx	t	366	PID00383	4	73	0	0	0	f	f		0	35	5.4	Moderado	0	0
172	0	Masculino	95	185	1	144	85	79	82	3	nonSmoking	t	4	f	f	f	f	f	2024-03-12		 aaaa	0		relatorio_risk_word/Risco_Cardiovascular_MiguelNoitea16f4fce33.docx	t	337	PID734	4	154	75	84	83	f	t	aaaaaaaaaaaaaaaa	69	122	12	Baixo	0	0
177	64	Feminino	66.2	153	0	130	235	0	0	0	\N	t	0	f	f	f	f	f	2024-03-12			0			f	\N	0	0	0	5.1	115	368	f	f		68.3	0	0	Alto	0	0
182	47	Feminino	85	175	0	44	175	0	0	0	\N	t	0	f	f	f	f	f	2024-03-13			0			f	\N	0	4	0	98	142	100	f	f		68.3	20	4	Alto	0	0
187	64	Feminino	98	0	1	121	0	0	0	3	smoking	f	0	f	f	f	f	f	2024-03-13		 	8		relatorio_risk_word/Risco_Cardiovascular_JosefaMariaBrsDiasb1bf8c9554.docx	t	340	PID 00372	14	80	0	0	0	f	t		0	37	5.6	Elevado	0	0
192	47	Feminino	42.2	0	1	135	0	0	0	3	smoking	t	0	f	f	f	f	f	2024-03-13		 Presso Arterial Diastlica: 69	3		relatorio_risk_word/Risco_Cardiovascular_AnaPachillerdaRocha5aa569b765.docx	t	317	PID00089	14	90	0	0	0	f	t		0	32	5.1	Baixo	0	0
273	82	Masculino	0	0	1	110	187	46	141	3	nonSmoking	f	0	f	f	f	f	f	2024-03-14		 Cadeirante\r\nDiastlica: 59	22		relatorio_risk_word/Risco_Cardiovascular_MrioNicolauPereiraCaetano428325660b.docx	t	417	PID00118	0	64	4.1	109	159	f	f		0	40	5.8	Baixo	0	0
197	43	Masculino	106	173	1	117	0	0	0	3	smoking	t	0	f	f	f	f	f	2024-03-13		 Bipolar tipo 1, com episdio de esquizofrenia\r\nTem colesterol alto (ambos)\r\nPresso Arterial Diastlica: 71	3		relatorio_risk_word/Risco_Cardiovascular_EnioCaetanoViegasb4b95ea2fe.docx	t	357	PID00097	4	97	0	0	0	f	t		0	36	3.4	Alto	0	0
575	82	Masculino	0	0	0	110	187	0	0	0	\N	t	0	f	f	f	f	f	2024-05-27			0			f	\N	0	0	0	4.1	109	159	f	f		0	40	5.8	No se sabe	0	0
222	25	Masculino	51.5	153	1	94	0	0	0	3	smoking	f	0	f	f	f	f	t	2024-03-13		 Diastlica: 67\r\nvive com os pais, com irm e sobrinha\r\n\r\n	0		relatorio_risk_word/Risco_Cardiovascular_AlexisFranciscoMontesCangolafcfefca3f0.docx	t	378	PID00103	3	60	0	0	0	f	f		0	33	5.2	Moderado	0	0
228	71	Feminino	82.4	167	0	139	187	0	0	0	\N	t	0	f	f	f	f	f	2024-03-14			0			f	\N	0	0	0	7.8	108	389	f	f		0	0	0	Alto	0	0
233	66	Masculino	72.1	167	0	137	168	0	0	0	\N	t	0	f	f	f	f	f	2024-03-14			0			f	\N	0	1	0	4.1	91	182	f	f		0	32	5.1	Alto	0	0
238	0	Feminino	88.4	153	0	136	158	0	0	0	\N	t	0	f	f	f	f	f	2024-03-14			0			f	\N	0	0	0	2.4	24	344	f	f		0	0	0	Alto	0	0
243	78	Masculino	88.3	170	0	144	116	0	0	0	\N	t	0	f	f	f	f	f	2024-03-14			0			f	\N	0	1	0	2.8	53	112	f	f		0	0	0	Alto	0	0
248	65	Masculino	73.7	174	0	114	78	0	0	0	\N	t	0	f	f	f	f	f	2024-03-14			0			f	\N	0	0	0	3.1	22	155	f	f		0	0	0	Alto	0	0
253	69	Feminino	110.2	159	0	124	158	0	0	0	\N	t	0	f	f	f	f	f	2024-03-14			0			f	\N	0	0	0	3.7	97	164	f	f		0	0	0	Alto	0	0
258	61	Feminino	110.2	163	0	126	146	0	0	0	\N	t	0	f	f	f	f	f	2024-03-14			0			f	\N	0	1	0	3.3	74	143	f	f		0	0	0	Alto	0	0
263	57	Masculino	99.3	186	0	118	159	0	0	0	\N	t	0	f	f	f	f	f	2024-03-14			0			f	\N	0	0	0	4.7	94	155	f	f		0	31	5	Alto	0	0
282	55	Masculino	0	0	0	0	208	0	0	0	\N	t	0	f	f	f	f	f	2024-03-14			0			f	\N	0	0	0	0	0	0	f	f		0	70	8.5	Alto	0	0
286	56	Masculino	91.6	173	1	91	178	31	148	3	smoking	f	0	f	f	f	f	f	2024-03-14		 Diastlica: 66  	0		relatorio_risk_word/Risco_Cardiovascular_JosCarruscaConception25b3444956.docx	t	438	PID00414	0	88	5.8	85	314	f	f		0	40	5.8	Alto	0	0
290	50	Masculino	92.1	176	1	115	148	25	123	3	smoking	f	0	f	f	f	f	t	2024-03-14		 Diastlica: 76	5		relatorio_risk_word/Risco_Cardiovascular_NunoMiguelPeresSantos819fbb9e4b.docx	t	440	PID00416	0	89	5.9	90	166	f	f		0	37	5.5	Alto	0	0
268	44	Masculino	74.9	161	1	134	0	0	0	3	smoking	f	0	f	f	f	f	t	2024-03-14		 Diastlica: 71    	4		relatorio_risk_word/Risco_Cardiovascular_DavidMartinsFernandes787ecc7e29.docx	t	411	PID00120	0	101	0	0	0	f	f		0	34	5.2	Elevado	0	0
291	59	Masculino	103.1	175	1	135	136	43	93	3	nonSmoking	f	0	f	f	f	f	t	2024-03-14		 Diastlica: 83	5		relatorio_risk_word/Risco_Cardiovascular_AntnioLuisBritoSantosSousa34c4f26efb.docx	t	442	PID00131/132	0	89	3.2	77	80	f	f		0	38	5.6	Baixo	0	0
380	48	Feminino	67.3	158	0	141	161	51	110	3	nonSmoking	f	0	f	f	f	f	t	2024-04-19		      	2		relatorio_risk_word/Risco_Cardiovascular_SniaMargaridaSousaArajoe9fefafd69.docx	t	655	PID00174	4	90	3.2	81	146	t	f		0	35	5.3	No se sabe	PID00466	0
399	62	Masculino	92.4	173	0	159	162	50	112	3	nonSmoking	f	0	f	f	f	f	f	2024-04-19		     	9		relatorio_risk_word/Risco_Cardiovascular_RuiVascoSeplvedaAfonsod083f50dbf.docx	t	660	PID00173	5	66	3.2	74	190	t	f		0	38	5.6	No se sabe	PID00465	0
528	20	Masculino	100	185	0	131	0	0	0	3	nonSmoking	t	0	f	f	f	f	f	2024-05-26		 	0		relatorio_risk_word/Risco_Cardiovascular_EdmundoMiguelHortaBota825049ade7.docx	t	699	0	0	74	0	0	0	f	t		0	35	5.4	Baixo	PID00000	0
369	47	Masculino	71.5	152	0	120	203	58	146	3	nonSmoking	t	0	f	f	f	f	f	2024-04-19		Preencher os dados do questionrio,   	3		relatorio_risk_word/Risco_Cardiovascular_JooPedroSanchoTavaresdaConceiob93833796d.docx	t	645	PID00162	0	69	3.5	124	110	f	t		0	34	5.3	No se sabe	PID00161	0
372	39	Feminino	83.4	153	0	137	189	0	0	0	\N	t	0	f	f	f	f	f	2024-04-19			0			f	\N	0	0	0	4	123	94	f	f		0	33	5.2	No se sabe	0	0
385	58	Masculino	76.9	174	0	91	134	54	81	3	nonSmoking	t	0	f	f	f	f	f	2024-04-19		 	0		relatorio_risk_word/Risco_Cardiovascular_LusManuelAssisSantosConceio0fb122bfa4.docx	t	653	PID00180	6	61	2.5	62	95	t	t		0	35	5.4	No se sabe	PID00472	0
336	53	Masculino	68.3	174	0	105	170	50	120	3	nonSmoking	f	0	f	f	t	f	f	2024-04-16		No sabe em relao Hipercolesterolemia Familiar (Gentica),\r\nFim de almoo: 12h28	3		relatorio_risk_word/Risco_Cardiovascular_JooCarlosBrsMartinsdaGraafa426ffe20.docx	t	492	PID00141	2	70	3.4	101	94	f	t		0	32	5.1	Baixo	PID00426	0
357	48	Feminino	77.1	156	0	146	201	45	156	4	nonSmoking	f	0	f	f	f	f	t	2024-04-16		   	2		relatorio_risk_word/Risco_Cardiovascular_AnaIsabelDias31d33c617b.docx	t	461	PID00154	1	87	4.5	129	137	t	f		0	34	5.3	No se sabe	0	0
337	54	Feminino	41.2	136	0	149	184	83	102	3	nonSmoking	f	0	f	f	f	f	f	2024-04-16		Hipertenso de Base,\r\nAF: Sim, pai - AVC\r\nAC: Interveno cirrgica na Perna Direita 	3		relatorio_risk_word/Risco_Cardiovascular_CarlaMariaDuarteFerreiraCoelho8b9dfe8007.docx	t	468	PID00142	1	85	2.2	83	91	f	f		0	40	5.9	No se sabe	PID00427	0
363	34	Feminino	84.6	156	1	96	0	0	0	3	nonSmoking	t	0	f	f	f	f	f	2024-04-16		 consultar o processo para responder s perguntas	0		relatorio_risk_word/Risco_Cardiovascular_ngelaCristinaAzevedoVicente5a85f6d2ea.docx	t	502	PID	1	79	0	0	0	f	t		0	41	5.9	Baixo	0	0
343	51	Masculino	76.5	169	0	144	144	33	111	3	nonSmoking	f	0	f	f	f	f	f	2024-04-16		 	5		relatorio_risk_word/Risco_Cardiovascular_JooCarlosdeSotomaioreFigueiredoMadeira1d6cc0642b.docx	t	470	PID00144	1	67	4.3	69	209	t	f		0	41	5.9	No se sabe	PID00437	0
351	55	Masculino	81.6	168	0	165	217	71	147	3	nonSmoking	t	0	f	f	f	f	f	2024-04-16		No  uma hora  30 min 	9		relatorio_risk_word/Risco_Cardiovascular_PedroHugoGraaFernandes430be374d7.docx	t	478	PID00147	1	79	3.1	129	88	f	t		0	35	5.3	No se sabe	0	0
366	55	Masculino	69.1	164	1	129	190	25	166	4	nonSmoking	t	1	f	f	f	f	f	2024-04-16		 No sabe sobre colesterol na familia	6		relatorio_risk_word/Risco_Cardiovascular_JooSantosAgudoAmaralRego7b887a8dc9.docx	t	493	PID00156	2	74	7.7	0	444	t	t		0	36	5.4	Baixo	0	0
360	37	Masculino	66.7	152	0	120	0	0	0	3	nonSmoking	f	0	f	f	f	f	f	2024-04-16		   	0		relatorio_risk_word/Risco_Cardiovascular_TomsBentoCostaPorteladeAlmeida7cb7a746cd.docx	t	537	PID	0	52	0	0	0	t	f		0	36	5.5	No se sabe	0	0
389	40	Masculino	64.7	159	0	110	142	0	0	0	\N	t	0	f	f	f	f	f	2024-04-19			0			f	\N	0	0	0	2.5	51	173	f	f		0	30	4.9	No se sabe	0	0
378	46	Feminino	65.7	159	0	126	199	0	0	0	\N	t	0	f	f	f	f	f	2024-04-19			0			f	\N	0	0	0	0	0	650	f	f		0	34	5.3	No se sabe	0	0
383	55	Masculino	97.9	166	0	175	215	0	0	0	\N	t	0	f	f	f	f	f	2024-04-19			0			f	\N	0	0	0	4.5	97	345	f	f		0	35	5.3	No se sabe	0	0
391	47	Masculino	71.5	152	0	120	203	0	0	0	\N	t	0	f	f	f	f	f	2024-04-19			0			f	\N	0	0	0	3.5	124	110	f	f		0	34	5.3	No se sabe	0	0
397	46	Feminino	66.7	161	0	142	151	0	0	0	\N	t	0	f	f	f	f	f	2024-04-19			0			f	\N	0	0	0	2.6	62	152	f	f		0	35	5.4	No se sabe	0	0
387	46	Feminino	65.7	159	0	126	199	0	0	0	\N	t	0	f	f	f	f	f	2024-04-19			0			f	\N	0	0	0	0	0	650	f	f		0	34	5.3	No se sabe	0	0
406	39	Feminino	67.6	140	0	120	230	0	0	0	\N	t	0	f	f	f	f	f	2024-04-19			0			f	\N	0	0	0	3.4	119	217	f	f		0	29	4.8	No se sabe	0	0
395	45	Masculino	93.6	151	0	149	144	0	0	0	\N	t	0	f	f	f	f	f	2024-04-19			0			f	\N	0	0	0	4	77	156	f	f		0	42	6	No se sabe	0	0
408	47	Masculino	53	152	0	127	159	0	0	0	\N	t	0	f	f	f	f	f	2024-04-19			0			f	\N	0	0	0	4.7	87	194	f	f		0	29	4.8	No se sabe	0	0
409	46	Feminino	57.7	161	0	137	214	0	0	0	\N	t	0	f	f	f	f	f	2024-04-19			0			f	\N	0	0	0	0	0	650	f	f		0	36	5.4	No se sabe	0	0
340	54	Feminino	41.2	136	0	149	0	0	0	0	\N	t	0	f	f	f	f	f	2024-04-16			0			f	\N	0	1	0	0	0	0	f	f		0	0	0	No se sabe	0	0
93	45	Masculino	96.2	180	1	146	171	34	137	3	nonSmoking	f	0	f	f	f	f	f	2023-10-04		 Falta realizar questionrio, ALGARVE 	4		relatorio_risk_word/Risco_Cardiovascular_MarioRafaelRodriguesSilva48b6eb514c.docx	t	233	PID00082	0	76	5	108	141	f	f		0	0	0	Alto	0	0
392	53	Feminino	66.1	140	0	83	199	53	146	3	nonSmoking	f	0	f	f	f	f	f	2024-04-19		Tem cardiopatia   	0		relatorio_risk_word/Risco_Cardiovascular_AnabelaJlioGomesc7dd5a3e3a.docx	t	657	PID00179	5	71	3.8	88	290	t	f		0	46	6.3	No se sabe	 PID00471	0
347	53	Masculino	68.3	174	0	105	170	0	0	0	\N	t	0	f	f	f	f	f	2024-04-16			0			f	\N	0	2	0	3.4	101	94	f	f		0	32	5.1	No se sabe	0	0
386	46	Feminino	66.7	161	0	142	151	58	93	3	nonSmoking	f	0	f	f	f	f	f	2024-04-19			2		relatorio_risk_word/Risco_Cardiovascular_AnaMariaSeabraAndradedeResendeSousa40ae4edbdc.docx	t	651	PID00170	4	77	2.6	62	152	t	f		0	35	5.4	No se sabe	PID00462	0
352	54	Masculino	63.3	159	0	88	150	0	0	0	\N	t	0	f	f	f	f	f	2024-04-16			0			f	\N	0	2	0	3.5	88	96	f	f		0	30	4.9	No se sabe	0	0
364	42	Feminino	63.9	159	1	119	177	58	119	3	nonSmoking	f	0	f	f	f	f	f	2024-04-16		Est com 30 min de jejum 	1		relatorio_risk_word/Risco_Cardiovascular_LilianaVanessaCostaCordeiroc10f1d29d2.docx	t	494	PID00151	0	77	3	62	286	t	f		0	38	5.6	Alto	0	0
398	47	Masculino	59	154	0	183	204	60	144	3	nonSmoking	t	0	f	f	f	f	f	2024-04-19		 	0		relatorio_risk_word/Risco_Cardiovascular_AndrBispo41e79c5603.docx	t	649	PID00168	0	65	3.4	121	115	f	t		0	31	5	No se sabe	PID00460	0
370	40	Feminino	83.4	153	0	137	189	47	142	3	nonSmoking	f	0	f	f	f	f	t	2024-04-19		      	1		relatorio_risk_word/Risco_Cardiovascular_AndreiaIsabelFernandesFarinhafbbbbc7708.docx	t	646	PID00455	3	75	4	123	94	f	f		0	33	5.2	No se sabe	 PID00164	0
367	54	Masculino	67.1	161	1	123	197	43	153	4	nonSmoking	f	0	f	f	f	f	f	2024-04-16		 As horas de jejum so 2h30	5		relatorio_risk_word/Risco_Cardiovascular_LusAntnioRodriguesFradinhoAntunes7377397ca3.docx	t	495	PID00157	2	75	4.6	131	110	t	t		0	35	5.4	Baixo	0	0
381	55	Masculino	97.9	166	0	175	215	48	166	4	nonSmoking	f	0	f	f	f	f	f	2024-04-19		   	10		relatorio_risk_word/Risco_Cardiovascular_LusMiguelRochaMoreiraAfonso9f1a2c9dc9.docx	t	656	PID00175	4	71	4.5	97	345	f	f		0	35	5.3	No se sabe	PID00467	0
588	56	Masculino	0	0	0	0	208	0	0	0	\N	t	0	f	f	f	f	f	2024-05-28			0			f	\N	0	0	0	0	0	0	f	f		0	70	8.5	No se sabe	0	0
373	39	Feminino	83.4	153	0	137	189	0	0	0	\N	t	0	f	f	f	f	f	2024-04-19			0			f	\N	0	0	0	4	123	94	f	f		0	33	5.2	No se sabe	0	0
376	54	Feminino	68.3	162	0	154	198	64	134	3	nonSmoking	f	0	f	f	f	f	f	2024-04-19		 	3		relatorio_risk_word/Risco_Cardiovascular_SandraPaulaGarciaSilvaLongad9d521c6d2.docx	t	654	PID00172	5	83	3.1	85	246	t	f		0	41	5.9	No se sabe	PID00464	0
593	70	Masculino	0	0	0	128	159	0	0	0	\N	t	0	f	f	f	f	f	2024-05-28			0			f	\N	0	0	0	2.4	68	118	f	f		0	33	5.1	No se sabe	0	0
384	48	Feminino	67.3	158	0	141	161	0	0	0	\N	t	0	f	f	f	f	f	2024-04-19			0			f	\N	0	0	0	3.2	81	146	f	f		0	35	5.3	No se sabe	0	0
358	33	Feminino	73.3	159	0	121	0	0	0	3	nonSmoking	f	0	f	f	f	f	f	2024-04-16		Abaixo de 40 sem Perfil Lipidico  	0		relatorio_risk_word/Risco_Cardiovascular_JoanaLimaHonrio2b085c5dcc.docx	t	623	PID	1	84	0	0	0	f	f		0	37	5.5	No se sabe	0	0
394	45	Masculino	93.6	151	0	149	144	36	108	3	nonSmoking	f	0	f	f	f	f	t	2024-04-19		  	4		relatorio_risk_word/Risco_Cardiovascular_SrgioAlexandreFigueiredoDiasGodinhoMarques6080193b98.docx	t	658	PID00177	5	84	4	77	156	f	t		0	42	6	No se sabe	PID00469	0
388	39	Feminino	67.6	140	0	120	230	0	0	0	\N	t	0	f	f	f	f	f	2024-04-19			0			f	\N	0	0	0	3.4	119	217	f	f		0	29	4.8	No se sabe	0	0
390	39	Feminino	83.4	153	0	137	189	0	0	0	\N	t	0	f	f	f	f	f	2024-04-19			0			f	\N	0	0	0	4	123	94	f	f		0	33	5.2	No se sabe	0	0
379	50	Feminino	77.4	154	0	126	196	50	146	3	nonSmoking	t	0	f	f	f	f	f	2024-04-19			2		relatorio_risk_word/Risco_Cardiovascular_AnaMimosoc535e42113.docx	t	520	PID00152	0	55	3.9	122	121	f	t		0	36	5.4	Baixo	PID00442 	0
344	59	Masculino	85.4	168	0	150	179	26	152	4	nonSmoking	f	0	f	f	f	f	f	2024-04-16		 almoo - 13h30  	8		relatorio_risk_word/Risco_Cardiovascular_PedrodeSotomaioreFigueiredoMadeira581c8834e9.docx	t	479	PID00143	1	76	5.4	76	384	t	f		0	35	5.4	Moderado	0	0
400	62	Masculino	92.4	173	0	159	162	0	0	0	\N	t	0	f	f	f	f	f	2024-04-19			0			f	\N	0	0	0	3.2	74	190	f	f		0	38	5.6	No se sabe	0	0
405	39	Feminino	67.6	140	0	120	230	0	0	0	\N	t	0	f	f	f	f	f	2024-04-19			0			f	\N	0	0	0	3.4	119	217	f	f		0	29	4.8	No se sabe	0	0
407	47	Masculino	0	152	0	127	159	0	0	0	\N	t	0	f	f	f	f	f	2024-04-19			0			f	\N	0	0	0	4.7	87	194	f	f		0	29	4.8	No se sabe	0	0
293	45	Masculino	94.2	180	1	146	186	39	146	3	nonSmoking	f	0	f	f	f	f	f	2024-03-14		 Diastlica: 72	4		relatorio_risk_word/Risco_Cardiovascular_MarioRafaelRodriguesSilvab288431ec2.docx	t	444	PID00133	0	90	4.7	119	137	f	f		0	40	5.8	Baixo	0	0
299	33	Masculino	71.2	167	1	125	0	0	0	3	nonSmoking	t	4	f	f	f	f	f	2024-03-14		 Diastlica: 95	0		relatorio_risk_word/Risco_Cardiovascular_FilipeJosBaptistaPaixo9e09465d12.docx	t	454	PID00140	0	111	0	0	0	f	f		0	42	6	Baixo	0	0
294	41	Feminino	84.2	165	1	97	170	53	117	3	smoking	f	0	f	f	f	f	f	2024-03-14		 Diastlica: 60	0		relatorio_risk_word/Risco_Cardiovascular_LeiladeSousa21f832f742.docx	t	446	PID00418	0	89	3.2	99	89	f	f		0	35	5.4	Baixo	0	0
529	50	Masculino	96	153	0	133	0	0	0	3	nonSmoking	t	0	f	f	f	f	f	2024-05-26		 	4		relatorio_risk_word/Risco_Cardiovascular_ElsaMariaNascimentoCravob9b31cee83.docx	t	700	0	0	74	0	0	0	f	t		0	46	6.4	Baixo	PID00402	0
300	54	Masculino	64.2	164	0	141	171	0	0	0	\N	t	0	f	f	f	f	f	2024-03-14			0			f	\N	0	0	0	4.2	87	217	f	f		0	0	0	Alto	0	0
296	56	Feminino	76.6	152	0	133	210	0	0	0	\N	t	0	f	f	f	f	f	2024-03-14			0			f	\N	0	0	0	4.5	101	310	f	f		0	41	5.9	Alto	0	0
280	47	Masculino	126.6	177	1	172	132	51	81	3	nonSmoking	f	4	f	f	f	f	t	2024-03-14		        	5		relatorio_risk_word/Risco_Cardiovascular_NunoAlvaroRodriguesLourenoe15af45b15.docx	t	431	PID00126	4	85	2.6	36	225	f	t		0	41	5.9	Alto	0	0
295	56	Feminino	76.6	152	1	133	210	47	163	4	nonSmoking	f	0	f	f	f	f	f	2024-03-14		 Diastlica: 71 	3		relatorio_risk_word/Risco_Cardiovascular_MariaManuelaSantosAntonioc15e3f06fc.docx	t	447	PID00420	0	67	4.5	101	310	f	t		0	41	5.9	Baixo	0	0
536	44	Feminino	92.5	153	0	124	0	0	0	3	nonSmoking	t	0	f	f	f	f	f	2024-05-26		 	1		relatorio_risk_word/Risco_Cardiovascular_FernandaMariadeReisBarros76ff10728b.docx	t	707	0	0	61	0	0	0	f	t		0	30	4.9	Baixo	PID00401	0
301	54	Masculino	64.2	163	0	141	171	0	0	0	\N	t	0	f	f	f	f	f	2024-03-14			0			f	\N	0	0	0	4.2	87	217	f	f		0	0	0	Alto	0	0
297	54	Masculino	75.2	165	1	140	174	40	135	3	nonSmoking	f	0	f	f	f	f	f	2024-03-14		 Diastlica: 70	5		relatorio_risk_word/Risco_Cardiovascular_LuisMiguelPancinhaMalhar05fb1f713e.docx	t	449	PID00135	0	87	4.4	92	213	f	f		0	37	5.5	Baixo	0	0
348	54	Feminino	41.2	136	0	149	184	0	0	0	\N	t	0	f	f	f	f	f	2024-04-16			0			f	\N	0	1	0	2.2	83	91	f	f		0	40	5.9	No se sabe	0	0
543	64	Masculino	98	179	0	121	0	0	0	3	nonSmoking	t	0	f	f	f	f	f	2024-05-27		 	7		relatorio_risk_word/Risco_Cardiovascular_JosefaMariaBrsDias6b0c0665a8.docx	t	713	0	0	80	0	0	0	f	t		0	37	5.6	Baixo	PID00372	0
353	54	Masculino	63.3	159	0	88	150	0	0	0	\N	t	0	f	f	f	f	f	2024-04-16			0			f	\N	0	2	0	3.5	88	96	f	f		0	30	4.9	No se sabe	0	0
307	53	Masculino	72.5	162	0	117	255	0	0	0	\N	t	0	f	f	f	f	f	2024-04-03			0			f	\N	0	0	0	9.9	0	598	f	f		0	38	5.6	Alto	0	0
64	54	Masculino	64.2	163	1	141	171	41	131	3	nonSmoking	f	0	f	f	f	f	f	2023-09-23		 Falta realizar o questionario  	5		relatorio_risk_word/Risco_Cardiovascular_LuisMiguelPancinhaMalhar4043528456.docx	t	205	PID00080	0	90	4.2	87	217	f	f		0	0	0	Alto	0	0
302	47	Masculino	125.2	180	0	147	119	0	0	0	\N	t	0	f	f	f	f	f	2024-03-16			0			f	\N	0	0	0	2.3	21	228	f	f		0	0	0	Alto	0	0
303	47	Masculino	125.2	180	0	147	119	0	0	0	\N	t	0	f	f	f	f	f	2024-03-16			0			f	\N	0	0	0	2.3	21	228	f	f		0	0	0	Alto	0	0
304	47	Masculino	125.2	180	0	147	119	0	0	0	\N	t	0	f	f	f	f	f	2024-03-22			0			f	\N	0	0	0	2.3	21	228	f	f		0	0	0	Alto	0	0
305	47	Masculino	126.6	177	0	172	132	0	0	0	\N	t	0	f	f	f	f	f	2024-04-03			0			f	\N	0	0	0	2.6	36	225	f	f		0	41	5.9	Alto	0	0
309	53	Masculino	72.5	162	0	117	255	0	0	0	\N	t	0	f	f	f	f	f	2024-04-03			0			f	\N	0	4	0	9.9	0	598	f	f		0	38	5.6	Alto	0	0
283	53	Masculino	72.5	162	1	117	255	26	229	5	nonSmoking	t	0	f	f	f	f	f	2024-03-14		 Diastlica: 93     	4		relatorio_risk_word/Risco_Cardiovascular_JooManuelRosaChapim98da948aba.docx	t	433	PID00411/413	4	66	9.9	0	598	f	t		0	38	5.6	Baixo	0	0
306	47	Masculino	126.6	177	0	172	132	0	0	0	\N	t	0	f	f	f	f	f	2024-04-03			0			f	\N	0	0	0	2.6	36	225	f	f		0	41	5.9	Alto	0	0
311	47	Masculino	126.6	177	0	172	132	0	0	0	\N	t	0	f	f	f	f	f	2024-04-03			0			f	\N	0	0	0	2.6	36	225	f	f		0	41	5.9	Alto	0	0
308	53	Masculino	72.5	162	0	117	255	0	0	0	\N	t	0	f	f	f	f	f	2024-04-03			0			f	\N	0	4	0	9.9	0	598	f	f		0	38	5.6	Alto	0	0
310	53	Masculino	72.5	162	0	117	255	0	0	0	\N	t	0	f	f	f	f	f	2024-04-03			0			f	\N	0	4	0	9.9	0	598	f	f		0	38	5.6	Alto	0	0
314	8	Masculino	95	174	0	147	1444	0	0	0	\N	t	0	f	f	f	f	f	2024-04-13			0			f	\N	0	4	0	125	144	144	f	f		91.3	0.1	60	Alto	0	0
316	0	Masculino	0	174	0	147	144	0	0	0	\N	t	0	f	f	f	f	f	2024-04-13			0			f	\N	0	4	0	144	144	144	f	f		68.35	20.3	4.3	Alto	0	0
317	0	Masculino	0	174	0	147	144	0	0	0	\N	t	0	f	f	f	f	f	2024-04-13			0			f	\N	0	4	0	144	144	144	f	f		68.35	20.3	4.3	Alto	0	0
333	44	Masculino	47	158	0	47	444	0	0	0	\N	t	0	f	f	f	f	f	2024-04-15			0			f	\N	0	4	0	444	444	444	f	f		69	21	13	No se sabe	0	0
320	0	Feminino	95	142	0	144	478	0	0	0	\N	t	0	f	f	f	f	f	2024-04-13			0			f	\N	0	4	0	44	478	478	f	f		68	20	13	Alto	0	0
368	53	Masculino	73.4	169	1	125	185	45	140	3	nonSmoking	f	0	f	f	f	f	f	2024-04-16		 5h30 em jejum	4		relatorio_risk_word/Risco_Cardiovascular_JooPauloRodriguesFradinhoAntunesb87c5633ef.docx	t	500	PID00158	5	66	4.1	116	120	t	t		0	37	5.5	Baixo	0	0
374	40	Masculino	64.7	159	0	110	142	57	85	3	nonSmoking	t	0	f	f	f	f	f	2024-04-19		 	2		relatorio_risk_word/Risco_Cardiovascular_RicardoPeresGomesRodriguese2c0202292.docx	t	647	PID00167	0	69	2.5	51	173	f	t		0	30	4.9	No se sabe	PID00459	0
321	47	Masculino	126.6	177	0	172	132	0	0	0	\N	t	0	f	f	f	f	f	2024-04-13			0			f	\N	0	4	0	2.6	36	225	f	f		0	41	5.9	Alto	0	0
322	47	Masculino	126.6	177	0	172	132	0	0	0	\N	t	0	f	f	f	f	f	2024-04-13			0			f	\N	0	4	0	2.6	36	225	f	f		0	41	5.9	Alto	0	0
323	44	Masculino	74.9	161	0	134	0	0	0	0	\N	t	0	f	f	f	f	f	2024-04-15			0			f	\N	0	0	0	0	0	0	f	f		0	34	5.2	No se sabe	0	0
324	44	Masculino	74.9	161	0	134	0	0	0	0	\N	t	0	f	f	f	f	f	2024-04-15			0			f	\N	0	0	0	0	0	0	f	f		0	34	5.2	No se sabe	0	0
325	44	Masculino	74.9	161	0	134	0	0	0	0	\N	t	0	f	f	f	f	f	2024-04-15			0			f	\N	0	0	0	0	0	0	f	f		0	34	5.2	No se sabe	0	0
326	44	Masculino	74.9	161	0	134	0	0	0	0	\N	t	0	f	f	f	f	f	2024-04-15			0			f	\N	0	0	0	0	0	0	f	f		0	34	5.2	No se sabe	0	0
327	44	Masculino	74.9	161	0	134	0	0	0	0	\N	t	0	f	f	f	f	f	2024-04-15			0			f	\N	0	0	0	0	0	0	f	f		0	34	5.2	No se sabe	0	0
328	44	Masculino	74.9	161	0	134	0	0	0	0	\N	t	0	f	f	f	f	f	2024-04-15			0			f	\N	0	0	0	0	0	0	f	f		0	34	5.2	No se sabe	0	0
329	44	Masculino	74.9	161	0	134	0	0	0	0	\N	t	0	f	f	f	f	f	2024-04-15			0			f	\N	0	0	0	0	0	0	f	f		0	34	5.2	No se sabe	0	0
349	59	Masculino	85.4	168	0	150	179	0	0	0	\N	t	0	f	f	f	f	f	2024-04-16			0			f	\N	0	1	0	5.4	76	384	f	f		0	35	5.4	No se sabe	0	0
334	44	Masculino	47	158	0	47	444	0	0	0	\N	t	0	f	f	f	f	f	2024-04-15			0			f	\N	0	4	0	444	444	444	f	f		69	21	13	No se sabe	0	0
331	44	Masculino	47	158	0	47	444	0	0	0	\N	t	0	f	f	f	f	f	2024-04-15			0			f	\N	0	4	0	444	444	444	f	f		69	21	13	No se sabe	0	0
354	64	Masculino	95.5	170	0	149	184	30	154	4	nonSmoking	t	0	f	f	f	f	f	2024-04-16		Nas horas de jejum  20 minutos e no 20h   	10		relatorio_risk_word/Risco_Cardiovascular_NunoJosdeSotomaioreFigueiredoMadeirad933fda253.docx	t	477	PID00148	20	76	6.1	100	268	t	f		0	46	6.4	No se sabe	0	0
332	44	Masculino	47	158	0	47	444	0	0	0	\N	t	0	f	f	f	f	f	2024-04-15			0			f	\N	0	4	0	444	444	444	f	f		69	21	13	No se sabe	0	0
359	35	Masculino	98.9	176	0	123	0	0	0	3	nonSmoking	t	0	f	f	f	f	f	2024-04-16		40 min em jejum  	0		relatorio_risk_word/Risco_Cardiovascular_DiogoFilipeMartins1f142e3d86.docx	t	514	PID	1	61	0	0	0	t	t		0	39	5.7	No se sabe	0	0
530	38	Masculino	80.5	150	0	0	0	0	0	3	nonSmoking	t	0	f	f	f	f	f	2024-05-26		 	0		relatorio_risk_word/Risco_Cardiovascular_AlexandraIsabelPachecoVilhena2372c089c5.docx	t	701	0	0	0	0	0	0	f	t		0	36	5.4	Baixo	PID00424	0
362	55	Feminino	60.4	148	0	112	168	0	0	0	\N	t	0	f	f	f	f	f	2024-04-16			0			f	\N	0	2	0	3.9	107	92	f	f		0	35	5.3	No se sabe	0	0
537	34	Masculino	71.2	167	0	125	0	0	0	3	nonSmoking	t	0	f	f	f	f	f	2024-05-26		 	0		relatorio_risk_word/Risco_Cardiovascular_FilipeJosBaptistaPaixo0ac9d42b6e.docx	t	708	0	0	111	0	0	0	f	t		0	42	6	Baixo	PID00140	0
341	55	Feminino	60.4	148	1	112	168	43	125	3	nonSmoking	f	0	f	f	f	f	f	2024-04-16		1h30 em jejum  	3		relatorio_risk_word/Risco_Cardiovascular_AnaPauladaFonseca1afc47bd01.docx	t	498	PID00155	2	81	3.9	107	92	f	t		0	35	5.3	Baixo	0	0
549	21	Feminino	63.7	153	0	115	0	0	0	3	nonSmoking	f	0	f	f	f	f	f	2024-05-27		 Distlica -> 64	0		relatorio_risk_word/Risco_Cardiovascular_LeonorGonalvesdaSilvaab797eb5db.docx	t	720	0	0	97	0	0	0	f	f		0	31	5	Baixo	PID00382	0
371	39	Feminino	83.4	153	0	137	189	0	0	0	\N	t	0	f	f	f	f	f	2024-04-19			0			f	\N	0	0	0	4	123	94	f	f		0	33	5.2	No se sabe	0	0
544	64	Masculino	98.3	179	0	148	221	69	152	4	nonSmoking	f	0	f	f	f	f	f	2024-05-27		 	10		relatorio_risk_word/Risco_Cardiovascular_JosefaMariaBrsDias17045ff734.docx	t	714	PID00349	0	61	3.2	127	125	f	f		0	0	0	Alto	0	0
345	59	Masculino	75.2	153	0	126	182	50	132	3	nonSmoking	f	0	f	f	t	f	f	2024-04-16		Sabe sobre a Hipercolesterolemia Familiar (Gentica) \r\nQuisto Renal e tendncia para ureia  	5		relatorio_risk_word/Risco_Cardiovascular_AntnioPaulodePessoaFerreiraCoutinho7ee0968cb4.docx	t	490	PID00146	1	61	3.6	106	128	t	f		0	37	5.5	No se sabe	PID00433	0
382	55	Masculino	97.9	166	0	175	215	0	0	0	\N	t	0	f	f	f	f	f	2024-04-19			0			f	\N	0	0	0	4.5	97	345	f	f		0	35	5.3	No se sabe	0	0
531	43	Masculino	106	173	0	117	0	0	0	3	nonSmoking	t	0	f	f	f	f	f	2024-05-26		 	2		relatorio_risk_word/Risco_Cardiovascular_EnioCaetanoViegas628231205a.docx	t	703	0	0	97	0	0	0	f	t		0	36	3.4	Baixo	PID00097	0
470	62	Masculino	60.6	172	0	125	122	46	77	3	smoking	f	0	f	f	f	f	f	2024-05-21		 Sangue coagula rpido foi pedido antes que bebesse gua mas coagulou tem de fazer segundo teste,  \r\nUm dos medicamentos do seu guia teraputico  o Tromalyt 150mg, um anti-plaquetrio,	11		relatorio_risk_word/Risco_Cardiovascular_EvaristoRosrio021a6046a8.docx	t	674	PID00188	3	55	2.7	50	134	f	f		0	47	6.5	Baixo	PID00192	0
538	78	Masculino	87	170	0	187	108	36	72	3	nonSmoking	f	0	f	f	f	f	f	2024-05-26		 	0		relatorio_risk_word/Risco_Cardiovascular_JoaquimDionisio6f8b5e8b36.docx	t	709	PID00110	0	68	3	51	106	f	f		0	38	5.6	Moderado	0	0
567	54	Masculino	95	170	0	123	196	48	148	3	nonSmoking	t	0	f	f	f	f	f	2024-05-27		 Distlica -> 74	4		relatorio_risk_word/Risco_Cardiovascular_TitoEmanuelAguasdeAlmeidadfa729e00e.docx	t	729	0	0	60	4.1	120	140	f	t		0	0	0	Baixo	0	0
545	62	Masculino	80	169	0	156	175	40	135	3	nonSmoking	f	0	f	f	f	f	f	2024-05-27		 Distlica -> 73	9		relatorio_risk_word/Risco_Cardiovascular_JosLuisIriaRofino943aafc5cf.docx	t	715	PID00128	0	81	4.4	92	213	f	f		0	37	5.6	Moderado	0	0
571	58	Feminino	90.7	153	0	153	206	78	128	3	nonSmoking	f	0	f	f	f	f	f	2024-05-27		 	4		relatorio_risk_word/Risco_Cardiovascular_MariaErmelindadeS95c3bf257d.docx	t	734	PID00389	0	79	2.6	102	133	f	f		0	35	5.4	Alto	0	0
550	55	Masculino	65	1	65	146	0	0	0	3	nonSmoking	f	0	f	f	f	f	f	2024-05-27		 No tenho info da altura	7		relatorio_risk_word/Risco_Cardiovascular_LuisManuelNevesPardal2def75d497.docx	t	721	0	0	69	0	0	0	f	f		0	30	4.9	Baixo	PID00093	0
555	42	Feminino	77.5	162	0	110	195	51	144	3	nonSmoking	f	0	f	f	f	f	f	2024-05-27		Falta realizar questionrio	1		relatorio_risk_word/Risco_Cardiovascular_LailadeSousa6d790bed9d.docx	t	725	PID00359	0	87	38	81	316	f	f		0	0	0	Alto	0	0
576	82	Masculino	0	1	0	110	187	46	141	3	nonSmoking	f	0	f	f	f	f	f	2024-05-27		 Cadeirante\r\nDistlica -> 59	22		relatorio_risk_word/Risco_Cardiovascular_MrioNicolauPereiraCaetanoedc257a4d3.docx	t	740	PID00118	0	64	4.1	109	159	f	f		0	40	5.8	Baixo	0	0
610	64	Feminino	60	167	0	149	388	51	337	6	nonSmoking	t	2	f	f	f	f	t	2024-05-28		 nos quantos anos com diabetes so 2 meses\r\nDistlica -> 83	7		relatorio_risk_word/Risco_Cardiovascular_OlgaMariaMarquesSilvab202765b77.docx	t	775	PID00203	3	72	7.6	293	221	f	t		0	40	5.1	Baixo	PID00495	0
580	45	Masculino	94.2	180	0	146	186	39	146	3	nonSmoking	f	0	f	f	f	f	f	2024-05-28		 Diastlica -> 72	4		relatorio_risk_word/Risco_Cardiovascular_MrioRafaelRodriguesSilva7ce6465cad.docx	t	746	PID00133	0	90	4.7	119	137	f	f		0	40	5.8	Baixo	0	0
584	31	Masculino	84.2	177	0	125	0	0	0	3	nonSmoking	t	0	f	f	f	f	f	2024-05-28		 Diastlica -> 68	0		relatorio_risk_word/Risco_Cardiovascular_NikitaMyagkovb53450dbbf.docx	t	749	0	0	94	0	0	0	f	t		0	30	4.9	Baixo	PID00379	0
598	59	Feminino	67	154	0	135	0	0	0	3	nonSmoking	f	0	f	f	f	f	f	2024-05-28		Diastlica -> 85 	3		relatorio_risk_word/Risco_Cardiovascular_PaulaCristinaSilvaPalma7fa1cdd7e7.docx	t	763	0	0	63	0	0	0	f	f		0	34	5.3	Baixo	PID00425	0
589	56	Masculino	97.9	165	0	123	208	0	0	3	nonSmoking	t	0	f	f	f	f	f	2024-05-28		 Encefalite com sequelas \r\nTG: "Outlier"   	5		relatorio_risk_word/Risco_Cardiovascular_OtvioJosVarguesdaSilva6a2dd3e700.docx	t	755	PID00409	0	5	0	0	0	f	f		0	70	8.5	Alto	0	0
594	70	Masculino	0	1	0	128	159	67	92	3	nonSmoking	t	10	f	f	f	f	f	2024-05-28		 Cadeirante\r\nDiastlica -> 72	12		relatorio_risk_word/Risco_Cardiovascular_SilvriodoNascimentoCoelhoGraa43040d1907.docx	t	759	PID00399	0	72	2.4	68	118	f	f		0	33	5.1	Baixo	0	0
606	38	Masculino	88.7	170	0	108	256	52	204	5	smoking	t	0	f	f	f	f	f	2024-05-28		 	0		relatorio_risk_word/Risco_Cardiovascular_AbelDjassiTavaresAlvarenha33d0069cf0.docx	t	772	PID00202	4	86	5	181	116	f	t		0	97	11	Baixo	PID00494	0
602	64	Masculino	90.3	179	0	111	143	59	84	3	smoking	f	0	t	f	f	f	f	2024-05-28		 3h30 <- horas de jejum \r\nDiastlica -> 89	9		relatorio_risk_word/Risco_Cardiovascular_CarlosManuelMarquesdeAgonia052fb6dca5.docx	t	767	PID00194	3	62	2.4	62	114	f	f		0	37	5.5	Baixo	PID00486	0
614	44	Masculino	65.6	156	0	106	231	25	206	5	nonSmoking	f	0	f	f	f	f	f	2024-06-03		No tenho info sobre o ID do perfil lipdicos;\r\nTem cmbrias nas pernas;\r\nSo 2h30 de jejum,	2		relatorio_risk_word/Risco_Cardiovascular_PedroManuelRodriguesBarrosLeale8b2bed7a9.docx	t	778	PID	2	71	9.2	206	433	f	f		0	0	0	Baixo	0	0
622	48	Feminino	0	0	0	0	0	0	0	0	\N	t	0	f	f	f	f	f	2024-06-14			0			f	\N	0	0	0	0	0	0	f	f		0	0	0	No se sabe	0	0
618	63	Masculino	68.3	169	0	148	0	0	0	3	nonSmoking	f	0	f	f	f	f	f	2024-06-03		 	9		relatorio_risk_word/Risco_Cardiovascular_MarcelinoJosRibeiroFrederico8f00cbcad6.docx	t	782	0	0	89	0	0	0	f	f		0	38	5.7	Baixo	PID00404	86
403	43	Feminino	87.8	159	0	125	146	52	94	3	nonSmoking	t	0	f	f	f	f	f	2024-04-19		 	1		relatorio_risk_word/Risco_Cardiovascular_RuteIsabelPereiradosSantos803791bf95.docx	t	661	PID00166	3	96	2.8	44	254	f	t		0	46	6.3	No se sabe	PID00457	0
532	57	Masculino	98	186	0	144	121	0	0	0	\N	t	0	f	f	f	f	f	2024-05-26			0			f	\N	0	0	0	4.4	67	137	f	f		0	0	0	No se sabe	0	0
79	57	Masculino	98	186	0	144	121	27	94	3	nonSmoking	f	0	f	f	f	f	f	2023-10-04		 Almancil / nao apresenta o peso 	7		relatorio_risk_word/Risco_Cardiovascular_FranciscoJosCorreiaSantos471bd1592a.docx	t	219	PID00345	0	82	4.4	67	137	f	f		0	0	0	Alto	0	0
611	67	Feminino	83.1	156	0	125	184	49	134	3	nonSmoking	t	0	f	f	f	f	f	2024-05-28		 Horas de jejum -> 4h30	7		relatorio_risk_word/Risco_Cardiovascular_GermanaMariadeJesusFlores467ad9be76.docx	t	776	PID00204	4	81	3.7	90	220	f	t		0	40	5.8	Baixo	PID00496	0
556	66	Masculino	72.1	167	0	137	168	41	127	3	smoking	f	0	f	f	f	f	f	2024-05-27		Distlica -> 71 	14		relatorio_risk_word/Risco_Cardiovascular_ManuelFelisbertoGuerreirod92f9404ab.docx	t	726	PID00106	1	103	4.1	91	182	f	f		0	32	5.1	Baixo	0	0
562	58	Masculino	86.7	170	0	129	112	0	0	0	\N	t	0	f	f	f	f	f	2024-05-27			0			f	\N	0	3	0	3	26	244	f	f		0	46	6.4	No se sabe	0	0
539	65	Masculino	103.2	171	0	128	198	43	155	4	nonSmoking	t	0	f	f	f	f	f	2024-05-27		 Horas de jejum - 2h40\r\nDistlica -> 77	11		relatorio_risk_word/Risco_Cardiovascular_JosAntoniodaSilvaAlmeidaca624b1d58.docx	t	710	PID00124	2	68	4.6	120	180	f	t		0	37	5.5	Baixo	0	0
546	53	Masculino	72.5	162	0	117	255	26	229	5	nonSmoking	t	0	f	f	f	f	f	2024-05-27		 Distlica -> 93	4		relatorio_risk_word/Risco_Cardiovascular_JooManuelRosaChapim50c9eeb0bf.docx	t	717	PID00411	4	66	9.9	0	598	f	t		0	38	5.6	Baixo	PID00413	0
577	62	Feminino	74.6	144	0	139	157	54	102	3	nonSmoking	f	0	f	f	f	f	f	2024-05-27		 Artitre Reumatide\r\nDiastlica -> 73	5		relatorio_risk_word/Risco_Cardiovascular_MariaOlindaMachadoRibeiro1027679e3c.docx	t	742	PID00112	1	86	2.9	59	218	f	f		0	35	5.4	Alto	0	0
568	67	Feminino	88.2	150	0	104	167	63	105	3	nonSmoking	f	0	f	f	f	f	f	2024-05-27		 Distlica -> 59	5		relatorio_risk_word/Risco_Cardiovascular_AnaMariaCarvalhoVelozdeAlmeidaf97a8c9f3f.docx	t	730	0	2	77	2.7	88	82	f	f		0	0	0	Baixo	0	0
551	54	Masculino	75.2	165	0	140	174	40	135	3	nonSmoking	f	0	f	f	f	f	f	2024-05-27		 Distlica -> 70	5		relatorio_risk_word/Risco_Cardiovascular_LuisMiguelPancinhaMalhar0618384be3.docx	t	722	PID00135	0	87	4.4	92	213	f	f		0	37	5.5	Baixo	0	0
595	31	Feminino	70	156	0	94	0	0	0	3	nonSmoking	f	0	f	f	f	f	f	2024-05-28		Diastlica -> 59 	0		relatorio_risk_word/Risco_Cardiovascular_SofiaAlexandraCostaLopes1c7648e6f6.docx	t	760	0	0	87	0	0	0	f	f		0	35	5.4	Baixo	PID00100	0
581	59	Feminino	34.2	154	0	137	0	0	0	3	nonSmoking	f	0	f	f	f	f	f	2024-05-28		 	3		relatorio_risk_word/Risco_Cardiovascular_MariaDeolindaDiasSoares9d3e7362c7.docx	t	747	0	0	79	0	0	0	f	f		0	36	5.4	Baixo	PID00423	0
572	69	Feminino	106	159	0	122	173	57	117	3	smoking	f	0	f	f	f	f	f	2024-05-27		  Distlica -> 71	10		relatorio_risk_word/Risco_Cardiovascular_MariaJosdeJesusGonalves6345af89d6.docx	t	736	PID00108	0	78	3.1	79	189	f	f		0	41	5.9	Moderado	0	0
585	47	Masculino	126.6	177	0	172	132	51	81	3	nonSmoking	t	4	f	f	f	f	t	2024-05-28		 Diastlica -> 107	5		relatorio_risk_word/Risco_Cardiovascular_NunoAlvaroRodriguesLoureno1d4e7bc007.docx	t	750	PID00126	4	85	2.6	36	225	f	t		0	41	5.9	Alto	0	0
590	56	Masculino	97.9	165	0	123	208	0	0	0	\N	t	0	f	f	f	f	f	2024-05-28			0			f	\N	0	0	0	0	0	0	f	f		0	70	8.5	No se sabe	0	0
607	54	Feminino	86	169	0	121	156	62	94	3	nonSmoking	t	1	f	t	f	f	t	2024-05-28		 	2		relatorio_risk_word/Risco_Cardiovascular_SandraMariaSousaArajoee9c44045e.docx	t	769	PID00201	4	108	2.5	76	90	f	f		0	38	5.6	Baixo	PID00493	0
599	50	Feminino	89.2	168	0	110	0	0	0	3	nonSmoking	f	0	f	f	f	f	f	2024-05-28		 	2		relatorio_risk_word/Risco_Cardiovascular_SandrinaCorreiaCandeiasPereira634c877924.docx	t	764	0	0	79	0	0	0	f	f		0	35	5.4	Baixo	PID00137	0
603	64	Masculino	90.3	179	0	111	143	0	0	0	\N	t	0	f	f	f	f	f	2024-05-28			0			f	\N	0	3	0	2.4	62	114	f	f		0	37	5.5	No se sabe	0	0
615	44	Masculino	64.8	161	0	106	246	33	213	5	nonSmoking	f	0	f	f	f	f	f	2024-06-03		 	2		relatorio_risk_word/Risco_Cardiovascular_PedroManuelRodriguesBarrosLeal5f9c48843d.docx	t	779	PID00200	2	78	7.4	0	496	f	f		0	35	5.3	Baixo	PID00492	66
619	53	Feminino	77.8	161	0	141	181	0	0	0	\N	t	0	f	f	f	f	f	2024-06-03			0			f	\N	0	0	0	4.3	102	185	f	f		0	0	0	No se sabe	0	0
625	51	Masculino	0	1	0	0	0	0	0	3	nonSmoking	t	0	f	f	f	f	f	2024-06-14		 	0		relatorio_risk_word/Risco_Cardiovascular_JorgeManuelCondeOrta465ebf15ae.docx	t	791	0	0	0	0	0	0	f	t	Ausente, a realizar injetvel  data e hora da recolha	0	0	0	Baixo	0	0
623	48	Feminino	0	1	0	0	0	0	0	3	nonSmoking	t	0	f	f	f	f	f	2024-06-14		 Presente, mas recusou	0		relatorio_risk_word/Risco_Cardiovascular_MariadaConceioPascoalMoreiraBastos50e494e7e2.docx	t	789	0	0	0	0	0	0	f	t		0	0	0	Baixo	0	0
627	54	Masculino	0	1	0	0	0	0	0	3	nonSmoking	f	0	f	f	f	f	f	2024-06-14			0		relatorio_risk_word/Risco_Cardiovascular_NarcisoJosdosSantosBatista5e69dc3289.docx	t	793	0	0	0	0	0	0	f	f	Presente, mas recusou	0	0	0	Baixo	0	0
533	57	Masculino	99.3	186	0	118	159	34	125	3	smoking	f	0	f	f	f	f	f	2024-05-26		 Distlica -> 89	7		relatorio_risk_word/Risco_Cardiovascular_FranciscoJosCorreiaSantose32f78b687.docx	t	704	PID00114	0	85	4.7	94	155	f	f		0	31	5	Alto	0	0
540	65	Masculino	103.2	171	0	128	198	0	0	0	\N	t	0	f	f	f	f	f	2024-05-27			0			f	\N	0	2	0	4.6	120	180	f	f		0	37	5.5	No se sabe	0	0
591	40	Feminino	84.5	148	0	122	0	0	0	3	nonSmoking	f	0	f	f	f	f	f	2024-05-28		 	1		relatorio_risk_word/Risco_Cardiovascular_PatrciaSofiaSilvrioDiascbc1e02e71.docx	t	756	0	0	76	0	0	0	f	f		0	34	5.5	Baixo	PID00095	0
547	38	Masculino	84.5	166	0	107	0	0	0	3	nonSmoking	f	0	f	f	f	f	f	2024-05-27		 Distlica -> 70	0		relatorio_risk_word/Risco_Cardiovascular_JooMiguelGuerreirodaCosta3b989d47ae.docx	t	718	0	0	73	0	0	0	f	f		0	35	5.4	Baixo	PID00383	0
552	54	Masculino	75.2	165	0	140	174	0	0	0	\N	t	0	f	f	f	f	f	2024-05-27			0			f	\N	0	0	0	4.4	92	213	f	f		0	37	5.5	No se sabe	0	0
557	65	Masculino	78.4	174	0	118	98	31	67	3	smoking	t	15	f	f	f	f	f	2024-05-27		 Distlica -> 77	12		relatorio_risk_word/Risco_Cardiovascular_ManuelJosdeOliveiraGomesed76eeaa76.docx	t	728	PID00393	0	96	3.2	32	177	f	t		0	46	6.4	Elevado	PID00095	0
563	62	Masculino	60.6	172	0	125	122	0	0	0	\N	t	0	f	f	f	f	f	2024-05-27			0			f	\N	0	3	0	2.7	50	134	f	f		0	47	6.5	No se sabe	0	0
569	57	Feminino	65.9	150	0	140	140	0	0	0	\N	t	0	f	f	f	f	f	2024-05-27			0			f	\N	0	0	0	7.9	0	426	f	f		0	47	6.5	No se sabe	0	0
265	57	Feminino	65.9	150	0	140	140	18	123	3	smoking	t	11	f	f	f	f	f	2024-03-14		 Diastlica: 80  	8		relatorio_risk_word/Risco_Cardiovascular_MariadoRosrioNunesMimoso78e0f20a18.docx	t	410	PID00396/98	0	93	7.9	0	426	f	t		0	47	6.5	Alto	0	0
573	69	Feminino	106	159	0	122	173	0	0	0	\N	t	0	f	f	f	f	f	2024-05-27			0			f	\N	0	0	0	3.1	79	189	f	f		0	41	5.9	No se sabe	0	0
578	56	Feminino	70.2	154	0	125	258	61	197	4	nonSmoking	f	0	f	f	f	f	f	2024-05-27		 	3		relatorio_risk_word/Risco_Cardiovascular_MariaManuelaSantosAntnioe5f41c73d5.docx	t	743	PID00361	0	74	4.2	150	237	f	f		0	0	0	Alto	0	0
582	54	Masculino	78.2	160	0	148	0	0	0	3	nonSmoking	t	0	f	f	f	f	f	2024-05-28		  Diastlica -> 93	5		relatorio_risk_word/Risco_Cardiovascular_ManuelEduardoLanaSantos9f5e6afa8c.docx	t	748	0	0	85	0	0	0	f	t		0	36	5.5	Baixo	PID00138	0
596	57	Feminino	76.2	155	0	148	0	0	0	3	nonSmoking	f	0	f	f	f	f	f	2024-05-28		Diastlica -> 84 	4		relatorio_risk_word/Risco_Cardiovascular_VanildedeFreitasFerroPaixo3a6a06fc51.docx	t	761	0	0	81	0	0	0	f	f		0	39	5.5	Baixo	PID00092	0
586	44	Masculino	64.2	164	0	117	186	41	145	3	nonSmoking	f	0	f	f	f	f	f	2024-05-28		 Diastlica -> 25	2		relatorio_risk_word/Risco_Cardiovascular_NunoJos37002c78ae.docx	t	751	PID00104	0	89	4.6	114	157	f	f		0	33	5.1	Baixo	0	0
604	43	Masculino	91	180	0	141	218	60	158	4	nonSmoking	t	0	f	f	f	f	f	2024-05-28		 Horas de jejum -> 1h15\r\nDiastlica -> 101	4		relatorio_risk_word/Risco_Cardiovascular_BenvindoJorgeFerreiraDiasf540d26ec0.docx	t	768	PID00488	1	56	3.6	128	150	f	t		0	44	6.1	Baixo	PID00196	0
600	37	Feminino	70.6	156	0	121	0	0	0	3	nonSmoking	f	0	f	f	f	f	f	2024-05-28		 	0		relatorio_risk_word/Risco_Cardiovascular_SniaIsabelRosaDoNascimento3ca1079784.docx	t	765	0	0	99	0	0	0	f	f		0	33	5.2	Baixo	PID00139	0
608	45	Masculino	78.4	171	0	137	178	54	124	3	nonSmoking	f	0	f	f	f	f	f	2024-05-28		 Horas de jejum -> 2h30	3		relatorio_risk_word/Risco_Cardiovascular_NlsondeAndradeSilvab671f44191.docx	t	773	PID00489	2	79	3.3	102	115	f	f		0	32	5.1	Baixo	PID00197	0
612	41	Feminino	75	175	0	145	33	111	111	3	nonSmoking	t	5	f	f	f	f	f	2024-06-02		 aaaa  	1		relatorio_risk_word/Risco_Cardiovascular_AdaBarros3a4f533a11.docx	t	777	pid456	14	144	111	22	22	f	t	aaa	871.7	32	32	Baixo	pid545	145
616	71	Masculino	64.5	170	0	132	0	0	0	3	nonSmoking	f	0	f	f	f	f	f	2024-06-03		 	12		relatorio_risk_word/Risco_Cardiovascular_VitorManuelDaSilvaSemio57d41cd7b6.docx	t	780	0	0	97	0	0	0	f	f		0	38	5.6	Baixo	PID00123	83
620	71	Masculino	75.5	165	0	136	0	0	0	3	nonSmoking	f	0	f	f	f	f	f	2024-06-09		 	12		relatorio_risk_word/Risco_Cardiovascular_JosMariaCorreiadeMelo6d513e1182.docx	t	787	0	0	56	0	0	0	f	f		0	39	5.7	Baixo	PID00122	74
624	48	Masculino	0	1	0	0	0	0	0	3	nonSmoking	t	0	f	f	f	f	f	2024-06-14			0		relatorio_risk_word/Risco_Cardiovascular_HlderFerreiraa52efca201.docx	t	790	0	0	0	0	0	0	f	t	 Ausente, a realizar exame de sade  data e hora da recolha,	0	0	0	Baixo	0	0
626	53	Masculino	0	1	0	0	0	0	0	3	nonSmoking	f	0	f	f	f	f	f	2024-06-14		 	0		relatorio_risk_word/Risco_Cardiovascular_MiguelAlexandredeMenesesLopesCardoso19d8db2402.docx	t	792	0	0	0	0	0	0	f	f	Ausente (no frequenta o fso nos perodos da manh)	0	0	0	Baixo	0	0
629	43	Masculino	52	156	0	106	185	0	0	0	\N	t	0	f	f	f	f	f	2024-06-27			0			f	\N	0	5	0	3.9	80	290	f	f		0	31	5	No se sabe	0	0
375	40	Feminino	67.6	140	0	120	230	67	162	4	nonSmoking	f	0	f	f	f	f	t	2024-04-19		  	1		relatorio_risk_word/Risco_Cardiovascular_CarolinaSousaMendes3f7d7cbc8a.docx	t	644	PID00163	0	78	3.4	119	217	f	f		0	29	4.8	No se sabe	PID00458	0
418	55	Masculino	97.9	166	0	175	215	0	0	0	\N	t	0	f	f	f	f	f	2024-04-20			0			f	\N	0	4	0	4.5	97	345	f	f		0	35	5.3	No se sabe	0	0
419	42	Feminino	87.8	159	0	125	146	0	0	0	\N	t	0	f	f	f	f	f	2024-04-20			0			f	\N	0	3	0	2.8	44	254	f	f		0	46	6.3	No se sabe	0	0
410	46	Feminino	57.7	161	0	137	214	0	0	0	\N	t	0	f	f	f	f	f	2024-04-19			0			f	\N	0	0	0	0	0	650	f	f		0	36	5.4	No se sabe	0	0
420	39	Feminino	83.4	153	0	137	189	0	0	0	\N	t	0	f	f	f	f	f	2024-04-20			0			f	\N	0	3	0	4	123	94	f	f		0	33	5.2	No se sabe	0	0
421	62	Masculino	92.4	173	0	159	162	0	0	0	\N	t	0	f	f	f	f	f	2024-04-20			0			f	\N	0	5	0	3.2	74	190	f	f		0	38	5.6	No se sabe	0	0
422	54	Feminino	68.3	162	0	154	198	0	0	0	\N	t	0	f	f	f	f	f	2024-04-20			0			f	\N	0	5	0	3.1	85	246	f	f		0	41	5.9	No se sabe	0	0
411	46	Feminino	57.7	161	0	137	214	0	0	0	\N	t	0	f	f	f	f	f	2024-04-20			0			f	\N	0	6	0	0	0	650	f	f		0	36	5.4	No se sabe	0	0
423	45	Masculino	93.6	151	0	149	144	0	0	0	\N	t	0	f	f	f	f	f	2024-04-20			0			f	\N	0	5	0	4	77	156	f	f		0	42	6	No se sabe	0	0
424	48	Feminino	67.3	158	0	141	161	0	0	0	\N	t	0	f	f	f	f	f	2024-04-20			0			f	\N	0	4	0	3.2	81	146	f	f		0	35	5.3	No se sabe	0	0
377	46	Feminino	65.7	159	0	126	199	0	0	3	nonSmoking	f	0	f	f	f	f	f	2024-04-19		Triglicerios maior que 650 e resto dos valores a 0 no conseguiu avaliar, 	2		relatorio_risk_word/Risco_Cardiovascular_MariaTeresaSeabraAndradedeResendeSousaa9414d2da1.docx	t	650	PID00171	4	70	0	0	650	f	f		0	34	5.3	No se sabe	PID00463	0
412	46	Feminino	66.7	161	0	142	151	0	0	0	\N	t	0	f	f	f	f	f	2024-04-20			0			f	\N	0	0	0	2.6	62	152	f	f		0	35	5.4	No se sabe	0	0
413	46	Feminino	66.7	161	0	142	151	0	0	0	\N	t	0	f	f	f	f	f	2024-04-20			0			f	\N	0	4	0	2.6	62	152	f	f		0	35	5.4	No se sabe	0	0
414	46	Feminino	65.7	159	0	126	199	0	0	0	\N	t	0	f	f	f	f	f	2024-04-20			0			f	\N	0	4	0	0	0	650	f	f		0	34	5.3	No se sabe	0	0
425	58	Masculino	76.9	174	0	91	134	0	0	0	\N	t	0	f	f	f	f	f	2024-04-20			0			f	\N	0	6	0	2.5	62	95	f	f		0	35	5.4	No se sabe	0	0
415	48	Feminino	48.6	150	0	111	150	0	0	0	\N	t	0	f	f	f	f	f	2024-04-20			0			f	\N	0	3	0	2.1	63	82	f	f		0	27	4.7	No se sabe	0	0
426	43	Masculino	52	156	0	106	185	0	0	0	\N	t	0	f	f	f	f	f	2024-04-20			0			f	\N	0	5	0	3.9	80	290	f	f		0	31	5	No se sabe	0	0
430	35	Feminino	76	133	0	144	144	121	121	3	exSmoker	t	4	f	f	f	f	f	2024-04-29		 aaa      	0		relatorio_risk_word/Risco_Cardiovascular_AlexandraCristinaCuradoPereira718eed606e.docx	t	662	pid33	4	144	121	125	122	f	t	aaa	69	45	13	Elevado	PID333	0
416	47	Masculino	48	152	0	127	159	0	0	0	\N	t	0	f	f	f	f	f	2024-04-20			0			f	\N	0	0	0	4.7	87	194	f	f		0	29	4.8	No se sabe	0	0
417	53	Feminino	66.1	140	0	83	199	0	0	0	\N	t	0	f	f	f	f	f	2024-04-20			0			f	\N	0	5	0	3.8	88	290	f	f		0	46	6.3	No se sabe	0	0
427	47	Masculino	48	152	0	127	159	0	0	0	\N	t	0	f	f	f	f	f	2024-04-20			0			f	\N	0	4	0	4.7	87	194	f	f		0	29	4.8	No se sabe	0	0
428	40	Feminino	97.5	171	0	107	161	0	0	0	\N	t	0	f	f	f	f	f	2024-04-24			0			f	\N	0	0	0	3.4	87	134	f	f		0	33	5.2	No se sabe	0	0
429	40	Feminino	97.5	171	0	107	161	0	0	0	\N	t	0	f	f	f	f	f	2024-04-27			0			f	\N	0	0	0	3.4	87	134	f	f		0	33	5.2	No se sabe	0	0
434	46	Feminino	66.7	161	0	142	151	0	0	0	\N	t	0	f	f	f	f	f	2024-05-07			0			f	\N	0	4	0	2.6	62	152	f	f		0	35	5.4	No se sabe	0	0
431	35	Feminino	76	133	0	144	144	0	0	0	\N	t	0	f	f	f	f	f	2024-04-29			0			f	\N	0	4	0	121	125	122	f	f		69	45	13	No se sabe	0	0
435	53	Feminino	66.1	140	0	83	199	0	0	0	\N	t	0	f	f	f	f	f	2024-05-07			0			f	\N	0	5	0	3.8	88	290	f	f		0	46	6.3	No se sabe	0	0
432	48	Feminino	77.1	156	0	146	201	0	0	0	\N	t	0	f	f	f	f	f	2024-05-07			0			f	\N	0	1	0	4.5	129	137	f	f		0	34	5.3	No se sabe	0	0
433	37	Feminino	55.7	161	0	104	0	0	0	0	\N	t	0	f	f	f	f	f	2024-05-07			0			f	\N	0	1	0	0	0	0	f	f		0	31	5	No se sabe	0	0
436	39	Feminino	83.4	153	0	137	189	0	0	0	\N	t	0	f	f	f	f	f	2024-05-07			0			f	\N	0	3	0	4	123	94	f	f		0	33	5.2	No se sabe	0	0
437	54	Masculino	63.3	159	0	88	150	0	0	0	\N	t	0	f	f	f	f	f	2024-05-07			0			f	\N	0	2	0	3.5	88	96	f	f		0	30	4.9	No se sabe	0	0
438	59	Masculino	75.2	153	0	126	0	0	0	0	\N	t	0	f	f	f	f	f	2024-05-07			0			f	\N	0	1	0	0	0	0	f	f		0	0	0	No se sabe	0	0
439	37	Masculino	66.7	152	0	120	0	0	0	0	\N	t	0	f	f	f	f	f	2024-05-08			0			f	\N	0	0	0	0	0	0	f	f		0	36	5.5	No se sabe	0	0
541	56	Masculino	91.6	173	0	91	178	31	148	3	smoking	f	0	f	f	f	f	f	2024-05-27		 Distlica -> 66	0		relatorio_risk_word/Risco_Cardiovascular_JosCarruscaConception15756de123.docx	t	711	PID00414	0	88	5.8	85	314	f	f		0	40	5.8	Alto	0	0
440	40	Feminino	67.6	140	0	120	230	0	0	0	\N	t	0	f	f	f	f	f	2024-05-08			0			f	\N	0	0	0	3.4	119	217	f	f		0	29	4.8	No se sabe	0	0
441	48	Feminino	67.3	158	0	141	161	0	0	0	\N	t	0	f	f	f	f	f	2024-05-08			0			f	\N	0	4	0	3.2	81	146	f	f		0	35	5.3	No se sabe	0	0
442	48	Feminino	67.3	158	0	141	161	0	0	0	\N	t	0	f	f	f	f	f	2024-05-08			0			f	\N	0	4	0	3.2	81	146	f	f		0	35	5.3	No se sabe	0	0
443	53	Feminino	66.1	140	0	83	199	0	0	0	\N	t	0	f	f	f	f	f	2024-05-09			0			f	\N	0	5	0	3.8	88	290	f	f		0	46	6.3	No se sabe	0	0
444	53	Feminino	66.1	140	0	83	199	0	0	0	\N	t	0	f	f	f	f	f	2024-05-09			0			f	\N	0	5	0	3.8	88	290	f	f		0	46	6.3	No se sabe	0	0
445	54	Feminino	41.2	136	0	149	184	0	0	0	\N	t	0	f	f	f	f	f	2024-05-09			0			f	\N	0	1	0	2.2	83	91	f	f		0	40	5.9	No se sabe	0	0
446	39	Feminino	83.4	153	0	137	189	0	0	0	\N	t	0	f	f	f	f	f	2024-05-09			0			f	\N	0	3	0	4	123	94	f	f		0	33	5.2	No se sabe	0	0
447	48	Feminino	48.6	150	0	111	150	0	0	0	\N	t	0	f	f	f	f	f	2024-05-09			0			f	\N	0	3	0	2.1	63	82	f	f		0	27	4.7	No se sabe	0	0
448	35	Feminino	76	133	0	144	144	0	0	0	\N	t	0	f	f	f	f	f	2024-05-18			0			f	\N	0	4	0	121	125	122	f	f		69	45	13	No se sabe	0	0
449	35	Feminino	76	133	0	144	144	0	0	0	\N	t	0	f	f	f	f	f	2024-05-18			0			f	\N	0	4	0	121	125	122	f	f		69	45	13	No se sabe	0	0
450	35	Feminino	76	133	0	144	144	0	0	0	\N	t	0	f	f	f	f	f	2024-05-18			0			f	\N	0	4	0	121	125	122	f	f		69	45	13	No se sabe	0	0
451	35	Feminino	76	133	0	144	144	0	0	0	\N	t	0	f	f	f	f	f	2024-05-18			0			f	\N	0	4	0	121	125	122	f	f		69	45	13	No se sabe	0	0
452	35	Feminino	76	133	0	144	144	0	0	0	\N	t	0	f	f	f	f	f	2024-05-18			0			f	\N	0	4	0	121	125	122	f	f		69	45	13	No se sabe	0	0
454	65	Feminino	0	161	0	120	152	0	0	0	\N	t	0	f	f	f	f	f	2024-05-21			0			f	\N	0	2	0	3.2	85	95	f	f		0	39	5.7	No se sabe	0	0
455	65	Feminino	0	161	0	120	152	0	0	0	\N	t	0	f	f	f	f	f	2024-05-21			0			f	\N	0	2	0	3.2	85	95	f	f		0	39	5.7	No se sabe	0	0
456	65	Feminino	0	161	0	120	152	0	0	0	\N	t	0	f	f	f	f	f	2024-05-21			0			f	\N	0	2	0	3.2	85	95	f	f		0	39	5.7	No se sabe	0	0
457	65	Feminino	0	161	0	120	152	0	0	0	\N	t	0	f	f	f	f	f	2024-05-21			0			f	\N	0	2	0	3.2	85	95	f	f		0	39	5.7	No se sabe	0	0
458	65	Feminino	0	161	0	120	152	0	0	0	\N	t	0	f	f	f	f	f	2024-05-21			0			f	\N	0	2	0	3.2	85	95	f	f		68	39	5.7	No se sabe	0	0
459	65	Feminino	0	161	0	120	152	0	0	0	\N	t	0	f	f	f	f	f	2024-05-21			0			f	\N	0	2	0	3.2	85	95	f	f		68	39	5.7	No se sabe	0	0
460	65	Feminino	0	161	0	120	152	0	0	0	\N	t	0	f	f	f	f	f	2024-05-21			0			f	\N	0	2	0	3.2	85	95	f	f		68	39	5.7	No se sabe	0	0
461	65	Feminino	0	161	0	120	152	0	0	0	\N	t	0	f	f	f	f	f	2024-05-21			0			f	\N	0	2	0	3.2	85	95	f	f		68	39	5.7	No se sabe	0	0
462	65	Feminino	0	161	0	120	152	0	0	0	\N	t	0	f	f	f	f	f	2024-05-21			0			f	\N	0	2	0	3.2	85	95	f	f		68	39	5.7	No se sabe	0	0
558	41	Feminino	119.6	163	0	107	135	0	0	0	\N	t	0	f	f	f	f	f	2024-05-27			0			f	\N	0	3	0	2.1	59	62	f	f		0	40	5.8	No se sabe	0	0
498	55	Masculino	97.9	166	0	175	215	0	0	0	\N	t	0	f	f	f	f	f	2024-05-25			0			f	\N	0	4	0	4.5	97	345	f	f		0	35	5.3	No se sabe	0	0
463	53	Masculino	72.3	174	0	151	162	30	132	3	nonSmoking	t	0	f	f	f	f	f	2024-05-21		 Preencher posteriormente o questionrio,	5		relatorio_risk_word/Risco_Cardiovascular_PedroSimes7324e6ef23.docx	t	665	PID	0	79	5.3	68	320	f	t		0	45	6.3	Baixo	PID00182	0
467	68	Masculino	62.6	167	0	100	105	39	66	3	nonSmoking	t	0	f	f	f	f	f	2024-05-21		Preencher questionrio posteriormente  	8		relatorio_risk_word/Risco_Cardiovascular_AnaniasTavarescf77fd303c.docx	t	672	PID00478	3	94	2.7	50	78	f	f		0	42	6	Baixo	PID00186	0
464	53	Masculino	67.7	161	0	131	171	54	116	3	nonSmoking	t	0	f	f	f	f	f	2024-05-21		 Preencher posteriormente	4		relatorio_risk_word/Risco_Cardiovascular_MrioMendesffc4321352.docx	t	670	PID00183	0	73	3.1	103	66	f	t		0	38	5.6	Baixo	PID00475	0
465	58	Masculino	97.1	180	0	130	166	50	116	3	nonSmoking	f	0	f	f	f	f	f	2024-05-21		 Preencher questionrio posteriormente, 	5		relatorio_risk_word/Risco_Cardiovascular_AntnioTavarese293854c16.docx	t	669	PID00476	3	67	3.3	101	77	f	f	0	0	43	6.1	Baixo	PID00184	0
564	54	Masculino	78.3	171	0	121	113	0	0	0	\N	t	0	f	f	f	f	f	2024-05-27			0			f	\N	0	3	0	4.4	70	84	f	f		0	33	5.1	No se sabe	0	0
453	65	Feminino	86.3	161	0	120	152	38	104	3	nonSmoking	f	0	f	f	f	f	f	2024-05-21		 78 - distlica\r\n\r\nPID00181 HBA1 	7		relatorio_risk_word/Risco_Cardiovascular_ElsaMansinho3c92b37b7b.docx	t	667	PID00473	2	77	3.2	85	95	f	f	0	68	39	5.7	Baixo	PID00181	0
499	46	Feminino	57.7	161	0	137	214	0	0	0	\N	t	0	f	f	f	f	f	2024-05-25			0			f	\N	0	6	0	0	0	650	f	f		0	36	5.4	No se sabe	0	0
468	45	Masculino	64.2	166	0	107	167	69	99	3	smoking	f	0	f	f	f	f	f	2024-05-21		Preencher questionrio posteriormente,   \r\nTem Hepatite B	4		relatorio_risk_word/Risco_Cardiovascular_MunasirAbdulKarim1f6ea01e67.docx	t	673	PID00479	3	75	2.4	82	84	f	t		0	33	5.2	Baixo	PID00187	0
469	65	Feminino	86.3	161	0	120	152	0	0	0	\N	t	0	f	f	f	f	f	2024-05-21			0			f	\N	0	2	0	3.2	85	95	f	f		68	39	5.7	No se sabe	0	0
471	58	Masculino	86.7	170	0	129	112	37	75	3	smoking	f	0	f	f	f	f	f	2024-05-21		 Preencher questionrio posteriormente, 	9		relatorio_risk_word/Risco_Cardiovascular_HenriqueCarragetaa2e63080b8.docx	t	675	PID00481	3	69	3	26	244	f	f		0	46	6.4	Baixo	PID00189	0
475	62	Masculino	60.6	172	0	125	122	0	0	0	\N	t	0	f	f	f	f	f	2024-05-21			0			f	\N	0	0	0	2.7	50	134	f	f		0	47	6.5	No se sabe	0	0
485	50	Feminino	77.4	154	0	126	196	0	0	0	\N	t	0	f	f	f	f	f	2024-05-25			0			f	\N	0	0	0	3.9	122	121	f	f		0	36	5.4	No se sabe	0	0
481	26	Masculino	51.5	155	0	94	0	0	0	3	nonSmoking	t	0	f	f	f	f	f	2024-05-25		 0	0		relatorio_risk_word/Risco_Cardiovascular_AlexisFranciscoMontesCangola6ae4ec5e04.docx	t	679	PID00103	0	0	0	0	0	f	t	0	0	35	5.2	Baixo	PID00000	0
476	54	Masculino	78.3	171	0	121	113	0	0	0	\N	t	0	f	f	f	f	f	2024-05-21			0			f	\N	0	0	0	4.4	70	84	f	f		0	33	5.1	No se sabe	0	0
474	55	Masculino	82.4	178	0	137	178	0	0	0	\N	t	0	f	f	f	f	f	2024-05-21			0			f	\N	0	0	0	4.6	115	122	f	f		0	33	5.2	No se sabe	0	0
486	53	Feminino	66.1	140	0	83	199	0	0	0	\N	t	0	f	f	f	f	f	2024-05-25			0			f	\N	0	5	0	3.8	88	290	f	f		0	46	6.3	No se sabe	0	0
473	55	Masculino	82.4	178	0	137	178	39	139	3	nonSmoking	t	0	f	f	f	f	f	2024-05-21		  Preencher questionrio posteriormente	5		relatorio_risk_word/Risco_Cardiovascular_PascoalBarrosa76c6a66b6.docx	t	677	PID00483	0	59	4.6	115	122	f	t		0	33	5.2	Baixo	PID00191	0
482	53	Feminino	86.6	161	0	140	175	40	135	3	nonSmoking	t	0	f	f	f	f	f	2024-05-25			3		relatorio_risk_word/Risco_Cardiovascular_AmliaRosaRodrigues5cfd977b13.docx	t	680	PID00116	0	99	4.4	84	253	f	t		0	48	6.5	Baixo	0	0
477	28	Feminino	87.1	165	0	124	162	55	107	3	nonSmoking	t	0	f	f	f	f	f	2024-05-21		 Preencher questionrio posteriormente,	0		relatorio_risk_word/Risco_Cardiovascular_MariadaGraa9f2a110328.docx	t	678	PID00193	0	72	2.9	90	82	f	t		0	34	5.2	Baixo	PID00000	0
478	51	Masculino	76.5	169	0	144	144	0	0	0	\N	t	0	f	f	f	f	f	2024-05-23			0			f	\N	0	1	0	4.3	69	209	f	f		0	41	5.9	No se sabe	0	0
479	64	Masculino	95.5	170	0	149	184	0	0	0	\N	t	0	f	f	f	f	f	2024-05-23			0			f	\N	0	20	0	6.1	100	268	f	f		0	46	6.4	No se sabe	0	0
480	59	Masculino	85.4	168	0	150	179	0	0	0	\N	t	0	f	f	f	f	f	2024-05-23			0			f	\N	0	1	0	5.4	76	384	f	f		0	35	5.4	No se sabe	0	0
487	40	Feminino	83.4	153	0	137	189	0	0	0	\N	t	0	f	f	f	f	f	2024-05-25			0			f	\N	0	3	0	4	123	94	f	f		0	33	5.2	No se sabe	0	0
483	64	Feminino	63	156	0	115	174	56	118	3	nonSmoking	f	0	f	f	f	f	t	2024-05-25		 Distlica - 73	4		relatorio_risk_word/Risco_Cardiovascular_AnaIsabelPeixe-ReiBrito7e21704525.docx	t	681	PID00407	0	74	3.1	53	325	f	f		0	31	5	Alto	0	0
484	46	Feminino	66.7	161	0	142	151	0	0	0	\N	t	0	f	f	f	f	f	2024-05-25			0			f	\N	0	4	0	2.6	62	152	f	f		0	35	5.4	No se sabe	0	0
488	47	Masculino	59	154	0	183	204	0	0	0	\N	t	0	f	f	f	f	f	2024-05-25			0			f	\N	0	0	0	3.4	121	115	f	f		0	31	5	No se sabe	0	0
489	54	Masculino	63.3	159	0	88	150	0	0	0	\N	t	0	f	f	f	f	f	2024-05-25			0			f	\N	0	2	0	3.5	88	96	f	f		0	30	4.9	No se sabe	0	0
490	59	Masculino	75.2	153	0	126	182	0	0	0	\N	t	0	f	f	f	f	f	2024-05-25			0			f	\N	0	1	0	3.6	106	128	f	f		0	37	5.5	No se sabe	0	0
491	43	Masculino	52	156	0	106	185	0	0	0	\N	t	0	f	f	f	f	f	2024-05-25			0			f	\N	0	5	0	3.9	80	290	f	f		0	31	5	No se sabe	0	0
492	54	Feminino	41.2	136	0	149	184	0	0	0	\N	t	0	f	f	f	f	f	2024-05-25			0			f	\N	0	1	0	2.2	83	91	f	f		0	40	5.9	No se sabe	0	0
493	40	Feminino	67.6	140	0	120	230	0	0	0	\N	t	0	f	f	f	f	f	2024-05-25			0			f	\N	0	0	0	3.4	119	217	f	f		0	29	4.8	No se sabe	0	0
494	53	Masculino	68.3	174	0	105	170	0	0	0	\N	t	0	f	f	f	f	f	2024-05-25			0			f	\N	0	2	0	3.4	101	94	f	f		0	32	5.1	No se sabe	0	0
495	51	Masculino	76.5	169	0	144	144	0	0	0	\N	t	0	f	f	f	f	f	2024-05-25			0			f	\N	0	1	0	4.3	69	209	f	f		0	41	5.9	No se sabe	0	0
496	47	Masculino	71.5	152	0	120	203	0	0	0	\N	t	0	f	f	f	f	f	2024-05-25			0			f	\N	0	0	0	3.5	124	110	f	f		0	34	5.3	No se sabe	0	0
497	58	Masculino	76.9	174	0	91	134	0	0	0	\N	t	0	f	f	f	f	f	2024-05-25			0			f	\N	0	6	0	2.5	62	95	f	f		0	35	5.4	No se sabe	0	0
396	46	Feminino	57.7	161	0	137	214	0	0	3	nonSmoking	f	0	f	f	f	f	t	2024-04-19		Todos os valores a 0 so N/A,    	2		relatorio_risk_word/Risco_Cardiovascular_MafaldaSofiaPereiraMarques717b555323.docx	t	659	PID00176	6	90	0	0	650	t	f		0	36	5.4	No se sabe	PID00468	0
500	46	Feminino	65.7	159	0	126	199	0	0	0	\N	t	0	f	f	f	f	f	2024-05-25			0			f	\N	0	4	0	0	0	650	f	f		0	34	5.3	No se sabe	0	0
501	48	Feminino	48.6	150	0	111	150	0	0	0	\N	t	0	f	f	f	f	f	2024-05-25			0			f	\N	0	3	0	2.1	63	82	f	f		0	27	4.7	No se sabe	0	0
513	18	Masculino	66.6	177	0	123	0	0	0	3	nonSmoking	t	0	f	f	f	f	f	2024-05-25		 	0		relatorio_risk_word/Risco_Cardiovascular_AntnioMiguelLaneiroBajucaaedcdc3d16.docx	t	684	PID00380	0	82	0	0	0	f	t		0	28	4.7	Baixo	0	0
502	40	Masculino	64.7	159	0	110	142	0	0	0	\N	t	0	f	f	f	f	f	2024-05-25			0			f	\N	0	0	0	2.5	51	173	f	f		0	30	4.9	No se sabe	0	0
503	40	Masculino	64.7	159	0	110	142	0	0	0	\N	t	0	f	f	f	f	f	2024-05-25			0			f	\N	0	0	0	2.5	51	173	f	f		0	30	4.9	No se sabe	0	0
504	62	Masculino	92.4	173	0	159	162	0	0	0	\N	t	0	f	f	f	f	f	2024-05-25			0			f	\N	0	5	0	3.2	74	190	f	f		0	38	5.6	No se sabe	0	0
505	42	Feminino	87.8	159	0	125	146	0	0	0	\N	t	0	f	f	f	f	f	2024-05-25			0			f	\N	0	3	0	2.8	44	254	f	f		0	46	6.3	No se sabe	0	0
506	54	Feminino	68.3	162	0	154	198	0	0	0	\N	t	0	f	f	f	f	f	2024-05-25			0			f	\N	0	5	0	3.1	85	246	f	f		0	41	5.9	No se sabe	0	0
507	45	Masculino	93.6	151	0	149	144	0	0	0	\N	t	0	f	f	f	f	f	2024-05-25			0			f	\N	0	5	0	4	77	156	f	f		0	42	6	No se sabe	0	0
508	48	Feminino	67.3	158	0	141	161	0	0	0	\N	t	0	f	f	f	f	f	2024-05-25			0			f	\N	0	4	0	3.2	81	146	f	f		0	35	5.3	No se sabe	0	0
509	47	Feminino	92.2	0	0	135	0	0	0	0	\N	t	0	f	f	f	f	f	2024-05-25			0			f	\N	0	0	0	0	0	0	f	f		0	32	5.1	No se sabe	0	0
510	47	Feminino	92.2	0	0	135	0	0	0	0	\N	t	0	f	f	f	f	f	2024-05-25			0			f	\N	0	0	0	0	0	0	f	f		0	32	5.1	No se sabe	0	0
522	44	Masculino	65.6	156	0	106	231	25	206	5	nonSmoking	f	0	f	f	f	f	f	2024-05-25		No tenho info sobre o ID do perfil lipdicos \r\nTem cmbrias nas pernas,\r\nSo 2h30 de jejum 	2		relatorio_risk_word/Risco_Cardiovascular_PedroManuelLeal821b4f573f.docx	t	691	PID	2	71	9.2	206	433	f	f		0	0	0	Baixo	0	0
511	47	Feminino	92.2	1	92	135	0	0	0	3	nonSmoking	f	0	f	f	f	f	f	2024-05-25		 0	2		relatorio_risk_word/Risco_Cardiovascular_AnaPachillerdaRocha03ef613767.docx	t	682	PID00089	0	90	0	0	0	f	f	0	0	32	5.1	Baixo	0	0
401	49	Feminino	48.6	150	0	111	150	71	80	3	nonSmoking	f	0	f	f	f	f	f	2024-04-19		 	1		relatorio_risk_word/Risco_Cardiovascular_MartaRosaVazSantana8330f402ec.docx	t	648	PID00165	3	41	2.1	63	82	t	f		0	27	4.7	No se sabe	PID00456	0
512	59	Masculino	103.1	175	0	135	136	43	93	3	nonSmoking	t	0	f	f	f	f	t	2024-05-25		Distlica - 83	5		relatorio_risk_word/Risco_Cardiovascular_AntnioLuisBritoSantosSousa2fb4f027e2.docx	t	683	PID00131	0	89	3.2	77	80	f	t		0	38	5.6	Baixo	PID00132	0
516	45	Feminino	97	160	0	107	0	0	0	3	nonSmoking	t	0	f	f	f	f	f	2024-05-25		 	1		relatorio_risk_word/Risco_Cardiovascular_CludiaMariaSanchesLandime4043feffe.docx	t	687	0	0	84	0	0	0	f	t		0	37	5.5	Baixo	PID00099	0
514	19	Feminino	38.5	150	0	103	0	0	0	3	nonSmoking	t	0	f	f	f	f	f	2024-05-25		 	0		relatorio_risk_word/Risco_Cardiovascular_CarolinaIsabelMestredeMagalhesfdcd296384.docx	t	685	0	0	97	0	0	0	f	t		0	31	5	Baixo	PID00381	0
515	40	Feminino	65.5	143	0	145	0	0	0	3	nonSmoking	t	0	f	f	f	f	f	2024-05-25		 	1		relatorio_risk_word/Risco_Cardiovascular_ClaudiaSofiaMorgadinhoReis632914bd5c.docx	t	686	0	0	80	0	0	0	f	t		0	34	5.3	Baixo	PID00098	0
257	61	Feminino	105	163	0	114	165	44	120	3	nonSmoking	f	0	f	f	f	f	f	2024-03-14		 Diastlica: 71  	4		relatorio_risk_word/Risco_Cardiovascular_DanieladaConceioDomingosb82fd546cb.docx	t	403	PID00391	1	83	3.7	83	187	f	f		0	45	6.2	Moderado	0	0
517	61	Feminino	105	163	0	114	165	44	120	3	nonSmoking	f	0	f	f	f	f	f	2024-05-25		 Distlica - 71	4		relatorio_risk_word/Risco_Cardiovascular_DanieladaConceioDomingos5b8f8d6055.docx	t	688	PID00391	1	83	3.7	83	187	f	f		0	45	6.2	Moderado	0	0
518	61	Feminino	105	163	0	114	165	0	0	0	\N	t	0	f	f	f	f	f	2024-05-25			0			f	\N	0	1	0	3.7	83	187	f	f		0	45	6.2	No se sabe	0	0
519	20	Masculino	63.5	174	0	119	0	0	0	3	nonSmoking	f	0	f	f	f	f	f	2024-05-25		 	0		relatorio_risk_word/Risco_Cardiovascular_DavidPinheiroAndrade7ce96b79e6.docx	t	689	0	0	82	0	0	0	f	f		0	32	5	Baixo	PID00096	0
520	21	Masculino	59.6	168	0	120	0	0	0	3	nonSmoking	t	0	f	f	f	f	f	2024-05-25		 	0		relatorio_risk_word/Risco_Cardiovascular_DavilsonOrioneDiasBorgese547f9bdd3.docx	t	690	0	0	83	0	0	0	f	t		0	39	3.7	Baixo	PID00101	0
521	70	Masculino	80	172	0	142	100	48	52	3	smoking	f	0	f	f	f	f	f	2024-05-25		 Medicao para a tenso	23		relatorio_risk_word/Risco_Cardiovascular_MiguelNunoDiasMorbey42823ce0b1.docx	t	284	PID00084	2	79	2.1	29	119	f	f		0	0	0	Moderado	0	0
523	57	Masculino	84.3	163	0	119	232	55	177	4	nonSmoking	t	0	f	f	f	f	f	2024-05-26		 Diabetes de tipo 2	5		relatorio_risk_word/Risco_Cardiovascular_ElisabeteTeresaDeArajoCostadosSantosSaldanha4_Xe79Srf.docx	t	692	PID00364	3	86	4.2	109	341	f	t		0	0	0	Moderado	0	0
534	48	Masculino	72	1	72	159	0	0	0	3	nonSmoking	t	0	f	f	f	f	f	2024-05-26		Insuficincia renal em hemodilise,\r\nFaz avaliao de peso de 2 em 2 dias, Refere ter 67 Kg \r\n(tommos o valor do nosso instrumento)\r\nPresso diastlica: 110	4		relatorio_risk_word/Risco_Cardiovascular_HlioJorgePauloCardoso9c08cc7209.docx	t	705	0	12	84	0	0	0	f	t		0	34	5.2	Baixo	PID00376	0
542	46	Masculino	82.2	165	0	122	0	0	0	3	nonSmoking	t	0	f	f	f	f	f	2024-05-27		 Distlica ->76	3		relatorio_risk_word/Risco_Cardiovascular_JosInacioVitorinoRamosMendes4919e300ff.docx	t	712	0	0	54	0	0	0	f	t		0	31	5	Baixo	PID00377	0
524	55	Masculino	103.2	174	0	154	131	24	107	3	smoking	f	0	f	f	f	f	f	2024-05-26		 J fumou h dois meses	11		relatorio_risk_word/Risco_Cardiovascular_CarlosRodrigues187c3a3c40.docx	t	693	PID00365	4	66	5.5	40	335	f	f		0	0	0	Moderado	0	0
587	50	Masculino	92.1	176	0	115	148	25	123	3	smoking	f	0	f	f	f	f	t	2024-05-28		Diastlica -> 76 	5		relatorio_risk_word/Risco_Cardiovascular_NunoMiguelPeresSantosf4de2e70fb.docx	t	753	PID00416	0	89	5.9	90	166	f	f		0	37	5.5	Alto	0	0
548	29	Feminino	56.5	198	0	124	0	0	0	3	nonSmoking	t	0	f	f	f	f	f	2024-05-27		 	0		relatorio_risk_word/Risco_Cardiovascular_KarinaNarynaNetyksfd78c69587.docx	t	719	0	0	108	0	0	0	f	t		0	33	5.2	Baixo	PID00384	0
570	57	Feminino	65.9	150	0	140	140	18	18	3	nonSmoking	t	11	f	f	f	f	f	2024-05-27		 Distlica -> 80	4		relatorio_risk_word/Risco_Cardiovascular_MariadoRosrioNunesMimosob17998c630.docx	t	732	PID00396	0	93	7.9	0	426	f	t		0	47	6.5	Alto	PID00098	0
553	42	Feminino	84.2	165	0	97	170	53	117	3	smoking	t	0	f	f	f	f	f	2024-05-27		  Distlica -> 70	0		relatorio_risk_word/Risco_Cardiovascular_LailadeSousae7ce9d971f.docx	t	723	PID00418	0	89	3.2	99	89	f	t		0	35	5.4	Baixo	0	0
466	41	Feminino	119.6	163	0	107	135	63	72	3	nonSmoking	f	0	f	f	f	f	f	2024-05-21		 Preencher questionrio posteriormente 	1		relatorio_risk_word/Risco_Cardiovascular_AdaBarros446db62171.docx	t	671	PID00477	3	94	2.1	59	62	f	f		0	40	5.8	Baixo	PID00185	0
574	71	Feminino	86	167	0	138	169	65	104	3	nonSmoking	f	0	f	f	f	f	f	2024-05-27		 Distlica -> 74	9		relatorio_risk_word/Risco_Cardiovascular_MariaOdeteMartinsMadeira33aca3d629.docx	t	738	PID00387	1	71	2.6	69	173	f	f		0	33	5.2	Moderado	0	0
472	54	Masculino	78.3	171	0	121	113	25	87	3	nonSmoking	f	0	f	f	f	f	f	2024-05-21		 Preencher questionrio posteriormente e HBA1  \r\nPara alm do seu diagnstico psiquitrico de Perturbao Esquizoafetiva Tipo Misto, tambm apresenta Quadro de Debilidade Mental Ligeira	4		relatorio_risk_word/Risco_Cardiovascular_JosCastroe33e702036.docx	t	676	PID00482	3	52	4.4	70	84	t	f		0	33	5.1	Baixo	PID00484	0
579	56	Feminino	76.6	152	0	133	210	47	163	4	nonSmoking	f	0	f	f	f	f	f	2024-05-27		 Diastlica -> 71	3		relatorio_risk_word/Risco_Cardiovascular_MariaManuelaSantosAntnio21ad207772.docx	t	745	PID00420	0	67	4.5	101	310	f	t		0	41	5.9	Baixo	0	0
583	54	Masculino	78.2	160	0	148	0	0	0	0	\N	t	0	f	f	f	f	f	2024-05-28			0			f	\N	0	0	0	0	0	0	f	f		0	36	5.5	No se sabe	0	0
592	44	Feminino	86	162	0	128	0	0	0	3	nonSmoking	f	0	f	f	f	f	f	2024-05-28		 Diastlica -> 72	1		relatorio_risk_word/Risco_Cardiovascular_RosaMariaCarvalhoViegas02109cdd89.docx	t	757	0	0	81	0	0	0	f	f		0	37	5.6	Baixo	PID00378	0
605	49	Masculino	106.1	177	0	130	122	48	74	3	nonSmoking	t	6	f	f	f	f	f	2024-05-28		 Horas de Jejum -> 3h30	3		relatorio_risk_word/Risco_Cardiovascular_JooCarlosRamosGomes2d6828c7f0.docx	t	770	PID00198	3	57	2.6	40	174	f	f		0	40	5.8	Baixo	PID00490	0
597	48	Feminino	101.1	158	0	151	0	0	0	3	nonSmoking	t	0	f	f	f	f	f	2024-05-28		Diastlica -> 90 	2		relatorio_risk_word/Risco_Cardiovascular_WandaJesusPiedadeAndradecf4ee79c97.docx	t	762	0	4	72	0	0	0	f	t		0	38	5.7	Moderado	PID00039	0
601	65	Masculino	97.4	180	0	101	195	45	101	3	smoking	f	0	f	f	f	t	f	2024-05-28		Hipertiroidismo\r\nDiastlica -> 59 mmHg	12		relatorio_risk_word/Risco_Cardiovascular_ManuelNicolauFreitasdeBarrosTeixeiraHomem562e206b0e.docx	t	766	PID00195	3	60	3.2	74	133	f	f		0	37	5.5	Baixo	PID00487	0
609	48	Feminino	92.8	162	0	121	200	66	134	3	nonSmoking	t	0	f	f	f	f	t	2024-05-28		 Horas de jejum -> 1h30	2		relatorio_risk_word/Risco_Cardiovascular_SaraRosaLinoMendesb991f8676e.docx	t	774	PID00199	1	93	3	107	134	f	t		0	37	5.5	Baixo	PID00491	0
613	44	Masculino	65.6	156	0	106	231	0	0	0	\N	t	0	f	f	f	f	f	2024-06-03			0			f	\N	0	2	0	9.2	206	433	f	f		0	0	0	No se sabe	0	0
617	28	Feminino	80.6	150	0	104	0	0	0	3	nonSmoking	f	0	f	f	f	f	f	2024-06-03		 	0		relatorio_risk_word/Risco_Cardiovascular_AnaMariaRibeiroGrcioMachado49e2825b41.docx	t	781	0	0	90	0	0	0	f	f		0	35	5.4	Baixo	PID00121	56
621	68	Feminino	85.6	154	0	146	0	0	0	3	nonSmoking	f	0	f	f	f	f	f	2024-06-09		 	8		relatorio_risk_word/Risco_Cardiovascular_MariaHelenaConceioGonalvese7fdba90db.docx	t	788	0	0	74	0	0	0	f	f		0	53	7	Baixo	PID00403	76
630	40	Feminino	97.5	171	0	107	161	0	0	0	\N	t	0	f	f	f	f	f	2024-06-27			0			f	\N	0	0	0	3.4	87	134	f	f		0	33	5.2	No se sabe	0	0
628	51	Masculino	0	1	0	0	0	0	0	3	nonSmoking	f	0	f	f	f	f	f	2024-06-14		 	0		relatorio_risk_word/Risco_Cardiovascular_RuiMiguelMendesNunese83861f1b6.docx	t	794	0	0	0	0	0	0	f	f	Ausente (por motivos pessoais no se encontrava presente)	0	0	0	Baixo	0	0
393	43	Masculino	52	156	0	106	185	47	138	3	nonSmoking	t	0	f	f	f	f	f	2024-04-19		   	2		relatorio_risk_word/Risco_Cardiovascular_BrunoMigueldaSilvaMuge07fe85c179.docx	t	652	PID00178	5	77	3.9	80	290	t	t		0	31	5	No se sabe	PID00470	0
644	47	Masculino	48	152	0	127	159	0	0	0	\N	t	0	f	f	f	f	f	2024-06-27			0			f	\N	0	4	0	4.7	87	194	f	f		0	29	4.8	No se sabe	0	0
631	40	Feminino	97.5	171	0	107	161	0	0	0	\N	t	0	f	f	f	f	f	2024-06-27			0			f	\N	0	0	0	3.4	87	134	f	f		0	33	5.2	No se sabe	0	0
647	58	Masculino	76.9	174	0	91	134	0	0	0	\N	t	0	f	f	f	f	f	2024-06-27			0			f	\N	0	6	0	2.5	62	95	f	f		0	35	5.4	No se sabe	0	0
361	40	Feminino	97.5	171	0	107	161	47	114	3	nonSmoking	f	0	t	f	f	f	f	2024-04-16		     	1		relatorio_risk_word/Risco_Cardiovascular_AnaCarinaSimesFerreira1b25abafd1.docx	t	467	PID00150	0	67	3.4	87	134	t	t		0	33	5.2	No se sabe	0	0
632	48	Feminino	77.1	156	0	146	201	0	0	0	\N	t	0	f	f	f	f	f	2024-06-27			0			f	\N	0	1	0	4.5	129	137	f	f		0	34	5.3	No se sabe	0	0
633	37	Feminino	55.7	161	0	104	0	0	0	0	\N	t	0	f	f	f	f	f	2024-06-27			0			f	\N	0	1	0	0	0	0	f	f		0	31	5	No se sabe	0	0
404	47	Masculino	48	152	0	127	159	34	125	3	nonSmoking	f	0	f	f	f	f	f	2024-04-19		 Vai ser preciso colocar o peso e a altura (informao introduzida pela Crinabel)    	3		relatorio_risk_word/Risco_Cardiovascular_JooMigueldaCunhaBarros1bc17a745f.docx	t	487	PID00169	4	74	4.7	87	194	t	f		0	29	4.8	No se sabe	0	0
365	37	Feminino	55.7	161	0	104	0	0	0	3	nonSmoking	f	0	f	f	f	f	f	2024-04-16		No sabe sobre Hipercolesterolemia Familiar (Gentica) - Esta questo vai ser colocada  me, pela equipa tcnica da Crinabel (questo colocada  me e respondida no questionrio)	0		relatorio_risk_word/Risco_Cardiovascular_AnaMargaridaVeigaGonalves49a0e79a7d.docx	t	505	PID	1	83	0	0	0	t	f		0	31	5	No se sabe	0	0
634	53	Feminino	66.1	140	0	83	199	0	0	0	\N	t	0	f	f	f	f	f	2024-06-27			0			f	\N	0	5	0	3.8	88	290	f	f		0	46	6.3	No se sabe	0	0
635	47	Masculino	59	154	0	183	204	0	0	0	\N	t	0	f	f	f	f	f	2024-06-27			0			f	\N	0	0	0	3.4	121	115	f	f		0	31	5	No se sabe	0	0
636	40	Feminino	83.4	153	0	137	189	0	0	0	\N	t	0	f	f	f	f	f	2024-06-27			0			f	\N	0	3	0	4	123	94	f	f		0	33	5.2	No se sabe	0	0
637	55	Masculino	63.3	159	0	88	150	0	0	0	\N	t	0	f	f	f	f	f	2024-06-27			0			f	\N	0	2	0	3.5	88	96	f	f		0	30	4.9	No se sabe	0	0
645	42	Masculino	78.9	173	0	152	185	0	0	0	\N	t	0	f	f	f	f	f	2024-06-27			0			f	\N	0	1	0	3.1	100	128	f	f		0	38	5.6	No se sabe	0	0
342	55	Masculino	63.3	159	0	88	150	43	107	3	nonSmoking	f	0	f	f	f	t	f	2024-04-16		O utente tem Trissomia 21, 	0		relatorio_risk_word/Risco_Cardiovascular_AntnioLusMendesdosSantos35cf9e3c1a.docx	t	491	PID00145	2	53	3.5	88	96	t	f		0	30	4.9	No se sabe	PID00432	0
638	59	Masculino	75.2	153	0	126	182	0	0	0	\N	t	0	f	f	f	f	f	2024-06-27			0			f	\N	0	1	0	3.6	106	128	f	f		0	37	5.5	No se sabe	0	0
639	54	Feminino	41.2	136	0	149	184	0	0	0	\N	t	0	f	f	f	f	f	2024-06-27			0			f	\N	0	1	0	2.2	83	91	f	f		0	40	5.9	No se sabe	0	0
640	40	Feminino	67.6	140	0	120	230	0	0	0	\N	t	0	f	f	f	f	f	2024-06-27			0			f	\N	0	0	0	3.4	119	217	f	f		0	29	4.8	No se sabe	0	0
641	35	Masculino	98.9	176	0	123	0	0	0	0	\N	t	0	f	f	f	f	f	2024-06-27			0			f	\N	0	1	0	0	0	0	f	f		0	39	5.7	No se sabe	0	0
642	33	Feminino	73.3	159	0	121	0	0	0	0	\N	t	0	f	f	f	f	f	2024-06-27			0			f	\N	0	1	0	0	0	0	f	f		0	37	5.5	No se sabe	0	0
643	51	Masculino	76.5	169	0	144	144	0	0	0	\N	t	0	f	f	f	f	f	2024-06-27			0			f	\N	0	1	0	4.3	69	209	f	f		0	41	5.9	No se sabe	0	0
648	55	Masculino	97.9	166	0	175	215	0	0	0	\N	t	0	f	f	f	f	f	2024-06-27			0			f	\N	0	4	0	4.5	97	345	f	f		0	35	5.3	No se sabe	0	0
355	42	Masculino	78.9	173	0	152	185	59	125	3	nonSmoking	f	0	f	f	f	f	f	2024-04-16		  	3		relatorio_risk_word/Risco_Cardiovascular_JooPedroRibeirodaSilvaCruz14651cfba2.docx	t	471	PID00149	1	78	3.1	100	128	t	t		0	38	5.6	No se sabe	0	0
646	47	Masculino	71.5	152	0	120	203	0	0	0	\N	t	0	f	f	f	f	f	2024-06-27			0			f	\N	0	0	0	3.5	124	110	f	f		0	34	5.3	No se sabe	0	0
649	49	Feminino	48.6	150	0	111	150	0	0	0	\N	t	0	f	f	f	f	f	2024-06-27			0			f	\N	0	3	0	2.1	63	82	f	f		0	27	4.7	No se sabe	0	0
650	64	Masculino	95.5	170	0	149	184	0	0	0	\N	t	0	f	f	f	f	f	2024-06-27			0			f	\N	0	20	0	6.1	100	268	f	f		0	46	6.4	No se sabe	0	0
651	55	Masculino	81.6	168	0	165	217	0	0	0	\N	t	0	f	f	f	f	f	2024-06-27			0			f	\N	0	1	0	3.1	129	88	f	f		0	35	5.3	No se sabe	0	0
652	40	Masculino	64.7	159	0	110	142	0	0	0	\N	t	0	f	f	f	f	f	2024-06-27			0			f	\N	0	0	0	2.5	51	173	f	f		0	30	4.9	No se sabe	0	0
653	62	Masculino	92.4	173	0	159	162	0	0	0	\N	t	0	f	f	f	f	f	2024-06-27			0			f	\N	0	5	0	3.2	74	190	f	f		0	38	5.6	No se sabe	0	0
654	43	Feminino	87.8	159	0	125	146	0	0	0	\N	t	0	f	f	f	f	f	2024-06-27			0			f	\N	0	3	0	2.8	44	254	f	f		0	46	6.3	No se sabe	0	0
655	54	Feminino	68.3	162	0	154	198	0	0	0	\N	t	0	f	f	f	f	f	2024-06-27			0			f	\N	0	5	0	3.1	85	246	f	f		0	41	5.9	No se sabe	0	0
656	45	Masculino	93.6	151	0	149	144	0	0	0	\N	t	0	f	f	f	f	f	2024-06-27			0			f	\N	0	5	0	4	77	156	f	f		0	42	6	No se sabe	0	0
657	48	Feminino	67.3	158	0	141	161	0	0	0	\N	t	0	f	f	f	f	f	2024-06-27			0			f	\N	0	4	0	3.2	81	146	f	f		0	35	5.3	No se sabe	0	0
658	37	Masculino	66.7	152	0	120	0	0	0	0	\N	t	0	f	f	f	f	f	2024-06-27			0			f	\N	0	0	0	0	0	0	f	f		0	36	5.5	No se sabe	0	0
660	23	Masculino	85	175	0	45	144	123	123	3	exSmoker	f	4	t	f	t	t	f	2024-06-27		 teste	0		relatorio_risk_word/Risco_Cardiovascular_MiguelCardosof49f284047.docx	t	799	PID341	8	124	123	152	212	t	t	testagem	69.3	21	13	Baixo	PID342	123
661	41	Feminino	75	175	0	145	33	0	0	0	\N	t	0	f	f	f	f	f	2024-06-27			0			f	\N	0	14	0	111	22	22	f	f		297.7	32	12	No se sabe	0	145
662	41	Feminino	75	175	0	145	33	0	0	0	\N	t	0	f	f	f	f	f	2024-06-27			0			f	\N	0	14	0	111	22	22	f	f		871.7	32	32	No se sabe	0	145
665	43	Masculino	75	175	0	45	141	142	256	6	exSmoker	f	5	t	f	t	t	t	2024-06-28		 Teste 	0		relatorio_risk_word/Risco_Cardiovascular_BrunoMigueldaSilvaMugeb019633745.docx	t	803	PID342	7	154	478	125	321	t	f	Teste	10.7	21	2	Alto	PID342	45
664	41	Feminino	142	144	0	14	134	0	0	0	\N	t	0	f	f	f	f	f	2024-06-27			0			f	\N	0	5	0	134	134	134	f	f		613.4	21	23	No se sabe	0	21
659	39	Masculino	75	174	0	78	144	147	147	3	nonSmoking	t	12	f	t	t	t	t	2024-06-27		 Teste comentario adicional    	0		relatorio_risk_word/Risco_Cardiovascular_AbelDjassiTavaresAlvarenhaae4a65eaf5.docx	t	795	PID432	4	144	142	442	142	t	t	Teste comentario da sesso	326.4	21	13	Baixo	PID312	79
663	41	Feminino	142	144	0	14	134	134	134	3	nonSmoking	t	4	f	f	f	f	f	2024-06-27		 aaa 	0		relatorio_risk_word/Risco_Cardiovascular_AdaBarros46364c0f10.docx	t	802	PID345	5	44	134	134	134	f	t	dsddas	613.4	21	23	Baixo	PID456	21
667	23	Feminino	45	174	0	142	341	123	123	3	exSmoker	f	4	t	t	t	t	t	2024-06-28		 TESTE	0		relatorio_risk_word/Risco_Cardiovascular_MiguelAngeloCardosoa451115a19.docx	t	805	PID323	4	122	123	324	123	t	f	teste video	297.7	134	12	Elevado	PID432	125
670	0	Masculino	58	175	0	44	33	333	333	6	nonSmoking	t	144	f	f	f	f	f	2024-06-28		 teste	0		relatorio_risk_word/Risco_Cardiovascular_MiguelBatistadffea50d0d.docx	t	807	PID123	4	44	333	33	33	f	t	teste 2	68.1	21	4	Baixo	PID123	44
666	43	Masculino	75	175	0	45	141	0	0	0	\N	t	0	f	f	f	f	f	2024-06-28			0			f	\N	0	7	0	478	125	321	f	f		10.7	21	2	No se sabe	0	45
668	38	Masculino	75	174	0	78	144	0	0	0	\N	t	0	f	f	f	f	f	2024-06-28			0			f	\N	0	4	0	142	442	142	f	f		326.4	21	13	No se sabe	0	79
671	39	Masculino	75	174	0	78	144	0	0	0	\N	t	0	f	f	f	f	f	2024-10-18			0			f	\N	0	4	0	142	442	142	f	f		326.4	21	13	No se sabe	0	79
669	38	Masculino	75	174	0	78	144	0	0	0	\N	t	0	f	f	f	f	f	2024-06-28			0			f	\N	0	4	0	142	442	142	f	f		326.4	21	13	No se sabe	0	79
672	39	Masculino	75	174	0	78	144	0	0	0	\N	t	0	f	f	f	f	f	2025-02-05			0			f	\N	0	4	0	142	442	142	f	f		326.4	21	13	No se sabe	0	79
\.


--
-- Data for Name: protocolo_section; Type: TABLE DATA; Schema: public; Owner: leda
--

COPY public.protocolo_section (id, name, description, "order", dimension_id) FROM stdin;
80	Nomeao	\N	5	19
84	Desenho C	\N	3	21
85	Desenho D	\N	4	21
87	Desenho A	\N	1	22
88	Desenho B	\N	2	22
90	Desenho D	\N	4	22
91	Desenho E	\N	5	22
92	Trail Making Test - Parte A - Treino	\N	1	23
99	Provrbio C	\N	3	26
100	Nomeao de Cores	\N	1	27
101	Ordens	\N	2	27
102	None	\N	1	28
103	Respondente #1	\N	1	29
104	Respondente #2	\N	2	29
105	Respondente #3	\N	3	29
106	None	\N	0	30
107	None	\N	0	31
108	None	\N	0	32
109	None	\N	0	33
110	None	\N	0	34
113	MentHA-Risk-section	\N	0	41
114	None	\N	1	42
115	None	\N	1	43
116	None	\N	1	44
117	None	\N	0	45
118	None	\N	1	46
6	Deslocao (no domicilio ou no exterior)	\N	2	2
10	Audio	\N	3	3
9	Viso (+ - correo)	\N	2	3
11	Memria	\N	1	4
12	Comportamento	\N	2	4
15	Utilizao do telefone	\N	1	7
13	Humor	\N	3	4
47	Evocao Diferida (Intervalo Curto)	\N	1	10
65	Percepo (Pontos)	\N	3	14
86	Desenho E	\N	5	21
97	Provrbio A	\N	1	26
14	None	\N	1	6
17	Preparao das refeies	\N	3	7
18	Tarefas domsticas	\N	4	7
19	Lavagem da roupa	\N	5	7
20	Utilizao de meios de transporte	\N	6	7
16	Fazer compras	\N	2	7
21	Manejo de medicao	\N	7	7
22	Responsabilidade de assuntos financeiros	\N	8	7
40	Ateno e Concentrao (Clculo)	\N	4	9
41	Orientao (Espacial)	\N	2	9
42	Letra P	\N	1	11
95	Trail Making Test - Parte B - Teste	\N	2	24
37	None	\N	0	8
39	Orientao (Temporal)	\N	1	9
46	Memria Retrgrada	\N	3	10
48	Compreenso (Carto)	\N	1	12
49	Compreenso (Etapas)	\N	2	12
96	None	\N	0	25
43	Categoria "Animais"	\N	2	11
45	Memria Antergrada	\N	2	10
50	Escrita	\N	3	12
54	Nomeao	\N	7	12
55	Compreenso (Figuras)	\N	8	12
62	Evocao Diferida (Intervalo Longo)	\N	4	10
51	Repetio I	\N	4	12
53	Repetio III	\N	6	12
56	Leitura	\N	9	12
57	Ateno e Concentrao (Soletrar)	\N	5	9
8	Fala	\N	1	3
58	Capacidade Visuo-Espacial (Pentgonos)	\N	1	14
98	Provrbio B	\N	2	26
52	Repetio II	\N	5	12
59	Capacidade Visuo-Espacial (Cubo)	\N	2	14
60	Capacidade Visuo-Espacial (Relgio)	\N	3	14
68	Orientao (Temporal)	\N	1	17
69	Orientao (Espacial)	\N	2	17
93	Trail Making Test - Parte A - Teste	\N	2	23
64	Memria	\N	3	9
66	Percepo (Letras)	\N	4	14
67	Reconhecimento	\N	5	10
70	Memria	\N	3	17
77	Compreenso (Etapas)	\N	2	19
94	Trail Making Test - Parte B - Treino	\N	1	24
71	Ateno e Concentrao (Clculo)	\N	4	17
72	Ateno e Concentrao (Soletrar)	\N	5	17
73	Evocao Diferida (Intervalo Curto)	\N	1	18
76	Compreenso (Carto)	\N	1	19
78	Escrita	\N	3	19
111	None	\N	0	35
79	Repetio III	\N	4	19
81	Capacidade Visuo-Espacial (Pentgonos)	\N	0	20
82	Desenho A	\N	1	21
83	Desenho B	\N	2	21
89	Desenho C	\N	3	22
112	None	\N	0	36
7	Espao de vida (+/- ajuda humana ou tcnica)	\N	3	2
1	Alimentao	\N	1	1
3	Eliminao	\N	3	1
2	Higiene		2	1
5	Transferncia (subir ou descer da cama)	\N	1	2
4	None	\N	1	5
\.


--
-- Data for Name: protocolo_textinputanswer; Type: TABLE DATA; Schema: public; Owner: leda
--

COPY public.protocolo_textinputanswer (id, seconds, text, answer_id) FROM stdin;
10	1	Perro, Perigo	851
11	2	peluche, piloto, polido, pelo	851
12	3	pequeno, pechincha, piculo,	851
13	1	co, papagaio, serpente, 	852
14	2	galinha, galo, gato 	852
15	3	guitarra (?)	852
16	4	gato (r)	852
\.


--
-- Name: auth_group_id_seq; Type: SEQUENCE SET; Schema: public; Owner: leda
--

SELECT pg_catalog.setval('public.auth_group_id_seq', 7, true);


--
-- Name: auth_group_permissions_id_seq; Type: SEQUENCE SET; Schema: public; Owner: leda
--

SELECT pg_catalog.setval('public.auth_group_permissions_id_seq', 3916, true);


--
-- Name: auth_permission_id_seq; Type: SEQUENCE SET; Schema: public; Owner: leda
--

SELECT pg_catalog.setval('public.auth_permission_id_seq', 248, true);


--
-- Name: auth_user_groups_id_seq; Type: SEQUENCE SET; Schema: public; Owner: leda
--

SELECT pg_catalog.setval('public.auth_user_groups_id_seq', 1058, true);


--
-- Name: auth_user_id_seq; Type: SEQUENCE SET; Schema: public; Owner: leda
--

SELECT pg_catalog.setval('public.auth_user_id_seq', 517, true);


--
-- Name: auth_user_user_permissions_id_seq; Type: SEQUENCE SET; Schema: public; Owner: leda
--

SELECT pg_catalog.setval('public.auth_user_user_permissions_id_seq', 15, true);


--
-- Name: diario_administrador_id_seq; Type: SEQUENCE SET; Schema: public; Owner: leda
--

SELECT pg_catalog.setval('public.diario_administrador_id_seq', 15, true);


--
-- Name: diario_atividade_id_seq; Type: SEQUENCE SET; Schema: public; Owner: leda
--

SELECT pg_catalog.setval('public.diario_atividade_id_seq', 27, true);


--
-- Name: diario_avaliacaoparticipante_id_seq; Type: SEQUENCE SET; Schema: public; Owner: leda
--

SELECT pg_catalog.setval('public.diario_avaliacaoparticipante_id_seq', 1, false);


--
-- Name: diario_avaliacaosessao_id_seq; Type: SEQUENCE SET; Schema: public; Owner: leda
--

SELECT pg_catalog.setval('public.diario_avaliacaosessao_id_seq', 1, false);


--
-- Name: diario_avaliador_id_seq; Type: SEQUENCE SET; Schema: public; Owner: leda
--

SELECT pg_catalog.setval('public.diario_avaliador_id_seq', 35, true);


--
-- Name: diario_colaborador_id_seq; Type: SEQUENCE SET; Schema: public; Owner: leda
--

SELECT pg_catalog.setval('public.diario_colaborador_id_seq', 10, true);


--
-- Name: diario_cuidador_diagnosticos_id_seq; Type: SEQUENCE SET; Schema: public; Owner: leda
--

SELECT pg_catalog.setval('public.diario_cuidador_diagnosticos_id_seq', 6, true);


--
-- Name: diario_cuidador_grupo_id_seq; Type: SEQUENCE SET; Schema: public; Owner: leda
--

SELECT pg_catalog.setval('public.diario_cuidador_grupo_id_seq', 266, true);


--
-- Name: diario_cuidador_id_seq; Type: SEQUENCE SET; Schema: public; Owner: leda
--

SELECT pg_catalog.setval('public.diario_cuidador_id_seq', 47, true);


--
-- Name: diario_dinamizadorconvidado_grupo_id_seq; Type: SEQUENCE SET; Schema: public; Owner: leda
--

SELECT pg_catalog.setval('public.diario_dinamizadorconvidado_grupo_id_seq', 91, true);


--
-- Name: diario_dinamizadorconvidado_id_seq; Type: SEQUENCE SET; Schema: public; Owner: leda
--

SELECT pg_catalog.setval('public.diario_dinamizadorconvidado_id_seq', 40, true);


--
-- Name: diario_documents_cuidador_id_seq; Type: SEQUENCE SET; Schema: public; Owner: leda
--

SELECT pg_catalog.setval('public.diario_documents_cuidador_id_seq', 1, true);


--
-- Name: diario_documents_id_seq; Type: SEQUENCE SET; Schema: public; Owner: leda
--

SELECT pg_catalog.setval('public.diario_documents_id_seq', 1, true);


--
-- Name: diario_doenca_id_seq; Type: SEQUENCE SET; Schema: public; Owner: leda
--

SELECT pg_catalog.setval('public.diario_doenca_id_seq', 29, true);


--
-- Name: diario_escolha_id_seq; Type: SEQUENCE SET; Schema: public; Owner: leda
--

SELECT pg_catalog.setval('public.diario_escolha_id_seq', 23, true);


--
-- Name: diario_exercicio_id_seq; Type: SEQUENCE SET; Schema: public; Owner: leda
--

SELECT pg_catalog.setval('public.diario_exercicio_id_seq', 38, true);


--
-- Name: diario_exercicio_partes_do_exercicio_id_seq; Type: SEQUENCE SET; Schema: public; Owner: leda
--

SELECT pg_catalog.setval('public.diario_exercicio_partes_do_exercicio_id_seq', 266, true);


--
-- Name: diario_exercicio_sessao_id_seq; Type: SEQUENCE SET; Schema: public; Owner: leda
--

SELECT pg_catalog.setval('public.diario_exercicio_sessao_id_seq', 588, true);


--
-- Name: diario_facilitador_grupo_id_seq; Type: SEQUENCE SET; Schema: public; Owner: leda
--

SELECT pg_catalog.setval('public.diario_facilitador_grupo_id_seq', 1, false);


--
-- Name: diario_facilitador_id_seq; Type: SEQUENCE SET; Schema: public; Owner: leda
--

SELECT pg_catalog.setval('public.diario_facilitador_id_seq', 1, true);


--
-- Name: diario_grupo_id_seq; Type: SEQUENCE SET; Schema: public; Owner: leda
--

SELECT pg_catalog.setval('public.diario_grupo_id_seq', 194, true);


--
-- Name: diario_imagem_id_seq; Type: SEQUENCE SET; Schema: public; Owner: leda
--

SELECT pg_catalog.setval('public.diario_imagem_id_seq', 46, true);


--
-- Name: diario_informacaosensivel_id_seq; Type: SEQUENCE SET; Schema: public; Owner: leda
--

SELECT pg_catalog.setval('public.diario_informacaosensivel_id_seq', 430, true);


--
-- Name: diario_mentor_grupo_id_seq; Type: SEQUENCE SET; Schema: public; Owner: leda
--

SELECT pg_catalog.setval('public.diario_mentor_grupo_id_seq', 17, true);


--
-- Name: diario_mentor_id_seq; Type: SEQUENCE SET; Schema: public; Owner: leda
--

SELECT pg_catalog.setval('public.diario_mentor_id_seq', 22, true);


--
-- Name: diario_nota_id_seq; Type: SEQUENCE SET; Schema: public; Owner: leda
--

SELECT pg_catalog.setval('public.diario_nota_id_seq', 9, true);


--
-- Name: diario_notagrupo_id_seq; Type: SEQUENCE SET; Schema: public; Owner: leda
--

SELECT pg_catalog.setval('public.diario_notagrupo_id_seq', 12, true);


--
-- Name: diario_opcao_id_seq; Type: SEQUENCE SET; Schema: public; Owner: leda
--

SELECT pg_catalog.setval('public.diario_opcao_id_seq', 26, true);


--
-- Name: diario_parte_atividades_id_seq; Type: SEQUENCE SET; Schema: public; Owner: leda
--

SELECT pg_catalog.setval('public.diario_parte_atividades_id_seq', 114, true);


--
-- Name: diario_parte_exercicio_id_seq; Type: SEQUENCE SET; Schema: public; Owner: leda
--

SELECT pg_catalog.setval('public.diario_parte_exercicio_id_seq', 75, true);


--
-- Name: diario_parte_exercicio_imagens_id_seq; Type: SEQUENCE SET; Schema: public; Owner: leda
--

SELECT pg_catalog.setval('public.diario_parte_exercicio_imagens_id_seq', 142, true);


--
-- Name: diario_parte_exercicio_perguntas_id_seq; Type: SEQUENCE SET; Schema: public; Owner: leda
--

SELECT pg_catalog.setval('public.diario_parte_exercicio_perguntas_id_seq', 585, true);


--
-- Name: diario_parte_id_seq; Type: SEQUENCE SET; Schema: public; Owner: leda
--

SELECT pg_catalog.setval('public.diario_parte_id_seq', 56, true);


--
-- Name: diario_parte_questionarios_id_seq; Type: SEQUENCE SET; Schema: public; Owner: leda
--

SELECT pg_catalog.setval('public.diario_parte_questionarios_id_seq', 69, true);


--
-- Name: diario_partegrupo_id_seq; Type: SEQUENCE SET; Schema: public; Owner: leda
--

SELECT pg_catalog.setval('public.diario_partegrupo_id_seq', 7395, true);


--
-- Name: diario_participante_cuidadores_id_seq; Type: SEQUENCE SET; Schema: public; Owner: leda
--

SELECT pg_catalog.setval('public.diario_participante_cuidadores_id_seq', 148, true);


--
-- Name: diario_participante_diagnosticos_id_seq; Type: SEQUENCE SET; Schema: public; Owner: leda
--

SELECT pg_catalog.setval('public.diario_participante_diagnosticos_id_seq', 227, true);


--
-- Name: diario_participante_grupo_id_seq; Type: SEQUENCE SET; Schema: public; Owner: leda
--

SELECT pg_catalog.setval('public.diario_participante_grupo_id_seq', 282, true);


--
-- Name: diario_participante_id_seq; Type: SEQUENCE SET; Schema: public; Owner: leda
--

SELECT pg_catalog.setval('public.diario_participante_id_seq', 321, true);


--
-- Name: diario_partilha_id_seq; Type: SEQUENCE SET; Schema: public; Owner: leda
--

SELECT pg_catalog.setval('public.diario_partilha_id_seq', 9, true);


--
-- Name: diario_partilhagrupo_id_seq; Type: SEQUENCE SET; Schema: public; Owner: leda
--

SELECT pg_catalog.setval('public.diario_partilhagrupo_id_seq', 1, false);


--
-- Name: diario_pergunta_exercicio_id_seq; Type: SEQUENCE SET; Schema: public; Owner: leda
--

SELECT pg_catalog.setval('public.diario_pergunta_exercicio_id_seq', 111, true);


--
-- Name: diario_pergunta_exercicio_opcoes_id_seq; Type: SEQUENCE SET; Schema: public; Owner: leda
--

SELECT pg_catalog.setval('public.diario_pergunta_exercicio_opcoes_id_seq', 101, true);


--
-- Name: diario_pergunta_id_seq; Type: SEQUENCE SET; Schema: public; Owner: leda
--

SELECT pg_catalog.setval('public.diario_pergunta_id_seq', 54, true);


--
-- Name: diario_pergunta_opcoes_id_seq; Type: SEQUENCE SET; Schema: public; Owner: leda
--

SELECT pg_catalog.setval('public.diario_pergunta_opcoes_id_seq', 1936, true);


--
-- Name: diario_presenca_id_seq; Type: SEQUENCE SET; Schema: public; Owner: leda
--

SELECT pg_catalog.setval('public.diario_presenca_id_seq', 784, true);


--
-- Name: diario_questionario_id_seq; Type: SEQUENCE SET; Schema: public; Owner: leda
--

SELECT pg_catalog.setval('public.diario_questionario_id_seq', 15, true);


--
-- Name: diario_questionario_perguntas_id_seq; Type: SEQUENCE SET; Schema: public; Owner: leda
--

SELECT pg_catalog.setval('public.diario_questionario_perguntas_id_seq', 536, true);


--
-- Name: diario_reference_id_seq; Type: SEQUENCE SET; Schema: public; Owner: leda
--

SELECT pg_catalog.setval('public.diario_reference_id_seq', 11, true);


--
-- Name: diario_resposta_id_seq; Type: SEQUENCE SET; Schema: public; Owner: leda
--

SELECT pg_catalog.setval('public.diario_resposta_id_seq', 33, true);


--
-- Name: diario_sessao_id_seq; Type: SEQUENCE SET; Schema: public; Owner: leda
--

SELECT pg_catalog.setval('public.diario_sessao_id_seq', 27, true);


--
-- Name: diario_sessaodogrupo_id_seq; Type: SEQUENCE SET; Schema: public; Owner: leda
--

SELECT pg_catalog.setval('public.diario_sessaodogrupo_id_seq', 1502, true);


--
-- Name: django_admin_log_id_seq; Type: SEQUENCE SET; Schema: public; Owner: leda
--

SELECT pg_catalog.setval('public.django_admin_log_id_seq', 1604, true);


--
-- Name: django_content_type_id_seq; Type: SEQUENCE SET; Schema: public; Owner: leda
--

SELECT pg_catalog.setval('public.django_content_type_id_seq', 68, true);


--
-- Name: django_migrations_id_seq; Type: SEQUENCE SET; Schema: public; Owner: leda
--

SELECT pg_catalog.setval('public.django_migrations_id_seq', 82, true);


--
-- Name: mentha_contacto_id_seq; Type: SEQUENCE SET; Schema: public; Owner: leda
--

SELECT pg_catalog.setval('public.mentha_contacto_id_seq', 1, false);


--
-- Name: mentha_noticia_id_seq; Type: SEQUENCE SET; Schema: public; Owner: leda
--

SELECT pg_catalog.setval('public.mentha_noticia_id_seq', 27, true);


--
-- Name: protocolo_answer_id_seq; Type: SEQUENCE SET; Schema: public; Owner: leda
--

SELECT pg_catalog.setval('public.protocolo_answer_id_seq', 938, true);


--
-- Name: protocolo_area_id_seq; Type: SEQUENCE SET; Schema: public; Owner: leda
--

SELECT pg_catalog.setval('public.protocolo_area_id_seq', 78, true);


--
-- Name: protocolo_area_part_id_seq; Type: SEQUENCE SET; Schema: public; Owner: leda
--

SELECT pg_catalog.setval('public.protocolo_area_part_id_seq', 156, true);


--
-- Name: protocolo_dimension_id_seq; Type: SEQUENCE SET; Schema: public; Owner: leda
--

SELECT pg_catalog.setval('public.protocolo_dimension_id_seq', 46, true);


--
-- Name: protocolo_instrument_area_id_seq; Type: SEQUENCE SET; Schema: public; Owner: leda
--

SELECT pg_catalog.setval('public.protocolo_instrument_area_id_seq', 162, true);


--
-- Name: protocolo_instrument_id_seq; Type: SEQUENCE SET; Schema: public; Owner: leda
--

SELECT pg_catalog.setval('public.protocolo_instrument_id_seq', 24, true);


--
-- Name: protocolo_multiplechoicescheckbox_id_seq; Type: SEQUENCE SET; Schema: public; Owner: leda
--

SELECT pg_catalog.setval('public.protocolo_multiplechoicescheckbox_id_seq', 478, true);


--
-- Name: protocolo_part_id_seq; Type: SEQUENCE SET; Schema: public; Owner: leda
--

SELECT pg_catalog.setval('public.protocolo_part_id_seq', 14, true);


--
-- Name: protocolo_partedoutilizador_id_seq; Type: SEQUENCE SET; Schema: public; Owner: leda
--

SELECT pg_catalog.setval('public.protocolo_partedoutilizador_id_seq', 826, true);


--
-- Name: protocolo_possibleanswer_id_seq; Type: SEQUENCE SET; Schema: public; Owner: leda
--

SELECT pg_catalog.setval('public.protocolo_possibleanswer_id_seq', 315, true);


--
-- Name: protocolo_protocol_id_seq; Type: SEQUENCE SET; Schema: public; Owner: leda
--

SELECT pg_catalog.setval('public.protocolo_protocol_id_seq', 1, true);


--
-- Name: protocolo_question_helping_images_id_seq; Type: SEQUENCE SET; Schema: public; Owner: leda
--

SELECT pg_catalog.setval('public.protocolo_question_helping_images_id_seq', 83, true);


--
-- Name: protocolo_question_id_seq; Type: SEQUENCE SET; Schema: public; Owner: leda
--

SELECT pg_catalog.setval('public.protocolo_question_id_seq', 256, true);


--
-- Name: protocolo_question_possible_answers_id_seq; Type: SEQUENCE SET; Schema: public; Owner: leda
--

SELECT pg_catalog.setval('public.protocolo_question_possible_answers_id_seq', 3166, true);


--
-- Name: protocolo_questionimage_id_seq; Type: SEQUENCE SET; Schema: public; Owner: leda
--

SELECT pg_catalog.setval('public.protocolo_questionimage_id_seq', 21, true);


--
-- Name: protocolo_report_id_seq; Type: SEQUENCE SET; Schema: public; Owner: leda
--

SELECT pg_catalog.setval('public.protocolo_report_id_seq', 798, true);


--
-- Name: protocolo_resolution_id_seq; Type: SEQUENCE SET; Schema: public; Owner: leda
--

SELECT pg_catalog.setval('public.protocolo_resolution_id_seq', 832, true);


--
-- Name: protocolo_risk_id_seq; Type: SEQUENCE SET; Schema: public; Owner: leda
--

SELECT pg_catalog.setval('public.protocolo_risk_id_seq', 672, true);


--
-- Name: protocolo_section_id_seq; Type: SEQUENCE SET; Schema: public; Owner: leda
--

SELECT pg_catalog.setval('public.protocolo_section_id_seq', 118, true);


--
-- Name: protocolo_textinputanswer_id_seq; Type: SEQUENCE SET; Schema: public; Owner: leda
--

SELECT pg_catalog.setval('public.protocolo_textinputanswer_id_seq', 16, true);


--
-- Name: auth_group auth_group_name_key; Type: CONSTRAINT; Schema: public; Owner: leda
--

ALTER TABLE ONLY public.auth_group
    ADD CONSTRAINT auth_group_name_key UNIQUE (name);


--
-- Name: auth_group_permissions auth_group_permissions_group_id_permission_id_0cd325b0_uniq; Type: CONSTRAINT; Schema: public; Owner: leda
--

ALTER TABLE ONLY public.auth_group_permissions
    ADD CONSTRAINT auth_group_permissions_group_id_permission_id_0cd325b0_uniq UNIQUE (group_id, permission_id);


--
-- Name: auth_group_permissions auth_group_permissions_pkey; Type: CONSTRAINT; Schema: public; Owner: leda
--

ALTER TABLE ONLY public.auth_group_permissions
    ADD CONSTRAINT auth_group_permissions_pkey PRIMARY KEY (id);


--
-- Name: auth_group auth_group_pkey; Type: CONSTRAINT; Schema: public; Owner: leda
--

ALTER TABLE ONLY public.auth_group
    ADD CONSTRAINT auth_group_pkey PRIMARY KEY (id);


--
-- Name: auth_permission auth_permission_content_type_id_codename_01ab375a_uniq; Type: CONSTRAINT; Schema: public; Owner: leda
--

ALTER TABLE ONLY public.auth_permission
    ADD CONSTRAINT auth_permission_content_type_id_codename_01ab375a_uniq UNIQUE (content_type_id, codename);


--
-- Name: auth_permission auth_permission_pkey; Type: CONSTRAINT; Schema: public; Owner: leda
--

ALTER TABLE ONLY public.auth_permission
    ADD CONSTRAINT auth_permission_pkey PRIMARY KEY (id);


--
-- Name: auth_user_groups auth_user_groups_pkey; Type: CONSTRAINT; Schema: public; Owner: leda
--

ALTER TABLE ONLY public.auth_user_groups
    ADD CONSTRAINT auth_user_groups_pkey PRIMARY KEY (id);


--
-- Name: auth_user_groups auth_user_groups_user_id_group_id_94350c0c_uniq; Type: CONSTRAINT; Schema: public; Owner: leda
--

ALTER TABLE ONLY public.auth_user_groups
    ADD CONSTRAINT auth_user_groups_user_id_group_id_94350c0c_uniq UNIQUE (user_id, group_id);


--
-- Name: auth_user auth_user_pkey; Type: CONSTRAINT; Schema: public; Owner: leda
--

ALTER TABLE ONLY public.auth_user
    ADD CONSTRAINT auth_user_pkey PRIMARY KEY (id);


--
-- Name: auth_user_user_permissions auth_user_user_permissions_pkey; Type: CONSTRAINT; Schema: public; Owner: leda
--

ALTER TABLE ONLY public.auth_user_user_permissions
    ADD CONSTRAINT auth_user_user_permissions_pkey PRIMARY KEY (id);


--
-- Name: auth_user_user_permissions auth_user_user_permissions_user_id_permission_id_14a6b632_uniq; Type: CONSTRAINT; Schema: public; Owner: leda
--

ALTER TABLE ONLY public.auth_user_user_permissions
    ADD CONSTRAINT auth_user_user_permissions_user_id_permission_id_14a6b632_uniq UNIQUE (user_id, permission_id);


--
-- Name: auth_user auth_user_username_key; Type: CONSTRAINT; Schema: public; Owner: leda
--

ALTER TABLE ONLY public.auth_user
    ADD CONSTRAINT auth_user_username_key UNIQUE (username);


--
-- Name: diario_administrador diario_administrador_pkey; Type: CONSTRAINT; Schema: public; Owner: leda
--

ALTER TABLE ONLY public.diario_administrador
    ADD CONSTRAINT diario_administrador_pkey PRIMARY KEY (id);


--
-- Name: diario_atividade diario_atividade_pkey; Type: CONSTRAINT; Schema: public; Owner: leda
--

ALTER TABLE ONLY public.diario_atividade
    ADD CONSTRAINT diario_atividade_pkey PRIMARY KEY (id);


--
-- Name: diario_avaliacaoparticipante diario_avaliacaoparticipante_pkey; Type: CONSTRAINT; Schema: public; Owner: leda
--

ALTER TABLE ONLY public.diario_avaliacaoparticipante
    ADD CONSTRAINT diario_avaliacaoparticipante_pkey PRIMARY KEY (id);


--
-- Name: diario_avaliacaosessao diario_avaliacaosessao_pkey; Type: CONSTRAINT; Schema: public; Owner: leda
--

ALTER TABLE ONLY public.diario_avaliacaosessao
    ADD CONSTRAINT diario_avaliacaosessao_pkey PRIMARY KEY (id);


--
-- Name: diario_avaliador diario_avaliador_pkey; Type: CONSTRAINT; Schema: public; Owner: leda
--

ALTER TABLE ONLY public.diario_avaliador
    ADD CONSTRAINT diario_avaliador_pkey PRIMARY KEY (id);


--
-- Name: diario_colaborador diario_colaborador_pkey; Type: CONSTRAINT; Schema: public; Owner: leda
--

ALTER TABLE ONLY public.diario_colaborador
    ADD CONSTRAINT diario_colaborador_pkey PRIMARY KEY (id);


--
-- Name: diario_cuidador_diagnosticos diario_cuidador_diagnost_cuidador_id_doenca_id_d171ed31_uniq; Type: CONSTRAINT; Schema: public; Owner: leda
--

ALTER TABLE ONLY public.diario_cuidador_diagnosticos
    ADD CONSTRAINT diario_cuidador_diagnost_cuidador_id_doenca_id_d171ed31_uniq UNIQUE (cuidador_id, doenca_id);


--
-- Name: diario_cuidador_diagnosticos diario_cuidador_diagnosticos_pkey; Type: CONSTRAINT; Schema: public; Owner: leda
--

ALTER TABLE ONLY public.diario_cuidador_diagnosticos
    ADD CONSTRAINT diario_cuidador_diagnosticos_pkey PRIMARY KEY (id);


--
-- Name: diario_cuidador_grupo diario_cuidador_grupo_cuidador_id_grupo_id_1279a206_uniq; Type: CONSTRAINT; Schema: public; Owner: leda
--

ALTER TABLE ONLY public.diario_cuidador_grupo
    ADD CONSTRAINT diario_cuidador_grupo_cuidador_id_grupo_id_1279a206_uniq UNIQUE (cuidador_id, grupo_id);


--
-- Name: diario_cuidador_grupo diario_cuidador_grupo_pkey; Type: CONSTRAINT; Schema: public; Owner: leda
--

ALTER TABLE ONLY public.diario_cuidador_grupo
    ADD CONSTRAINT diario_cuidador_grupo_pkey PRIMARY KEY (id);


--
-- Name: diario_cuidador diario_cuidador_pkey; Type: CONSTRAINT; Schema: public; Owner: leda
--

ALTER TABLE ONLY public.diario_cuidador
    ADD CONSTRAINT diario_cuidador_pkey PRIMARY KEY (id);


--
-- Name: diario_dinamizadorconvidado_grupo diario_dinamizadorconvid_dinamizadorconvidado_id__8e392e85_uniq; Type: CONSTRAINT; Schema: public; Owner: leda
--

ALTER TABLE ONLY public.diario_dinamizadorconvidado_grupo
    ADD CONSTRAINT diario_dinamizadorconvid_dinamizadorconvidado_id__8e392e85_uniq UNIQUE (dinamizadorconvidado_id, grupo_id);


--
-- Name: diario_dinamizadorconvidado_grupo diario_dinamizadorconvidado_grupo_pkey; Type: CONSTRAINT; Schema: public; Owner: leda
--

ALTER TABLE ONLY public.diario_dinamizadorconvidado_grupo
    ADD CONSTRAINT diario_dinamizadorconvidado_grupo_pkey PRIMARY KEY (id);


--
-- Name: diario_dinamizadorconvidado diario_dinamizadorconvidado_pkey; Type: CONSTRAINT; Schema: public; Owner: leda
--

ALTER TABLE ONLY public.diario_dinamizadorconvidado
    ADD CONSTRAINT diario_dinamizadorconvidado_pkey PRIMARY KEY (id);


--
-- Name: diario_documents_cuidador diario_documents_cuidado_documents_id_cuidador_id_3a50a14d_uniq; Type: CONSTRAINT; Schema: public; Owner: leda
--

ALTER TABLE ONLY public.diario_documents_cuidador
    ADD CONSTRAINT diario_documents_cuidado_documents_id_cuidador_id_3a50a14d_uniq UNIQUE (documents_id, cuidador_id);


--
-- Name: diario_documents_cuidador diario_documents_cuidador_pkey; Type: CONSTRAINT; Schema: public; Owner: leda
--

ALTER TABLE ONLY public.diario_documents_cuidador
    ADD CONSTRAINT diario_documents_cuidador_pkey PRIMARY KEY (id);


--
-- Name: diario_documents diario_documents_pkey; Type: CONSTRAINT; Schema: public; Owner: leda
--

ALTER TABLE ONLY public.diario_documents
    ADD CONSTRAINT diario_documents_pkey PRIMARY KEY (id);


--
-- Name: diario_doenca diario_doenca_pkey; Type: CONSTRAINT; Schema: public; Owner: leda
--

ALTER TABLE ONLY public.diario_doenca
    ADD CONSTRAINT diario_doenca_pkey PRIMARY KEY (id);


--
-- Name: diario_escolha diario_escolha_pkey; Type: CONSTRAINT; Schema: public; Owner: leda
--

ALTER TABLE ONLY public.diario_escolha
    ADD CONSTRAINT diario_escolha_pkey PRIMARY KEY (id);


--
-- Name: diario_exercicio_partes_do_exercicio diario_exercicio_partes__exercicio_id_parte_exerc_8607e8d8_uniq; Type: CONSTRAINT; Schema: public; Owner: leda
--

ALTER TABLE ONLY public.diario_exercicio_partes_do_exercicio
    ADD CONSTRAINT diario_exercicio_partes__exercicio_id_parte_exerc_8607e8d8_uniq UNIQUE (exercicio_id, parte_exercicio_id);


--
-- Name: diario_exercicio_partes_do_exercicio diario_exercicio_partes_do_exercicio_pkey; Type: CONSTRAINT; Schema: public; Owner: leda
--

ALTER TABLE ONLY public.diario_exercicio_partes_do_exercicio
    ADD CONSTRAINT diario_exercicio_partes_do_exercicio_pkey PRIMARY KEY (id);


--
-- Name: diario_exercicio diario_exercicio_pkey; Type: CONSTRAINT; Schema: public; Owner: leda
--

ALTER TABLE ONLY public.diario_exercicio
    ADD CONSTRAINT diario_exercicio_pkey PRIMARY KEY (id);


--
-- Name: diario_exercicio_sessao diario_exercicio_sessao_exercicio_id_sessao_id_d3057da4_uniq; Type: CONSTRAINT; Schema: public; Owner: leda
--

ALTER TABLE ONLY public.diario_exercicio_sessao
    ADD CONSTRAINT diario_exercicio_sessao_exercicio_id_sessao_id_d3057da4_uniq UNIQUE (exercicio_id, sessao_id);


--
-- Name: diario_exercicio_sessao diario_exercicio_sessao_pkey; Type: CONSTRAINT; Schema: public; Owner: leda
--

ALTER TABLE ONLY public.diario_exercicio_sessao
    ADD CONSTRAINT diario_exercicio_sessao_pkey PRIMARY KEY (id);


--
-- Name: diario_facilitador_grupo diario_facilitador_grupo_facilitador_id_grupo_id_ab1fca30_uniq; Type: CONSTRAINT; Schema: public; Owner: leda
--

ALTER TABLE ONLY public.diario_facilitador_grupo
    ADD CONSTRAINT diario_facilitador_grupo_facilitador_id_grupo_id_ab1fca30_uniq UNIQUE (facilitador_id, grupo_id);


--
-- Name: diario_facilitador_grupo diario_facilitador_grupo_pkey; Type: CONSTRAINT; Schema: public; Owner: leda
--

ALTER TABLE ONLY public.diario_facilitador_grupo
    ADD CONSTRAINT diario_facilitador_grupo_pkey PRIMARY KEY (id);


--
-- Name: diario_facilitador diario_facilitador_pkey; Type: CONSTRAINT; Schema: public; Owner: leda
--

ALTER TABLE ONLY public.diario_facilitador
    ADD CONSTRAINT diario_facilitador_pkey PRIMARY KEY (id);


--
-- Name: diario_grupo diario_grupo_pkey; Type: CONSTRAINT; Schema: public; Owner: leda
--

ALTER TABLE ONLY public.diario_grupo
    ADD CONSTRAINT diario_grupo_pkey PRIMARY KEY (id);


--
-- Name: diario_imagem diario_imagem_pkey; Type: CONSTRAINT; Schema: public; Owner: leda
--

ALTER TABLE ONLY public.diario_imagem
    ADD CONSTRAINT diario_imagem_pkey PRIMARY KEY (id);


--
-- Name: diario_informacaosensivel diario_informacaosensivel_pkey; Type: CONSTRAINT; Schema: public; Owner: leda
--

ALTER TABLE ONLY public.diario_informacaosensivel
    ADD CONSTRAINT diario_informacaosensivel_pkey PRIMARY KEY (id);


--
-- Name: diario_mentor_grupo diario_mentor_grupo_mentor_id_grupo_id_7f86e5f0_uniq; Type: CONSTRAINT; Schema: public; Owner: leda
--

ALTER TABLE ONLY public.diario_mentor_grupo
    ADD CONSTRAINT diario_mentor_grupo_mentor_id_grupo_id_7f86e5f0_uniq UNIQUE (mentor_id, grupo_id);


--
-- Name: diario_mentor_grupo diario_mentor_grupo_pkey; Type: CONSTRAINT; Schema: public; Owner: leda
--

ALTER TABLE ONLY public.diario_mentor_grupo
    ADD CONSTRAINT diario_mentor_grupo_pkey PRIMARY KEY (id);


--
-- Name: diario_mentor diario_mentor_pkey; Type: CONSTRAINT; Schema: public; Owner: leda
--

ALTER TABLE ONLY public.diario_mentor
    ADD CONSTRAINT diario_mentor_pkey PRIMARY KEY (id);


--
-- Name: diario_nota diario_nota_pkey; Type: CONSTRAINT; Schema: public; Owner: leda
--

ALTER TABLE ONLY public.diario_nota
    ADD CONSTRAINT diario_nota_pkey PRIMARY KEY (id);


--
-- Name: diario_notagrupo diario_notagrupo_pkey; Type: CONSTRAINT; Schema: public; Owner: leda
--

ALTER TABLE ONLY public.diario_notagrupo
    ADD CONSTRAINT diario_notagrupo_pkey PRIMARY KEY (id);


--
-- Name: diario_opcao diario_opcao_pkey; Type: CONSTRAINT; Schema: public; Owner: leda
--

ALTER TABLE ONLY public.diario_opcao
    ADD CONSTRAINT diario_opcao_pkey PRIMARY KEY (id);


--
-- Name: diario_parte_atividades diario_parte_atividades_parte_id_atividade_id_4afeb5fc_uniq; Type: CONSTRAINT; Schema: public; Owner: leda
--

ALTER TABLE ONLY public.diario_parte_atividades
    ADD CONSTRAINT diario_parte_atividades_parte_id_atividade_id_4afeb5fc_uniq UNIQUE (parte_id, atividade_id);


--
-- Name: diario_parte_atividades diario_parte_atividades_pkey; Type: CONSTRAINT; Schema: public; Owner: leda
--

ALTER TABLE ONLY public.diario_parte_atividades
    ADD CONSTRAINT diario_parte_atividades_pkey PRIMARY KEY (id);


--
-- Name: diario_parte_exercicio_imagens diario_parte_exercicio_i_parte_exercicio_id_image_145a63fa_uniq; Type: CONSTRAINT; Schema: public; Owner: leda
--

ALTER TABLE ONLY public.diario_parte_exercicio_imagens
    ADD CONSTRAINT diario_parte_exercicio_i_parte_exercicio_id_image_145a63fa_uniq UNIQUE (parte_exercicio_id, imagem_id);


--
-- Name: diario_parte_exercicio_imagens diario_parte_exercicio_imagens_pkey; Type: CONSTRAINT; Schema: public; Owner: leda
--

ALTER TABLE ONLY public.diario_parte_exercicio_imagens
    ADD CONSTRAINT diario_parte_exercicio_imagens_pkey PRIMARY KEY (id);


--
-- Name: diario_parte_exercicio_perguntas diario_parte_exercicio_p_parte_exercicio_id_pergu_3599d6d7_uniq; Type: CONSTRAINT; Schema: public; Owner: leda
--

ALTER TABLE ONLY public.diario_parte_exercicio_perguntas
    ADD CONSTRAINT diario_parte_exercicio_p_parte_exercicio_id_pergu_3599d6d7_uniq UNIQUE (parte_exercicio_id, pergunta_exercicio_id);


--
-- Name: diario_parte_exercicio_perguntas diario_parte_exercicio_perguntas_pkey; Type: CONSTRAINT; Schema: public; Owner: leda
--

ALTER TABLE ONLY public.diario_parte_exercicio_perguntas
    ADD CONSTRAINT diario_parte_exercicio_perguntas_pkey PRIMARY KEY (id);


--
-- Name: diario_parte_exercicio diario_parte_exercicio_pkey; Type: CONSTRAINT; Schema: public; Owner: leda
--

ALTER TABLE ONLY public.diario_parte_exercicio
    ADD CONSTRAINT diario_parte_exercicio_pkey PRIMARY KEY (id);


--
-- Name: diario_parte diario_parte_pkey; Type: CONSTRAINT; Schema: public; Owner: leda
--

ALTER TABLE ONLY public.diario_parte
    ADD CONSTRAINT diario_parte_pkey PRIMARY KEY (id);


--
-- Name: diario_parte_questionarios diario_parte_questionari_parte_id_questionario_id_5e8a7f26_uniq; Type: CONSTRAINT; Schema: public; Owner: leda
--

ALTER TABLE ONLY public.diario_parte_questionarios
    ADD CONSTRAINT diario_parte_questionari_parte_id_questionario_id_5e8a7f26_uniq UNIQUE (parte_id, questionario_id);


--
-- Name: diario_parte_questionarios diario_parte_questionarios_pkey; Type: CONSTRAINT; Schema: public; Owner: leda
--

ALTER TABLE ONLY public.diario_parte_questionarios
    ADD CONSTRAINT diario_parte_questionarios_pkey PRIMARY KEY (id);


--
-- Name: diario_partegrupo diario_partegrupo_pkey; Type: CONSTRAINT; Schema: public; Owner: leda
--

ALTER TABLE ONLY public.diario_partegrupo
    ADD CONSTRAINT diario_partegrupo_pkey PRIMARY KEY (id);


--
-- Name: diario_participante_cuidadores diario_participante_cuid_participante_id_cuidador_108b26ef_uniq; Type: CONSTRAINT; Schema: public; Owner: leda
--

ALTER TABLE ONLY public.diario_participante_cuidadores
    ADD CONSTRAINT diario_participante_cuid_participante_id_cuidador_108b26ef_uniq UNIQUE (participante_id, cuidador_id);


--
-- Name: diario_participante_cuidadores diario_participante_cuidadores_pkey; Type: CONSTRAINT; Schema: public; Owner: leda
--

ALTER TABLE ONLY public.diario_participante_cuidadores
    ADD CONSTRAINT diario_participante_cuidadores_pkey PRIMARY KEY (id);


--
-- Name: diario_participante_diagnosticos diario_participante_diag_participante_id_doenca_i_a99b88ec_uniq; Type: CONSTRAINT; Schema: public; Owner: leda
--

ALTER TABLE ONLY public.diario_participante_diagnosticos
    ADD CONSTRAINT diario_participante_diag_participante_id_doenca_i_a99b88ec_uniq UNIQUE (participante_id, doenca_id);


--
-- Name: diario_participante_diagnosticos diario_participante_diagnosticos_pkey; Type: CONSTRAINT; Schema: public; Owner: leda
--

ALTER TABLE ONLY public.diario_participante_diagnosticos
    ADD CONSTRAINT diario_participante_diagnosticos_pkey PRIMARY KEY (id);


--
-- Name: diario_participante_grupo diario_participante_grup_participante_id_grupo_id_a7f36ab7_uniq; Type: CONSTRAINT; Schema: public; Owner: leda
--

ALTER TABLE ONLY public.diario_participante_grupo
    ADD CONSTRAINT diario_participante_grup_participante_id_grupo_id_a7f36ab7_uniq UNIQUE (participante_id, grupo_id);


--
-- Name: diario_participante_grupo diario_participante_grupo_pkey; Type: CONSTRAINT; Schema: public; Owner: leda
--

ALTER TABLE ONLY public.diario_participante_grupo
    ADD CONSTRAINT diario_participante_grupo_pkey PRIMARY KEY (id);


--
-- Name: diario_participante diario_participante_pkey; Type: CONSTRAINT; Schema: public; Owner: leda
--

ALTER TABLE ONLY public.diario_participante
    ADD CONSTRAINT diario_participante_pkey PRIMARY KEY (id);


--
-- Name: diario_partilha diario_partilha_pkey; Type: CONSTRAINT; Schema: public; Owner: leda
--

ALTER TABLE ONLY public.diario_partilha
    ADD CONSTRAINT diario_partilha_pkey PRIMARY KEY (id);


--
-- Name: diario_partilhagrupo diario_partilhagrupo_pkey; Type: CONSTRAINT; Schema: public; Owner: leda
--

ALTER TABLE ONLY public.diario_partilhagrupo
    ADD CONSTRAINT diario_partilhagrupo_pkey PRIMARY KEY (id);


--
-- Name: diario_pergunta_exercicio_opcoes diario_pergunta_exercici_pergunta_exercicio_id_op_0403c588_uniq; Type: CONSTRAINT; Schema: public; Owner: leda
--

ALTER TABLE ONLY public.diario_pergunta_exercicio_opcoes
    ADD CONSTRAINT diario_pergunta_exercici_pergunta_exercicio_id_op_0403c588_uniq UNIQUE (pergunta_exercicio_id, opcao_id);


--
-- Name: diario_pergunta_exercicio_opcoes diario_pergunta_exercicio_opcoes_pkey; Type: CONSTRAINT; Schema: public; Owner: leda
--

ALTER TABLE ONLY public.diario_pergunta_exercicio_opcoes
    ADD CONSTRAINT diario_pergunta_exercicio_opcoes_pkey PRIMARY KEY (id);


--
-- Name: diario_pergunta_exercicio diario_pergunta_exercicio_pkey; Type: CONSTRAINT; Schema: public; Owner: leda
--

ALTER TABLE ONLY public.diario_pergunta_exercicio
    ADD CONSTRAINT diario_pergunta_exercicio_pkey PRIMARY KEY (id);


--
-- Name: diario_pergunta_opcoes diario_pergunta_opcoes_pergunta_id_opcao_id_244eddd6_uniq; Type: CONSTRAINT; Schema: public; Owner: leda
--

ALTER TABLE ONLY public.diario_pergunta_opcoes
    ADD CONSTRAINT diario_pergunta_opcoes_pergunta_id_opcao_id_244eddd6_uniq UNIQUE (pergunta_id, opcao_id);


--
-- Name: diario_pergunta_opcoes diario_pergunta_opcoes_pkey; Type: CONSTRAINT; Schema: public; Owner: leda
--

ALTER TABLE ONLY public.diario_pergunta_opcoes
    ADD CONSTRAINT diario_pergunta_opcoes_pkey PRIMARY KEY (id);


--
-- Name: diario_pergunta diario_pergunta_pkey; Type: CONSTRAINT; Schema: public; Owner: leda
--

ALTER TABLE ONLY public.diario_pergunta
    ADD CONSTRAINT diario_pergunta_pkey PRIMARY KEY (id);


--
-- Name: diario_presenca diario_presenca_pkey; Type: CONSTRAINT; Schema: public; Owner: leda
--

ALTER TABLE ONLY public.diario_presenca
    ADD CONSTRAINT diario_presenca_pkey PRIMARY KEY (id);


--
-- Name: diario_questionario_perguntas diario_questionario_perg_questionario_id_pergunta_6b72e8cc_uniq; Type: CONSTRAINT; Schema: public; Owner: leda
--

ALTER TABLE ONLY public.diario_questionario_perguntas
    ADD CONSTRAINT diario_questionario_perg_questionario_id_pergunta_6b72e8cc_uniq UNIQUE (questionario_id, pergunta_id);


--
-- Name: diario_questionario_perguntas diario_questionario_perguntas_pkey; Type: CONSTRAINT; Schema: public; Owner: leda
--

ALTER TABLE ONLY public.diario_questionario_perguntas
    ADD CONSTRAINT diario_questionario_perguntas_pkey PRIMARY KEY (id);


--
-- Name: diario_questionario diario_questionario_pkey; Type: CONSTRAINT; Schema: public; Owner: leda
--

ALTER TABLE ONLY public.diario_questionario
    ADD CONSTRAINT diario_questionario_pkey PRIMARY KEY (id);


--
-- Name: diario_reference diario_reference_pkey; Type: CONSTRAINT; Schema: public; Owner: leda
--

ALTER TABLE ONLY public.diario_reference
    ADD CONSTRAINT diario_reference_pkey PRIMARY KEY (id);


--
-- Name: diario_resposta diario_resposta_pkey; Type: CONSTRAINT; Schema: public; Owner: leda
--

ALTER TABLE ONLY public.diario_resposta
    ADD CONSTRAINT diario_resposta_pkey PRIMARY KEY (id);


--
-- Name: diario_sessao diario_sessao_pkey; Type: CONSTRAINT; Schema: public; Owner: leda
--

ALTER TABLE ONLY public.diario_sessao
    ADD CONSTRAINT diario_sessao_pkey PRIMARY KEY (id);


--
-- Name: diario_sessaodogrupo diario_sessaodogrupo_pkey; Type: CONSTRAINT; Schema: public; Owner: leda
--

ALTER TABLE ONLY public.diario_sessaodogrupo
    ADD CONSTRAINT diario_sessaodogrupo_pkey PRIMARY KEY (id);


--
-- Name: django_admin_log django_admin_log_pkey; Type: CONSTRAINT; Schema: public; Owner: leda
--

ALTER TABLE ONLY public.django_admin_log
    ADD CONSTRAINT django_admin_log_pkey PRIMARY KEY (id);


--
-- Name: django_content_type django_content_type_app_label_model_76bd3d3b_uniq; Type: CONSTRAINT; Schema: public; Owner: leda
--

ALTER TABLE ONLY public.django_content_type
    ADD CONSTRAINT django_content_type_app_label_model_76bd3d3b_uniq UNIQUE (app_label, model);


--
-- Name: django_content_type django_content_type_pkey; Type: CONSTRAINT; Schema: public; Owner: leda
--

ALTER TABLE ONLY public.django_content_type
    ADD CONSTRAINT django_content_type_pkey PRIMARY KEY (id);


--
-- Name: django_migrations django_migrations_pkey; Type: CONSTRAINT; Schema: public; Owner: leda
--

ALTER TABLE ONLY public.django_migrations
    ADD CONSTRAINT django_migrations_pkey PRIMARY KEY (id);


--
-- Name: django_session django_session_pkey; Type: CONSTRAINT; Schema: public; Owner: leda
--

ALTER TABLE ONLY public.django_session
    ADD CONSTRAINT django_session_pkey PRIMARY KEY (session_key);


--
-- Name: mentha_contacto mentha_contacto_pkey; Type: CONSTRAINT; Schema: public; Owner: leda
--

ALTER TABLE ONLY public.mentha_contacto
    ADD CONSTRAINT mentha_contacto_pkey PRIMARY KEY (id);


--
-- Name: mentha_noticia mentha_noticia_pkey; Type: CONSTRAINT; Schema: public; Owner: leda
--

ALTER TABLE ONLY public.mentha_noticia
    ADD CONSTRAINT mentha_noticia_pkey PRIMARY KEY (id);


--
-- Name: protocolo_answer protocolo_answer_pkey; Type: CONSTRAINT; Schema: public; Owner: leda
--

ALTER TABLE ONLY public.protocolo_answer
    ADD CONSTRAINT protocolo_answer_pkey PRIMARY KEY (id);


--
-- Name: protocolo_area_part protocolo_area_part_area_id_part_id_8b875410_uniq; Type: CONSTRAINT; Schema: public; Owner: leda
--

ALTER TABLE ONLY public.protocolo_area_part
    ADD CONSTRAINT protocolo_area_part_area_id_part_id_8b875410_uniq UNIQUE (area_id, part_id);


--
-- Name: protocolo_area_part protocolo_area_part_pkey; Type: CONSTRAINT; Schema: public; Owner: leda
--

ALTER TABLE ONLY public.protocolo_area_part
    ADD CONSTRAINT protocolo_area_part_pkey PRIMARY KEY (id);


--
-- Name: protocolo_area protocolo_area_pkey; Type: CONSTRAINT; Schema: public; Owner: leda
--

ALTER TABLE ONLY public.protocolo_area
    ADD CONSTRAINT protocolo_area_pkey PRIMARY KEY (id);


--
-- Name: protocolo_dimension protocolo_dimension_pkey; Type: CONSTRAINT; Schema: public; Owner: leda
--

ALTER TABLE ONLY public.protocolo_dimension
    ADD CONSTRAINT protocolo_dimension_pkey PRIMARY KEY (id);


--
-- Name: protocolo_instrument_area protocolo_instrument_area_instrument_id_area_id_5a713029_uniq; Type: CONSTRAINT; Schema: public; Owner: leda
--

ALTER TABLE ONLY public.protocolo_instrument_area
    ADD CONSTRAINT protocolo_instrument_area_instrument_id_area_id_5a713029_uniq UNIQUE (instrument_id, area_id);


--
-- Name: protocolo_instrument_area protocolo_instrument_area_pkey; Type: CONSTRAINT; Schema: public; Owner: leda
--

ALTER TABLE ONLY public.protocolo_instrument_area
    ADD CONSTRAINT protocolo_instrument_area_pkey PRIMARY KEY (id);


--
-- Name: protocolo_instrument protocolo_instrument_pkey; Type: CONSTRAINT; Schema: public; Owner: leda
--

ALTER TABLE ONLY public.protocolo_instrument
    ADD CONSTRAINT protocolo_instrument_pkey PRIMARY KEY (id);


--
-- Name: protocolo_multiplechoicescheckbox protocolo_multiplechoicescheckbox_pkey; Type: CONSTRAINT; Schema: public; Owner: leda
--

ALTER TABLE ONLY public.protocolo_multiplechoicescheckbox
    ADD CONSTRAINT protocolo_multiplechoicescheckbox_pkey PRIMARY KEY (id);


--
-- Name: protocolo_part protocolo_part_pkey; Type: CONSTRAINT; Schema: public; Owner: leda
--

ALTER TABLE ONLY public.protocolo_part
    ADD CONSTRAINT protocolo_part_pkey PRIMARY KEY (id);


--
-- Name: protocolo_partedoutilizador protocolo_partedoutilizador_pkey; Type: CONSTRAINT; Schema: public; Owner: leda
--

ALTER TABLE ONLY public.protocolo_partedoutilizador
    ADD CONSTRAINT protocolo_partedoutilizador_pkey PRIMARY KEY (id);


--
-- Name: protocolo_possibleanswer protocolo_possibleanswer_pkey; Type: CONSTRAINT; Schema: public; Owner: leda
--

ALTER TABLE ONLY public.protocolo_possibleanswer
    ADD CONSTRAINT protocolo_possibleanswer_pkey PRIMARY KEY (id);


--
-- Name: protocolo_protocol protocolo_protocol_pkey; Type: CONSTRAINT; Schema: public; Owner: leda
--

ALTER TABLE ONLY public.protocolo_protocol
    ADD CONSTRAINT protocolo_protocol_pkey PRIMARY KEY (id);


--
-- Name: protocolo_question_helping_images protocolo_question_helpi_question_id_questionimag_e4b7fa66_uniq; Type: CONSTRAINT; Schema: public; Owner: leda
--

ALTER TABLE ONLY public.protocolo_question_helping_images
    ADD CONSTRAINT protocolo_question_helpi_question_id_questionimag_e4b7fa66_uniq UNIQUE (question_id, questionimage_id);


--
-- Name: protocolo_question_helping_images protocolo_question_helping_images_pkey; Type: CONSTRAINT; Schema: public; Owner: leda
--

ALTER TABLE ONLY public.protocolo_question_helping_images
    ADD CONSTRAINT protocolo_question_helping_images_pkey PRIMARY KEY (id);


--
-- Name: protocolo_question protocolo_question_pkey; Type: CONSTRAINT; Schema: public; Owner: leda
--

ALTER TABLE ONLY public.protocolo_question
    ADD CONSTRAINT protocolo_question_pkey PRIMARY KEY (id);


--
-- Name: protocolo_question_possible_answers protocolo_question_possi_question_id_possibleansw_933ba7d1_uniq; Type: CONSTRAINT; Schema: public; Owner: leda
--

ALTER TABLE ONLY public.protocolo_question_possible_answers
    ADD CONSTRAINT protocolo_question_possi_question_id_possibleansw_933ba7d1_uniq UNIQUE (question_id, possibleanswer_id);


--
-- Name: protocolo_question_possible_answers protocolo_question_possible_answers_pkey; Type: CONSTRAINT; Schema: public; Owner: leda
--

ALTER TABLE ONLY public.protocolo_question_possible_answers
    ADD CONSTRAINT protocolo_question_possible_answers_pkey PRIMARY KEY (id);


--
-- Name: protocolo_questionimage protocolo_questionimage_pkey; Type: CONSTRAINT; Schema: public; Owner: leda
--

ALTER TABLE ONLY public.protocolo_questionimage
    ADD CONSTRAINT protocolo_questionimage_pkey PRIMARY KEY (id);


--
-- Name: protocolo_report protocolo_report_pkey; Type: CONSTRAINT; Schema: public; Owner: leda
--

ALTER TABLE ONLY public.protocolo_report
    ADD CONSTRAINT protocolo_report_pkey PRIMARY KEY (id);


--
-- Name: protocolo_resolution protocolo_resolution_pkey; Type: CONSTRAINT; Schema: public; Owner: leda
--

ALTER TABLE ONLY public.protocolo_resolution
    ADD CONSTRAINT protocolo_resolution_pkey PRIMARY KEY (id);


--
-- Name: protocolo_risk protocolo_risk_parteDoUtilizador_id_key; Type: CONSTRAINT; Schema: public; Owner: leda
--

ALTER TABLE ONLY public.protocolo_risk
    ADD CONSTRAINT "protocolo_risk_parteDoUtilizador_id_key" UNIQUE ("parteDoUtilizador_id");


--
-- Name: protocolo_risk protocolo_risk_pkey; Type: CONSTRAINT; Schema: public; Owner: leda
--

ALTER TABLE ONLY public.protocolo_risk
    ADD CONSTRAINT protocolo_risk_pkey PRIMARY KEY (id);


--
-- Name: protocolo_section protocolo_section_pkey; Type: CONSTRAINT; Schema: public; Owner: leda
--

ALTER TABLE ONLY public.protocolo_section
    ADD CONSTRAINT protocolo_section_pkey PRIMARY KEY (id);


--
-- Name: protocolo_textinputanswer protocolo_textinputanswer_pkey; Type: CONSTRAINT; Schema: public; Owner: leda
--

ALTER TABLE ONLY public.protocolo_textinputanswer
    ADD CONSTRAINT protocolo_textinputanswer_pkey PRIMARY KEY (id);


--
-- Name: auth_group_name_a6ea08ec_like; Type: INDEX; Schema: public; Owner: leda
--

CREATE INDEX auth_group_name_a6ea08ec_like ON public.auth_group USING btree (name varchar_pattern_ops);


--
-- Name: auth_group_permissions_group_id_b120cbf9; Type: INDEX; Schema: public; Owner: leda
--

CREATE INDEX auth_group_permissions_group_id_b120cbf9 ON public.auth_group_permissions USING btree (group_id);


--
-- Name: auth_group_permissions_permission_id_84c5c92e; Type: INDEX; Schema: public; Owner: leda
--

CREATE INDEX auth_group_permissions_permission_id_84c5c92e ON public.auth_group_permissions USING btree (permission_id);


--
-- Name: auth_permission_content_type_id_2f476e4b; Type: INDEX; Schema: public; Owner: leda
--

CREATE INDEX auth_permission_content_type_id_2f476e4b ON public.auth_permission USING btree (content_type_id);


--
-- Name: auth_user_groups_group_id_97559544; Type: INDEX; Schema: public; Owner: leda
--

CREATE INDEX auth_user_groups_group_id_97559544 ON public.auth_user_groups USING btree (group_id);


--
-- Name: auth_user_groups_user_id_6a12ed8b; Type: INDEX; Schema: public; Owner: leda
--

CREATE INDEX auth_user_groups_user_id_6a12ed8b ON public.auth_user_groups USING btree (user_id);


--
-- Name: auth_user_user_permissions_permission_id_1fbb5f2c; Type: INDEX; Schema: public; Owner: leda
--

CREATE INDEX auth_user_user_permissions_permission_id_1fbb5f2c ON public.auth_user_user_permissions USING btree (permission_id);


--
-- Name: auth_user_user_permissions_user_id_a95ead1b; Type: INDEX; Schema: public; Owner: leda
--

CREATE INDEX auth_user_user_permissions_user_id_a95ead1b ON public.auth_user_user_permissions USING btree (user_id);


--
-- Name: auth_user_username_6821ab7c_like; Type: INDEX; Schema: public; Owner: leda
--

CREATE INDEX auth_user_username_6821ab7c_like ON public.auth_user USING btree (username varchar_pattern_ops);


--
-- Name: diario_administrador_reference_id_8d90bab6; Type: INDEX; Schema: public; Owner: leda
--

CREATE INDEX diario_administrador_reference_id_8d90bab6 ON public.diario_administrador USING btree (reference_id);


--
-- Name: diario_administrador_user_id_ac6a6d11; Type: INDEX; Schema: public; Owner: leda
--

CREATE INDEX diario_administrador_user_id_ac6a6d11 ON public.diario_administrador USING btree (user_id);


--
-- Name: diario_avaliacaoparticipante_participante_id_038290a3; Type: INDEX; Schema: public; Owner: leda
--

CREATE INDEX diario_avaliacaoparticipante_participante_id_038290a3 ON public.diario_avaliacaoparticipante USING btree (participante_id);


--
-- Name: diario_avaliacaoparticipante_sessao_grupo_id_3d3f9206; Type: INDEX; Schema: public; Owner: leda
--

CREATE INDEX diario_avaliacaoparticipante_sessao_grupo_id_3d3f9206 ON public.diario_avaliacaoparticipante USING btree (sessao_grupo_id);


--
-- Name: diario_avaliacaoparticipante_submetido_por_id_abfe6d9f; Type: INDEX; Schema: public; Owner: leda
--

CREATE INDEX diario_avaliacaoparticipante_submetido_por_id_abfe6d9f ON public.diario_avaliacaoparticipante USING btree (submetido_por_id);


--
-- Name: diario_avaliacaosessao_sessao_grupo_id_ce294112; Type: INDEX; Schema: public; Owner: leda
--

CREATE INDEX diario_avaliacaosessao_sessao_grupo_id_ce294112 ON public.diario_avaliacaosessao USING btree (sessao_grupo_id);


--
-- Name: diario_avaliacaosessao_submetido_por_id_0ec3c848; Type: INDEX; Schema: public; Owner: leda
--

CREATE INDEX diario_avaliacaosessao_submetido_por_id_0ec3c848 ON public.diario_avaliacaosessao USING btree (submetido_por_id);


--
-- Name: diario_avaliador_info_sensivel_id_22b8c282; Type: INDEX; Schema: public; Owner: leda
--

CREATE INDEX diario_avaliador_info_sensivel_id_22b8c282 ON public.diario_avaliador USING btree (info_sensivel_id);


--
-- Name: diario_avaliador_reference_id_7086744e; Type: INDEX; Schema: public; Owner: leda
--

CREATE INDEX diario_avaliador_reference_id_7086744e ON public.diario_avaliador USING btree (reference_id);


--
-- Name: diario_avaliador_user_id_3cf919e5; Type: INDEX; Schema: public; Owner: leda
--

CREATE INDEX diario_avaliador_user_id_3cf919e5 ON public.diario_avaliador USING btree (user_id);


--
-- Name: diario_colaborador_info_sensivel_id_4fdd80d5; Type: INDEX; Schema: public; Owner: leda
--

CREATE INDEX diario_colaborador_info_sensivel_id_4fdd80d5 ON public.diario_colaborador USING btree (info_sensivel_id);


--
-- Name: diario_colaborador_reference_id_07b3b7f1; Type: INDEX; Schema: public; Owner: leda
--

CREATE INDEX diario_colaborador_reference_id_07b3b7f1 ON public.diario_colaborador USING btree (reference_id);


--
-- Name: diario_colaborador_user_id_56db0371; Type: INDEX; Schema: public; Owner: leda
--

CREATE INDEX diario_colaborador_user_id_56db0371 ON public.diario_colaborador USING btree (user_id);


--
-- Name: diario_cuidador_avaliador_id_0b15f6ea; Type: INDEX; Schema: public; Owner: leda
--

CREATE INDEX diario_cuidador_avaliador_id_0b15f6ea ON public.diario_cuidador USING btree (avaliador_id);


--
-- Name: diario_cuidador_diagnosticos_cuidador_id_86e820fb; Type: INDEX; Schema: public; Owner: leda
--

CREATE INDEX diario_cuidador_diagnosticos_cuidador_id_86e820fb ON public.diario_cuidador_diagnosticos USING btree (cuidador_id);


--
-- Name: diario_cuidador_diagnosticos_doenca_id_beda6943; Type: INDEX; Schema: public; Owner: leda
--

CREATE INDEX diario_cuidador_diagnosticos_doenca_id_beda6943 ON public.diario_cuidador_diagnosticos USING btree (doenca_id);


--
-- Name: diario_cuidador_grupo_cuidador_id_774a6e2d; Type: INDEX; Schema: public; Owner: leda
--

CREATE INDEX diario_cuidador_grupo_cuidador_id_774a6e2d ON public.diario_cuidador_grupo USING btree (cuidador_id);


--
-- Name: diario_cuidador_grupo_grupo_id_f2d0ff69; Type: INDEX; Schema: public; Owner: leda
--

CREATE INDEX diario_cuidador_grupo_grupo_id_f2d0ff69 ON public.diario_cuidador_grupo USING btree (grupo_id);


--
-- Name: diario_cuidador_info_sensivel_id_087692c3; Type: INDEX; Schema: public; Owner: leda
--

CREATE INDEX diario_cuidador_info_sensivel_id_087692c3 ON public.diario_cuidador USING btree (info_sensivel_id);


--
-- Name: diario_cuidador_referenciacao_id_1f3edf6f; Type: INDEX; Schema: public; Owner: leda
--

CREATE INDEX diario_cuidador_referenciacao_id_1f3edf6f ON public.diario_cuidador USING btree (referenciacao_id);


--
-- Name: diario_cuidador_user_id_81486483; Type: INDEX; Schema: public; Owner: leda
--

CREATE INDEX diario_cuidador_user_id_81486483 ON public.diario_cuidador USING btree (user_id);


--
-- Name: diario_dinamizadorconvidad_dinamizadorconvidado_id_f468170f; Type: INDEX; Schema: public; Owner: leda
--

CREATE INDEX diario_dinamizadorconvidad_dinamizadorconvidado_id_f468170f ON public.diario_dinamizadorconvidado_grupo USING btree (dinamizadorconvidado_id);


--
-- Name: diario_dinamizadorconvidado_grupo_grupo_id_62010718; Type: INDEX; Schema: public; Owner: leda
--

CREATE INDEX diario_dinamizadorconvidado_grupo_grupo_id_62010718 ON public.diario_dinamizadorconvidado_grupo USING btree (grupo_id);


--
-- Name: diario_dinamizadorconvidado_info_sensivel_id_a2224af9; Type: INDEX; Schema: public; Owner: leda
--

CREATE INDEX diario_dinamizadorconvidado_info_sensivel_id_a2224af9 ON public.diario_dinamizadorconvidado USING btree (info_sensivel_id);


--
-- Name: diario_dinamizadorconvidado_reference_id_3202b518; Type: INDEX; Schema: public; Owner: leda
--

CREATE INDEX diario_dinamizadorconvidado_reference_id_3202b518 ON public.diario_dinamizadorconvidado USING btree (reference_id);


--
-- Name: diario_dinamizadorconvidado_user_id_a7e81278; Type: INDEX; Schema: public; Owner: leda
--

CREATE INDEX diario_dinamizadorconvidado_user_id_a7e81278 ON public.diario_dinamizadorconvidado USING btree (user_id);


--
-- Name: diario_documents_cuidador_cuidador_id_a975d6bb; Type: INDEX; Schema: public; Owner: leda
--

CREATE INDEX diario_documents_cuidador_cuidador_id_a975d6bb ON public.diario_documents_cuidador USING btree (cuidador_id);


--
-- Name: diario_documents_cuidador_documents_id_8fa3c150; Type: INDEX; Schema: public; Owner: leda
--

CREATE INDEX diario_documents_cuidador_documents_id_8fa3c150 ON public.diario_documents_cuidador USING btree (documents_id);


--
-- Name: diario_escolha_opcao_id_621f9e52; Type: INDEX; Schema: public; Owner: leda
--

CREATE INDEX diario_escolha_opcao_id_621f9e52 ON public.diario_escolha USING btree (opcao_id);


--
-- Name: diario_escolha_parte_grupo_id_c029fdea; Type: INDEX; Schema: public; Owner: leda
--

CREATE INDEX diario_escolha_parte_grupo_id_c029fdea ON public.diario_escolha USING btree (parte_grupo_id);


--
-- Name: diario_escolha_pergunta_id_422007f9; Type: INDEX; Schema: public; Owner: leda
--

CREATE INDEX diario_escolha_pergunta_id_422007f9 ON public.diario_escolha USING btree (pergunta_id);


--
-- Name: diario_escolha_sessao_grupo_id_2051297d; Type: INDEX; Schema: public; Owner: leda
--

CREATE INDEX diario_escolha_sessao_grupo_id_2051297d ON public.diario_escolha USING btree (sessao_grupo_id);


--
-- Name: diario_escolha_utilizador_id_faaac370; Type: INDEX; Schema: public; Owner: leda
--

CREATE INDEX diario_escolha_utilizador_id_faaac370 ON public.diario_escolha USING btree (utilizador_id);


--
-- Name: diario_exercicio_partes_do_exercicio_exercicio_id_4dd8c897; Type: INDEX; Schema: public; Owner: leda
--

CREATE INDEX diario_exercicio_partes_do_exercicio_exercicio_id_4dd8c897 ON public.diario_exercicio_partes_do_exercicio USING btree (exercicio_id);


--
-- Name: diario_exercicio_partes_do_parte_exercicio_id_2d649abd; Type: INDEX; Schema: public; Owner: leda
--

CREATE INDEX diario_exercicio_partes_do_parte_exercicio_id_2d649abd ON public.diario_exercicio_partes_do_exercicio USING btree (parte_exercicio_id);


--
-- Name: diario_exercicio_sessao_exercicio_id_80755830; Type: INDEX; Schema: public; Owner: leda
--

CREATE INDEX diario_exercicio_sessao_exercicio_id_80755830 ON public.diario_exercicio_sessao USING btree (exercicio_id);


--
-- Name: diario_exercicio_sessao_sessao_id_fe340299; Type: INDEX; Schema: public; Owner: leda
--

CREATE INDEX diario_exercicio_sessao_sessao_id_fe340299 ON public.diario_exercicio_sessao USING btree (sessao_id);


--
-- Name: diario_facilitador_grupo_facilitador_id_3bbec0cc; Type: INDEX; Schema: public; Owner: leda
--

CREATE INDEX diario_facilitador_grupo_facilitador_id_3bbec0cc ON public.diario_facilitador_grupo USING btree (facilitador_id);


--
-- Name: diario_facilitador_grupo_grupo_id_ceb1e52f; Type: INDEX; Schema: public; Owner: leda
--

CREATE INDEX diario_facilitador_grupo_grupo_id_ceb1e52f ON public.diario_facilitador_grupo USING btree (grupo_id);


--
-- Name: diario_facilitador_info_sensivel_id_88174d96; Type: INDEX; Schema: public; Owner: leda
--

CREATE INDEX diario_facilitador_info_sensivel_id_88174d96 ON public.diario_facilitador USING btree (info_sensivel_id);


--
-- Name: diario_facilitador_user_id_41669e18; Type: INDEX; Schema: public; Owner: leda
--

CREATE INDEX diario_facilitador_user_id_41669e18 ON public.diario_facilitador USING btree (user_id);


--
-- Name: diario_grupo_referenciacao_id_9b9cce8b; Type: INDEX; Schema: public; Owner: leda
--

CREATE INDEX diario_grupo_referenciacao_id_9b9cce8b ON public.diario_grupo USING btree (referenciacao_id);


--
-- Name: diario_mentor_grupo_grupo_id_ec727531; Type: INDEX; Schema: public; Owner: leda
--

CREATE INDEX diario_mentor_grupo_grupo_id_ec727531 ON public.diario_mentor_grupo USING btree (grupo_id);


--
-- Name: diario_mentor_grupo_mentor_id_0b8bdbb8; Type: INDEX; Schema: public; Owner: leda
--

CREATE INDEX diario_mentor_grupo_mentor_id_0b8bdbb8 ON public.diario_mentor_grupo USING btree (mentor_id);


--
-- Name: diario_mentor_info_sensivel_id_89b32143; Type: INDEX; Schema: public; Owner: leda
--

CREATE INDEX diario_mentor_info_sensivel_id_89b32143 ON public.diario_mentor USING btree (info_sensivel_id);


--
-- Name: diario_mentor_reference_id_f834a5a9; Type: INDEX; Schema: public; Owner: leda
--

CREATE INDEX diario_mentor_reference_id_f834a5a9 ON public.diario_mentor USING btree (reference_id);


--
-- Name: diario_mentor_user_id_d3ee315b; Type: INDEX; Schema: public; Owner: leda
--

CREATE INDEX diario_mentor_user_id_d3ee315b ON public.diario_mentor USING btree (user_id);


--
-- Name: diario_nota_anotador_dinamizador_id_d9315f33; Type: INDEX; Schema: public; Owner: leda
--

CREATE INDEX diario_nota_anotador_dinamizador_id_d9315f33 ON public.diario_nota USING btree (anotador_dinamizador_id);


--
-- Name: diario_nota_anotador_mentor_id_f0e25cab; Type: INDEX; Schema: public; Owner: leda
--

CREATE INDEX diario_nota_anotador_mentor_id_f0e25cab ON public.diario_nota USING btree (anotador_mentor_id);


--
-- Name: diario_nota_cuidador_id_95c7f27a; Type: INDEX; Schema: public; Owner: leda
--

CREATE INDEX diario_nota_cuidador_id_95c7f27a ON public.diario_nota USING btree (cuidador_id);


--
-- Name: diario_nota_participante_id_a8deed00; Type: INDEX; Schema: public; Owner: leda
--

CREATE INDEX diario_nota_participante_id_a8deed00 ON public.diario_nota USING btree (participante_id);


--
-- Name: diario_nota_sessao_grupo_id_25cfe59a; Type: INDEX; Schema: public; Owner: leda
--

CREATE INDEX diario_nota_sessao_grupo_id_25cfe59a ON public.diario_nota USING btree (sessao_grupo_id);


--
-- Name: diario_notagrupo_anotador_dinamizador_id_0342da56; Type: INDEX; Schema: public; Owner: leda
--

CREATE INDEX diario_notagrupo_anotador_dinamizador_id_0342da56 ON public.diario_notagrupo USING btree (anotador_dinamizador_id);


--
-- Name: diario_notagrupo_anotador_mentor_id_c2b12e01; Type: INDEX; Schema: public; Owner: leda
--

CREATE INDEX diario_notagrupo_anotador_mentor_id_c2b12e01 ON public.diario_notagrupo USING btree (anotador_mentor_id);


--
-- Name: diario_notagrupo_grupo_id_a3fd582b; Type: INDEX; Schema: public; Owner: leda
--

CREATE INDEX diario_notagrupo_grupo_id_a3fd582b ON public.diario_notagrupo USING btree (grupo_id);


--
-- Name: diario_notagrupo_sessao_grupo_id_6cb455df; Type: INDEX; Schema: public; Owner: leda
--

CREATE INDEX diario_notagrupo_sessao_grupo_id_6cb455df ON public.diario_notagrupo USING btree (sessao_grupo_id);


--
-- Name: diario_opcao_imagem_id_664391db; Type: INDEX; Schema: public; Owner: leda
--

CREATE INDEX diario_opcao_imagem_id_664391db ON public.diario_opcao USING btree (imagem_id);


--
-- Name: diario_parte_atividades_atividade_id_e6ce686c; Type: INDEX; Schema: public; Owner: leda
--

CREATE INDEX diario_parte_atividades_atividade_id_e6ce686c ON public.diario_parte_atividades USING btree (atividade_id);


--
-- Name: diario_parte_atividades_parte_id_5c34837f; Type: INDEX; Schema: public; Owner: leda
--

CREATE INDEX diario_parte_atividades_parte_id_5c34837f ON public.diario_parte_atividades USING btree (parte_id);


--
-- Name: diario_parte_exercicio_imagens_imagem_id_fd1de4a4; Type: INDEX; Schema: public; Owner: leda
--

CREATE INDEX diario_parte_exercicio_imagens_imagem_id_fd1de4a4 ON public.diario_parte_exercicio_imagens USING btree (imagem_id);


--
-- Name: diario_parte_exercicio_imagens_parte_exercicio_id_bc84e07b; Type: INDEX; Schema: public; Owner: leda
--

CREATE INDEX diario_parte_exercicio_imagens_parte_exercicio_id_bc84e07b ON public.diario_parte_exercicio_imagens USING btree (parte_exercicio_id);


--
-- Name: diario_parte_exercicio_perguntas_parte_exercicio_id_d5953dbe; Type: INDEX; Schema: public; Owner: leda
--

CREATE INDEX diario_parte_exercicio_perguntas_parte_exercicio_id_d5953dbe ON public.diario_parte_exercicio_perguntas USING btree (parte_exercicio_id);


--
-- Name: diario_parte_exercicio_perguntas_pergunta_exercicio_id_980026ad; Type: INDEX; Schema: public; Owner: leda
--

CREATE INDEX diario_parte_exercicio_perguntas_pergunta_exercicio_id_980026ad ON public.diario_parte_exercicio_perguntas USING btree (pergunta_exercicio_id);


--
-- Name: diario_parte_questionarios_parte_id_8028130d; Type: INDEX; Schema: public; Owner: leda
--

CREATE INDEX diario_parte_questionarios_parte_id_8028130d ON public.diario_parte_questionarios USING btree (parte_id);


--
-- Name: diario_parte_questionarios_questionario_id_24149fa7; Type: INDEX; Schema: public; Owner: leda
--

CREATE INDEX diario_parte_questionarios_questionario_id_24149fa7 ON public.diario_parte_questionarios USING btree (questionario_id);


--
-- Name: diario_parte_sessao_id_4ffaa4a3; Type: INDEX; Schema: public; Owner: leda
--

CREATE INDEX diario_parte_sessao_id_4ffaa4a3 ON public.diario_parte USING btree (sessao_id);


--
-- Name: diario_partegrupo_exercicio_id_eedd814d; Type: INDEX; Schema: public; Owner: leda
--

CREATE INDEX diario_partegrupo_exercicio_id_eedd814d ON public.diario_partegrupo USING btree (exercicio_id);


--
-- Name: diario_partegrupo_parte_id_47367050; Type: INDEX; Schema: public; Owner: leda
--

CREATE INDEX diario_partegrupo_parte_id_47367050 ON public.diario_partegrupo USING btree (parte_id);


--
-- Name: diario_partegrupo_sessaoGrupo_id_a8431880; Type: INDEX; Schema: public; Owner: leda
--

CREATE INDEX "diario_partegrupo_sessaoGrupo_id_a8431880" ON public.diario_partegrupo USING btree ("sessaoGrupo_id");


--
-- Name: diario_participante_avaliador_id_611d9cbd; Type: INDEX; Schema: public; Owner: leda
--

CREATE INDEX diario_participante_avaliador_id_611d9cbd ON public.diario_participante USING btree (avaliador_id);


--
-- Name: diario_participante_cuidadores_cuidador_id_d4523d06; Type: INDEX; Schema: public; Owner: leda
--

CREATE INDEX diario_participante_cuidadores_cuidador_id_d4523d06 ON public.diario_participante_cuidadores USING btree (cuidador_id);


--
-- Name: diario_participante_cuidadores_participante_id_e21b1ecc; Type: INDEX; Schema: public; Owner: leda
--

CREATE INDEX diario_participante_cuidadores_participante_id_e21b1ecc ON public.diario_participante_cuidadores USING btree (participante_id);


--
-- Name: diario_participante_diagnosticos_doenca_id_56da302c; Type: INDEX; Schema: public; Owner: leda
--

CREATE INDEX diario_participante_diagnosticos_doenca_id_56da302c ON public.diario_participante_diagnosticos USING btree (doenca_id);


--
-- Name: diario_participante_diagnosticos_participante_id_c2986549; Type: INDEX; Schema: public; Owner: leda
--

CREATE INDEX diario_participante_diagnosticos_participante_id_c2986549 ON public.diario_participante_diagnosticos USING btree (participante_id);


--
-- Name: diario_participante_grupo_grupo_id_2b8db074; Type: INDEX; Schema: public; Owner: leda
--

CREATE INDEX diario_participante_grupo_grupo_id_2b8db074 ON public.diario_participante_grupo USING btree (grupo_id);


--
-- Name: diario_participante_grupo_participante_id_ac0885f5; Type: INDEX; Schema: public; Owner: leda
--

CREATE INDEX diario_participante_grupo_participante_id_ac0885f5 ON public.diario_participante_grupo USING btree (participante_id);


--
-- Name: diario_participante_info_sensivel_id_f698fd6f; Type: INDEX; Schema: public; Owner: leda
--

CREATE INDEX diario_participante_info_sensivel_id_f698fd6f ON public.diario_participante USING btree (info_sensivel_id);


--
-- Name: diario_participante_referenciacao_id_6111f0c9; Type: INDEX; Schema: public; Owner: leda
--

CREATE INDEX diario_participante_referenciacao_id_6111f0c9 ON public.diario_participante USING btree (referenciacao_id);


--
-- Name: diario_participante_user_id_d8789d48; Type: INDEX; Schema: public; Owner: leda
--

CREATE INDEX diario_participante_user_id_d8789d48 ON public.diario_participante USING btree (user_id);


--
-- Name: diario_partilha_cuidador_id_74044638; Type: INDEX; Schema: public; Owner: leda
--

CREATE INDEX diario_partilha_cuidador_id_74044638 ON public.diario_partilha USING btree (cuidador_id);


--
-- Name: diario_partilha_participante_id_02efa221; Type: INDEX; Schema: public; Owner: leda
--

CREATE INDEX diario_partilha_participante_id_02efa221 ON public.diario_partilha USING btree (participante_id);


--
-- Name: diario_partilha_partilha_dinamizador_id_693b741e; Type: INDEX; Schema: public; Owner: leda
--

CREATE INDEX diario_partilha_partilha_dinamizador_id_693b741e ON public.diario_partilha USING btree (partilha_dinamizador_id);


--
-- Name: diario_partilha_partilha_mentor_id_5b74adea; Type: INDEX; Schema: public; Owner: leda
--

CREATE INDEX diario_partilha_partilha_mentor_id_5b74adea ON public.diario_partilha USING btree (partilha_mentor_id);


--
-- Name: diario_partilha_sessao_grupo_id_cffb3c86; Type: INDEX; Schema: public; Owner: leda
--

CREATE INDEX diario_partilha_sessao_grupo_id_cffb3c86 ON public.diario_partilha USING btree (sessao_grupo_id);


--
-- Name: diario_partilhagrupo_grupo_id_dc552987; Type: INDEX; Schema: public; Owner: leda
--

CREATE INDEX diario_partilhagrupo_grupo_id_dc552987 ON public.diario_partilhagrupo USING btree (grupo_id);


--
-- Name: diario_partilhagrupo_partilha_dinamizador_id_31fdb935; Type: INDEX; Schema: public; Owner: leda
--

CREATE INDEX diario_partilhagrupo_partilha_dinamizador_id_31fdb935 ON public.diario_partilhagrupo USING btree (partilha_dinamizador_id);


--
-- Name: diario_partilhagrupo_partilha_mentor_id_a82cb793; Type: INDEX; Schema: public; Owner: leda
--

CREATE INDEX diario_partilhagrupo_partilha_mentor_id_a82cb793 ON public.diario_partilhagrupo USING btree (partilha_mentor_id);


--
-- Name: diario_partilhagrupo_sessao_grupo_id_2d68b78c; Type: INDEX; Schema: public; Owner: leda
--

CREATE INDEX diario_partilhagrupo_sessao_grupo_id_2d68b78c ON public.diario_partilhagrupo USING btree (sessao_grupo_id);


--
-- Name: diario_pergunta_exercicio_opcoes_opcao_id_7b99cfd5; Type: INDEX; Schema: public; Owner: leda
--

CREATE INDEX diario_pergunta_exercicio_opcoes_opcao_id_7b99cfd5 ON public.diario_pergunta_exercicio_opcoes USING btree (opcao_id);


--
-- Name: diario_pergunta_exercicio_opcoes_pergunta_exercicio_id_ca581394; Type: INDEX; Schema: public; Owner: leda
--

CREATE INDEX diario_pergunta_exercicio_opcoes_pergunta_exercicio_id_ca581394 ON public.diario_pergunta_exercicio_opcoes USING btree (pergunta_exercicio_id);


--
-- Name: diario_pergunta_opcoes_opcao_id_aa73f9f6; Type: INDEX; Schema: public; Owner: leda
--

CREATE INDEX diario_pergunta_opcoes_opcao_id_aa73f9f6 ON public.diario_pergunta_opcoes USING btree (opcao_id);


--
-- Name: diario_pergunta_opcoes_pergunta_id_3a9dc811; Type: INDEX; Schema: public; Owner: leda
--

CREATE INDEX diario_pergunta_opcoes_pergunta_id_3a9dc811 ON public.diario_pergunta_opcoes USING btree (pergunta_id);


--
-- Name: diario_presenca_cuidador_id_f50d1400; Type: INDEX; Schema: public; Owner: leda
--

CREATE INDEX diario_presenca_cuidador_id_f50d1400 ON public.diario_presenca USING btree (cuidador_id);


--
-- Name: diario_presenca_participante_id_189270dc; Type: INDEX; Schema: public; Owner: leda
--

CREATE INDEX diario_presenca_participante_id_189270dc ON public.diario_presenca USING btree (participante_id);


--
-- Name: diario_presenca_sessaoDoGrupo_id_264312e2; Type: INDEX; Schema: public; Owner: leda
--

CREATE INDEX "diario_presenca_sessaoDoGrupo_id_264312e2" ON public.diario_presenca USING btree ("sessaoDoGrupo_id");


--
-- Name: diario_questionario_continuacaoDe_id_159a6c5a; Type: INDEX; Schema: public; Owner: leda
--

CREATE INDEX "diario_questionario_continuacaoDe_id_159a6c5a" ON public.diario_questionario USING btree ("continuacaoDe_id");


--
-- Name: diario_questionario_perguntas_pergunta_id_2deb47a3; Type: INDEX; Schema: public; Owner: leda
--

CREATE INDEX diario_questionario_perguntas_pergunta_id_2deb47a3 ON public.diario_questionario_perguntas USING btree (pergunta_id);


--
-- Name: diario_questionario_perguntas_questionario_id_fdde967c; Type: INDEX; Schema: public; Owner: leda
--

CREATE INDEX diario_questionario_perguntas_questionario_id_fdde967c ON public.diario_questionario_perguntas USING btree (questionario_id);


--
-- Name: diario_resposta_parte_exercicio_id_f204afcd; Type: INDEX; Schema: public; Owner: leda
--

CREATE INDEX diario_resposta_parte_exercicio_id_f204afcd ON public.diario_resposta USING btree (parte_exercicio_id);


--
-- Name: diario_resposta_parte_grupo_id_00e14319; Type: INDEX; Schema: public; Owner: leda
--

CREATE INDEX diario_resposta_parte_grupo_id_00e14319 ON public.diario_resposta USING btree (parte_grupo_id);


--
-- Name: diario_resposta_participante_id_052272a9; Type: INDEX; Schema: public; Owner: leda
--

CREATE INDEX diario_resposta_participante_id_052272a9 ON public.diario_resposta USING btree (participante_id);


--
-- Name: diario_resposta_pergunta_id_1afc7102; Type: INDEX; Schema: public; Owner: leda
--

CREATE INDEX diario_resposta_pergunta_id_1afc7102 ON public.diario_resposta USING btree (pergunta_id);


--
-- Name: diario_resposta_resposta_escolha_id_b241aa49; Type: INDEX; Schema: public; Owner: leda
--

CREATE INDEX diario_resposta_resposta_escolha_id_b241aa49 ON public.diario_resposta USING btree (resposta_escolha_id);


--
-- Name: diario_resposta_sessao_grupo_id_4cb6a254; Type: INDEX; Schema: public; Owner: leda
--

CREATE INDEX diario_resposta_sessao_grupo_id_4cb6a254 ON public.diario_resposta USING btree (sessao_grupo_id);


--
-- Name: diario_sessaodogrupo_grupo_id_9a5315c6; Type: INDEX; Schema: public; Owner: leda
--

CREATE INDEX diario_sessaodogrupo_grupo_id_9a5315c6 ON public.diario_sessaodogrupo USING btree (grupo_id);


--
-- Name: diario_sessaodogrupo_parte_ativa_id_c82013be; Type: INDEX; Schema: public; Owner: leda
--

CREATE INDEX diario_sessaodogrupo_parte_ativa_id_c82013be ON public.diario_sessaodogrupo USING btree (parte_ativa_id);


--
-- Name: diario_sessaodogrupo_sessao_id_ae19f12d; Type: INDEX; Schema: public; Owner: leda
--

CREATE INDEX diario_sessaodogrupo_sessao_id_ae19f12d ON public.diario_sessaodogrupo USING btree (sessao_id);


--
-- Name: django_admin_log_content_type_id_c4bce8eb; Type: INDEX; Schema: public; Owner: leda
--

CREATE INDEX django_admin_log_content_type_id_c4bce8eb ON public.django_admin_log USING btree (content_type_id);


--
-- Name: django_admin_log_user_id_c564eba6; Type: INDEX; Schema: public; Owner: leda
--

CREATE INDEX django_admin_log_user_id_c564eba6 ON public.django_admin_log USING btree (user_id);


--
-- Name: django_session_expire_date_a5c62663; Type: INDEX; Schema: public; Owner: leda
--

CREATE INDEX django_session_expire_date_a5c62663 ON public.django_session USING btree (expire_date);


--
-- Name: django_session_session_key_c0390e0f_like; Type: INDEX; Schema: public; Owner: leda
--

CREATE INDEX django_session_session_key_c0390e0f_like ON public.django_session USING btree (session_key varchar_pattern_ops);


--
-- Name: protocolo_answer_multiple_choice_answer_id_50857daf; Type: INDEX; Schema: public; Owner: leda
--

CREATE INDEX protocolo_answer_multiple_choice_answer_id_50857daf ON public.protocolo_answer USING btree (multiple_choice_answer_id);


--
-- Name: protocolo_answer_question_id_0f67a888; Type: INDEX; Schema: public; Owner: leda
--

CREATE INDEX protocolo_answer_question_id_0f67a888 ON public.protocolo_answer USING btree (question_id);


--
-- Name: protocolo_answer_resolution_id_99cb25a9; Type: INDEX; Schema: public; Owner: leda
--

CREATE INDEX protocolo_answer_resolution_id_99cb25a9 ON public.protocolo_answer USING btree (resolution_id);


--
-- Name: protocolo_area_part_area_id_2604b57e; Type: INDEX; Schema: public; Owner: leda
--

CREATE INDEX protocolo_area_part_area_id_2604b57e ON public.protocolo_area_part USING btree (area_id);


--
-- Name: protocolo_area_part_part_id_40f8f09d; Type: INDEX; Schema: public; Owner: leda
--

CREATE INDEX protocolo_area_part_part_id_40f8f09d ON public.protocolo_area_part USING btree (part_id);


--
-- Name: protocolo_dimension_instrument_id_dd666d93; Type: INDEX; Schema: public; Owner: leda
--

CREATE INDEX protocolo_dimension_instrument_id_dd666d93 ON public.protocolo_dimension USING btree (instrument_id);


--
-- Name: protocolo_instrument_area_area_id_05795564; Type: INDEX; Schema: public; Owner: leda
--

CREATE INDEX protocolo_instrument_area_area_id_05795564 ON public.protocolo_instrument_area USING btree (area_id);


--
-- Name: protocolo_instrument_area_instrument_id_c210b818; Type: INDEX; Schema: public; Owner: leda
--

CREATE INDEX protocolo_instrument_area_instrument_id_c210b818 ON public.protocolo_instrument_area USING btree (instrument_id);


--
-- Name: protocolo_multiplechoicescheckbox_answer_id_ac7dabf2; Type: INDEX; Schema: public; Owner: leda
--

CREATE INDEX protocolo_multiplechoicescheckbox_answer_id_ac7dabf2 ON public.protocolo_multiplechoicescheckbox USING btree (answer_id);


--
-- Name: protocolo_multiplechoicescheckbox_choice_id_ec7b53aa; Type: INDEX; Schema: public; Owner: leda
--

CREATE INDEX protocolo_multiplechoicescheckbox_choice_id_ec7b53aa ON public.protocolo_multiplechoicescheckbox USING btree (choice_id);


--
-- Name: protocolo_part_protocol_id_f3178c89; Type: INDEX; Schema: public; Owner: leda
--

CREATE INDEX protocolo_part_protocol_id_f3178c89 ON public.protocolo_part USING btree (protocol_id);


--
-- Name: protocolo_partedoutilizador_cuidador_id_51a8adc2; Type: INDEX; Schema: public; Owner: leda
--

CREATE INDEX protocolo_partedoutilizador_cuidador_id_51a8adc2 ON public.protocolo_partedoutilizador USING btree (cuidador_id);


--
-- Name: protocolo_partedoutilizador_part_id_ff8cad73; Type: INDEX; Schema: public; Owner: leda
--

CREATE INDEX protocolo_partedoutilizador_part_id_ff8cad73 ON public.protocolo_partedoutilizador USING btree (part_id);


--
-- Name: protocolo_partedoutilizador_participante_id_6f869862; Type: INDEX; Schema: public; Owner: leda
--

CREATE INDEX protocolo_partedoutilizador_participante_id_6f869862 ON public.protocolo_partedoutilizador USING btree (participante_id);


--
-- Name: protocolo_question_helping_images_question_id_f05de347; Type: INDEX; Schema: public; Owner: leda
--

CREATE INDEX protocolo_question_helping_images_question_id_f05de347 ON public.protocolo_question_helping_images USING btree (question_id);


--
-- Name: protocolo_question_helping_images_questionimage_id_5cf2169e; Type: INDEX; Schema: public; Owner: leda
--

CREATE INDEX protocolo_question_helping_images_questionimage_id_5cf2169e ON public.protocolo_question_helping_images USING btree (questionimage_id);


--
-- Name: protocolo_question_possible_answers_possibleanswer_id_3d7a7b24; Type: INDEX; Schema: public; Owner: leda
--

CREATE INDEX protocolo_question_possible_answers_possibleanswer_id_3d7a7b24 ON public.protocolo_question_possible_answers USING btree (possibleanswer_id);


--
-- Name: protocolo_question_possible_answers_question_id_005b43db; Type: INDEX; Schema: public; Owner: leda
--

CREATE INDEX protocolo_question_possible_answers_question_id_005b43db ON public.protocolo_question_possible_answers USING btree (question_id);


--
-- Name: protocolo_question_section_id_eef6b498; Type: INDEX; Schema: public; Owner: leda
--

CREATE INDEX protocolo_question_section_id_eef6b498 ON public.protocolo_question USING btree (section_id);


--
-- Name: protocolo_report_resolution_id_72d97ca7; Type: INDEX; Schema: public; Owner: leda
--

CREATE INDEX protocolo_report_resolution_id_72d97ca7 ON public.protocolo_report USING btree (resolution_id);


--
-- Name: protocolo_resolution_cuidador_id_b0865ea4; Type: INDEX; Schema: public; Owner: leda
--

CREATE INDEX protocolo_resolution_cuidador_id_b0865ea4 ON public.protocolo_resolution USING btree (cuidador_id);


--
-- Name: protocolo_resolution_doctor_id_8cc8e747; Type: INDEX; Schema: public; Owner: leda
--

CREATE INDEX protocolo_resolution_doctor_id_8cc8e747 ON public.protocolo_resolution USING btree (doctor_id);


--
-- Name: protocolo_resolution_part_id_feab8351; Type: INDEX; Schema: public; Owner: leda
--

CREATE INDEX protocolo_resolution_part_id_feab8351 ON public.protocolo_resolution USING btree (part_id);


--
-- Name: protocolo_resolution_patient_id_4ba48612; Type: INDEX; Schema: public; Owner: leda
--

CREATE INDEX protocolo_resolution_patient_id_4ba48612 ON public.protocolo_resolution USING btree (patient_id);


--
-- Name: protocolo_section_dimension_id_340f76ae; Type: INDEX; Schema: public; Owner: leda
--

CREATE INDEX protocolo_section_dimension_id_340f76ae ON public.protocolo_section USING btree (dimension_id);


--
-- Name: protocolo_textinputanswer_answer_id_48010313; Type: INDEX; Schema: public; Owner: leda
--

CREATE INDEX protocolo_textinputanswer_answer_id_48010313 ON public.protocolo_textinputanswer USING btree (answer_id);


--
-- Name: auth_group_permissions auth_group_permissio_permission_id_84c5c92e_fk_auth_perm; Type: FK CONSTRAINT; Schema: public; Owner: leda
--

ALTER TABLE ONLY public.auth_group_permissions
    ADD CONSTRAINT auth_group_permissio_permission_id_84c5c92e_fk_auth_perm FOREIGN KEY (permission_id) REFERENCES public.auth_permission(id) DEFERRABLE INITIALLY DEFERRED;


--
-- Name: auth_group_permissions auth_group_permissions_group_id_b120cbf9_fk_auth_group_id; Type: FK CONSTRAINT; Schema: public; Owner: leda
--

ALTER TABLE ONLY public.auth_group_permissions
    ADD CONSTRAINT auth_group_permissions_group_id_b120cbf9_fk_auth_group_id FOREIGN KEY (group_id) REFERENCES public.auth_group(id) DEFERRABLE INITIALLY DEFERRED;


--
-- Name: auth_permission auth_permission_content_type_id_2f476e4b_fk_django_co; Type: FK CONSTRAINT; Schema: public; Owner: leda
--

ALTER TABLE ONLY public.auth_permission
    ADD CONSTRAINT auth_permission_content_type_id_2f476e4b_fk_django_co FOREIGN KEY (content_type_id) REFERENCES public.django_content_type(id) DEFERRABLE INITIALLY DEFERRED;


--
-- Name: auth_user_groups auth_user_groups_group_id_97559544_fk_auth_group_id; Type: FK CONSTRAINT; Schema: public; Owner: leda
--

ALTER TABLE ONLY public.auth_user_groups
    ADD CONSTRAINT auth_user_groups_group_id_97559544_fk_auth_group_id FOREIGN KEY (group_id) REFERENCES public.auth_group(id) DEFERRABLE INITIALLY DEFERRED;


--
-- Name: auth_user_groups auth_user_groups_user_id_6a12ed8b_fk_auth_user_id; Type: FK CONSTRAINT; Schema: public; Owner: leda
--

ALTER TABLE ONLY public.auth_user_groups
    ADD CONSTRAINT auth_user_groups_user_id_6a12ed8b_fk_auth_user_id FOREIGN KEY (user_id) REFERENCES public.auth_user(id) DEFERRABLE INITIALLY DEFERRED;


--
-- Name: auth_user_user_permissions auth_user_user_permi_permission_id_1fbb5f2c_fk_auth_perm; Type: FK CONSTRAINT; Schema: public; Owner: leda
--

ALTER TABLE ONLY public.auth_user_user_permissions
    ADD CONSTRAINT auth_user_user_permi_permission_id_1fbb5f2c_fk_auth_perm FOREIGN KEY (permission_id) REFERENCES public.auth_permission(id) DEFERRABLE INITIALLY DEFERRED;


--
-- Name: auth_user_user_permissions auth_user_user_permissions_user_id_a95ead1b_fk_auth_user_id; Type: FK CONSTRAINT; Schema: public; Owner: leda
--

ALTER TABLE ONLY public.auth_user_user_permissions
    ADD CONSTRAINT auth_user_user_permissions_user_id_a95ead1b_fk_auth_user_id FOREIGN KEY (user_id) REFERENCES public.auth_user(id) DEFERRABLE INITIALLY DEFERRED;


--
-- Name: diario_administrador diario_administrador_reference_id_8d90bab6_fk_diario_re; Type: FK CONSTRAINT; Schema: public; Owner: leda
--

ALTER TABLE ONLY public.diario_administrador
    ADD CONSTRAINT diario_administrador_reference_id_8d90bab6_fk_diario_re FOREIGN KEY (reference_id) REFERENCES public.diario_reference(id) DEFERRABLE INITIALLY DEFERRED;


--
-- Name: diario_administrador diario_administrador_user_id_ac6a6d11_fk_auth_user_id; Type: FK CONSTRAINT; Schema: public; Owner: leda
--

ALTER TABLE ONLY public.diario_administrador
    ADD CONSTRAINT diario_administrador_user_id_ac6a6d11_fk_auth_user_id FOREIGN KEY (user_id) REFERENCES public.auth_user(id) DEFERRABLE INITIALLY DEFERRED;


--
-- Name: diario_avaliacaoparticipante diario_avaliacaopart_participante_id_038290a3_fk_diario_pa; Type: FK CONSTRAINT; Schema: public; Owner: leda
--

ALTER TABLE ONLY public.diario_avaliacaoparticipante
    ADD CONSTRAINT diario_avaliacaopart_participante_id_038290a3_fk_diario_pa FOREIGN KEY (participante_id) REFERENCES public.diario_participante(id) DEFERRABLE INITIALLY DEFERRED;


--
-- Name: diario_avaliacaoparticipante diario_avaliacaopart_sessao_grupo_id_3d3f9206_fk_diario_se; Type: FK CONSTRAINT; Schema: public; Owner: leda
--

ALTER TABLE ONLY public.diario_avaliacaoparticipante
    ADD CONSTRAINT diario_avaliacaopart_sessao_grupo_id_3d3f9206_fk_diario_se FOREIGN KEY (sessao_grupo_id) REFERENCES public.diario_sessaodogrupo(id) DEFERRABLE INITIALLY DEFERRED;


--
-- Name: diario_avaliacaoparticipante diario_avaliacaopart_submetido_por_id_abfe6d9f_fk_diario_fa; Type: FK CONSTRAINT; Schema: public; Owner: leda
--

ALTER TABLE ONLY public.diario_avaliacaoparticipante
    ADD CONSTRAINT diario_avaliacaopart_submetido_por_id_abfe6d9f_fk_diario_fa FOREIGN KEY (submetido_por_id) REFERENCES public.diario_facilitador(id) DEFERRABLE INITIALLY DEFERRED;


--
-- Name: diario_avaliacaosessao diario_avaliacaosess_sessao_grupo_id_ce294112_fk_diario_se; Type: FK CONSTRAINT; Schema: public; Owner: leda
--

ALTER TABLE ONLY public.diario_avaliacaosessao
    ADD CONSTRAINT diario_avaliacaosess_sessao_grupo_id_ce294112_fk_diario_se FOREIGN KEY (sessao_grupo_id) REFERENCES public.diario_sessaodogrupo(id) DEFERRABLE INITIALLY DEFERRED;


--
-- Name: diario_avaliacaosessao diario_avaliacaosess_submetido_por_id_0ec3c848_fk_diario_fa; Type: FK CONSTRAINT; Schema: public; Owner: leda
--

ALTER TABLE ONLY public.diario_avaliacaosessao
    ADD CONSTRAINT diario_avaliacaosess_submetido_por_id_0ec3c848_fk_diario_fa FOREIGN KEY (submetido_por_id) REFERENCES public.diario_facilitador(id) DEFERRABLE INITIALLY DEFERRED;


--
-- Name: diario_avaliador diario_avaliador_info_sensivel_id_22b8c282_fk_diario_in; Type: FK CONSTRAINT; Schema: public; Owner: leda
--

ALTER TABLE ONLY public.diario_avaliador
    ADD CONSTRAINT diario_avaliador_info_sensivel_id_22b8c282_fk_diario_in FOREIGN KEY (info_sensivel_id) REFERENCES public.diario_informacaosensivel(id) DEFERRABLE INITIALLY DEFERRED;


--
-- Name: diario_avaliador diario_avaliador_reference_id_7086744e_fk_diario_reference_id; Type: FK CONSTRAINT; Schema: public; Owner: leda
--

ALTER TABLE ONLY public.diario_avaliador
    ADD CONSTRAINT diario_avaliador_reference_id_7086744e_fk_diario_reference_id FOREIGN KEY (reference_id) REFERENCES public.diario_reference(id) DEFERRABLE INITIALLY DEFERRED;


--
-- Name: diario_avaliador diario_avaliador_user_id_3cf919e5_fk_auth_user_id; Type: FK CONSTRAINT; Schema: public; Owner: leda
--

ALTER TABLE ONLY public.diario_avaliador
    ADD CONSTRAINT diario_avaliador_user_id_3cf919e5_fk_auth_user_id FOREIGN KEY (user_id) REFERENCES public.auth_user(id) DEFERRABLE INITIALLY DEFERRED;


--
-- Name: diario_colaborador diario_colaborador_info_sensivel_id_4fdd80d5_fk_diario_in; Type: FK CONSTRAINT; Schema: public; Owner: leda
--

ALTER TABLE ONLY public.diario_colaborador
    ADD CONSTRAINT diario_colaborador_info_sensivel_id_4fdd80d5_fk_diario_in FOREIGN KEY (info_sensivel_id) REFERENCES public.diario_informacaosensivel(id) DEFERRABLE INITIALLY DEFERRED;


--
-- Name: diario_colaborador diario_colaborador_reference_id_07b3b7f1_fk_diario_reference_id; Type: FK CONSTRAINT; Schema: public; Owner: leda
--

ALTER TABLE ONLY public.diario_colaborador
    ADD CONSTRAINT diario_colaborador_reference_id_07b3b7f1_fk_diario_reference_id FOREIGN KEY (reference_id) REFERENCES public.diario_reference(id) DEFERRABLE INITIALLY DEFERRED;


--
-- Name: diario_colaborador diario_colaborador_user_id_56db0371_fk_auth_user_id; Type: FK CONSTRAINT; Schema: public; Owner: leda
--

ALTER TABLE ONLY public.diario_colaborador
    ADD CONSTRAINT diario_colaborador_user_id_56db0371_fk_auth_user_id FOREIGN KEY (user_id) REFERENCES public.auth_user(id) DEFERRABLE INITIALLY DEFERRED;


--
-- Name: diario_cuidador diario_cuidador_avaliador_id_0b15f6ea_fk_auth_user_id; Type: FK CONSTRAINT; Schema: public; Owner: leda
--

ALTER TABLE ONLY public.diario_cuidador
    ADD CONSTRAINT diario_cuidador_avaliador_id_0b15f6ea_fk_auth_user_id FOREIGN KEY (avaliador_id) REFERENCES public.auth_user(id) DEFERRABLE INITIALLY DEFERRED;


--
-- Name: diario_cuidador_diagnosticos diario_cuidador_diag_cuidador_id_86e820fb_fk_diario_cu; Type: FK CONSTRAINT; Schema: public; Owner: leda
--

ALTER TABLE ONLY public.diario_cuidador_diagnosticos
    ADD CONSTRAINT diario_cuidador_diag_cuidador_id_86e820fb_fk_diario_cu FOREIGN KEY (cuidador_id) REFERENCES public.diario_cuidador(id) DEFERRABLE INITIALLY DEFERRED;


--
-- Name: diario_cuidador_diagnosticos diario_cuidador_diag_doenca_id_beda6943_fk_diario_do; Type: FK CONSTRAINT; Schema: public; Owner: leda
--

ALTER TABLE ONLY public.diario_cuidador_diagnosticos
    ADD CONSTRAINT diario_cuidador_diag_doenca_id_beda6943_fk_diario_do FOREIGN KEY (doenca_id) REFERENCES public.diario_doenca(id) DEFERRABLE INITIALLY DEFERRED;


--
-- Name: diario_cuidador_grupo diario_cuidador_grup_cuidador_id_774a6e2d_fk_diario_cu; Type: FK CONSTRAINT; Schema: public; Owner: leda
--

ALTER TABLE ONLY public.diario_cuidador_grupo
    ADD CONSTRAINT diario_cuidador_grup_cuidador_id_774a6e2d_fk_diario_cu FOREIGN KEY (cuidador_id) REFERENCES public.diario_cuidador(id) DEFERRABLE INITIALLY DEFERRED;


--
-- Name: diario_cuidador_grupo diario_cuidador_grupo_grupo_id_f2d0ff69_fk_diario_grupo_id; Type: FK CONSTRAINT; Schema: public; Owner: leda
--

ALTER TABLE ONLY public.diario_cuidador_grupo
    ADD CONSTRAINT diario_cuidador_grupo_grupo_id_f2d0ff69_fk_diario_grupo_id FOREIGN KEY (grupo_id) REFERENCES public.diario_grupo(id) DEFERRABLE INITIALLY DEFERRED;


--
-- Name: diario_cuidador diario_cuidador_info_sensivel_id_087692c3_fk_diario_in; Type: FK CONSTRAINT; Schema: public; Owner: leda
--

ALTER TABLE ONLY public.diario_cuidador
    ADD CONSTRAINT diario_cuidador_info_sensivel_id_087692c3_fk_diario_in FOREIGN KEY (info_sensivel_id) REFERENCES public.diario_informacaosensivel(id) DEFERRABLE INITIALLY DEFERRED;


--
-- Name: diario_cuidador diario_cuidador_referenciacao_id_1f3edf6f_fk_diario_re; Type: FK CONSTRAINT; Schema: public; Owner: leda
--

ALTER TABLE ONLY public.diario_cuidador
    ADD CONSTRAINT diario_cuidador_referenciacao_id_1f3edf6f_fk_diario_re FOREIGN KEY (referenciacao_id) REFERENCES public.diario_reference(id) DEFERRABLE INITIALLY DEFERRED;


--
-- Name: diario_cuidador diario_cuidador_user_id_81486483_fk_auth_user_id; Type: FK CONSTRAINT; Schema: public; Owner: leda
--

ALTER TABLE ONLY public.diario_cuidador
    ADD CONSTRAINT diario_cuidador_user_id_81486483_fk_auth_user_id FOREIGN KEY (user_id) REFERENCES public.auth_user(id) DEFERRABLE INITIALLY DEFERRED;


--
-- Name: diario_dinamizadorconvidado_grupo diario_dinamizadorco_dinamizadorconvidado_f468170f_fk_diario_di; Type: FK CONSTRAINT; Schema: public; Owner: leda
--

ALTER TABLE ONLY public.diario_dinamizadorconvidado_grupo
    ADD CONSTRAINT diario_dinamizadorco_dinamizadorconvidado_f468170f_fk_diario_di FOREIGN KEY (dinamizadorconvidado_id) REFERENCES public.diario_dinamizadorconvidado(id) DEFERRABLE INITIALLY DEFERRED;


--
-- Name: diario_dinamizadorconvidado_grupo diario_dinamizadorco_grupo_id_62010718_fk_diario_gr; Type: FK CONSTRAINT; Schema: public; Owner: leda
--

ALTER TABLE ONLY public.diario_dinamizadorconvidado_grupo
    ADD CONSTRAINT diario_dinamizadorco_grupo_id_62010718_fk_diario_gr FOREIGN KEY (grupo_id) REFERENCES public.diario_grupo(id) DEFERRABLE INITIALLY DEFERRED;


--
-- Name: diario_dinamizadorconvidado diario_dinamizadorco_info_sensivel_id_a2224af9_fk_diario_in; Type: FK CONSTRAINT; Schema: public; Owner: leda
--

ALTER TABLE ONLY public.diario_dinamizadorconvidado
    ADD CONSTRAINT diario_dinamizadorco_info_sensivel_id_a2224af9_fk_diario_in FOREIGN KEY (info_sensivel_id) REFERENCES public.diario_informacaosensivel(id) DEFERRABLE INITIALLY DEFERRED;


--
-- Name: diario_dinamizadorconvidado diario_dinamizadorco_reference_id_3202b518_fk_diario_re; Type: FK CONSTRAINT; Schema: public; Owner: leda
--

ALTER TABLE ONLY public.diario_dinamizadorconvidado
    ADD CONSTRAINT diario_dinamizadorco_reference_id_3202b518_fk_diario_re FOREIGN KEY (reference_id) REFERENCES public.diario_reference(id) DEFERRABLE INITIALLY DEFERRED;


--
-- Name: diario_dinamizadorconvidado diario_dinamizadorconvidado_user_id_a7e81278_fk_auth_user_id; Type: FK CONSTRAINT; Schema: public; Owner: leda
--

ALTER TABLE ONLY public.diario_dinamizadorconvidado
    ADD CONSTRAINT diario_dinamizadorconvidado_user_id_a7e81278_fk_auth_user_id FOREIGN KEY (user_id) REFERENCES public.auth_user(id) DEFERRABLE INITIALLY DEFERRED;


--
-- Name: diario_documents_cuidador diario_documents_cui_cuidador_id_a975d6bb_fk_diario_cu; Type: FK CONSTRAINT; Schema: public; Owner: leda
--

ALTER TABLE ONLY public.diario_documents_cuidador
    ADD CONSTRAINT diario_documents_cui_cuidador_id_a975d6bb_fk_diario_cu FOREIGN KEY (cuidador_id) REFERENCES public.diario_cuidador(id) DEFERRABLE INITIALLY DEFERRED;


--
-- Name: diario_documents_cuidador diario_documents_cui_documents_id_8fa3c150_fk_diario_do; Type: FK CONSTRAINT; Schema: public; Owner: leda
--

ALTER TABLE ONLY public.diario_documents_cuidador
    ADD CONSTRAINT diario_documents_cui_documents_id_8fa3c150_fk_diario_do FOREIGN KEY (documents_id) REFERENCES public.diario_documents(id) DEFERRABLE INITIALLY DEFERRED;


--
-- Name: diario_escolha diario_escolha_opcao_id_621f9e52_fk_diario_opcao_id; Type: FK CONSTRAINT; Schema: public; Owner: leda
--

ALTER TABLE ONLY public.diario_escolha
    ADD CONSTRAINT diario_escolha_opcao_id_621f9e52_fk_diario_opcao_id FOREIGN KEY (opcao_id) REFERENCES public.diario_opcao(id) DEFERRABLE INITIALLY DEFERRED;


--
-- Name: diario_escolha diario_escolha_parte_grupo_id_c029fdea_fk_diario_partegrupo_id; Type: FK CONSTRAINT; Schema: public; Owner: leda
--

ALTER TABLE ONLY public.diario_escolha
    ADD CONSTRAINT diario_escolha_parte_grupo_id_c029fdea_fk_diario_partegrupo_id FOREIGN KEY (parte_grupo_id) REFERENCES public.diario_partegrupo(id) DEFERRABLE INITIALLY DEFERRED;


--
-- Name: diario_escolha diario_escolha_pergunta_id_422007f9_fk_diario_pergunta_id; Type: FK CONSTRAINT; Schema: public; Owner: leda
--

ALTER TABLE ONLY public.diario_escolha
    ADD CONSTRAINT diario_escolha_pergunta_id_422007f9_fk_diario_pergunta_id FOREIGN KEY (pergunta_id) REFERENCES public.diario_pergunta(id) DEFERRABLE INITIALLY DEFERRED;


--
-- Name: diario_escolha diario_escolha_sessao_grupo_id_2051297d_fk_diario_se; Type: FK CONSTRAINT; Schema: public; Owner: leda
--

ALTER TABLE ONLY public.diario_escolha
    ADD CONSTRAINT diario_escolha_sessao_grupo_id_2051297d_fk_diario_se FOREIGN KEY (sessao_grupo_id) REFERENCES public.diario_sessaodogrupo(id) DEFERRABLE INITIALLY DEFERRED;


--
-- Name: diario_escolha diario_escolha_utilizador_id_faaac370_fk_auth_user_id; Type: FK CONSTRAINT; Schema: public; Owner: leda
--

ALTER TABLE ONLY public.diario_escolha
    ADD CONSTRAINT diario_escolha_utilizador_id_faaac370_fk_auth_user_id FOREIGN KEY (utilizador_id) REFERENCES public.auth_user(id) DEFERRABLE INITIALLY DEFERRED;


--
-- Name: diario_exercicio_partes_do_exercicio diario_exercicio_par_exercicio_id_4dd8c897_fk_diario_ex; Type: FK CONSTRAINT; Schema: public; Owner: leda
--

ALTER TABLE ONLY public.diario_exercicio_partes_do_exercicio
    ADD CONSTRAINT diario_exercicio_par_exercicio_id_4dd8c897_fk_diario_ex FOREIGN KEY (exercicio_id) REFERENCES public.diario_exercicio(id) DEFERRABLE INITIALLY DEFERRED;


--
-- Name: diario_exercicio_partes_do_exercicio diario_exercicio_par_parte_exercicio_id_2d649abd_fk_diario_pa; Type: FK CONSTRAINT; Schema: public; Owner: leda
--

ALTER TABLE ONLY public.diario_exercicio_partes_do_exercicio
    ADD CONSTRAINT diario_exercicio_par_parte_exercicio_id_2d649abd_fk_diario_pa FOREIGN KEY (parte_exercicio_id) REFERENCES public.diario_parte_exercicio(id) DEFERRABLE INITIALLY DEFERRED;


--
-- Name: diario_exercicio_sessao diario_exercicio_ses_exercicio_id_80755830_fk_diario_ex; Type: FK CONSTRAINT; Schema: public; Owner: leda
--

ALTER TABLE ONLY public.diario_exercicio_sessao
    ADD CONSTRAINT diario_exercicio_ses_exercicio_id_80755830_fk_diario_ex FOREIGN KEY (exercicio_id) REFERENCES public.diario_exercicio(id) DEFERRABLE INITIALLY DEFERRED;


--
-- Name: diario_exercicio_sessao diario_exercicio_sessao_sessao_id_fe340299_fk_diario_sessao_id; Type: FK CONSTRAINT; Schema: public; Owner: leda
--

ALTER TABLE ONLY public.diario_exercicio_sessao
    ADD CONSTRAINT diario_exercicio_sessao_sessao_id_fe340299_fk_diario_sessao_id FOREIGN KEY (sessao_id) REFERENCES public.diario_sessao(id) DEFERRABLE INITIALLY DEFERRED;


--
-- Name: diario_facilitador_grupo diario_facilitador_g_facilitador_id_3bbec0cc_fk_diario_fa; Type: FK CONSTRAINT; Schema: public; Owner: leda
--

ALTER TABLE ONLY public.diario_facilitador_grupo
    ADD CONSTRAINT diario_facilitador_g_facilitador_id_3bbec0cc_fk_diario_fa FOREIGN KEY (facilitador_id) REFERENCES public.diario_facilitador(id) DEFERRABLE INITIALLY DEFERRED;


--
-- Name: diario_facilitador_grupo diario_facilitador_grupo_grupo_id_ceb1e52f_fk_diario_grupo_id; Type: FK CONSTRAINT; Schema: public; Owner: leda
--

ALTER TABLE ONLY public.diario_facilitador_grupo
    ADD CONSTRAINT diario_facilitador_grupo_grupo_id_ceb1e52f_fk_diario_grupo_id FOREIGN KEY (grupo_id) REFERENCES public.diario_grupo(id) DEFERRABLE INITIALLY DEFERRED;


--
-- Name: diario_facilitador diario_facilitador_info_sensivel_id_88174d96_fk_diario_in; Type: FK CONSTRAINT; Schema: public; Owner: leda
--

ALTER TABLE ONLY public.diario_facilitador
    ADD CONSTRAINT diario_facilitador_info_sensivel_id_88174d96_fk_diario_in FOREIGN KEY (info_sensivel_id) REFERENCES public.diario_informacaosensivel(id) DEFERRABLE INITIALLY DEFERRED;


--
-- Name: diario_facilitador diario_facilitador_user_id_41669e18_fk_auth_user_id; Type: FK CONSTRAINT; Schema: public; Owner: leda
--

ALTER TABLE ONLY public.diario_facilitador
    ADD CONSTRAINT diario_facilitador_user_id_41669e18_fk_auth_user_id FOREIGN KEY (user_id) REFERENCES public.auth_user(id) DEFERRABLE INITIALLY DEFERRED;


--
-- Name: diario_grupo diario_grupo_referenciacao_id_9b9cce8b_fk_diario_reference_id; Type: FK CONSTRAINT; Schema: public; Owner: leda
--

ALTER TABLE ONLY public.diario_grupo
    ADD CONSTRAINT diario_grupo_referenciacao_id_9b9cce8b_fk_diario_reference_id FOREIGN KEY (referenciacao_id) REFERENCES public.diario_reference(id) DEFERRABLE INITIALLY DEFERRED;


--
-- Name: diario_mentor_grupo diario_mentor_grupo_grupo_id_ec727531_fk_diario_grupo_id; Type: FK CONSTRAINT; Schema: public; Owner: leda
--

ALTER TABLE ONLY public.diario_mentor_grupo
    ADD CONSTRAINT diario_mentor_grupo_grupo_id_ec727531_fk_diario_grupo_id FOREIGN KEY (grupo_id) REFERENCES public.diario_grupo(id) DEFERRABLE INITIALLY DEFERRED;


--
-- Name: diario_mentor_grupo diario_mentor_grupo_mentor_id_0b8bdbb8_fk_diario_mentor_id; Type: FK CONSTRAINT; Schema: public; Owner: leda
--

ALTER TABLE ONLY public.diario_mentor_grupo
    ADD CONSTRAINT diario_mentor_grupo_mentor_id_0b8bdbb8_fk_diario_mentor_id FOREIGN KEY (mentor_id) REFERENCES public.diario_mentor(id) DEFERRABLE INITIALLY DEFERRED;


--
-- Name: diario_mentor diario_mentor_info_sensivel_id_89b32143_fk_diario_in; Type: FK CONSTRAINT; Schema: public; Owner: leda
--

ALTER TABLE ONLY public.diario_mentor
    ADD CONSTRAINT diario_mentor_info_sensivel_id_89b32143_fk_diario_in FOREIGN KEY (info_sensivel_id) REFERENCES public.diario_informacaosensivel(id) DEFERRABLE INITIALLY DEFERRED;


--
-- Name: diario_mentor diario_mentor_reference_id_f834a5a9_fk_diario_reference_id; Type: FK CONSTRAINT; Schema: public; Owner: leda
--

ALTER TABLE ONLY public.diario_mentor
    ADD CONSTRAINT diario_mentor_reference_id_f834a5a9_fk_diario_reference_id FOREIGN KEY (reference_id) REFERENCES public.diario_reference(id) DEFERRABLE INITIALLY DEFERRED;


--
-- Name: diario_mentor diario_mentor_user_id_d3ee315b_fk_auth_user_id; Type: FK CONSTRAINT; Schema: public; Owner: leda
--

ALTER TABLE ONLY public.diario_mentor
    ADD CONSTRAINT diario_mentor_user_id_d3ee315b_fk_auth_user_id FOREIGN KEY (user_id) REFERENCES public.auth_user(id) DEFERRABLE INITIALLY DEFERRED;


--
-- Name: diario_nota diario_nota_anotador_dinamizador_d9315f33_fk_diario_di; Type: FK CONSTRAINT; Schema: public; Owner: leda
--

ALTER TABLE ONLY public.diario_nota
    ADD CONSTRAINT diario_nota_anotador_dinamizador_d9315f33_fk_diario_di FOREIGN KEY (anotador_dinamizador_id) REFERENCES public.diario_dinamizadorconvidado(id) DEFERRABLE INITIALLY DEFERRED;


--
-- Name: diario_nota diario_nota_anotador_mentor_id_f0e25cab_fk_diario_mentor_id; Type: FK CONSTRAINT; Schema: public; Owner: leda
--

ALTER TABLE ONLY public.diario_nota
    ADD CONSTRAINT diario_nota_anotador_mentor_id_f0e25cab_fk_diario_mentor_id FOREIGN KEY (anotador_mentor_id) REFERENCES public.diario_mentor(id) DEFERRABLE INITIALLY DEFERRED;


--
-- Name: diario_nota diario_nota_cuidador_id_95c7f27a_fk_diario_cuidador_id; Type: FK CONSTRAINT; Schema: public; Owner: leda
--

ALTER TABLE ONLY public.diario_nota
    ADD CONSTRAINT diario_nota_cuidador_id_95c7f27a_fk_diario_cuidador_id FOREIGN KEY (cuidador_id) REFERENCES public.diario_cuidador(id) DEFERRABLE INITIALLY DEFERRED;


--
-- Name: diario_nota diario_nota_participante_id_a8deed00_fk_diario_participante_id; Type: FK CONSTRAINT; Schema: public; Owner: leda
--

ALTER TABLE ONLY public.diario_nota
    ADD CONSTRAINT diario_nota_participante_id_a8deed00_fk_diario_participante_id FOREIGN KEY (participante_id) REFERENCES public.diario_participante(id) DEFERRABLE INITIALLY DEFERRED;


--
-- Name: diario_nota diario_nota_sessao_grupo_id_25cfe59a_fk_diario_sessaodogrupo_id; Type: FK CONSTRAINT; Schema: public; Owner: leda
--

ALTER TABLE ONLY public.diario_nota
    ADD CONSTRAINT diario_nota_sessao_grupo_id_25cfe59a_fk_diario_sessaodogrupo_id FOREIGN KEY (sessao_grupo_id) REFERENCES public.diario_sessaodogrupo(id) DEFERRABLE INITIALLY DEFERRED;


--
-- Name: diario_notagrupo diario_notagrupo_anotador_dinamizador_0342da56_fk_diario_di; Type: FK CONSTRAINT; Schema: public; Owner: leda
--

ALTER TABLE ONLY public.diario_notagrupo
    ADD CONSTRAINT diario_notagrupo_anotador_dinamizador_0342da56_fk_diario_di FOREIGN KEY (anotador_dinamizador_id) REFERENCES public.diario_dinamizadorconvidado(id) DEFERRABLE INITIALLY DEFERRED;


--
-- Name: diario_notagrupo diario_notagrupo_anotador_mentor_id_c2b12e01_fk_diario_me; Type: FK CONSTRAINT; Schema: public; Owner: leda
--

ALTER TABLE ONLY public.diario_notagrupo
    ADD CONSTRAINT diario_notagrupo_anotador_mentor_id_c2b12e01_fk_diario_me FOREIGN KEY (anotador_mentor_id) REFERENCES public.diario_mentor(id) DEFERRABLE INITIALLY DEFERRED;


--
-- Name: diario_notagrupo diario_notagrupo_grupo_id_a3fd582b_fk_diario_grupo_id; Type: FK CONSTRAINT; Schema: public; Owner: leda
--

ALTER TABLE ONLY public.diario_notagrupo
    ADD CONSTRAINT diario_notagrupo_grupo_id_a3fd582b_fk_diario_grupo_id FOREIGN KEY (grupo_id) REFERENCES public.diario_grupo(id) DEFERRABLE INITIALLY DEFERRED;


--
-- Name: diario_notagrupo diario_notagrupo_sessao_grupo_id_6cb455df_fk_diario_se; Type: FK CONSTRAINT; Schema: public; Owner: leda
--

ALTER TABLE ONLY public.diario_notagrupo
    ADD CONSTRAINT diario_notagrupo_sessao_grupo_id_6cb455df_fk_diario_se FOREIGN KEY (sessao_grupo_id) REFERENCES public.diario_sessaodogrupo(id) DEFERRABLE INITIALLY DEFERRED;


--
-- Name: diario_opcao diario_opcao_imagem_id_664391db_fk_diario_imagem_id; Type: FK CONSTRAINT; Schema: public; Owner: leda
--

ALTER TABLE ONLY public.diario_opcao
    ADD CONSTRAINT diario_opcao_imagem_id_664391db_fk_diario_imagem_id FOREIGN KEY (imagem_id) REFERENCES public.diario_imagem(id) DEFERRABLE INITIALLY DEFERRED;


--
-- Name: diario_parte_atividades diario_parte_ativida_atividade_id_e6ce686c_fk_diario_at; Type: FK CONSTRAINT; Schema: public; Owner: leda
--

ALTER TABLE ONLY public.diario_parte_atividades
    ADD CONSTRAINT diario_parte_ativida_atividade_id_e6ce686c_fk_diario_at FOREIGN KEY (atividade_id) REFERENCES public.diario_atividade(id) DEFERRABLE INITIALLY DEFERRED;


--
-- Name: diario_parte_atividades diario_parte_atividades_parte_id_5c34837f_fk_diario_parte_id; Type: FK CONSTRAINT; Schema: public; Owner: leda
--

ALTER TABLE ONLY public.diario_parte_atividades
    ADD CONSTRAINT diario_parte_atividades_parte_id_5c34837f_fk_diario_parte_id FOREIGN KEY (parte_id) REFERENCES public.diario_parte(id) DEFERRABLE INITIALLY DEFERRED;


--
-- Name: diario_parte_exercicio_imagens diario_parte_exercic_imagem_id_fd1de4a4_fk_diario_im; Type: FK CONSTRAINT; Schema: public; Owner: leda
--

ALTER TABLE ONLY public.diario_parte_exercicio_imagens
    ADD CONSTRAINT diario_parte_exercic_imagem_id_fd1de4a4_fk_diario_im FOREIGN KEY (imagem_id) REFERENCES public.diario_imagem(id) DEFERRABLE INITIALLY DEFERRED;


--
-- Name: diario_parte_exercicio_imagens diario_parte_exercic_parte_exercicio_id_bc84e07b_fk_diario_pa; Type: FK CONSTRAINT; Schema: public; Owner: leda
--

ALTER TABLE ONLY public.diario_parte_exercicio_imagens
    ADD CONSTRAINT diario_parte_exercic_parte_exercicio_id_bc84e07b_fk_diario_pa FOREIGN KEY (parte_exercicio_id) REFERENCES public.diario_parte_exercicio(id) DEFERRABLE INITIALLY DEFERRED;


--
-- Name: diario_parte_exercicio_perguntas diario_parte_exercic_parte_exercicio_id_d5953dbe_fk_diario_pa; Type: FK CONSTRAINT; Schema: public; Owner: leda
--

ALTER TABLE ONLY public.diario_parte_exercicio_perguntas
    ADD CONSTRAINT diario_parte_exercic_parte_exercicio_id_d5953dbe_fk_diario_pa FOREIGN KEY (parte_exercicio_id) REFERENCES public.diario_parte_exercicio(id) DEFERRABLE INITIALLY DEFERRED;


--
-- Name: diario_parte_exercicio_perguntas diario_parte_exercic_pergunta_exercicio_i_980026ad_fk_diario_pe; Type: FK CONSTRAINT; Schema: public; Owner: leda
--

ALTER TABLE ONLY public.diario_parte_exercicio_perguntas
    ADD CONSTRAINT diario_parte_exercic_pergunta_exercicio_i_980026ad_fk_diario_pe FOREIGN KEY (pergunta_exercicio_id) REFERENCES public.diario_pergunta_exercicio(id) DEFERRABLE INITIALLY DEFERRED;


--
-- Name: diario_parte_questionarios diario_parte_questio_questionario_id_24149fa7_fk_diario_qu; Type: FK CONSTRAINT; Schema: public; Owner: leda
--

ALTER TABLE ONLY public.diario_parte_questionarios
    ADD CONSTRAINT diario_parte_questio_questionario_id_24149fa7_fk_diario_qu FOREIGN KEY (questionario_id) REFERENCES public.diario_questionario(id) DEFERRABLE INITIALLY DEFERRED;


--
-- Name: diario_parte_questionarios diario_parte_questionarios_parte_id_8028130d_fk_diario_parte_id; Type: FK CONSTRAINT; Schema: public; Owner: leda
--

ALTER TABLE ONLY public.diario_parte_questionarios
    ADD CONSTRAINT diario_parte_questionarios_parte_id_8028130d_fk_diario_parte_id FOREIGN KEY (parte_id) REFERENCES public.diario_parte(id) DEFERRABLE INITIALLY DEFERRED;


--
-- Name: diario_parte diario_parte_sessao_id_4ffaa4a3_fk_diario_sessao_id; Type: FK CONSTRAINT; Schema: public; Owner: leda
--

ALTER TABLE ONLY public.diario_parte
    ADD CONSTRAINT diario_parte_sessao_id_4ffaa4a3_fk_diario_sessao_id FOREIGN KEY (sessao_id) REFERENCES public.diario_sessao(id) DEFERRABLE INITIALLY DEFERRED;


--
-- Name: diario_partegrupo diario_partegrupo_exercicio_id_eedd814d_fk_diario_exercicio_id; Type: FK CONSTRAINT; Schema: public; Owner: leda
--

ALTER TABLE ONLY public.diario_partegrupo
    ADD CONSTRAINT diario_partegrupo_exercicio_id_eedd814d_fk_diario_exercicio_id FOREIGN KEY (exercicio_id) REFERENCES public.diario_exercicio(id) DEFERRABLE INITIALLY DEFERRED;


--
-- Name: diario_partegrupo diario_partegrupo_parte_id_47367050_fk_diario_parte_id; Type: FK CONSTRAINT; Schema: public; Owner: leda
--

ALTER TABLE ONLY public.diario_partegrupo
    ADD CONSTRAINT diario_partegrupo_parte_id_47367050_fk_diario_parte_id FOREIGN KEY (parte_id) REFERENCES public.diario_parte(id) DEFERRABLE INITIALLY DEFERRED;


--
-- Name: diario_partegrupo diario_partegrupo_sessaoGrupo_id_a8431880_fk_diario_se; Type: FK CONSTRAINT; Schema: public; Owner: leda
--

ALTER TABLE ONLY public.diario_partegrupo
    ADD CONSTRAINT "diario_partegrupo_sessaoGrupo_id_a8431880_fk_diario_se" FOREIGN KEY ("sessaoGrupo_id") REFERENCES public.diario_sessaodogrupo(id) DEFERRABLE INITIALLY DEFERRED;


--
-- Name: diario_participante_cuidadores diario_participante__cuidador_id_d4523d06_fk_diario_cu; Type: FK CONSTRAINT; Schema: public; Owner: leda
--

ALTER TABLE ONLY public.diario_participante_cuidadores
    ADD CONSTRAINT diario_participante__cuidador_id_d4523d06_fk_diario_cu FOREIGN KEY (cuidador_id) REFERENCES public.diario_cuidador(id) DEFERRABLE INITIALLY DEFERRED;


--
-- Name: diario_participante_diagnosticos diario_participante__doenca_id_56da302c_fk_diario_do; Type: FK CONSTRAINT; Schema: public; Owner: leda
--

ALTER TABLE ONLY public.diario_participante_diagnosticos
    ADD CONSTRAINT diario_participante__doenca_id_56da302c_fk_diario_do FOREIGN KEY (doenca_id) REFERENCES public.diario_doenca(id) DEFERRABLE INITIALLY DEFERRED;


--
-- Name: diario_participante_grupo diario_participante__participante_id_ac0885f5_fk_diario_pa; Type: FK CONSTRAINT; Schema: public; Owner: leda
--

ALTER TABLE ONLY public.diario_participante_grupo
    ADD CONSTRAINT diario_participante__participante_id_ac0885f5_fk_diario_pa FOREIGN KEY (participante_id) REFERENCES public.diario_participante(id) DEFERRABLE INITIALLY DEFERRED;


--
-- Name: diario_participante_diagnosticos diario_participante__participante_id_c2986549_fk_diario_pa; Type: FK CONSTRAINT; Schema: public; Owner: leda
--

ALTER TABLE ONLY public.diario_participante_diagnosticos
    ADD CONSTRAINT diario_participante__participante_id_c2986549_fk_diario_pa FOREIGN KEY (participante_id) REFERENCES public.diario_participante(id) DEFERRABLE INITIALLY DEFERRED;


--
-- Name: diario_participante_cuidadores diario_participante__participante_id_e21b1ecc_fk_diario_pa; Type: FK CONSTRAINT; Schema: public; Owner: leda
--

ALTER TABLE ONLY public.diario_participante_cuidadores
    ADD CONSTRAINT diario_participante__participante_id_e21b1ecc_fk_diario_pa FOREIGN KEY (participante_id) REFERENCES public.diario_participante(id) DEFERRABLE INITIALLY DEFERRED;


--
-- Name: diario_participante diario_participante_avaliador_id_611d9cbd_fk_auth_user_id; Type: FK CONSTRAINT; Schema: public; Owner: leda
--

ALTER TABLE ONLY public.diario_participante
    ADD CONSTRAINT diario_participante_avaliador_id_611d9cbd_fk_auth_user_id FOREIGN KEY (avaliador_id) REFERENCES public.auth_user(id) DEFERRABLE INITIALLY DEFERRED;


--
-- Name: diario_participante_grupo diario_participante_grupo_grupo_id_2b8db074_fk_diario_grupo_id; Type: FK CONSTRAINT; Schema: public; Owner: leda
--

ALTER TABLE ONLY public.diario_participante_grupo
    ADD CONSTRAINT diario_participante_grupo_grupo_id_2b8db074_fk_diario_grupo_id FOREIGN KEY (grupo_id) REFERENCES public.diario_grupo(id) DEFERRABLE INITIALLY DEFERRED;


--
-- Name: diario_participante diario_participante_info_sensivel_id_f698fd6f_fk_diario_in; Type: FK CONSTRAINT; Schema: public; Owner: leda
--

ALTER TABLE ONLY public.diario_participante
    ADD CONSTRAINT diario_participante_info_sensivel_id_f698fd6f_fk_diario_in FOREIGN KEY (info_sensivel_id) REFERENCES public.diario_informacaosensivel(id) DEFERRABLE INITIALLY DEFERRED;


--
-- Name: diario_participante diario_participante_referenciacao_id_6111f0c9_fk_diario_re; Type: FK CONSTRAINT; Schema: public; Owner: leda
--

ALTER TABLE ONLY public.diario_participante
    ADD CONSTRAINT diario_participante_referenciacao_id_6111f0c9_fk_diario_re FOREIGN KEY (referenciacao_id) REFERENCES public.diario_reference(id) DEFERRABLE INITIALLY DEFERRED;


--
-- Name: diario_participante diario_participante_user_id_d8789d48_fk_auth_user_id; Type: FK CONSTRAINT; Schema: public; Owner: leda
--

ALTER TABLE ONLY public.diario_participante
    ADD CONSTRAINT diario_participante_user_id_d8789d48_fk_auth_user_id FOREIGN KEY (user_id) REFERENCES public.auth_user(id) DEFERRABLE INITIALLY DEFERRED;


--
-- Name: diario_partilha diario_partilha_cuidador_id_74044638_fk_diario_cuidador_id; Type: FK CONSTRAINT; Schema: public; Owner: leda
--

ALTER TABLE ONLY public.diario_partilha
    ADD CONSTRAINT diario_partilha_cuidador_id_74044638_fk_diario_cuidador_id FOREIGN KEY (cuidador_id) REFERENCES public.diario_cuidador(id) DEFERRABLE INITIALLY DEFERRED;


--
-- Name: diario_partilha diario_partilha_participante_id_02efa221_fk_diario_pa; Type: FK CONSTRAINT; Schema: public; Owner: leda
--

ALTER TABLE ONLY public.diario_partilha
    ADD CONSTRAINT diario_partilha_participante_id_02efa221_fk_diario_pa FOREIGN KEY (participante_id) REFERENCES public.diario_participante(id) DEFERRABLE INITIALLY DEFERRED;


--
-- Name: diario_partilha diario_partilha_partilha_dinamizador_693b741e_fk_diario_di; Type: FK CONSTRAINT; Schema: public; Owner: leda
--

ALTER TABLE ONLY public.diario_partilha
    ADD CONSTRAINT diario_partilha_partilha_dinamizador_693b741e_fk_diario_di FOREIGN KEY (partilha_dinamizador_id) REFERENCES public.diario_dinamizadorconvidado(id) DEFERRABLE INITIALLY DEFERRED;


--
-- Name: diario_partilha diario_partilha_partilha_mentor_id_5b74adea_fk_diario_mentor_id; Type: FK CONSTRAINT; Schema: public; Owner: leda
--

ALTER TABLE ONLY public.diario_partilha
    ADD CONSTRAINT diario_partilha_partilha_mentor_id_5b74adea_fk_diario_mentor_id FOREIGN KEY (partilha_mentor_id) REFERENCES public.diario_mentor(id) DEFERRABLE INITIALLY DEFERRED;


--
-- Name: diario_partilha diario_partilha_sessao_grupo_id_cffb3c86_fk_diario_se; Type: FK CONSTRAINT; Schema: public; Owner: leda
--

ALTER TABLE ONLY public.diario_partilha
    ADD CONSTRAINT diario_partilha_sessao_grupo_id_cffb3c86_fk_diario_se FOREIGN KEY (sessao_grupo_id) REFERENCES public.diario_sessaodogrupo(id) DEFERRABLE INITIALLY DEFERRED;


--
-- Name: diario_partilhagrupo diario_partilhagrupo_grupo_id_dc552987_fk_diario_grupo_id; Type: FK CONSTRAINT; Schema: public; Owner: leda
--

ALTER TABLE ONLY public.diario_partilhagrupo
    ADD CONSTRAINT diario_partilhagrupo_grupo_id_dc552987_fk_diario_grupo_id FOREIGN KEY (grupo_id) REFERENCES public.diario_grupo(id) DEFERRABLE INITIALLY DEFERRED;


--
-- Name: diario_partilhagrupo diario_partilhagrupo_partilha_dinamizador_31fdb935_fk_diario_di; Type: FK CONSTRAINT; Schema: public; Owner: leda
--

ALTER TABLE ONLY public.diario_partilhagrupo
    ADD CONSTRAINT diario_partilhagrupo_partilha_dinamizador_31fdb935_fk_diario_di FOREIGN KEY (partilha_dinamizador_id) REFERENCES public.diario_dinamizadorconvidado(id) DEFERRABLE INITIALLY DEFERRED;


--
-- Name: diario_partilhagrupo diario_partilhagrupo_partilha_mentor_id_a82cb793_fk_diario_me; Type: FK CONSTRAINT; Schema: public; Owner: leda
--

ALTER TABLE ONLY public.diario_partilhagrupo
    ADD CONSTRAINT diario_partilhagrupo_partilha_mentor_id_a82cb793_fk_diario_me FOREIGN KEY (partilha_mentor_id) REFERENCES public.diario_mentor(id) DEFERRABLE INITIALLY DEFERRED;


--
-- Name: diario_partilhagrupo diario_partilhagrupo_sessao_grupo_id_2d68b78c_fk_diario_se; Type: FK CONSTRAINT; Schema: public; Owner: leda
--

ALTER TABLE ONLY public.diario_partilhagrupo
    ADD CONSTRAINT diario_partilhagrupo_sessao_grupo_id_2d68b78c_fk_diario_se FOREIGN KEY (sessao_grupo_id) REFERENCES public.diario_sessaodogrupo(id) DEFERRABLE INITIALLY DEFERRED;


--
-- Name: diario_pergunta_exercicio_opcoes diario_pergunta_exer_opcao_id_7b99cfd5_fk_diario_op; Type: FK CONSTRAINT; Schema: public; Owner: leda
--

ALTER TABLE ONLY public.diario_pergunta_exercicio_opcoes
    ADD CONSTRAINT diario_pergunta_exer_opcao_id_7b99cfd5_fk_diario_op FOREIGN KEY (opcao_id) REFERENCES public.diario_opcao(id) DEFERRABLE INITIALLY DEFERRED;


--
-- Name: diario_pergunta_exercicio_opcoes diario_pergunta_exer_pergunta_exercicio_i_ca581394_fk_diario_pe; Type: FK CONSTRAINT; Schema: public; Owner: leda
--

ALTER TABLE ONLY public.diario_pergunta_exercicio_opcoes
    ADD CONSTRAINT diario_pergunta_exer_pergunta_exercicio_i_ca581394_fk_diario_pe FOREIGN KEY (pergunta_exercicio_id) REFERENCES public.diario_pergunta_exercicio(id) DEFERRABLE INITIALLY DEFERRED;


--
-- Name: diario_pergunta_opcoes diario_pergunta_opco_pergunta_id_3a9dc811_fk_diario_pe; Type: FK CONSTRAINT; Schema: public; Owner: leda
--

ALTER TABLE ONLY public.diario_pergunta_opcoes
    ADD CONSTRAINT diario_pergunta_opco_pergunta_id_3a9dc811_fk_diario_pe FOREIGN KEY (pergunta_id) REFERENCES public.diario_pergunta(id) DEFERRABLE INITIALLY DEFERRED;


--
-- Name: diario_pergunta_opcoes diario_pergunta_opcoes_opcao_id_aa73f9f6_fk_diario_opcao_id; Type: FK CONSTRAINT; Schema: public; Owner: leda
--

ALTER TABLE ONLY public.diario_pergunta_opcoes
    ADD CONSTRAINT diario_pergunta_opcoes_opcao_id_aa73f9f6_fk_diario_opcao_id FOREIGN KEY (opcao_id) REFERENCES public.diario_opcao(id) DEFERRABLE INITIALLY DEFERRED;


--
-- Name: diario_presenca diario_presenca_cuidador_id_f50d1400_fk_diario_cuidador_id; Type: FK CONSTRAINT; Schema: public; Owner: leda
--

ALTER TABLE ONLY public.diario_presenca
    ADD CONSTRAINT diario_presenca_cuidador_id_f50d1400_fk_diario_cuidador_id FOREIGN KEY (cuidador_id) REFERENCES public.diario_cuidador(id) DEFERRABLE INITIALLY DEFERRED;


--
-- Name: diario_presenca diario_presenca_participante_id_189270dc_fk_diario_pa; Type: FK CONSTRAINT; Schema: public; Owner: leda
--

ALTER TABLE ONLY public.diario_presenca
    ADD CONSTRAINT diario_presenca_participante_id_189270dc_fk_diario_pa FOREIGN KEY (participante_id) REFERENCES public.diario_participante(id) DEFERRABLE INITIALLY DEFERRED;


--
-- Name: diario_presenca diario_presenca_sessaoDoGrupo_id_264312e2_fk_diario_se; Type: FK CONSTRAINT; Schema: public; Owner: leda
--

ALTER TABLE ONLY public.diario_presenca
    ADD CONSTRAINT "diario_presenca_sessaoDoGrupo_id_264312e2_fk_diario_se" FOREIGN KEY ("sessaoDoGrupo_id") REFERENCES public.diario_sessaodogrupo(id) DEFERRABLE INITIALLY DEFERRED;


--
-- Name: diario_questionario_perguntas diario_questionario__pergunta_id_2deb47a3_fk_diario_pe; Type: FK CONSTRAINT; Schema: public; Owner: leda
--

ALTER TABLE ONLY public.diario_questionario_perguntas
    ADD CONSTRAINT diario_questionario__pergunta_id_2deb47a3_fk_diario_pe FOREIGN KEY (pergunta_id) REFERENCES public.diario_pergunta(id) DEFERRABLE INITIALLY DEFERRED;


--
-- Name: diario_questionario_perguntas diario_questionario__questionario_id_fdde967c_fk_diario_qu; Type: FK CONSTRAINT; Schema: public; Owner: leda
--

ALTER TABLE ONLY public.diario_questionario_perguntas
    ADD CONSTRAINT diario_questionario__questionario_id_fdde967c_fk_diario_qu FOREIGN KEY (questionario_id) REFERENCES public.diario_questionario(id) DEFERRABLE INITIALLY DEFERRED;


--
-- Name: diario_questionario diario_questionario_continuacaoDe_id_159a6c5a_fk_diario_se; Type: FK CONSTRAINT; Schema: public; Owner: leda
--

ALTER TABLE ONLY public.diario_questionario
    ADD CONSTRAINT "diario_questionario_continuacaoDe_id_159a6c5a_fk_diario_se" FOREIGN KEY ("continuacaoDe_id") REFERENCES public.diario_sessao(id) DEFERRABLE INITIALLY DEFERRED;


--
-- Name: diario_resposta diario_resposta_parte_exercicio_id_f204afcd_fk_diario_pa; Type: FK CONSTRAINT; Schema: public; Owner: leda
--

ALTER TABLE ONLY public.diario_resposta
    ADD CONSTRAINT diario_resposta_parte_exercicio_id_f204afcd_fk_diario_pa FOREIGN KEY (parte_exercicio_id) REFERENCES public.diario_parte_exercicio(id) DEFERRABLE INITIALLY DEFERRED;


--
-- Name: diario_resposta diario_resposta_parte_grupo_id_00e14319_fk_diario_partegrupo_id; Type: FK CONSTRAINT; Schema: public; Owner: leda
--

ALTER TABLE ONLY public.diario_resposta
    ADD CONSTRAINT diario_resposta_parte_grupo_id_00e14319_fk_diario_partegrupo_id FOREIGN KEY (parte_grupo_id) REFERENCES public.diario_partegrupo(id) DEFERRABLE INITIALLY DEFERRED;


--
-- Name: diario_resposta diario_resposta_participante_id_052272a9_fk_diario_pa; Type: FK CONSTRAINT; Schema: public; Owner: leda
--

ALTER TABLE ONLY public.diario_resposta
    ADD CONSTRAINT diario_resposta_participante_id_052272a9_fk_diario_pa FOREIGN KEY (participante_id) REFERENCES public.diario_participante(id) DEFERRABLE INITIALLY DEFERRED;


--
-- Name: diario_resposta diario_resposta_pergunta_id_1afc7102_fk_diario_pe; Type: FK CONSTRAINT; Schema: public; Owner: leda
--

ALTER TABLE ONLY public.diario_resposta
    ADD CONSTRAINT diario_resposta_pergunta_id_1afc7102_fk_diario_pe FOREIGN KEY (pergunta_id) REFERENCES public.diario_pergunta_exercicio(id) DEFERRABLE INITIALLY DEFERRED;


--
-- Name: diario_resposta diario_resposta_resposta_escolha_id_b241aa49_fk_diario_opcao_id; Type: FK CONSTRAINT; Schema: public; Owner: leda
--

ALTER TABLE ONLY public.diario_resposta
    ADD CONSTRAINT diario_resposta_resposta_escolha_id_b241aa49_fk_diario_opcao_id FOREIGN KEY (resposta_escolha_id) REFERENCES public.diario_opcao(id) DEFERRABLE INITIALLY DEFERRED;


--
-- Name: diario_resposta diario_resposta_sessao_grupo_id_4cb6a254_fk_diario_se; Type: FK CONSTRAINT; Schema: public; Owner: leda
--

ALTER TABLE ONLY public.diario_resposta
    ADD CONSTRAINT diario_resposta_sessao_grupo_id_4cb6a254_fk_diario_se FOREIGN KEY (sessao_grupo_id) REFERENCES public.diario_sessaodogrupo(id) DEFERRABLE INITIALLY DEFERRED;


--
-- Name: diario_sessaodogrupo diario_sessaodogrupo_grupo_id_9a5315c6_fk_diario_grupo_id; Type: FK CONSTRAINT; Schema: public; Owner: leda
--

ALTER TABLE ONLY public.diario_sessaodogrupo
    ADD CONSTRAINT diario_sessaodogrupo_grupo_id_9a5315c6_fk_diario_grupo_id FOREIGN KEY (grupo_id) REFERENCES public.diario_grupo(id) DEFERRABLE INITIALLY DEFERRED;


--
-- Name: diario_sessaodogrupo diario_sessaodogrupo_parte_ativa_id_c82013be_fk_diario_pa; Type: FK CONSTRAINT; Schema: public; Owner: leda
--

ALTER TABLE ONLY public.diario_sessaodogrupo
    ADD CONSTRAINT diario_sessaodogrupo_parte_ativa_id_c82013be_fk_diario_pa FOREIGN KEY (parte_ativa_id) REFERENCES public.diario_parte_exercicio(id) DEFERRABLE INITIALLY DEFERRED;


--
-- Name: diario_sessaodogrupo diario_sessaodogrupo_sessao_id_ae19f12d_fk_diario_sessao_id; Type: FK CONSTRAINT; Schema: public; Owner: leda
--

ALTER TABLE ONLY public.diario_sessaodogrupo
    ADD CONSTRAINT diario_sessaodogrupo_sessao_id_ae19f12d_fk_diario_sessao_id FOREIGN KEY (sessao_id) REFERENCES public.diario_sessao(id) DEFERRABLE INITIALLY DEFERRED;


--
-- Name: django_admin_log django_admin_log_content_type_id_c4bce8eb_fk_django_co; Type: FK CONSTRAINT; Schema: public; Owner: leda
--

ALTER TABLE ONLY public.django_admin_log
    ADD CONSTRAINT django_admin_log_content_type_id_c4bce8eb_fk_django_co FOREIGN KEY (content_type_id) REFERENCES public.django_content_type(id) DEFERRABLE INITIALLY DEFERRED;


--
-- Name: django_admin_log django_admin_log_user_id_c564eba6_fk_auth_user_id; Type: FK CONSTRAINT; Schema: public; Owner: leda
--

ALTER TABLE ONLY public.django_admin_log
    ADD CONSTRAINT django_admin_log_user_id_c564eba6_fk_auth_user_id FOREIGN KEY (user_id) REFERENCES public.auth_user(id) DEFERRABLE INITIALLY DEFERRED;


--
-- Name: protocolo_answer protocolo_answer_multiple_choice_answ_50857daf_fk_protocolo; Type: FK CONSTRAINT; Schema: public; Owner: leda
--

ALTER TABLE ONLY public.protocolo_answer
    ADD CONSTRAINT protocolo_answer_multiple_choice_answ_50857daf_fk_protocolo FOREIGN KEY (multiple_choice_answer_id) REFERENCES public.protocolo_possibleanswer(id) DEFERRABLE INITIALLY DEFERRED;


--
-- Name: protocolo_answer protocolo_answer_question_id_0f67a888_fk_protocolo_question_id; Type: FK CONSTRAINT; Schema: public; Owner: leda
--

ALTER TABLE ONLY public.protocolo_answer
    ADD CONSTRAINT protocolo_answer_question_id_0f67a888_fk_protocolo_question_id FOREIGN KEY (question_id) REFERENCES public.protocolo_question(id) DEFERRABLE INITIALLY DEFERRED;


--
-- Name: protocolo_answer protocolo_answer_resolution_id_99cb25a9_fk_protocolo; Type: FK CONSTRAINT; Schema: public; Owner: leda
--

ALTER TABLE ONLY public.protocolo_answer
    ADD CONSTRAINT protocolo_answer_resolution_id_99cb25a9_fk_protocolo FOREIGN KEY (resolution_id) REFERENCES public.protocolo_resolution(id) DEFERRABLE INITIALLY DEFERRED;


--
-- Name: protocolo_area_part protocolo_area_part_area_id_2604b57e_fk_protocolo_area_id; Type: FK CONSTRAINT; Schema: public; Owner: leda
--

ALTER TABLE ONLY public.protocolo_area_part
    ADD CONSTRAINT protocolo_area_part_area_id_2604b57e_fk_protocolo_area_id FOREIGN KEY (area_id) REFERENCES public.protocolo_area(id) DEFERRABLE INITIALLY DEFERRED;


--
-- Name: protocolo_area_part protocolo_area_part_part_id_40f8f09d_fk_protocolo_part_id; Type: FK CONSTRAINT; Schema: public; Owner: leda
--

ALTER TABLE ONLY public.protocolo_area_part
    ADD CONSTRAINT protocolo_area_part_part_id_40f8f09d_fk_protocolo_part_id FOREIGN KEY (part_id) REFERENCES public.protocolo_part(id) DEFERRABLE INITIALLY DEFERRED;


--
-- Name: protocolo_dimension protocolo_dimension_instrument_id_dd666d93_fk_protocolo; Type: FK CONSTRAINT; Schema: public; Owner: leda
--

ALTER TABLE ONLY public.protocolo_dimension
    ADD CONSTRAINT protocolo_dimension_instrument_id_dd666d93_fk_protocolo FOREIGN KEY (instrument_id) REFERENCES public.protocolo_instrument(id) DEFERRABLE INITIALLY DEFERRED;


--
-- Name: protocolo_instrument_area protocolo_instrument_area_area_id_05795564_fk_protocolo_area_id; Type: FK CONSTRAINT; Schema: public; Owner: leda
--

ALTER TABLE ONLY public.protocolo_instrument_area
    ADD CONSTRAINT protocolo_instrument_area_area_id_05795564_fk_protocolo_area_id FOREIGN KEY (area_id) REFERENCES public.protocolo_area(id) DEFERRABLE INITIALLY DEFERRED;


--
-- Name: protocolo_instrument_area protocolo_instrument_instrument_id_c210b818_fk_protocolo; Type: FK CONSTRAINT; Schema: public; Owner: leda
--

ALTER TABLE ONLY public.protocolo_instrument_area
    ADD CONSTRAINT protocolo_instrument_instrument_id_c210b818_fk_protocolo FOREIGN KEY (instrument_id) REFERENCES public.protocolo_instrument(id) DEFERRABLE INITIALLY DEFERRED;


--
-- Name: protocolo_multiplechoicescheckbox protocolo_multiplech_answer_id_ac7dabf2_fk_protocolo; Type: FK CONSTRAINT; Schema: public; Owner: leda
--

ALTER TABLE ONLY public.protocolo_multiplechoicescheckbox
    ADD CONSTRAINT protocolo_multiplech_answer_id_ac7dabf2_fk_protocolo FOREIGN KEY (answer_id) REFERENCES public.protocolo_answer(id) DEFERRABLE INITIALLY DEFERRED;


--
-- Name: protocolo_multiplechoicescheckbox protocolo_multiplech_choice_id_ec7b53aa_fk_protocolo; Type: FK CONSTRAINT; Schema: public; Owner: leda
--

ALTER TABLE ONLY public.protocolo_multiplechoicescheckbox
    ADD CONSTRAINT protocolo_multiplech_choice_id_ec7b53aa_fk_protocolo FOREIGN KEY (choice_id) REFERENCES public.protocolo_possibleanswer(id) DEFERRABLE INITIALLY DEFERRED;


--
-- Name: protocolo_part protocolo_part_protocol_id_f3178c89_fk_protocolo_protocol_id; Type: FK CONSTRAINT; Schema: public; Owner: leda
--

ALTER TABLE ONLY public.protocolo_part
    ADD CONSTRAINT protocolo_part_protocol_id_f3178c89_fk_protocolo_protocol_id FOREIGN KEY (protocol_id) REFERENCES public.protocolo_protocol(id) DEFERRABLE INITIALLY DEFERRED;


--
-- Name: protocolo_partedoutilizador protocolo_partedouti_cuidador_id_51a8adc2_fk_diario_cu; Type: FK CONSTRAINT; Schema: public; Owner: leda
--

ALTER TABLE ONLY public.protocolo_partedoutilizador
    ADD CONSTRAINT protocolo_partedouti_cuidador_id_51a8adc2_fk_diario_cu FOREIGN KEY (cuidador_id) REFERENCES public.diario_cuidador(id) DEFERRABLE INITIALLY DEFERRED;


--
-- Name: protocolo_partedoutilizador protocolo_partedouti_part_id_ff8cad73_fk_protocolo; Type: FK CONSTRAINT; Schema: public; Owner: leda
--

ALTER TABLE ONLY public.protocolo_partedoutilizador
    ADD CONSTRAINT protocolo_partedouti_part_id_ff8cad73_fk_protocolo FOREIGN KEY (part_id) REFERENCES public.protocolo_part(id) DEFERRABLE INITIALLY DEFERRED;


--
-- Name: protocolo_partedoutilizador protocolo_partedouti_participante_id_6f869862_fk_diario_pa; Type: FK CONSTRAINT; Schema: public; Owner: leda
--

ALTER TABLE ONLY public.protocolo_partedoutilizador
    ADD CONSTRAINT protocolo_partedouti_participante_id_6f869862_fk_diario_pa FOREIGN KEY (participante_id) REFERENCES public.diario_participante(id) DEFERRABLE INITIALLY DEFERRED;


--
-- Name: protocolo_question_helping_images protocolo_question_h_question_id_f05de347_fk_protocolo; Type: FK CONSTRAINT; Schema: public; Owner: leda
--

ALTER TABLE ONLY public.protocolo_question_helping_images
    ADD CONSTRAINT protocolo_question_h_question_id_f05de347_fk_protocolo FOREIGN KEY (question_id) REFERENCES public.protocolo_question(id) DEFERRABLE INITIALLY DEFERRED;


--
-- Name: protocolo_question_helping_images protocolo_question_h_questionimage_id_5cf2169e_fk_protocolo; Type: FK CONSTRAINT; Schema: public; Owner: leda
--

ALTER TABLE ONLY public.protocolo_question_helping_images
    ADD CONSTRAINT protocolo_question_h_questionimage_id_5cf2169e_fk_protocolo FOREIGN KEY (questionimage_id) REFERENCES public.protocolo_questionimage(id) DEFERRABLE INITIALLY DEFERRED;


--
-- Name: protocolo_question_possible_answers protocolo_question_p_possibleanswer_id_3d7a7b24_fk_protocolo; Type: FK CONSTRAINT; Schema: public; Owner: leda
--

ALTER TABLE ONLY public.protocolo_question_possible_answers
    ADD CONSTRAINT protocolo_question_p_possibleanswer_id_3d7a7b24_fk_protocolo FOREIGN KEY (possibleanswer_id) REFERENCES public.protocolo_possibleanswer(id) DEFERRABLE INITIALLY DEFERRED;


--
-- Name: protocolo_question_possible_answers protocolo_question_p_question_id_005b43db_fk_protocolo; Type: FK CONSTRAINT; Schema: public; Owner: leda
--

ALTER TABLE ONLY public.protocolo_question_possible_answers
    ADD CONSTRAINT protocolo_question_p_question_id_005b43db_fk_protocolo FOREIGN KEY (question_id) REFERENCES public.protocolo_question(id) DEFERRABLE INITIALLY DEFERRED;


--
-- Name: protocolo_question protocolo_question_section_id_eef6b498_fk_protocolo_section_id; Type: FK CONSTRAINT; Schema: public; Owner: leda
--

ALTER TABLE ONLY public.protocolo_question
    ADD CONSTRAINT protocolo_question_section_id_eef6b498_fk_protocolo_section_id FOREIGN KEY (section_id) REFERENCES public.protocolo_section(id) DEFERRABLE INITIALLY DEFERRED;


--
-- Name: protocolo_report protocolo_report_resolution_id_72d97ca7_fk_protocolo; Type: FK CONSTRAINT; Schema: public; Owner: leda
--

ALTER TABLE ONLY public.protocolo_report
    ADD CONSTRAINT protocolo_report_resolution_id_72d97ca7_fk_protocolo FOREIGN KEY (resolution_id) REFERENCES public.protocolo_resolution(id) DEFERRABLE INITIALLY DEFERRED;


--
-- Name: protocolo_resolution protocolo_resolution_cuidador_id_b0865ea4_fk_diario_cuidador_id; Type: FK CONSTRAINT; Schema: public; Owner: leda
--

ALTER TABLE ONLY public.protocolo_resolution
    ADD CONSTRAINT protocolo_resolution_cuidador_id_b0865ea4_fk_diario_cuidador_id FOREIGN KEY (cuidador_id) REFERENCES public.diario_cuidador(id) DEFERRABLE INITIALLY DEFERRED;


--
-- Name: protocolo_resolution protocolo_resolution_doctor_id_8cc8e747_fk_auth_user_id; Type: FK CONSTRAINT; Schema: public; Owner: leda
--

ALTER TABLE ONLY public.protocolo_resolution
    ADD CONSTRAINT protocolo_resolution_doctor_id_8cc8e747_fk_auth_user_id FOREIGN KEY (doctor_id) REFERENCES public.auth_user(id) DEFERRABLE INITIALLY DEFERRED;


--
-- Name: protocolo_resolution protocolo_resolution_part_id_feab8351_fk_protocolo; Type: FK CONSTRAINT; Schema: public; Owner: leda
--

ALTER TABLE ONLY public.protocolo_resolution
    ADD CONSTRAINT protocolo_resolution_part_id_feab8351_fk_protocolo FOREIGN KEY (part_id) REFERENCES public.protocolo_partedoutilizador(id) DEFERRABLE INITIALLY DEFERRED;


--
-- Name: protocolo_resolution protocolo_resolution_patient_id_4ba48612_fk_diario_pa; Type: FK CONSTRAINT; Schema: public; Owner: leda
--

ALTER TABLE ONLY public.protocolo_resolution
    ADD CONSTRAINT protocolo_resolution_patient_id_4ba48612_fk_diario_pa FOREIGN KEY (patient_id) REFERENCES public.diario_participante(id) DEFERRABLE INITIALLY DEFERRED;


--
-- Name: protocolo_risk protocolo_risk_parteDoUtilizador_id_14df36e9_fk_protocolo; Type: FK CONSTRAINT; Schema: public; Owner: leda
--

ALTER TABLE ONLY public.protocolo_risk
    ADD CONSTRAINT "protocolo_risk_parteDoUtilizador_id_14df36e9_fk_protocolo" FOREIGN KEY ("parteDoUtilizador_id") REFERENCES public.protocolo_partedoutilizador(id) DEFERRABLE INITIALLY DEFERRED;


--
-- Name: protocolo_section protocolo_section_dimension_id_340f76ae_fk_protocolo; Type: FK CONSTRAINT; Schema: public; Owner: leda
--

ALTER TABLE ONLY public.protocolo_section
    ADD CONSTRAINT protocolo_section_dimension_id_340f76ae_fk_protocolo FOREIGN KEY (dimension_id) REFERENCES public.protocolo_dimension(id) DEFERRABLE INITIALLY DEFERRED;


--
-- Name: protocolo_textinputanswer protocolo_textinputa_answer_id_48010313_fk_protocolo; Type: FK CONSTRAINT; Schema: public; Owner: leda
--

ALTER TABLE ONLY public.protocolo_textinputanswer
    ADD CONSTRAINT protocolo_textinputa_answer_id_48010313_fk_protocolo FOREIGN KEY (answer_id) REFERENCES public.protocolo_answer(id) DEFERRABLE INITIALLY DEFERRED;


--
-- PostgreSQL database dump complete
--

