--
-- PostgreSQL database dump
--

-- Dumped from database version 12.9 (Debian 12.9-1.pgdg110+1)
-- Dumped by pg_dump version 12.9 (Debian 12.9-1.pgdg110+1)

SET statement_timeout = 0;
SET lock_timeout = 0;
SET idle_in_transaction_session_timeout = 0;
SET client_encoding = 'UTF8';
SET standard_conforming_strings = on;
SELECT pg_catalog.set_config('search_path', '', false);
SET check_function_bodies = false;
SET xmloption = content;
SET client_min_messages = warning;
SET row_security = off;

SET default_tablespace = '';

SET default_table_access_method = heap;

--
-- Name: auth_group; Type: TABLE; Schema: public; Owner: leda
--

CREATE TABLE public.auth_group (
    id integer NOT NULL,
    name character varying(150) NOT NULL
);


ALTER TABLE public.auth_group OWNER TO leda;

--
-- Name: auth_group_id_seq; Type: SEQUENCE; Schema: public; Owner: leda
--

ALTER TABLE public.auth_group ALTER COLUMN id ADD GENERATED BY DEFAULT AS IDENTITY (
    SEQUENCE NAME public.auth_group_id_seq
    START WITH 1
    INCREMENT BY 1
    NO MINVALUE
    NO MAXVALUE
    CACHE 1
);


--
-- Name: auth_group_permissions; Type: TABLE; Schema: public; Owner: leda
--

CREATE TABLE public.auth_group_permissions (
    id bigint NOT NULL,
    group_id integer NOT NULL,
    permission_id integer NOT NULL
);


ALTER TABLE public.auth_group_permissions OWNER TO leda;

--
-- Name: auth_group_permissions_id_seq; Type: SEQUENCE; Schema: public; Owner: leda
--

ALTER TABLE public.auth_group_permissions ALTER COLUMN id ADD GENERATED BY DEFAULT AS IDENTITY (
    SEQUENCE NAME public.auth_group_permissions_id_seq
    START WITH 1
    INCREMENT BY 1
    NO MINVALUE
    NO MAXVALUE
    CACHE 1
);


--
-- Name: auth_permission; Type: TABLE; Schema: public; Owner: leda
--

CREATE TABLE public.auth_permission (
    id integer NOT NULL,
    name character varying(255) NOT NULL,
    content_type_id integer NOT NULL,
    codename character varying(100) NOT NULL
);


ALTER TABLE public.auth_permission OWNER TO leda;

--
-- Name: auth_permission_id_seq; Type: SEQUENCE; Schema: public; Owner: leda
--

ALTER TABLE public.auth_permission ALTER COLUMN id ADD GENERATED BY DEFAULT AS IDENTITY (
    SEQUENCE NAME public.auth_permission_id_seq
    START WITH 1
    INCREMENT BY 1
    NO MINVALUE
    NO MAXVALUE
    CACHE 1
);


--
-- Name: auth_user; Type: TABLE; Schema: public; Owner: leda
--

CREATE TABLE public.auth_user (
    id integer NOT NULL,
    password character varying(128) NOT NULL,
    last_login timestamp with time zone,
    is_superuser boolean NOT NULL,
    username character varying(150) NOT NULL,
    first_name character varying(150) NOT NULL,
    last_name character varying(150) NOT NULL,
    email character varying(254) NOT NULL,
    is_staff boolean NOT NULL,
    is_active boolean NOT NULL,
    date_joined timestamp with time zone NOT NULL
);


ALTER TABLE public.auth_user OWNER TO leda;

--
-- Name: auth_user_groups; Type: TABLE; Schema: public; Owner: leda
--

CREATE TABLE public.auth_user_groups (
    id bigint NOT NULL,
    user_id integer NOT NULL,
    group_id integer NOT NULL
);


ALTER TABLE public.auth_user_groups OWNER TO leda;

--
-- Name: auth_user_groups_id_seq; Type: SEQUENCE; Schema: public; Owner: leda
--

ALTER TABLE public.auth_user_groups ALTER COLUMN id ADD GENERATED BY DEFAULT AS IDENTITY (
    SEQUENCE NAME public.auth_user_groups_id_seq
    START WITH 1
    INCREMENT BY 1
    NO MINVALUE
    NO MAXVALUE
    CACHE 1
);


--
-- Name: auth_user_id_seq; Type: SEQUENCE; Schema: public; Owner: leda
--

ALTER TABLE public.auth_user ALTER COLUMN id ADD GENERATED BY DEFAULT AS IDENTITY (
    SEQUENCE NAME public.auth_user_id_seq
    START WITH 1
    INCREMENT BY 1
    NO MINVALUE
    NO MAXVALUE
    CACHE 1
);


--
-- Name: auth_user_user_permissions; Type: TABLE; Schema: public; Owner: leda
--

CREATE TABLE public.auth_user_user_permissions (
    id bigint NOT NULL,
    user_id integer NOT NULL,
    permission_id integer NOT NULL
);


ALTER TABLE public.auth_user_user_permissions OWNER TO leda;

--
-- Name: auth_user_user_permissions_id_seq; Type: SEQUENCE; Schema: public; Owner: leda
--

ALTER TABLE public.auth_user_user_permissions ALTER COLUMN id ADD GENERATED BY DEFAULT AS IDENTITY (
    SEQUENCE NAME public.auth_user_user_permissions_id_seq
    START WITH 1
    INCREMENT BY 1
    NO MINVALUE
    NO MAXVALUE
    CACHE 1
);


--
-- Name: diario_administrador; Type: TABLE; Schema: public; Owner: leda
--

CREATE TABLE public.diario_administrador (
    id bigint NOT NULL,
    reference_id bigint,
    user_id integer
);


ALTER TABLE public.diario_administrador OWNER TO leda;

--
-- Name: diario_administrador_id_seq; Type: SEQUENCE; Schema: public; Owner: leda
--

ALTER TABLE public.diario_administrador ALTER COLUMN id ADD GENERATED BY DEFAULT AS IDENTITY (
    SEQUENCE NAME public.diario_administrador_id_seq
    START WITH 1
    INCREMENT BY 1
    NO MINVALUE
    NO MAXVALUE
    CACHE 1
);


--
-- Name: diario_atividade; Type: TABLE; Schema: public; Owner: leda
--

CREATE TABLE public.diario_atividade (
    id bigint NOT NULL,
    numero integer NOT NULL,
    nome character varying(1000),
    descricao text
);


ALTER TABLE public.diario_atividade OWNER TO leda;

--
-- Name: diario_atividade_id_seq; Type: SEQUENCE; Schema: public; Owner: leda
--

ALTER TABLE public.diario_atividade ALTER COLUMN id ADD GENERATED BY DEFAULT AS IDENTITY (
    SEQUENCE NAME public.diario_atividade_id_seq
    START WITH 1
    INCREMENT BY 1
    NO MINVALUE
    NO MAXVALUE
    CACHE 1
);


--
-- Name: diario_avaliacaoparticipante; Type: TABLE; Schema: public; Owner: leda
--

CREATE TABLE public.diario_avaliacaoparticipante (
    id bigint NOT NULL,
    interesse integer,
    comunicacao integer,
    iniciativa integer,
    satisfacao integer,
    humor integer,
    eficacia_relacional integer,
    observacao text,
    participante_id bigint NOT NULL,
    sessao_grupo_id bigint NOT NULL,
    submetido_por_id bigint
);


ALTER TABLE public.diario_avaliacaoparticipante OWNER TO leda;

--
-- Name: diario_avaliacaoparticipante_id_seq; Type: SEQUENCE; Schema: public; Owner: leda
--

ALTER TABLE public.diario_avaliacaoparticipante ALTER COLUMN id ADD GENERATED BY DEFAULT AS IDENTITY (
    SEQUENCE NAME public.diario_avaliacaoparticipante_id_seq
    START WITH 1
    INCREMENT BY 1
    NO MINVALUE
    NO MAXVALUE
    CACHE 1
);


--
-- Name: diario_avaliacaosessao; Type: TABLE; Schema: public; Owner: leda
--

CREATE TABLE public.diario_avaliacaosessao (
    id bigint NOT NULL,
    planificacao_conteudos integer,
    adq_conteudos integer,
    adq_materiais integer,
    adq_tempo integer,
    grau_dominio integer,
    necessidade_treino character varying(10),
    apreciacao_global integer,
    tipo_treino_competencias text,
    observacao text,
    sessao_grupo_id bigint NOT NULL,
    submetido_por_id bigint
);


ALTER TABLE public.diario_avaliacaosessao OWNER TO leda;

--
-- Name: diario_avaliacaosessao_id_seq; Type: SEQUENCE; Schema: public; Owner: leda
--

ALTER TABLE public.diario_avaliacaosessao ALTER COLUMN id ADD GENERATED BY DEFAULT AS IDENTITY (
    SEQUENCE NAME public.diario_avaliacaosessao_id_seq
    START WITH 1
    INCREMENT BY 1
    NO MINVALUE
    NO MAXVALUE
    CACHE 1
);


--
-- Name: diario_avaliador; Type: TABLE; Schema: public; Owner: leda
--

CREATE TABLE public.diario_avaliador (
    id bigint NOT NULL,
    reference_id bigint,
    user_id integer,
    data_entrada timestamp with time zone,
    info_sensivel_id bigint,
    localizacao character varying(20),
    nacionalidade character varying(20),
    nascimento date,
    sexo character varying(20) NOT NULL
);


ALTER TABLE public.diario_avaliador OWNER TO leda;

--
-- Name: diario_avaliador_id_seq; Type: SEQUENCE; Schema: public; Owner: leda
--

ALTER TABLE public.diario_avaliador ALTER COLUMN id ADD GENERATED BY DEFAULT AS IDENTITY (
    SEQUENCE NAME public.diario_avaliador_id_seq
    START WITH 1
    INCREMENT BY 1
    NO MINVALUE
    NO MAXVALUE
    CACHE 1
);


--
-- Name: diario_colaborador; Type: TABLE; Schema: public; Owner: leda
--

CREATE TABLE public.diario_colaborador (
    id bigint NOT NULL,
    sexo character varying(20) NOT NULL,
    nascimento date,
    data_entrada timestamp with time zone,
    nacionalidade character varying(20),
    localizacao character varying(20),
    info_sensivel_id bigint,
    reference_id bigint,
    user_id integer
);


ALTER TABLE public.diario_colaborador OWNER TO leda;

--
-- Name: diario_colaborador_id_seq; Type: SEQUENCE; Schema: public; Owner: leda
--

ALTER TABLE public.diario_colaborador ALTER COLUMN id ADD GENERATED BY DEFAULT AS IDENTITY (
    SEQUENCE NAME public.diario_colaborador_id_seq
    START WITH 1
    INCREMENT BY 1
    NO MINVALUE
    NO MAXVALUE
    CACHE 1
);


--
-- Name: diario_cuidador; Type: TABLE; Schema: public; Owner: leda
--

CREATE TABLE public.diario_cuidador (
    id bigint NOT NULL,
    sexo character varying(20) NOT NULL,
    nascimento date,
    data_entrada timestamp with time zone,
    nacionalidade character varying(20),
    localizacao character varying(20),
    escolaridade character varying(20) NOT NULL,
    regime character varying(20) NOT NULL,
    info_sensivel_id bigint,
    referenciacao_id bigint,
    user_id integer,
    "agregadoFamiliar" character varying(35),
    "autoAvaliacaoEstadoSaude" character varying(30),
    "diaNormal" text,
    "diaNormal30DiasDormir_minutos" integer,
    "diaNormal30DiasSupervisao_dias" integer,
    "diaNormal30DiasSupervisao_minutos" integer,
    "diaNormal30DiasTarefasCasa_dias" integer,
    "diaNormal30DiasTarefasCasa_minutos" integer,
    "diaNormal30DiasTarefasWC_dias" integer,
    "diaNormal30DiasTarefasWC_minutos" integer,
    "estadoCivil" character varying(30),
    "motivoDependecia" character varying(100),
    "nivelContribuicao" character varying(100),
    "nrFilhos" integer,
    "periodicidadeCuidado" character varying(100),
    "prestadoresCuidadosAmigos" integer,
    "prestadoresCuidadosFamiliares" integer,
    "prestadoresCuidadosOutros" integer,
    "prestadoresCuidadosProfissionaisCD" integer,
    "prestadoresCuidadosProfissionaisSAD" integer,
    "prestadoresCuidadosVizinhos" integer,
    "principalMotivoParaCuidar" character varying(1000),
    "profissaoPrincipal" character varying(100),
    residencia character varying(20),
    "situacaoEconomica" character varying(20),
    "situacaoLaboral" character varying(20),
    "temFilhos" boolean,
    "tempoCuidados_meses" integer,
    "viveComParticipante" character varying(100),
    avaliador_id integer,
    comorbilidades character varying(100),
    "diagnosticoPrincipal" character varying(100)
);


ALTER TABLE public.diario_cuidador OWNER TO leda;

--
-- Name: diario_cuidador_diagnosticos; Type: TABLE; Schema: public; Owner: leda
--

CREATE TABLE public.diario_cuidador_diagnosticos (
    id bigint NOT NULL,
    cuidador_id bigint NOT NULL,
    doenca_id bigint NOT NULL
);


ALTER TABLE public.diario_cuidador_diagnosticos OWNER TO leda;

--
-- Name: diario_cuidador_diagnosticos_id_seq; Type: SEQUENCE; Schema: public; Owner: leda
--

ALTER TABLE public.diario_cuidador_diagnosticos ALTER COLUMN id ADD GENERATED BY DEFAULT AS IDENTITY (
    SEQUENCE NAME public.diario_cuidador_diagnosticos_id_seq
    START WITH 1
    INCREMENT BY 1
    NO MINVALUE
    NO MAXVALUE
    CACHE 1
);


--
-- Name: diario_cuidador_grupo; Type: TABLE; Schema: public; Owner: leda
--

CREATE TABLE public.diario_cuidador_grupo (
    id bigint NOT NULL,
    cuidador_id bigint NOT NULL,
    grupo_id bigint NOT NULL
);


ALTER TABLE public.diario_cuidador_grupo OWNER TO leda;

--
-- Name: diario_cuidador_grupo_id_seq; Type: SEQUENCE; Schema: public; Owner: leda
--

ALTER TABLE public.diario_cuidador_grupo ALTER COLUMN id ADD GENERATED BY DEFAULT AS IDENTITY (
    SEQUENCE NAME public.diario_cuidador_grupo_id_seq
    START WITH 1
    INCREMENT BY 1
    NO MINVALUE
    NO MAXVALUE
    CACHE 1
);


--
-- Name: diario_cuidador_id_seq; Type: SEQUENCE; Schema: public; Owner: leda
--

ALTER TABLE public.diario_cuidador ALTER COLUMN id ADD GENERATED BY DEFAULT AS IDENTITY (
    SEQUENCE NAME public.diario_cuidador_id_seq
    START WITH 1
    INCREMENT BY 1
    NO MINVALUE
    NO MAXVALUE
    CACHE 1
);


--
-- Name: diario_dinamizadorconvidado; Type: TABLE; Schema: public; Owner: leda
--

CREATE TABLE public.diario_dinamizadorconvidado (
    id bigint NOT NULL,
    sexo character varying(20) NOT NULL,
    nascimento date,
    data_entrada timestamp with time zone,
    nacionalidade character varying(20),
    localizacao character varying(20),
    funcao character varying(20) NOT NULL,
    info_sensivel_id bigint,
    user_id integer,
    reference_id bigint
);


ALTER TABLE public.diario_dinamizadorconvidado OWNER TO leda;

--
-- Name: diario_dinamizadorconvidado_grupo; Type: TABLE; Schema: public; Owner: leda
--

CREATE TABLE public.diario_dinamizadorconvidado_grupo (
    id bigint NOT NULL,
    dinamizadorconvidado_id bigint NOT NULL,
    grupo_id bigint NOT NULL
);


ALTER TABLE public.diario_dinamizadorconvidado_grupo OWNER TO leda;

--
-- Name: diario_dinamizadorconvidado_grupo_id_seq; Type: SEQUENCE; Schema: public; Owner: leda
--

ALTER TABLE public.diario_dinamizadorconvidado_grupo ALTER COLUMN id ADD GENERATED BY DEFAULT AS IDENTITY (
    SEQUENCE NAME public.diario_dinamizadorconvidado_grupo_id_seq
    START WITH 1
    INCREMENT BY 1
    NO MINVALUE
    NO MAXVALUE
    CACHE 1
);


--
-- Name: diario_dinamizadorconvidado_id_seq; Type: SEQUENCE; Schema: public; Owner: leda
--

ALTER TABLE public.diario_dinamizadorconvidado ALTER COLUMN id ADD GENERATED BY DEFAULT AS IDENTITY (
    SEQUENCE NAME public.diario_dinamizadorconvidado_id_seq
    START WITH 1
    INCREMENT BY 1
    NO MINVALUE
    NO MAXVALUE
    CACHE 1
);


--
-- Name: diario_documents; Type: TABLE; Schema: public; Owner: leda
--

CREATE TABLE public.diario_documents (
    id bigint NOT NULL,
    name character varying(200) NOT NULL,
    description character varying(200),
    file character varying(100)
);


ALTER TABLE public.diario_documents OWNER TO leda;

--
-- Name: diario_documents_cuidador; Type: TABLE; Schema: public; Owner: leda
--

CREATE TABLE public.diario_documents_cuidador (
    id bigint NOT NULL,
    documents_id bigint NOT NULL,
    cuidador_id bigint NOT NULL
);


ALTER TABLE public.diario_documents_cuidador OWNER TO leda;

--
-- Name: diario_documents_cuidador_id_seq; Type: SEQUENCE; Schema: public; Owner: leda
--

ALTER TABLE public.diario_documents_cuidador ALTER COLUMN id ADD GENERATED BY DEFAULT AS IDENTITY (
    SEQUENCE NAME public.diario_documents_cuidador_id_seq
    START WITH 1
    INCREMENT BY 1
    NO MINVALUE
    NO MAXVALUE
    CACHE 1
);


--
-- Name: diario_documents_id_seq; Type: SEQUENCE; Schema: public; Owner: leda
--

ALTER TABLE public.diario_documents ALTER COLUMN id ADD GENERATED BY DEFAULT AS IDENTITY (
    SEQUENCE NAME public.diario_documents_id_seq
    START WITH 1
    INCREMENT BY 1
    NO MINVALUE
    NO MAXVALUE
    CACHE 1
);


--
-- Name: diario_doenca; Type: TABLE; Schema: public; Owner: leda
--

CREATE TABLE public.diario_doenca (
    id bigint NOT NULL,
    nome character varying(50) NOT NULL
);


ALTER TABLE public.diario_doenca OWNER TO leda;

--
-- Name: diario_doenca_id_seq; Type: SEQUENCE; Schema: public; Owner: leda
--

ALTER TABLE public.diario_doenca ALTER COLUMN id ADD GENERATED BY DEFAULT AS IDENTITY (
    SEQUENCE NAME public.diario_doenca_id_seq
    START WITH 1
    INCREMENT BY 1
    NO MINVALUE
    NO MAXVALUE
    CACHE 1
);


--
-- Name: diario_escolha; Type: TABLE; Schema: public; Owner: leda
--

CREATE TABLE public.diario_escolha (
    id bigint NOT NULL,
    resposta_escrita character varying(750),
    opcao_id bigint,
    parte_grupo_id bigint,
    pergunta_id bigint,
    sessao_grupo_id bigint,
    utilizador_id integer
);


ALTER TABLE public.diario_escolha OWNER TO leda;

--
-- Name: diario_escolha_id_seq; Type: SEQUENCE; Schema: public; Owner: leda
--

ALTER TABLE public.diario_escolha ALTER COLUMN id ADD GENERATED BY DEFAULT AS IDENTITY (
    SEQUENCE NAME public.diario_escolha_id_seq
    START WITH 1
    INCREMENT BY 1
    NO MINVALUE
    NO MAXVALUE
    CACHE 1
);


--
-- Name: diario_exercicio; Type: TABLE; Schema: public; Owner: leda
--

CREATE TABLE public.diario_exercicio (
    id bigint NOT NULL,
    dominio character varying(100) NOT NULL,
    numero integer NOT NULL,
    duracao character varying(10),
    descricao text,
    material text,
    instrucao text,
    instrucao_participante text
);


ALTER TABLE public.diario_exercicio OWNER TO leda;

--
-- Name: diario_exercicio_id_seq; Type: SEQUENCE; Schema: public; Owner: leda
--

ALTER TABLE public.diario_exercicio ALTER COLUMN id ADD GENERATED BY DEFAULT AS IDENTITY (
    SEQUENCE NAME public.diario_exercicio_id_seq
    START WITH 1
    INCREMENT BY 1
    NO MINVALUE
    NO MAXVALUE
    CACHE 1
);


--
-- Name: diario_exercicio_partes_do_exercicio; Type: TABLE; Schema: public; Owner: leda
--

CREATE TABLE public.diario_exercicio_partes_do_exercicio (
    id bigint NOT NULL,
    exercicio_id bigint NOT NULL,
    parte_exercicio_id bigint NOT NULL
);


ALTER TABLE public.diario_exercicio_partes_do_exercicio OWNER TO leda;

--
-- Name: diario_exercicio_partes_do_exercicio_id_seq; Type: SEQUENCE; Schema: public; Owner: leda
--

ALTER TABLE public.diario_exercicio_partes_do_exercicio ALTER COLUMN id ADD GENERATED BY DEFAULT AS IDENTITY (
    SEQUENCE NAME public.diario_exercicio_partes_do_exercicio_id_seq
    START WITH 1
    INCREMENT BY 1
    NO MINVALUE
    NO MAXVALUE
    CACHE 1
);


--
-- Name: diario_exercicio_sessao; Type: TABLE; Schema: public; Owner: leda
--

CREATE TABLE public.diario_exercicio_sessao (
    id bigint NOT NULL,
    exercicio_id bigint NOT NULL,
    sessao_id bigint NOT NULL
);


ALTER TABLE public.diario_exercicio_sessao OWNER TO leda;

--
-- Name: diario_exercicio_sessao_id_seq; Type: SEQUENCE; Schema: public; Owner: leda
--

ALTER TABLE public.diario_exercicio_sessao ALTER COLUMN id ADD GENERATED BY DEFAULT AS IDENTITY (
    SEQUENCE NAME public.diario_exercicio_sessao_id_seq
    START WITH 1
    INCREMENT BY 1
    NO MINVALUE
    NO MAXVALUE
    CACHE 1
);


--
-- Name: diario_facilitador; Type: TABLE; Schema: public; Owner: leda
--

CREATE TABLE public.diario_facilitador (
    id bigint NOT NULL,
    sexo character varying(20) NOT NULL,
    nascimento date,
    data_entrada timestamp with time zone,
    nacionalidade character varying(20),
    localizacao character varying(20),
    info_sensivel_id bigint,
    user_id integer
);


ALTER TABLE public.diario_facilitador OWNER TO leda;

--
-- Name: diario_facilitador_grupo; Type: TABLE; Schema: public; Owner: leda
--

CREATE TABLE public.diario_facilitador_grupo (
    id bigint NOT NULL,
    facilitador_id bigint NOT NULL,
    grupo_id bigint NOT NULL
);


ALTER TABLE public.diario_facilitador_grupo OWNER TO leda;

--
-- Name: diario_facilitador_grupo_id_seq; Type: SEQUENCE; Schema: public; Owner: leda
--

ALTER TABLE public.diario_facilitador_grupo ALTER COLUMN id ADD GENERATED BY DEFAULT AS IDENTITY (
    SEQUENCE NAME public.diario_facilitador_grupo_id_seq
    START WITH 1
    INCREMENT BY 1
    NO MINVALUE
    NO MAXVALUE
    CACHE 1
);


--
-- Name: diario_facilitador_id_seq; Type: SEQUENCE; Schema: public; Owner: leda
--

ALTER TABLE public.diario_facilitador ALTER COLUMN id ADD GENERATED BY DEFAULT AS IDENTITY (
    SEQUENCE NAME public.diario_facilitador_id_seq
    START WITH 1
    INCREMENT BY 1
    NO MINVALUE
    NO MAXVALUE
    CACHE 1
);


--
-- Name: diario_grupo; Type: TABLE; Schema: public; Owner: leda
--

CREATE TABLE public.diario_grupo (
    id bigint NOT NULL,
    nome character varying(50) NOT NULL,
    localizacao character varying(20),
    escolaridade character varying(20),
    "nivelGDS" integer NOT NULL,
    programa character varying(20),
    referenciacao_id bigint
);


ALTER TABLE public.diario_grupo OWNER TO leda;

--
-- Name: diario_grupo_id_seq; Type: SEQUENCE; Schema: public; Owner: leda
--

ALTER TABLE public.diario_grupo ALTER COLUMN id ADD GENERATED BY DEFAULT AS IDENTITY (
    SEQUENCE NAME public.diario_grupo_id_seq
    START WITH 1
    INCREMENT BY 1
    NO MINVALUE
    NO MAXVALUE
    CACHE 1
);


--
-- Name: diario_imagem; Type: TABLE; Schema: public; Owner: leda
--

CREATE TABLE public.diario_imagem (
    id bigint NOT NULL,
    nome character varying(100) NOT NULL,
    imagem character varying(100)
);


ALTER TABLE public.diario_imagem OWNER TO leda;

--
-- Name: diario_imagem_id_seq; Type: SEQUENCE; Schema: public; Owner: leda
--

ALTER TABLE public.diario_imagem ALTER COLUMN id ADD GENERATED BY DEFAULT AS IDENTITY (
    SEQUENCE NAME public.diario_imagem_id_seq
    START WITH 1
    INCREMENT BY 1
    NO MINVALUE
    NO MAXVALUE
    CACHE 1
);


--
-- Name: diario_informacaosensivel; Type: TABLE; Schema: public; Owner: leda
--

CREATE TABLE public.diario_informacaosensivel (
    id bigint NOT NULL,
    nome character varying(100) NOT NULL,
    email character varying(100),
    telemovel character varying(20),
    imagem character varying(100)
);


ALTER TABLE public.diario_informacaosensivel OWNER TO leda;

--
-- Name: diario_informacaosensivel_id_seq; Type: SEQUENCE; Schema: public; Owner: leda
--

ALTER TABLE public.diario_informacaosensivel ALTER COLUMN id ADD GENERATED BY DEFAULT AS IDENTITY (
    SEQUENCE NAME public.diario_informacaosensivel_id_seq
    START WITH 1
    INCREMENT BY 1
    NO MINVALUE
    NO MAXVALUE
    CACHE 1
);


--
-- Name: diario_mentor; Type: TABLE; Schema: public; Owner: leda
--

CREATE TABLE public.diario_mentor (
    id bigint NOT NULL,
    sexo character varying(20) NOT NULL,
    nascimento date,
    data_entrada timestamp with time zone,
    nacionalidade character varying(20),
    localizacao character varying(20),
    info_sensivel_id bigint,
    user_id integer,
    reference_id bigint
);


ALTER TABLE public.diario_mentor OWNER TO leda;

--
-- Name: diario_mentor_grupo; Type: TABLE; Schema: public; Owner: leda
--

CREATE TABLE public.diario_mentor_grupo (
    id bigint NOT NULL,
    mentor_id bigint NOT NULL,
    grupo_id bigint NOT NULL
);


ALTER TABLE public.diario_mentor_grupo OWNER TO leda;

--
-- Name: diario_mentor_grupo_id_seq; Type: SEQUENCE; Schema: public; Owner: leda
--

ALTER TABLE public.diario_mentor_grupo ALTER COLUMN id ADD GENERATED BY DEFAULT AS IDENTITY (
    SEQUENCE NAME public.diario_mentor_grupo_id_seq
    START WITH 1
    INCREMENT BY 1
    NO MINVALUE
    NO MAXVALUE
    CACHE 1
);


--
-- Name: diario_mentor_id_seq; Type: SEQUENCE; Schema: public; Owner: leda
--

ALTER TABLE public.diario_mentor ALTER COLUMN id ADD GENERATED BY DEFAULT AS IDENTITY (
    SEQUENCE NAME public.diario_mentor_id_seq
    START WITH 1
    INCREMENT BY 1
    NO MINVALUE
    NO MAXVALUE
    CACHE 1
);


--
-- Name: diario_nota; Type: TABLE; Schema: public; Owner: leda
--

CREATE TABLE public.diario_nota (
    id bigint NOT NULL,
    tipo character varying(20),
    "tituloNota" character varying(20),
    nota text NOT NULL,
    data timestamp with time zone,
    anotador_dinamizador_id bigint,
    anotador_mentor_id bigint,
    cuidador_id bigint,
    participante_id bigint,
    sessao_grupo_id bigint
);


ALTER TABLE public.diario_nota OWNER TO leda;

--
-- Name: diario_nota_id_seq; Type: SEQUENCE; Schema: public; Owner: leda
--

ALTER TABLE public.diario_nota ALTER COLUMN id ADD GENERATED BY DEFAULT AS IDENTITY (
    SEQUENCE NAME public.diario_nota_id_seq
    START WITH 1
    INCREMENT BY 1
    NO MINVALUE
    NO MAXVALUE
    CACHE 1
);


--
-- Name: diario_notagrupo; Type: TABLE; Schema: public; Owner: leda
--

CREATE TABLE public.diario_notagrupo (
    id bigint NOT NULL,
    "notaGrupo" text NOT NULL,
    data timestamp with time zone,
    anotador_dinamizador_id bigint,
    anotador_mentor_id bigint,
    grupo_id bigint,
    sessao_grupo_id bigint
);


ALTER TABLE public.diario_notagrupo OWNER TO leda;

--
-- Name: diario_notagrupo_id_seq; Type: SEQUENCE; Schema: public; Owner: leda
--

ALTER TABLE public.diario_notagrupo ALTER COLUMN id ADD GENERATED BY DEFAULT AS IDENTITY (
    SEQUENCE NAME public.diario_notagrupo_id_seq
    START WITH 1
    INCREMENT BY 1
    NO MINVALUE
    NO MAXVALUE
    CACHE 1
);


--
-- Name: diario_opcao; Type: TABLE; Schema: public; Owner: leda
--

CREATE TABLE public.diario_opcao (
    id bigint NOT NULL,
    resposta character varying(300) NOT NULL,
    cotacao integer,
    imagem_id bigint
);


ALTER TABLE public.diario_opcao OWNER TO leda;

--
-- Name: diario_opcao_id_seq; Type: SEQUENCE; Schema: public; Owner: leda
--

ALTER TABLE public.diario_opcao ALTER COLUMN id ADD GENERATED BY DEFAULT AS IDENTITY (
    SEQUENCE NAME public.diario_opcao_id_seq
    START WITH 1
    INCREMENT BY 1
    NO MINVALUE
    NO MAXVALUE
    CACHE 1
);


--
-- Name: diario_parte; Type: TABLE; Schema: public; Owner: leda
--

CREATE TABLE public.diario_parte (
    id bigint NOT NULL,
    fase character varying(10),
    objetivo text,
    descricao text,
    materiais text,
    duracao integer,
    apresentacao character varying(100),
    sessao_id bigint,
    ordem integer NOT NULL,
    apresentacao_demencia character varying(100),
    apresentacao_esquizofrenia character varying(100),
    apresentacao_incapacidade_intelectual character varying(100),
    apresentacao_perturbacao_bipolar character varying(100)
);


ALTER TABLE public.diario_parte OWNER TO leda;

--
-- Name: diario_parte_atividades; Type: TABLE; Schema: public; Owner: leda
--

CREATE TABLE public.diario_parte_atividades (
    id bigint NOT NULL,
    parte_id bigint NOT NULL,
    atividade_id bigint NOT NULL
);


ALTER TABLE public.diario_parte_atividades OWNER TO leda;

--
-- Name: diario_parte_atividades_id_seq; Type: SEQUENCE; Schema: public; Owner: leda
--

ALTER TABLE public.diario_parte_atividades ALTER COLUMN id ADD GENERATED BY DEFAULT AS IDENTITY (
    SEQUENCE NAME public.diario_parte_atividades_id_seq
    START WITH 1
    INCREMENT BY 1
    NO MINVALUE
    NO MAXVALUE
    CACHE 1
);


--
-- Name: diario_parte_exercicio; Type: TABLE; Schema: public; Owner: leda
--

CREATE TABLE public.diario_parte_exercicio (
    id bigint NOT NULL,
    nome character varying(100) NOT NULL,
    ordem integer NOT NULL,
    descricao text,
    duracao integer NOT NULL
);


ALTER TABLE public.diario_parte_exercicio OWNER TO leda;

--
-- Name: diario_parte_exercicio_id_seq; Type: SEQUENCE; Schema: public; Owner: leda
--

ALTER TABLE public.diario_parte_exercicio ALTER COLUMN id ADD GENERATED BY DEFAULT AS IDENTITY (
    SEQUENCE NAME public.diario_parte_exercicio_id_seq
    START WITH 1
    INCREMENT BY 1
    NO MINVALUE
    NO MAXVALUE
    CACHE 1
);


--
-- Name: diario_parte_exercicio_imagens; Type: TABLE; Schema: public; Owner: leda
--

CREATE TABLE public.diario_parte_exercicio_imagens (
    id bigint NOT NULL,
    parte_exercicio_id bigint NOT NULL,
    imagem_id bigint NOT NULL
);


ALTER TABLE public.diario_parte_exercicio_imagens OWNER TO leda;

--
-- Name: diario_parte_exercicio_imagens_id_seq; Type: SEQUENCE; Schema: public; Owner: leda
--

ALTER TABLE public.diario_parte_exercicio_imagens ALTER COLUMN id ADD GENERATED BY DEFAULT AS IDENTITY (
    SEQUENCE NAME public.diario_parte_exercicio_imagens_id_seq
    START WITH 1
    INCREMENT BY 1
    NO MINVALUE
    NO MAXVALUE
    CACHE 1
);


--
-- Name: diario_parte_exercicio_perguntas; Type: TABLE; Schema: public; Owner: leda
--

CREATE TABLE public.diario_parte_exercicio_perguntas (
    id bigint NOT NULL,
    parte_exercicio_id bigint NOT NULL,
    pergunta_exercicio_id bigint NOT NULL
);


ALTER TABLE public.diario_parte_exercicio_perguntas OWNER TO leda;

--
-- Name: diario_parte_exercicio_perguntas_id_seq; Type: SEQUENCE; Schema: public; Owner: leda
--

ALTER TABLE public.diario_parte_exercicio_perguntas ALTER COLUMN id ADD GENERATED BY DEFAULT AS IDENTITY (
    SEQUENCE NAME public.diario_parte_exercicio_perguntas_id_seq
    START WITH 1
    INCREMENT BY 1
    NO MINVALUE
    NO MAXVALUE
    CACHE 1
);


--
-- Name: diario_parte_id_seq; Type: SEQUENCE; Schema: public; Owner: leda
--

ALTER TABLE public.diario_parte ALTER COLUMN id ADD GENERATED BY DEFAULT AS IDENTITY (
    SEQUENCE NAME public.diario_parte_id_seq
    START WITH 1
    INCREMENT BY 1
    NO MINVALUE
    NO MAXVALUE
    CACHE 1
);


--
-- Name: diario_parte_questionarios; Type: TABLE; Schema: public; Owner: leda
--

CREATE TABLE public.diario_parte_questionarios (
    id bigint NOT NULL,
    parte_id bigint NOT NULL,
    questionario_id bigint NOT NULL
);


ALTER TABLE public.diario_parte_questionarios OWNER TO leda;

--
-- Name: diario_parte_questionarios_id_seq; Type: SEQUENCE; Schema: public; Owner: leda
--

ALTER TABLE public.diario_parte_questionarios ALTER COLUMN id ADD GENERATED BY DEFAULT AS IDENTITY (
    SEQUENCE NAME public.diario_parte_questionarios_id_seq
    START WITH 1
    INCREMENT BY 1
    NO MINVALUE
    NO MAXVALUE
    CACHE 1
);


--
-- Name: diario_partegrupo; Type: TABLE; Schema: public; Owner: leda
--

CREATE TABLE public.diario_partegrupo (
    id bigint NOT NULL,
    inicio timestamp with time zone,
    fim timestamp with time zone,
    concluido boolean NOT NULL,
    exercicio_id bigint,
    parte_id bigint,
    "sessaoGrupo_id" bigint NOT NULL
);


ALTER TABLE public.diario_partegrupo OWNER TO leda;

--
-- Name: diario_partegrupo_id_seq; Type: SEQUENCE; Schema: public; Owner: leda
--

ALTER TABLE public.diario_partegrupo ALTER COLUMN id ADD GENERATED BY DEFAULT AS IDENTITY (
    SEQUENCE NAME public.diario_partegrupo_id_seq
    START WITH 1
    INCREMENT BY 1
    NO MINVALUE
    NO MAXVALUE
    CACHE 1
);


--
-- Name: diario_participante; Type: TABLE; Schema: public; Owner: leda
--

CREATE TABLE public.diario_participante (
    id bigint NOT NULL,
    sexo character varying(20) NOT NULL,
    nascimento date,
    data_entrada timestamp with time zone,
    nacionalidade character varying(20),
    localizacao character varying(20),
    escolaridade character varying(20) NOT NULL,
    residencia character varying(20),
    "situacaoLaboral" character varying(20),
    "profissaoPrincipal" character varying(100),
    "situacaoEconomica" character varying(20),
    "estadoCivil" character varying(30),
    "agregadoFamiliar" character varying(35),
    "temFilhos" boolean,
    "nrFilhos" integer,
    "autoAvaliacaoEstadoSaude" character varying(30),
    nivel_gds integer NOT NULL,
    avaliador_id integer,
    info_sensivel_id bigint,
    referenciacao_id bigint,
    user_id integer,
    "dadosCuidador" character varying(20),
    comorbilidades character varying(100),
    "diagnosticoPrincipal" character varying(2000)
);


ALTER TABLE public.diario_participante OWNER TO leda;

--
-- Name: diario_participante_cuidadores; Type: TABLE; Schema: public; Owner: leda
--

CREATE TABLE public.diario_participante_cuidadores (
    id bigint NOT NULL,
    participante_id bigint NOT NULL,
    cuidador_id bigint NOT NULL
);


ALTER TABLE public.diario_participante_cuidadores OWNER TO leda;

--
-- Name: diario_participante_cuidadores_id_seq; Type: SEQUENCE; Schema: public; Owner: leda
--

ALTER TABLE public.diario_participante_cuidadores ALTER COLUMN id ADD GENERATED BY DEFAULT AS IDENTITY (
    SEQUENCE NAME public.diario_participante_cuidadores_id_seq
    START WITH 1
    INCREMENT BY 1
    NO MINVALUE
    NO MAXVALUE
    CACHE 1
);


--
-- Name: diario_participante_diagnosticos; Type: TABLE; Schema: public; Owner: leda
--

CREATE TABLE public.diario_participante_diagnosticos (
    id bigint NOT NULL,
    participante_id bigint NOT NULL,
    doenca_id bigint NOT NULL
);


ALTER TABLE public.diario_participante_diagnosticos OWNER TO leda;

--
-- Name: diario_participante_diagnosticos_id_seq; Type: SEQUENCE; Schema: public; Owner: leda
--

ALTER TABLE public.diario_participante_diagnosticos ALTER COLUMN id ADD GENERATED BY DEFAULT AS IDENTITY (
    SEQUENCE NAME public.diario_participante_diagnosticos_id_seq
    START WITH 1
    INCREMENT BY 1
    NO MINVALUE
    NO MAXVALUE
    CACHE 1
);


--
-- Name: diario_participante_grupo; Type: TABLE; Schema: public; Owner: leda
--

CREATE TABLE public.diario_participante_grupo (
    id bigint NOT NULL,
    participante_id bigint NOT NULL,
    grupo_id bigint NOT NULL
);


ALTER TABLE public.diario_participante_grupo OWNER TO leda;

--
-- Name: diario_participante_grupo_id_seq; Type: SEQUENCE; Schema: public; Owner: leda
--

ALTER TABLE public.diario_participante_grupo ALTER COLUMN id ADD GENERATED BY DEFAULT AS IDENTITY (
    SEQUENCE NAME public.diario_participante_grupo_id_seq
    START WITH 1
    INCREMENT BY 1
    NO MINVALUE
    NO MAXVALUE
    CACHE 1
);


--
-- Name: diario_participante_id_seq; Type: SEQUENCE; Schema: public; Owner: leda
--

ALTER TABLE public.diario_participante ALTER COLUMN id ADD GENERATED BY DEFAULT AS IDENTITY (
    SEQUENCE NAME public.diario_participante_id_seq
    START WITH 1
    INCREMENT BY 1
    NO MINVALUE
    NO MAXVALUE
    CACHE 1
);


--
-- Name: diario_partilha; Type: TABLE; Schema: public; Owner: leda
--

CREATE TABLE public.diario_partilha (
    id bigint NOT NULL,
    partilha text NOT NULL,
    data timestamp with time zone,
    cuidador_id bigint,
    participante_id bigint,
    partilha_dinamizador_id bigint,
    partilha_mentor_id bigint,
    sessao_grupo_id bigint,
    ficheiro character varying(100),
    imagem character varying(100),
    aprovada boolean NOT NULL
);


ALTER TABLE public.diario_partilha OWNER TO leda;

--
-- Name: diario_partilha_id_seq; Type: SEQUENCE; Schema: public; Owner: leda
--

ALTER TABLE public.diario_partilha ALTER COLUMN id ADD GENERATED BY DEFAULT AS IDENTITY (
    SEQUENCE NAME public.diario_partilha_id_seq
    START WITH 1
    INCREMENT BY 1
    NO MINVALUE
    NO MAXVALUE
    CACHE 1
);


--
-- Name: diario_partilhagrupo; Type: TABLE; Schema: public; Owner: leda
--

CREATE TABLE public.diario_partilhagrupo (
    id bigint NOT NULL,
    descricao text NOT NULL,
    data timestamp with time zone,
    imagem character varying(100),
    ficheiro character varying(100),
    grupo_id bigint NOT NULL,
    partilha_dinamizador_id bigint,
    partilha_mentor_id bigint,
    sessao_grupo_id bigint
);


ALTER TABLE public.diario_partilhagrupo OWNER TO leda;

--
-- Name: diario_partilhagrupo_id_seq; Type: SEQUENCE; Schema: public; Owner: leda
--

ALTER TABLE public.diario_partilhagrupo ALTER COLUMN id ADD GENERATED BY DEFAULT AS IDENTITY (
    SEQUENCE NAME public.diario_partilhagrupo_id_seq
    START WITH 1
    INCREMENT BY 1
    NO MINVALUE
    NO MAXVALUE
    CACHE 1
);


--
-- Name: diario_pergunta; Type: TABLE; Schema: public; Owner: leda
--

CREATE TABLE public.diario_pergunta (
    id bigint NOT NULL,
    fase character varying(10),
    sessao_numero integer,
    ordem integer NOT NULL,
    texto character varying(200) NOT NULL
);


ALTER TABLE public.diario_pergunta OWNER TO leda;

--
-- Name: diario_pergunta_exercicio; Type: TABLE; Schema: public; Owner: leda
--

CREATE TABLE public.diario_pergunta_exercicio (
    id bigint NOT NULL,
    nome character varying(100),
    postexto character varying(100),
    tipo_resposta character varying(50) NOT NULL,
    dificuldade character varying(20) NOT NULL
);


ALTER TABLE public.diario_pergunta_exercicio OWNER TO leda;

--
-- Name: diario_pergunta_exercicio_id_seq; Type: SEQUENCE; Schema: public; Owner: leda
--

ALTER TABLE public.diario_pergunta_exercicio ALTER COLUMN id ADD GENERATED BY DEFAULT AS IDENTITY (
    SEQUENCE NAME public.diario_pergunta_exercicio_id_seq
    START WITH 1
    INCREMENT BY 1
    NO MINVALUE
    NO MAXVALUE
    CACHE 1
);


--
-- Name: diario_pergunta_exercicio_opcoes; Type: TABLE; Schema: public; Owner: leda
--

CREATE TABLE public.diario_pergunta_exercicio_opcoes (
    id bigint NOT NULL,
    pergunta_exercicio_id bigint NOT NULL,
    opcao_id bigint NOT NULL
);


ALTER TABLE public.diario_pergunta_exercicio_opcoes OWNER TO leda;

--
-- Name: diario_pergunta_exercicio_opcoes_id_seq; Type: SEQUENCE; Schema: public; Owner: leda
--

ALTER TABLE public.diario_pergunta_exercicio_opcoes ALTER COLUMN id ADD GENERATED BY DEFAULT AS IDENTITY (
    SEQUENCE NAME public.diario_pergunta_exercicio_opcoes_id_seq
    START WITH 1
    INCREMENT BY 1
    NO MINVALUE
    NO MAXVALUE
    CACHE 1
);


--
-- Name: diario_pergunta_id_seq; Type: SEQUENCE; Schema: public; Owner: leda
--

ALTER TABLE public.diario_pergunta ALTER COLUMN id ADD GENERATED BY DEFAULT AS IDENTITY (
    SEQUENCE NAME public.diario_pergunta_id_seq
    START WITH 1
    INCREMENT BY 1
    NO MINVALUE
    NO MAXVALUE
    CACHE 1
);


--
-- Name: diario_pergunta_opcoes; Type: TABLE; Schema: public; Owner: leda
--

CREATE TABLE public.diario_pergunta_opcoes (
    id bigint NOT NULL,
    pergunta_id bigint NOT NULL,
    opcao_id bigint NOT NULL
);


ALTER TABLE public.diario_pergunta_opcoes OWNER TO leda;

--
-- Name: diario_pergunta_opcoes_id_seq; Type: SEQUENCE; Schema: public; Owner: leda
--

ALTER TABLE public.diario_pergunta_opcoes ALTER COLUMN id ADD GENERATED BY DEFAULT AS IDENTITY (
    SEQUENCE NAME public.diario_pergunta_opcoes_id_seq
    START WITH 1
    INCREMENT BY 1
    NO MINVALUE
    NO MAXVALUE
    CACHE 1
);


--
-- Name: diario_presenca; Type: TABLE; Schema: public; Owner: leda
--

CREATE TABLE public.diario_presenca (
    id bigint NOT NULL,
    data timestamp with time zone,
    "tipoSessao" character varying(20),
    present boolean NOT NULL,
    faltou boolean NOT NULL,
    mode character varying(20),
    "withApp" boolean,
    descricao text,
    cuidador_id bigint,
    participante_id bigint,
    "sessaoDoGrupo_id" bigint
);


ALTER TABLE public.diario_presenca OWNER TO leda;

--
-- Name: diario_presenca_id_seq; Type: SEQUENCE; Schema: public; Owner: leda
--

ALTER TABLE public.diario_presenca ALTER COLUMN id ADD GENERATED BY DEFAULT AS IDENTITY (
    SEQUENCE NAME public.diario_presenca_id_seq
    START WITH 1
    INCREMENT BY 1
    NO MINVALUE
    NO MAXVALUE
    CACHE 1
);


--
-- Name: diario_questionario; Type: TABLE; Schema: public; Owner: leda
--

CREATE TABLE public.diario_questionario (
    id bigint NOT NULL,
    nome character varying(50) NOT NULL,
    topico character varying(300),
    concluido boolean NOT NULL,
    "continuacaoDe_id" bigint
);


ALTER TABLE public.diario_questionario OWNER TO leda;

--
-- Name: diario_questionario_id_seq; Type: SEQUENCE; Schema: public; Owner: leda
--

ALTER TABLE public.diario_questionario ALTER COLUMN id ADD GENERATED BY DEFAULT AS IDENTITY (
    SEQUENCE NAME public.diario_questionario_id_seq
    START WITH 1
    INCREMENT BY 1
    NO MINVALUE
    NO MAXVALUE
    CACHE 1
);


--
-- Name: diario_questionario_perguntas; Type: TABLE; Schema: public; Owner: leda
--

CREATE TABLE public.diario_questionario_perguntas (
    id bigint NOT NULL,
    questionario_id bigint NOT NULL,
    pergunta_id bigint NOT NULL
);


ALTER TABLE public.diario_questionario_perguntas OWNER TO leda;

--
-- Name: diario_questionario_perguntas_id_seq; Type: SEQUENCE; Schema: public; Owner: leda
--

ALTER TABLE public.diario_questionario_perguntas ALTER COLUMN id ADD GENERATED BY DEFAULT AS IDENTITY (
    SEQUENCE NAME public.diario_questionario_perguntas_id_seq
    START WITH 1
    INCREMENT BY 1
    NO MINVALUE
    NO MAXVALUE
    CACHE 1
);


--
-- Name: diario_reference; Type: TABLE; Schema: public; Owner: leda
--

CREATE TABLE public.diario_reference (
    id bigint NOT NULL,
    nome character varying(20) NOT NULL
);


ALTER TABLE public.diario_reference OWNER TO leda;

--
-- Name: diario_reference_id_seq; Type: SEQUENCE; Schema: public; Owner: leda
--

ALTER TABLE public.diario_reference ALTER COLUMN id ADD GENERATED BY DEFAULT AS IDENTITY (
    SEQUENCE NAME public.diario_reference_id_seq
    START WITH 1
    INCREMENT BY 1
    NO MINVALUE
    NO MAXVALUE
    CACHE 1
);


--
-- Name: diario_resposta; Type: TABLE; Schema: public; Owner: leda
--

CREATE TABLE public.diario_resposta (
    id bigint NOT NULL,
    resposta_escrita text,
    resposta_submetida character varying(100),
    apontamento text,
    data timestamp with time zone,
    certo boolean,
    parte_exercicio_id bigint,
    parte_grupo_id bigint,
    participante_id bigint,
    pergunta_id bigint,
    resposta_escolha_id bigint,
    sessao_grupo_id bigint
);


ALTER TABLE public.diario_resposta OWNER TO leda;

--
-- Name: diario_resposta_id_seq; Type: SEQUENCE; Schema: public; Owner: leda
--

ALTER TABLE public.diario_resposta ALTER COLUMN id ADD GENERATED BY DEFAULT AS IDENTITY (
    SEQUENCE NAME public.diario_resposta_id_seq
    START WITH 1
    INCREMENT BY 1
    NO MINVALUE
    NO MAXVALUE
    CACHE 1
);


--
-- Name: diario_sessao; Type: TABLE; Schema: public; Owner: leda
--

CREATE TABLE public.diario_sessao (
    id bigint NOT NULL,
    nome character varying(100) NOT NULL,
    "numeroSessao" integer,
    tema text,
    dinamizadores character varying(1000),
    componentes character varying(1000),
    "instrumentoAvaliacao" text,
    programa character varying(20),
    materiais character varying(100)
);


ALTER TABLE public.diario_sessao OWNER TO leda;

--
-- Name: diario_sessao_id_seq; Type: SEQUENCE; Schema: public; Owner: leda
--

ALTER TABLE public.diario_sessao ALTER COLUMN id ADD GENERATED BY DEFAULT AS IDENTITY (
    SEQUENCE NAME public.diario_sessao_id_seq
    START WITH 1
    INCREMENT BY 1
    NO MINVALUE
    NO MAXVALUE
    CACHE 1
);


--
-- Name: diario_sessaodogrupo; Type: TABLE; Schema: public; Owner: leda
--

CREATE TABLE public.diario_sessaodogrupo (
    id bigint NOT NULL,
    regime character varying(20),
    estado character varying(20),
    data timestamp with time zone,
    inicio timestamp with time zone,
    fim timestamp with time zone,
    concluido boolean NOT NULL,
    relatorio character varying(100),
    diario_bordo character varying(100),
    grupo_id bigint NOT NULL,
    parte_ativa_id bigint,
    sessao_id bigint
);


ALTER TABLE public.diario_sessaodogrupo OWNER TO leda;

--
-- Name: diario_sessaodogrupo_id_seq; Type: SEQUENCE; Schema: public; Owner: leda
--

ALTER TABLE public.diario_sessaodogrupo ALTER COLUMN id ADD GENERATED BY DEFAULT AS IDENTITY (
    SEQUENCE NAME public.diario_sessaodogrupo_id_seq
    START WITH 1
    INCREMENT BY 1
    NO MINVALUE
    NO MAXVALUE
    CACHE 1
);


--
-- Name: django_admin_log; Type: TABLE; Schema: public; Owner: leda
--

CREATE TABLE public.django_admin_log (
    id integer NOT NULL,
    action_time timestamp with time zone NOT NULL,
    object_id text,
    object_repr character varying(200) NOT NULL,
    action_flag smallint NOT NULL,
    change_message text NOT NULL,
    content_type_id integer,
    user_id integer NOT NULL,
    CONSTRAINT django_admin_log_action_flag_check CHECK ((action_flag >= 0))
);


ALTER TABLE public.django_admin_log OWNER TO leda;

--
-- Name: django_admin_log_id_seq; Type: SEQUENCE; Schema: public; Owner: leda
--

ALTER TABLE public.django_admin_log ALTER COLUMN id ADD GENERATED BY DEFAULT AS IDENTITY (
    SEQUENCE NAME public.django_admin_log_id_seq
    START WITH 1
    INCREMENT BY 1
    NO MINVALUE
    NO MAXVALUE
    CACHE 1
);


--
-- Name: django_content_type; Type: TABLE; Schema: public; Owner: leda
--

CREATE TABLE public.django_content_type (
    id integer NOT NULL,
    app_label character varying(100) NOT NULL,
    model character varying(100) NOT NULL
);


ALTER TABLE public.django_content_type OWNER TO leda;

--
-- Name: django_content_type_id_seq; Type: SEQUENCE; Schema: public; Owner: leda
--

ALTER TABLE public.django_content_type ALTER COLUMN id ADD GENERATED BY DEFAULT AS IDENTITY (
    SEQUENCE NAME public.django_content_type_id_seq
    START WITH 1
    INCREMENT BY 1
    NO MINVALUE
    NO MAXVALUE
    CACHE 1
);


--
-- Name: django_migrations; Type: TABLE; Schema: public; Owner: leda
--

CREATE TABLE public.django_migrations (
    id bigint NOT NULL,
    app character varying(255) NOT NULL,
    name character varying(255) NOT NULL,
    applied timestamp with time zone NOT NULL
);


ALTER TABLE public.django_migrations OWNER TO leda;

--
-- Name: django_migrations_id_seq; Type: SEQUENCE; Schema: public; Owner: leda
--

ALTER TABLE public.django_migrations ALTER COLUMN id ADD GENERATED BY DEFAULT AS IDENTITY (
    SEQUENCE NAME public.django_migrations_id_seq
    START WITH 1
    INCREMENT BY 1
    NO MINVALUE
    NO MAXVALUE
    CACHE 1
);


--
-- Name: django_session; Type: TABLE; Schema: public; Owner: leda
--

CREATE TABLE public.django_session (
    session_key character varying(40) NOT NULL,
    session_data text NOT NULL,
    expire_date timestamp with time zone NOT NULL
);


ALTER TABLE public.django_session OWNER TO leda;

--
-- Name: mentha_contacto; Type: TABLE; Schema: public; Owner: leda
--

CREATE TABLE public.mentha_contacto (
    id bigint NOT NULL,
    nome character varying(50) NOT NULL,
    email character varying(254) NOT NULL,
    telefone integer,
    referenciacao character varying(30) NOT NULL,
    distrito character varying(30) NOT NULL,
    assunto character varying(50) NOT NULL,
    mensagem text NOT NULL,
    data timestamp with time zone
);


ALTER TABLE public.mentha_contacto OWNER TO leda;

--
-- Name: mentha_contacto_id_seq; Type: SEQUENCE; Schema: public; Owner: leda
--

ALTER TABLE public.mentha_contacto ALTER COLUMN id ADD GENERATED BY DEFAULT AS IDENTITY (
    SEQUENCE NAME public.mentha_contacto_id_seq
    START WITH 1
    INCREMENT BY 1
    NO MINVALUE
    NO MAXVALUE
    CACHE 1
);


--
-- Name: mentha_noticia; Type: TABLE; Schema: public; Owner: leda
--

CREATE TABLE public.mentha_noticia (
    id bigint NOT NULL,
    titulo character varying(125) NOT NULL,
    texto text NOT NULL,
    data date,
    url character varying(200),
    imagem character varying(100)
);


ALTER TABLE public.mentha_noticia OWNER TO leda;

--
-- Name: mentha_noticia_id_seq; Type: SEQUENCE; Schema: public; Owner: leda
--

ALTER TABLE public.mentha_noticia ALTER COLUMN id ADD GENERATED BY DEFAULT AS IDENTITY (
    SEQUENCE NAME public.mentha_noticia_id_seq
    START WITH 1
    INCREMENT BY 1
    NO MINVALUE
    NO MAXVALUE
    CACHE 1
);


--
-- Name: protocolo_answer; Type: TABLE; Schema: public; Owner: leda
--

CREATE TABLE public.protocolo_answer (
    id bigint NOT NULL,
    text_answer text NOT NULL,
    submitted_answer character varying(100),
    quotation integer,
    notes text,
    multiple_choice_answer_id bigint,
    question_id bigint NOT NULL,
    resolution_id bigint NOT NULL
);


ALTER TABLE public.protocolo_answer OWNER TO leda;

--
-- Name: protocolo_answer_id_seq; Type: SEQUENCE; Schema: public; Owner: leda
--

ALTER TABLE public.protocolo_answer ALTER COLUMN id ADD GENERATED BY DEFAULT AS IDENTITY (
    SEQUENCE NAME public.protocolo_answer_id_seq
    START WITH 1
    INCREMENT BY 1
    NO MINVALUE
    NO MAXVALUE
    CACHE 1
);


--
-- Name: protocolo_area; Type: TABLE; Schema: public; Owner: leda
--

CREATE TABLE public.protocolo_area (
    id bigint NOT NULL,
    name character varying(250) NOT NULL,
    description character varying(1000),
    "order" integer NOT NULL
);


ALTER TABLE public.protocolo_area OWNER TO leda;

--
-- Name: protocolo_area_id_seq; Type: SEQUENCE; Schema: public; Owner: leda
--

ALTER TABLE public.protocolo_area ALTER COLUMN id ADD GENERATED BY DEFAULT AS IDENTITY (
    SEQUENCE NAME public.protocolo_area_id_seq
    START WITH 1
    INCREMENT BY 1
    NO MINVALUE
    NO MAXVALUE
    CACHE 1
);


--
-- Name: protocolo_area_part; Type: TABLE; Schema: public; Owner: leda
--

CREATE TABLE public.protocolo_area_part (
    id bigint NOT NULL,
    area_id bigint NOT NULL,
    part_id bigint NOT NULL
);


ALTER TABLE public.protocolo_area_part OWNER TO leda;

--
-- Name: protocolo_area_part_id_seq; Type: SEQUENCE; Schema: public; Owner: leda
--

ALTER TABLE public.protocolo_area_part ALTER COLUMN id ADD GENERATED BY DEFAULT AS IDENTITY (
    SEQUENCE NAME public.protocolo_area_part_id_seq
    START WITH 1
    INCREMENT BY 1
    NO MINVALUE
    NO MAXVALUE
    CACHE 1
);


--
-- Name: protocolo_dimension; Type: TABLE; Schema: public; Owner: leda
--

CREATE TABLE public.protocolo_dimension (
    id bigint NOT NULL,
    name character varying(250) NOT NULL,
    description character varying(1000),
    "order" integer NOT NULL,
    instrument_id bigint NOT NULL
);


ALTER TABLE public.protocolo_dimension OWNER TO leda;

--
-- Name: protocolo_dimension_id_seq; Type: SEQUENCE; Schema: public; Owner: leda
--

ALTER TABLE public.protocolo_dimension ALTER COLUMN id ADD GENERATED BY DEFAULT AS IDENTITY (
    SEQUENCE NAME public.protocolo_dimension_id_seq
    START WITH 1
    INCREMENT BY 1
    NO MINVALUE
    NO MAXVALUE
    CACHE 1
);


--
-- Name: protocolo_instrument; Type: TABLE; Schema: public; Owner: leda
--

CREATE TABLE public.protocolo_instrument (
    id bigint NOT NULL,
    name character varying(250) NOT NULL,
    description character varying(1000),
    "order" integer NOT NULL,
    tooltip text NOT NULL
);


ALTER TABLE public.protocolo_instrument OWNER TO leda;

--
-- Name: protocolo_instrument_area; Type: TABLE; Schema: public; Owner: leda
--

CREATE TABLE public.protocolo_instrument_area (
    id bigint NOT NULL,
    instrument_id bigint NOT NULL,
    area_id bigint NOT NULL
);


ALTER TABLE public.protocolo_instrument_area OWNER TO leda;

--
-- Name: protocolo_instrument_area_id_seq; Type: SEQUENCE; Schema: public; Owner: leda
--

ALTER TABLE public.protocolo_instrument_area ALTER COLUMN id ADD GENERATED BY DEFAULT AS IDENTITY (
    SEQUENCE NAME public.protocolo_instrument_area_id_seq
    START WITH 1
    INCREMENT BY 1
    NO MINVALUE
    NO MAXVALUE
    CACHE 1
);


--
-- Name: protocolo_instrument_id_seq; Type: SEQUENCE; Schema: public; Owner: leda
--

ALTER TABLE public.protocolo_instrument ALTER COLUMN id ADD GENERATED BY DEFAULT AS IDENTITY (
    SEQUENCE NAME public.protocolo_instrument_id_seq
    START WITH 1
    INCREMENT BY 1
    NO MINVALUE
    NO MAXVALUE
    CACHE 1
);


--
-- Name: protocolo_multiplechoicescheckbox; Type: TABLE; Schema: public; Owner: leda
--

CREATE TABLE public.protocolo_multiplechoicescheckbox (
    id bigint NOT NULL,
    name character varying(250) NOT NULL,
    description character varying(1000),
    "order" integer NOT NULL,
    answer_id bigint NOT NULL,
    choice_id bigint NOT NULL
);


ALTER TABLE public.protocolo_multiplechoicescheckbox OWNER TO leda;

--
-- Name: protocolo_multiplechoicescheckbox_id_seq; Type: SEQUENCE; Schema: public; Owner: leda
--

ALTER TABLE public.protocolo_multiplechoicescheckbox ALTER COLUMN id ADD GENERATED BY DEFAULT AS IDENTITY (
    SEQUENCE NAME public.protocolo_multiplechoicescheckbox_id_seq
    START WITH 1
    INCREMENT BY 1
    NO MINVALUE
    NO MAXVALUE
    CACHE 1
);


--
-- Name: protocolo_part; Type: TABLE; Schema: public; Owner: leda
--

CREATE TABLE public.protocolo_part (
    id bigint NOT NULL,
    name character varying(250) NOT NULL,
    description character varying(1000),
    "order" integer NOT NULL,
    part_number integer NOT NULL,
    protocol_id bigint NOT NULL,
    caderno_estimulos character varying(100)
);


ALTER TABLE public.protocolo_part OWNER TO leda;

--
-- Name: protocolo_part_id_seq; Type: SEQUENCE; Schema: public; Owner: leda
--

ALTER TABLE public.protocolo_part ALTER COLUMN id ADD GENERATED BY DEFAULT AS IDENTITY (
    SEQUENCE NAME public.protocolo_part_id_seq
    START WITH 1
    INCREMENT BY 1
    NO MINVALUE
    NO MAXVALUE
    CACHE 1
);


--
-- Name: protocolo_partedoutilizador; Type: TABLE; Schema: public; Owner: leda
--

CREATE TABLE public.protocolo_partedoutilizador (
    id bigint NOT NULL,
    data date NOT NULL,
    "time" time without time zone NOT NULL,
    concluido boolean NOT NULL,
    part_id bigint NOT NULL,
    participante_id bigint,
    cuidador_id bigint
);


ALTER TABLE public.protocolo_partedoutilizador OWNER TO leda;

--
-- Name: protocolo_partedoutilizador_id_seq; Type: SEQUENCE; Schema: public; Owner: leda
--

ALTER TABLE public.protocolo_partedoutilizador ALTER COLUMN id ADD GENERATED BY DEFAULT AS IDENTITY (
    SEQUENCE NAME public.protocolo_partedoutilizador_id_seq
    START WITH 1
    INCREMENT BY 1
    NO MINVALUE
    NO MAXVALUE
    CACHE 1
);


--
-- Name: protocolo_possibleanswer; Type: TABLE; Schema: public; Owner: leda
--

CREATE TABLE public.protocolo_possibleanswer (
    id bigint NOT NULL,
    name character varying(250) NOT NULL,
    description character varying(1000),
    "order" integer NOT NULL,
    quotation integer NOT NULL,
    image character varying(100)
);


ALTER TABLE public.protocolo_possibleanswer OWNER TO leda;

--
-- Name: protocolo_possibleanswer_id_seq; Type: SEQUENCE; Schema: public; Owner: leda
--

ALTER TABLE public.protocolo_possibleanswer ALTER COLUMN id ADD GENERATED BY DEFAULT AS IDENTITY (
    SEQUENCE NAME public.protocolo_possibleanswer_id_seq
    START WITH 1
    INCREMENT BY 1
    NO MINVALUE
    NO MAXVALUE
    CACHE 1
);


--
-- Name: protocolo_protocol; Type: TABLE; Schema: public; Owner: leda
--

CREATE TABLE public.protocolo_protocol (
    id bigint NOT NULL,
    name character varying(250) NOT NULL,
    description character varying(1000),
    "order" integer NOT NULL
);


ALTER TABLE public.protocolo_protocol OWNER TO leda;

--
-- Name: protocolo_protocol_id_seq; Type: SEQUENCE; Schema: public; Owner: leda
--

ALTER TABLE public.protocolo_protocol ALTER COLUMN id ADD GENERATED BY DEFAULT AS IDENTITY (
    SEQUENCE NAME public.protocolo_protocol_id_seq
    START WITH 1
    INCREMENT BY 1
    NO MINVALUE
    NO MAXVALUE
    CACHE 1
);


--
-- Name: protocolo_question; Type: TABLE; Schema: public; Owner: leda
--

CREATE TABLE public.protocolo_question (
    id bigint NOT NULL,
    name character varying(250) NOT NULL,
    description character varying(1000),
    "order" integer NOT NULL,
    question_type integer NOT NULL,
    instruction text NOT NULL,
    quotation_max integer NOT NULL,
    quotation_min integer NOT NULL,
    pdf_page integer NOT NULL,
    section_id bigint NOT NULL,
    CONSTRAINT protocolo_question_question_type_check CHECK ((question_type >= 0))
);


ALTER TABLE public.protocolo_question OWNER TO leda;

--
-- Name: protocolo_question_helping_images; Type: TABLE; Schema: public; Owner: leda
--

CREATE TABLE public.protocolo_question_helping_images (
    id bigint NOT NULL,
    question_id bigint NOT NULL,
    questionimage_id bigint NOT NULL
);


ALTER TABLE public.protocolo_question_helping_images OWNER TO leda;

--
-- Name: protocolo_question_helping_images_id_seq; Type: SEQUENCE; Schema: public; Owner: leda
--

ALTER TABLE public.protocolo_question_helping_images ALTER COLUMN id ADD GENERATED BY DEFAULT AS IDENTITY (
    SEQUENCE NAME public.protocolo_question_helping_images_id_seq
    START WITH 1
    INCREMENT BY 1
    NO MINVALUE
    NO MAXVALUE
    CACHE 1
);


--
-- Name: protocolo_question_id_seq; Type: SEQUENCE; Schema: public; Owner: leda
--

ALTER TABLE public.protocolo_question ALTER COLUMN id ADD GENERATED BY DEFAULT AS IDENTITY (
    SEQUENCE NAME public.protocolo_question_id_seq
    START WITH 1
    INCREMENT BY 1
    NO MINVALUE
    NO MAXVALUE
    CACHE 1
);


--
-- Name: protocolo_question_possible_answers; Type: TABLE; Schema: public; Owner: leda
--

CREATE TABLE public.protocolo_question_possible_answers (
    id bigint NOT NULL,
    question_id bigint NOT NULL,
    possibleanswer_id bigint NOT NULL
);


ALTER TABLE public.protocolo_question_possible_answers OWNER TO leda;

--
-- Name: protocolo_question_possible_answers_id_seq; Type: SEQUENCE; Schema: public; Owner: leda
--

ALTER TABLE public.protocolo_question_possible_answers ALTER COLUMN id ADD GENERATED BY DEFAULT AS IDENTITY (
    SEQUENCE NAME public.protocolo_question_possible_answers_id_seq
    START WITH 1
    INCREMENT BY 1
    NO MINVALUE
    NO MAXVALUE
    CACHE 1
);


--
-- Name: protocolo_questionimage; Type: TABLE; Schema: public; Owner: leda
--

CREATE TABLE public.protocolo_questionimage (
    id bigint NOT NULL,
    name character varying(250) NOT NULL,
    description character varying(1000) NOT NULL,
    image character varying(100) NOT NULL
);


ALTER TABLE public.protocolo_questionimage OWNER TO leda;

--
-- Name: protocolo_questionimage_id_seq; Type: SEQUENCE; Schema: public; Owner: leda
--

ALTER TABLE public.protocolo_questionimage ALTER COLUMN id ADD GENERATED BY DEFAULT AS IDENTITY (
    SEQUENCE NAME public.protocolo_questionimage_id_seq
    START WITH 1
    INCREMENT BY 1
    NO MINVALUE
    NO MAXVALUE
    CACHE 1
);


--
-- Name: protocolo_report; Type: TABLE; Schema: public; Owner: leda
--

CREATE TABLE public.protocolo_report (
    id bigint NOT NULL,
    abvd_evaluation text,
    abvd_atividades_corporais_quotation integer,
    abvd_atividades_motoras_quotation integer,
    abvd_atividades_sensoriais_quotation integer,
    abvd_atividades_mentais_quotation integer,
    aivd_evaluation text,
    aivd_utilizacao_telefone_quotation integer,
    aivd_fazer_compras_quotation integer,
    aivd_preparacao_refeicoes_quotation integer,
    aivd_tarefas_domesticas_quotation integer,
    aivd_lavar_roupa_quotation integer,
    aivd_utilizar_transportes_quotation integer,
    aivd_manejo_mediacao_quotation integer,
    aivd_responsabilidades_financeiras_quotation integer,
    bsi_igs integer,
    bsi_tsp integer,
    bsi_isp integer,
    bsi_somatizacao integer,
    bsi_obssessivo_compulsivo integer,
    bsi_depressao integer,
    bsi_sensibilidade_interpessoal integer,
    bsi_ansiedade integer,
    bsi_hostilidade integer,
    bsi_ansiedade_fobica integer,
    bsi_paranoide integer,
    bsi_psicoticismo integer,
    acer_evaluation text,
    acer_atencao_orientacao_quotation integer,
    acer_memoria_quotation integer,
    acer_fluencia_quotation integer,
    acer_linguagem_quotation integer,
    acer_visuo_espacial_quotation integer,
    mmse_evaluation text,
    mmse_atencao_orientacao_quotation integer,
    mmse_memoria_quotation integer,
    mmse_lingua_quotation integer,
    mmse_visuo_espacial_quotation integer,
    ac_memoria_visual_imediata_quotation integer,
    ac_memoria_diferida_quotation integer,
    ac_atencao_mantida_quotation integer,
    ac_compreensao_instrucoes_quotation integer,
    ac_abstracao_verbal_quotation integer,
    ac_atencao_dividida_quotation integer,
    ac_orientacao_esq_dir_quotation integer,
    panas_interessado text,
    panas_nervoso text,
    panas_entusiasmado text,
    panas_amedrontado text,
    panas_inspirado text,
    panas_ativo text,
    panas_assustado text,
    panas_culpado text,
    panas_determinado text,
    panas_atormentado text,
    hads_estado_ansiedade_evaluation text,
    hads_estado_ansiedade_quotation integer,
    hads_estado_depressao_evaluation text,
    hads_estado_depressao_quotation integer,
    gds_nivel integer,
    gds_text text,
    resolution_id bigint NOT NULL,
    word character varying(100),
    json jsonb NOT NULL
);


ALTER TABLE public.protocolo_report OWNER TO leda;

--
-- Name: protocolo_report_id_seq; Type: SEQUENCE; Schema: public; Owner: leda
--

ALTER TABLE public.protocolo_report ALTER COLUMN id ADD GENERATED BY DEFAULT AS IDENTITY (
    SEQUENCE NAME public.protocolo_report_id_seq
    START WITH 1
    INCREMENT BY 1
    NO MINVALUE
    NO MAXVALUE
    CACHE 1
);


--
-- Name: protocolo_resolution; Type: TABLE; Schema: public; Owner: leda
--

CREATE TABLE public.protocolo_resolution (
    id bigint NOT NULL,
    date timestamp with time zone NOT NULL,
    statistics jsonb NOT NULL,
    doctor_id integer,
    part_id bigint,
    patient_id bigint,
    cuidador_id bigint
);


ALTER TABLE public.protocolo_resolution OWNER TO leda;

--
-- Name: protocolo_resolution_id_seq; Type: SEQUENCE; Schema: public; Owner: leda
--

ALTER TABLE public.protocolo_resolution ALTER COLUMN id ADD GENERATED BY DEFAULT AS IDENTITY (
    SEQUENCE NAME public.protocolo_resolution_id_seq
    START WITH 1
    INCREMENT BY 1
    NO MINVALUE
    NO MAXVALUE
    CACHE 1
);


--
-- Name: protocolo_risk; Type: TABLE; Schema: public; Owner: leda
--

CREATE TABLE public.protocolo_risk (
    id bigint NOT NULL,
    idade integer NOT NULL,
    sexo character varying(10) NOT NULL,
    peso double precision NOT NULL,
    altura character varying(10) NOT NULL,
    imc integer NOT NULL,
    pressao_arterial integer NOT NULL,
    colestrol_total double precision NOT NULL,
    colestrol_hdl double precision NOT NULL,
    colestrol_nao_hdl double precision NOT NULL,
    hemoglobina_gliciada double precision NOT NULL,
    fumador character varying(100),
    diabetes boolean NOT NULL,
    anos_diabetes integer NOT NULL,
    avc boolean NOT NULL,
    enfarte boolean NOT NULL,
    doenca_rins boolean NOT NULL,
    doenca_pernas boolean NOT NULL,
    hipercolestrol boolean NOT NULL,
    data_atual date NOT NULL,
    comentario2 character varying(200) NOT NULL,
    comentario character varying(200) NOT NULL,
    risco_de_enfarte integer,
    relatorio character varying(100),
    relatorio_word character varying(100),
    concluido boolean NOT NULL,
    "parteDoUtilizador_id" bigint,
    pat_id character varying(100) NOT NULL,
    horas_jejum integer NOT NULL,
    batimentos integer NOT NULL,
    cholhdl double precision NOT NULL,
    ldl integer NOT NULL,
    tg integer NOT NULL,
    doenca_cognitiva boolean NOT NULL,
    pre_diabetico boolean NOT NULL,
    recomendacoes text NOT NULL,
    eag_hba1 double precision NOT NULL,
    ifcc_hba1 double precision NOT NULL,
    ngsp_hba1 double precision NOT NULL,
    pergunta_cardiovascular character varying(100) NOT NULL,
    pat_id_v2 character varying(100) NOT NULL,
    pressao_arterial_diastolica integer NOT NULL,
    CONSTRAINT protocolo_risk_idade_check CHECK ((idade >= 0))
);


ALTER TABLE public.protocolo_risk OWNER TO leda;

--
-- Name: protocolo_risk_id_seq; Type: SEQUENCE; Schema: public; Owner: leda
--

ALTER TABLE public.protocolo_risk ALTER COLUMN id ADD GENERATED BY DEFAULT AS IDENTITY (
    SEQUENCE NAME public.protocolo_risk_id_seq
    START WITH 1
    INCREMENT BY 1
    NO MINVALUE
    NO MAXVALUE
    CACHE 1
);


--
-- Name: protocolo_section; Type: TABLE; Schema: public; Owner: leda
--

CREATE TABLE public.protocolo_section (
    id bigint NOT NULL,
    name character varying(250) NOT NULL,
    description character varying(1000),
    "order" integer NOT NULL,
    dimension_id bigint NOT NULL
);


ALTER TABLE public.protocolo_section OWNER TO leda;

--
-- Name: protocolo_section_id_seq; Type: SEQUENCE; Schema: public; Owner: leda
--

ALTER TABLE public.protocolo_section ALTER COLUMN id ADD GENERATED BY DEFAULT AS IDENTITY (
    SEQUENCE NAME public.protocolo_section_id_seq
    START WITH 1
    INCREMENT BY 1
    NO MINVALUE
    NO MAXVALUE
    CACHE 1
);


--
-- Name: protocolo_textinputanswer; Type: TABLE; Schema: public; Owner: leda
--

CREATE TABLE public.protocolo_textinputanswer (
    id bigint NOT NULL,
    seconds integer,
    text text,
    answer_id bigint NOT NULL
);


ALTER TABLE public.protocolo_textinputanswer OWNER TO leda;

--
-- Name: protocolo_textinputanswer_id_seq; Type: SEQUENCE; Schema: public; Owner: leda
--

ALTER TABLE public.protocolo_textinputanswer ALTER COLUMN id ADD GENERATED BY DEFAULT AS IDENTITY (
    SEQUENCE NAME public.protocolo_textinputanswer_id_seq
    START WITH 1
    INCREMENT BY 1
    NO MINVALUE
    NO MAXVALUE
    CACHE 1
);


--
-- Data for Name: auth_group; Type: TABLE DATA; Schema: public; Owner: leda
--

COPY public.auth_group (id, name) FROM stdin;
1	Administrador
2	Avaliador
3	Avaliador-Risk
4	Cuidador
5	Dinamizador
7	Mentor
6	Participante
\.


--
-- Data for Name: auth_group_permissions; Type: TABLE DATA; Schema: public; Owner: leda
--

COPY public.auth_group_permissions (id, group_id, permission_id) FROM stdin;
2233	1	1
2234	1	2
2235	1	3
2236	1	4
2237	1	5
2238	1	6
2239	1	7
2240	1	8
2241	1	9
2242	1	10
2243	1	11
2244	1	12
2245	1	13
2246	1	14
2247	1	15
2248	1	16
2249	1	17
2250	1	18
2251	1	19
2252	1	20
2253	1	21
2254	1	22
2255	1	23
2256	1	24
2257	1	25
2258	1	26
2259	1	27
2260	1	28
2261	1	29
2262	1	30
2263	1	31
2264	1	32
2265	1	33
2266	1	34
2267	1	35
2268	1	36
2269	1	37
2270	1	38
2271	1	39
2272	1	40
2273	1	41
2274	1	42
2275	1	43
2276	1	44
2277	1	45
2278	1	46
2279	1	47
2280	1	48
2281	1	49
2282	1	50
2283	1	51
2284	1	52
2285	1	53
2286	1	54
2287	1	55
2288	1	56
2289	1	57
2290	1	58
2291	1	59
2292	1	60
2293	1	61
2294	1	62
2295	1	63
2296	1	64
2297	1	65
2298	1	66
2299	1	67
2300	1	68
2301	1	69
2302	1	70
2303	1	71
2304	1	72
2305	1	73
2306	1	74
2307	1	75
2308	1	76
2309	1	77
2310	1	78
2311	1	79
2312	1	80
2313	1	81
2314	1	82
2315	1	83
2316	1	84
2317	1	85
2318	1	86
2319	1	87
2320	1	88
2321	1	89
2322	1	90
2323	1	91
2324	1	92
2325	1	93
2326	1	94
2327	1	95
2328	1	96
2329	1	97
2330	1	98
2331	1	99
2332	1	100
2333	1	101
2334	1	102
2335	1	103
2336	1	104
2337	1	105
2338	1	106
2339	1	107
2340	1	108
2341	1	109
2342	1	110
2343	1	111
2344	1	112
2345	1	113
2346	1	114
2347	1	115
2348	1	116
2349	1	117
2350	1	118
2351	1	119
2352	1	120
2353	1	121
2354	1	122
2355	1	123
2356	1	124
2357	1	125
2358	1	126
2359	1	127
2360	1	128
2361	1	129
2362	1	130
2363	1	131
2364	1	132
2365	1	133
2366	1	134
2367	1	135
2368	1	136
2369	1	137
2370	1	138
2371	1	139
2372	1	140
2373	1	141
2374	1	142
2375	1	143
2376	1	144
2377	1	145
2378	1	146
2379	1	147
2380	1	148
2381	1	149
2382	1	150
2383	1	151
2384	1	152
2385	1	153
2386	1	154
2387	1	155
2388	1	156
2389	1	157
2390	1	158
2391	1	159
2392	1	160
2393	1	161
2394	1	162
2395	1	163
2396	1	164
2397	1	165
2398	1	166
2399	1	167
2400	1	168
2401	1	169
2402	1	170
2403	1	171
2404	1	172
2405	1	173
2406	1	174
2407	1	175
2408	1	176
2409	1	177
2410	1	178
2411	1	179
2412	1	180
2413	1	181
2414	1	182
2415	1	183
2416	1	184
2417	1	185
2418	1	186
2419	1	187
2420	1	188
2421	1	189
2422	1	190
2423	1	191
2424	1	192
2425	1	193
2426	1	194
2427	1	195
2428	1	196
2429	1	197
2430	1	198
2431	1	199
2432	1	200
2433	1	201
2434	1	202
2435	1	203
2436	1	204
2437	1	205
2438	1	206
2439	1	207
2440	1	208
2441	1	209
2442	1	210
2443	1	211
2444	1	212
2445	1	213
2446	1	214
2447	1	215
2448	1	216
2449	1	217
2450	1	218
2451	1	219
2452	1	220
2453	1	221
2454	1	222
2455	1	223
2456	1	224
2457	1	225
2458	1	226
2459	1	227
2460	1	228
2461	1	229
2462	1	230
2463	1	231
2464	1	232
2489	2	25
2490	2	26
2491	2	27
2492	2	28
2493	2	29
2494	2	30
2495	2	31
2496	2	32
2497	2	33
2498	2	34
2499	2	35
2500	2	36
2501	2	37
2502	2	38
2503	2	39
2504	2	40
2505	2	41
2506	2	42
2507	2	43
2508	2	44
2509	2	45
2510	2	46
2511	2	47
2512	2	48
2513	2	49
2514	2	50
2515	2	51
2516	2	52
2517	2	53
2518	2	54
2519	2	55
2520	2	56
2521	2	57
2522	2	58
2523	2	59
2524	2	60
2525	2	61
2526	2	62
2527	2	63
2528	2	64
2529	2	65
2530	2	66
2531	2	67
2532	2	68
2533	2	69
2534	2	70
2535	2	71
2536	2	72
2537	2	73
2538	2	74
2539	2	75
2540	2	76
2541	2	77
2542	2	78
2543	2	79
2544	2	80
2545	2	81
2546	2	82
2547	2	83
2548	2	84
2549	2	85
2550	2	86
2551	2	87
2552	2	88
2553	2	89
2554	2	90
2555	2	91
2556	2	92
2557	2	93
2558	2	94
2559	2	95
2560	2	96
2561	2	97
2562	2	98
2563	2	99
2564	2	100
2565	2	101
2566	2	102
2567	2	103
2568	2	104
2569	2	105
2570	2	106
2571	2	107
2572	2	108
2573	2	109
2574	2	110
2575	2	111
2576	2	112
2577	2	113
2578	2	114
2579	2	115
2580	2	116
2581	2	117
2582	2	118
2583	2	119
2584	2	120
2585	2	121
2586	2	122
2587	2	123
2588	2	124
2589	2	125
2590	2	126
2591	2	127
2592	2	128
2593	2	129
2594	2	130
2595	2	131
2596	2	132
2597	2	133
2598	2	134
2599	2	135
2600	2	136
2601	2	137
2602	2	138
2603	2	139
2604	2	140
2605	2	141
2606	2	142
2607	2	143
2608	2	144
2609	2	145
2610	2	146
2611	2	147
2612	2	148
2613	2	149
2614	2	150
2615	2	151
2616	2	152
2617	2	153
2618	2	154
2619	2	155
2620	2	156
2621	2	157
2622	2	158
2623	2	159
2624	2	160
2625	2	161
2626	2	162
2627	2	163
2628	2	164
2629	2	165
2630	2	166
2631	2	167
2632	2	168
2633	2	169
2634	2	170
2635	2	171
2636	2	172
2637	2	173
2638	2	174
2639	2	175
2640	2	176
2641	2	177
2642	2	178
2643	2	179
2644	2	180
2645	2	181
2646	2	182
2647	2	183
2648	2	184
2649	2	185
2650	2	186
2651	2	187
2652	2	188
2653	2	189
2654	2	190
2655	2	191
2656	2	192
2657	2	193
2658	2	194
2659	2	195
2660	2	196
2661	2	197
2662	2	198
2663	2	199
2664	2	200
2665	2	201
2666	2	202
2667	2	203
2668	2	204
2669	2	205
2670	2	206
2671	2	207
2672	2	208
2673	2	209
2674	2	210
2675	2	211
2676	2	212
2677	2	213
2678	2	214
2679	2	215
2680	2	216
2681	2	217
2682	2	218
2683	2	219
2684	2	220
2685	2	221
2686	2	222
2687	2	223
2688	2	224
2689	2	225
2690	2	226
2691	2	227
2692	2	228
2693	2	229
2694	2	230
2695	2	231
2696	2	232
2721	3	25
2722	3	26
2723	3	27
2724	3	28
2725	3	29
2726	3	30
2727	3	31
2728	3	32
2729	3	33
2730	3	34
2731	3	35
2732	3	36
2733	3	37
2734	3	38
2735	3	39
2736	3	40
2737	3	41
2738	3	42
2739	3	43
2740	3	44
2741	3	45
2742	3	46
2743	3	47
2744	3	48
2745	3	49
2746	3	50
2747	3	51
2748	3	52
2749	3	53
2750	3	54
2751	3	55
2752	3	56
2753	3	57
2754	3	58
2755	3	59
2756	3	60
2757	3	61
2758	3	62
2759	3	63
2760	3	64
2761	3	65
2762	3	66
2763	3	67
2764	3	68
2765	3	69
2766	3	70
2767	3	71
2768	3	72
2769	3	73
2770	3	74
2771	3	75
2772	3	76
2773	3	77
2774	3	78
2775	3	79
2776	3	80
2777	3	81
2778	3	82
2779	3	83
2780	3	84
2781	3	85
2782	3	86
2783	3	87
2784	3	88
2785	3	89
2786	3	90
2787	3	91
2788	3	92
2789	3	93
2790	3	94
2791	3	95
2792	3	96
2793	3	97
2794	3	98
2795	3	99
2796	3	100
2797	3	101
2798	3	102
2799	3	103
2800	3	104
2801	3	105
2802	3	106
2803	3	107
2804	3	108
2805	3	109
2806	3	110
2807	3	111
2808	3	112
2809	3	113
2810	3	114
2811	3	115
2812	3	116
2813	3	117
2814	3	118
2815	3	119
2816	3	120
2817	3	121
2818	3	122
2819	3	123
2820	3	124
2821	3	125
2822	3	126
2823	3	127
2824	3	128
2825	3	129
2826	3	130
2827	3	131
2828	3	132
2829	3	133
2830	3	134
2831	3	135
2832	3	136
2833	3	137
2834	3	138
2835	3	139
2836	3	140
2837	3	141
2838	3	142
2839	3	143
2840	3	144
2841	3	145
2842	3	146
2843	3	147
2844	3	148
2845	3	149
2846	3	150
2847	3	151
2848	3	152
2849	3	153
2850	3	154
2851	3	155
2852	3	156
2853	3	157
2854	3	158
2855	3	159
2856	3	160
2857	3	161
2858	3	162
2859	3	163
2860	3	164
2861	3	165
2862	3	166
2863	3	167
2864	3	168
2865	3	169
2866	3	170
2867	3	171
2868	3	172
2869	3	173
2870	3	174
2871	3	175
2872	3	176
2873	3	177
2874	3	178
2875	3	179
2876	3	180
2877	3	181
2878	3	182
2879	3	183
2880	3	184
2881	3	185
2882	3	186
2883	3	187
2884	3	188
2885	3	189
2886	3	190
2887	3	191
2888	3	192
2889	3	193
2890	3	194
2891	3	195
2892	3	196
2893	3	197
2894	3	198
2895	3	199
2896	3	200
2897	3	201
2898	3	202
2899	3	203
2900	3	204
2901	3	205
2902	3	206
2903	3	207
2904	3	208
2905	3	209
2906	3	210
2907	3	211
2908	3	212
2909	3	213
2910	3	214
2911	3	215
2912	3	216
2913	3	217
2914	3	218
2915	3	219
2916	3	220
2917	3	221
2918	3	222
2919	3	223
2920	3	224
2921	3	225
2922	3	226
2923	3	227
2924	3	228
2925	3	229
2926	3	230
2927	3	231
2928	3	232
2953	4	25
2954	4	26
2955	4	27
2956	4	28
2957	4	29
2958	4	30
2959	4	31
2960	4	32
2961	4	33
2962	4	34
2963	4	35
2964	4	36
2965	4	37
2966	4	38
2967	4	39
2968	4	40
2969	4	41
2970	4	42
2971	4	43
2972	4	44
2973	4	45
2974	4	46
2975	4	47
2976	4	48
2977	4	49
2978	4	50
2979	4	51
2980	4	52
2981	4	53
2982	4	54
2983	4	55
2984	4	56
2985	4	57
2986	4	58
2987	4	59
2988	4	60
2989	4	61
2990	4	62
2991	4	63
2992	4	64
2993	4	65
2994	4	66
2995	4	67
2996	4	68
2997	4	69
2998	4	70
2999	4	71
3000	4	72
3001	4	73
3002	4	74
3003	4	75
3004	4	76
3005	4	77
3006	4	78
3007	4	79
3008	4	80
3009	4	81
3010	4	82
3011	4	83
3012	4	84
3013	4	85
3014	4	86
3015	4	87
3016	4	88
3017	4	89
3018	4	90
3019	4	91
3020	4	92
3021	4	93
3022	4	94
3023	4	95
3024	4	96
3025	4	97
3026	4	98
3027	4	99
3028	4	100
3029	4	101
3030	4	102
3031	4	103
3032	4	104
3033	4	105
3034	4	106
3035	4	107
3036	4	108
3037	4	109
3038	4	110
3039	4	111
3040	4	112
3041	4	113
3042	4	114
3043	4	115
3044	4	116
3045	4	117
3046	4	118
3047	4	119
3048	4	120
3049	4	121
3050	4	122
3051	4	123
3052	4	124
3053	4	125
3054	4	126
3055	4	127
3056	4	128
3057	4	129
3058	4	130
3059	4	131
3060	4	132
3061	4	133
3062	4	134
3063	4	135
3064	4	136
3065	4	137
3066	4	138
3067	4	139
3068	4	140
3069	4	141
3070	4	142
3071	4	143
3072	4	144
3073	4	145
3074	4	146
3075	4	147
3076	4	148
3077	4	149
3078	4	150
3079	4	151
3080	4	152
3081	4	153
3082	4	154
3083	4	155
3084	4	156
3085	4	157
3086	4	158
3087	4	159
3088	4	160
3089	4	161
3090	4	162
3091	4	163
3092	4	164
3093	4	165
3094	4	166
3095	4	167
3096	4	168
3097	4	169
3098	4	170
3099	4	171
3100	4	172
3101	4	173
3102	4	174
3103	4	175
3104	4	176
3105	4	177
3106	4	178
3107	4	179
3108	4	180
3109	4	181
3110	4	182
3111	4	183
3112	4	184
3113	4	185
3114	4	186
3115	4	187
3116	4	188
3117	4	189
3118	4	190
3119	4	191
3120	4	192
3121	4	193
3122	4	194
3123	4	195
3124	4	196
3125	4	197
3126	4	198
3127	4	199
3128	4	200
3129	4	201
3130	4	202
3131	4	203
3132	4	204
3133	4	205
3134	4	206
3135	4	207
3136	4	208
3137	4	209
3138	4	210
3139	4	211
3140	4	212
3141	4	213
3142	4	214
3143	4	215
3144	4	216
3145	4	217
3146	4	218
3147	4	219
3148	4	220
3149	4	221
3150	4	222
3151	4	223
3152	4	224
3153	4	225
3154	4	226
3155	4	227
3156	4	228
3157	4	229
3158	4	230
3159	4	231
3160	4	232
3181	5	21
3182	5	22
3183	5	23
3185	5	25
3186	5	26
3187	5	27
3188	5	28
3189	5	29
3190	5	30
3191	5	31
3192	5	32
3193	5	33
3194	5	34
3195	5	35
3196	5	36
3197	5	37
3198	5	38
3199	5	39
3200	5	40
3201	5	41
3202	5	42
3203	5	43
3204	5	44
3205	5	45
3206	5	46
3207	5	47
3208	5	48
3209	5	49
3210	5	50
3211	5	51
3212	5	52
3213	5	53
3214	5	54
3215	5	55
3216	5	56
3217	5	57
3218	5	58
3219	5	59
3220	5	60
3221	5	61
3222	5	62
3223	5	63
3224	5	64
3225	5	65
3226	5	66
3227	5	67
3228	5	68
3229	5	69
3230	5	70
3231	5	71
3232	5	72
3233	5	73
3234	5	74
3235	5	75
3236	5	76
3237	5	77
3238	5	78
3239	5	79
3240	5	80
3241	5	81
3242	5	82
3243	5	83
3244	5	84
3245	5	85
3246	5	86
3247	5	87
3248	5	88
3249	5	89
3250	5	90
3251	5	91
3252	5	92
3253	5	93
3254	5	94
3255	5	95
3256	5	96
3257	5	97
3258	5	98
3259	5	99
3260	5	100
3261	5	101
3262	5	102
3263	5	103
3264	5	104
3265	5	105
3266	5	106
3267	5	107
3268	5	108
3269	5	109
3270	5	110
3271	5	111
3272	5	112
3273	5	113
3274	5	114
3275	5	115
3276	5	116
3277	5	117
3278	5	118
3279	5	119
3280	5	120
3281	5	121
3282	5	122
3283	5	123
3284	5	124
3285	5	125
3286	5	126
3287	5	127
3288	5	128
3289	5	129
3290	5	130
3291	5	131
3292	5	132
3293	5	133
3294	5	134
3295	5	135
3296	5	136
3297	5	137
3298	5	138
3299	5	139
3300	5	140
3301	5	141
3302	5	142
3303	5	143
3304	5	144
3305	5	145
3306	5	146
3307	5	147
3308	5	148
3309	5	149
3310	5	150
3311	5	151
3312	5	152
3313	5	153
3314	5	154
3315	5	155
3316	5	156
3317	5	157
3318	5	158
3319	5	159
3320	5	160
3321	5	161
3322	5	162
3323	5	163
3324	5	164
3325	5	165
3326	5	166
3327	5	167
3328	5	168
3329	5	169
3330	5	170
3331	5	171
3332	5	172
3333	5	173
3334	5	174
3335	5	175
3336	5	176
3337	5	177
3338	5	178
3339	5	179
3340	5	180
3341	5	181
3342	5	182
3343	5	183
3344	5	184
3345	5	185
3346	5	186
3347	5	187
3348	5	188
3349	5	189
3350	5	190
3351	5	191
3352	5	192
3353	5	193
3354	5	194
3355	5	195
3356	5	196
3357	5	197
3358	5	198
3359	5	199
3360	5	200
3361	5	201
3362	5	202
3363	5	203
3364	5	204
3365	5	205
3366	5	206
3367	5	207
3368	5	208
3369	5	209
3370	5	210
3371	5	211
3372	5	212
3373	5	213
3374	5	214
3375	5	215
3376	5	216
3377	5	217
3378	5	218
3379	5	219
3380	5	220
3381	5	221
3382	5	222
3383	5	223
3384	5	224
3385	5	225
3386	5	226
3387	5	227
3388	5	228
3389	5	229
3390	5	230
3391	5	231
3392	5	232
3413	6	21
3414	6	22
3415	6	23
3416	6	24
3417	6	25
3418	6	26
3419	6	27
3420	6	28
3421	6	29
3422	6	30
3423	6	31
3424	6	32
3425	6	33
3426	6	34
3427	6	35
3428	6	36
3429	6	37
3430	6	38
3431	6	39
3432	6	40
3433	6	41
3434	6	42
3435	6	43
3436	6	44
3437	6	45
3438	6	46
3439	6	47
3440	6	48
3441	6	49
3442	6	50
3443	6	51
3444	6	52
3445	6	53
3446	6	54
3447	6	55
3448	6	56
3449	6	57
3450	6	58
3451	6	59
3452	6	60
3453	6	61
3454	6	62
3455	6	63
3456	6	64
3457	6	65
3458	6	66
3459	6	67
3460	6	68
3461	6	69
3462	6	70
3463	6	71
3464	6	72
3465	6	73
3466	6	74
3467	6	75
3468	6	76
3469	6	77
3470	6	78
3471	6	79
3472	6	80
3473	6	81
3474	6	82
3475	6	83
3476	6	84
3477	6	85
3478	6	86
3479	6	87
3480	6	88
3481	6	89
3482	6	90
3483	6	91
3484	6	92
3485	6	93
3486	6	94
3487	6	95
3488	6	96
3489	6	97
3490	6	98
3491	6	99
3492	6	100
3493	6	101
3494	6	102
3495	6	103
3496	6	104
3497	6	105
3498	6	106
3499	6	107
3500	6	108
3501	6	109
3502	6	110
3503	6	111
3504	6	112
3505	6	113
3506	6	114
3507	6	115
3508	6	116
3509	6	117
3510	6	118
3511	6	119
3512	6	120
3513	6	121
3514	6	122
3515	6	123
3516	6	124
3517	6	125
3518	6	126
3519	6	127
3520	6	128
3521	6	129
3522	6	130
3523	6	131
3524	6	132
3525	6	133
3526	6	134
3527	6	135
3528	6	136
3529	6	137
3530	6	138
3531	6	139
3532	6	140
3533	6	141
3534	6	142
3535	6	143
3536	6	144
3537	6	145
3538	6	146
3539	6	147
3540	6	148
3541	6	149
3542	6	150
3543	6	151
3544	6	152
3545	6	153
3546	6	154
3547	6	155
3548	6	156
3549	6	157
3550	6	158
3551	6	159
3552	6	160
3553	6	161
3554	6	162
3555	6	163
3556	6	164
3557	6	165
3558	6	166
3559	6	167
3560	6	168
3561	6	169
3562	6	170
3563	6	171
3564	6	172
3565	6	173
3566	6	174
3567	6	175
3568	6	176
3569	6	177
3570	6	178
3571	6	179
3572	6	180
3573	6	181
3574	6	182
3575	6	183
3576	6	184
3577	6	185
3578	6	186
3579	6	187
3580	6	188
3581	6	189
3582	6	190
3583	6	191
3584	6	192
3585	6	193
3586	6	194
3587	6	195
3588	6	196
3589	6	197
3590	6	198
3591	6	199
3592	6	200
3593	6	201
3594	6	202
3595	6	203
3596	6	204
3597	6	205
3598	6	206
3599	6	207
3600	6	208
3601	6	209
3602	6	210
3603	6	211
3604	6	212
3605	6	213
3606	6	214
3607	6	215
3608	6	216
3609	6	217
3610	6	218
3611	6	219
3612	6	220
3613	6	221
3614	6	222
3615	6	223
3616	6	224
3617	6	225
3618	6	226
3619	6	227
3620	6	228
3621	6	229
3622	6	230
3623	6	231
3624	6	232
3625	1	233
3626	1	234
3627	1	235
3628	1	236
3629	1	237
3630	1	238
3631	1	239
3632	1	240
3633	1	241
3634	1	242
3635	1	243
3636	1	244
3637	2	233
3638	2	234
3639	2	235
3640	2	236
3641	2	237
3642	2	238
3643	2	239
3644	2	240
3645	2	241
3646	2	242
3647	2	243
3648	2	244
3649	3	233
3650	3	234
3651	3	235
3652	3	236
3653	3	237
3654	3	238
3655	3	239
3656	3	240
3657	3	241
3658	3	242
3659	3	243
3660	3	244
3661	4	233
3662	4	234
3663	4	235
3664	4	236
3665	4	237
3666	4	238
3667	4	239
3668	4	240
3669	4	241
3670	4	242
3671	4	243
3672	4	244
3673	5	233
3674	5	234
3675	5	235
3676	5	236
3677	5	237
3678	5	238
3679	5	239
3680	5	240
3681	5	241
3682	5	242
3683	5	243
3684	5	244
3685	7	25
3686	7	26
3687	7	27
3688	7	28
3689	7	29
3690	7	30
3691	7	31
3692	7	32
3693	7	33
3694	7	34
3695	7	35
3696	7	36
3697	7	37
3698	7	38
3699	7	39
3700	7	40
3701	7	41
3702	7	42
3703	7	43
3704	7	44
3705	7	45
3706	7	46
3707	7	47
3708	7	48
3709	7	49
3710	7	50
3711	7	51
3712	7	52
3713	7	53
3714	7	54
3715	7	55
3716	7	56
3717	7	57
3718	7	58
3719	7	59
3720	7	60
3721	7	61
3722	7	62
3723	7	63
3724	7	64
3725	7	65
3726	7	66
3727	7	67
3728	7	68
3729	7	69
3730	7	70
3731	7	71
3732	7	72
3733	7	73
3734	7	74
3735	7	75
3736	7	76
3737	7	77
3738	7	78
3739	7	79
3740	7	80
3741	7	81
3742	7	82
3743	7	83
3744	7	84
3745	7	85
3746	7	86
3747	7	87
3748	7	88
3749	7	89
3750	7	90
3751	7	91
3752	7	92
3753	7	93
3754	7	94
3755	7	95
3756	7	96
3757	7	97
3758	7	98
3759	7	99
3760	7	100
3761	7	101
3762	7	102
3763	7	103
3764	7	104
3765	7	105
3766	7	106
3767	7	107
3768	7	108
3769	7	109
3770	7	110
3771	7	111
3772	7	112
3773	7	113
3774	7	114
3775	7	115
3776	7	116
3777	7	117
3778	7	118
3779	7	119
3780	7	120
3781	7	121
3782	7	122
3783	7	123
3784	7	124
3785	7	125
3786	7	126
3787	7	127
3788	7	128
3789	7	129
3790	7	130
3791	7	131
3792	7	132
3793	7	133
3794	7	134
3795	7	135
3796	7	136
3797	7	137
3798	7	138
3799	7	139
3800	7	140
3801	7	141
3802	7	142
3803	7	143
3804	7	144
3805	7	145
3806	7	146
3807	7	147
3808	7	148
3809	7	149
3810	7	150
3811	7	151
3812	7	152
3813	7	153
3814	7	154
3815	7	155
3816	7	156
3817	7	157
3818	7	158
3819	7	159
3820	7	160
3821	7	161
3822	7	162
3823	7	163
3824	7	164
3825	7	165
3826	7	166
3827	7	167
3828	7	168
3829	7	169
3830	7	170
3831	7	171
3832	7	172
3833	7	173
3834	7	174
3835	7	175
3836	7	176
3837	7	177
3838	7	178
3839	7	179
3840	7	180
3841	7	181
3842	7	182
3843	7	183
3844	7	184
3845	7	185
3846	7	186
3847	7	187
3848	7	188
3849	7	189
3850	7	190
3851	7	191
3852	7	192
3853	7	193
3854	7	194
3855	7	195
3856	7	196
3857	7	197
3858	7	198
3859	7	199
3860	7	200
3861	7	201
3862	7	202
3863	7	203
3864	7	204
3865	7	205
3866	7	206
3867	7	207
3868	7	208
3869	7	209
3870	7	210
3871	7	211
3872	7	212
3873	7	213
3874	7	214
3875	7	215
3876	7	216
3877	7	217
3878	7	218
3879	7	219
3880	7	220
3881	7	221
3882	7	222
3883	7	223
3884	7	224
3885	7	225
3886	7	226
3887	7	227
3888	7	228
3889	7	229
3890	7	230
3891	7	231
3892	7	232
3893	7	233
3894	7	234
3895	7	235
3896	7	236
3897	7	237
3898	7	238
3899	7	239
3900	7	240
3901	7	241
3902	7	242
3903	7	243
3904	7	244
3905	6	233
3906	6	234
3907	6	235
3908	6	236
3909	6	237
3910	6	238
3911	6	239
3912	6	240
3913	6	241
3914	6	242
3915	6	243
3916	6	244
\.


--
-- Data for Name: auth_permission; Type: TABLE DATA; Schema: public; Owner: leda
--

COPY public.auth_permission (id, name, content_type_id, codename) FROM stdin;
29	Can add cuidador	8	add_cuidador
30	Can change cuidador	8	change_cuidador
31	Can delete cuidador	8	delete_cuidador
32	Can view cuidador	8	view_cuidador
34	Can change dinamizador convidado	9	change_dinamizadorconvidado
35	Can delete dinamizador convidado	9	delete_dinamizadorconvidado
36	Can view dinamizador convidado	9	view_dinamizadorconvidado
37	Can add doenca	10	add_doenca
38	Can change doenca	10	change_doenca
39	Can delete doenca	10	delete_doenca
40	Can view doenca	10	view_doenca
41	Can add exercicio	11	add_exercicio
42	Can change exercicio	11	change_exercicio
43	Can delete exercicio	11	delete_exercicio
44	Can view exercicio	11	view_exercicio
45	Can add grupo	12	add_grupo
46	Can change grupo	12	change_grupo
47	Can delete grupo	12	delete_grupo
48	Can view grupo	12	view_grupo
49	Can add imagem	13	add_imagem
51	Can delete imagem	13	delete_imagem
52	Can view imagem	13	view_imagem
53	Can add informacao sensivel	14	add_informacaosensivel
54	Can change informacao sensivel	14	change_informacaosensivel
55	Can delete informacao sensivel	14	delete_informacaosensivel
56	Can view informacao sensivel	14	view_informacaosensivel
57	Can add mentor	15	add_mentor
58	Can change mentor	15	change_mentor
59	Can delete mentor	15	delete_mentor
60	Can view mentor	15	view_mentor
61	Can add opcao	16	add_opcao
62	Can change opcao	16	change_opcao
63	Can delete opcao	16	delete_opcao
64	Can view opcao	16	view_opcao
65	Can add parte	17	add_parte
66	Can change parte	17	change_parte
67	Can delete parte	17	delete_parte
68	Can view parte	17	view_parte
70	Can change parte_ exercicio	18	change_parte_exercicio
71	Can delete parte_ exercicio	18	delete_parte_exercicio
72	Can view parte_ exercicio	18	view_parte_exercicio
73	Can add parte grupo	19	add_partegrupo
74	Can change parte grupo	19	change_partegrupo
75	Can delete parte grupo	19	delete_partegrupo
76	Can view parte grupo	19	view_partegrupo
77	Can add participante	20	add_participante
78	Can change participante	20	change_participante
79	Can delete participante	20	delete_participante
80	Can view participante	20	view_participante
81	Can add pergunta	21	add_pergunta
82	Can change pergunta	21	change_pergunta
83	Can delete pergunta	21	delete_pergunta
84	Can view pergunta	21	view_pergunta
86	Can change pergunta_ exercicio	22	change_pergunta_exercicio
87	Can delete pergunta_ exercicio	22	delete_pergunta_exercicio
88	Can view pergunta_ exercicio	22	view_pergunta_exercicio
89	Can add reference	23	add_reference
90	Can change reference	23	change_reference
91	Can delete reference	23	delete_reference
92	Can view reference	23	view_reference
101	Can add resposta	26	add_resposta
102	Can change resposta	26	change_resposta
103	Can delete resposta	26	delete_resposta
93	Can add sessao	24	add_sessao
94	Can change sessao	24	change_sessao
95	Can delete sessao	24	delete_sessao
96	Can view sessao	24	view_sessao
97	Can add sessao do grupo	25	add_sessaodogrupo
98	Can change sessao do grupo	25	change_sessaodogrupo
99	Can delete sessao do grupo	25	delete_sessaodogrupo
100	Can view sessao do grupo	25	view_sessaodogrupo
21	Can add session	6	add_session
22	Can change session	6	change_session
23	Can delete session	6	delete_session
24	Can view session	6	view_session
2	Can change log entry	1	change_logentry
3	Can delete log entry	1	delete_logentry
4	Can view log entry	1	view_logentry
9	Can add group	3	add_group
11	Can delete group	3	delete_group
12	Can view group	3	view_group
5	Can add permission	2	add_permission
6	Can change permission	2	change_permission
7	Can delete permission	2	delete_permission
8	Can view permission	2	view_permission
13	Can add user	4	add_user
14	Can change user	4	change_user
15	Can delete user	4	delete_user
16	Can view user	4	view_user
17	Can add content type	5	add_contenttype
18	Can change content type	5	change_contenttype
19	Can delete content type	5	delete_contenttype
20	Can view content type	5	view_contenttype
25	Can add atividade	7	add_atividade
27	Can delete atividade	7	delete_atividade
28	Can view atividade	7	view_atividade
140	Can view info parte	35	view_infoparte
133	Can add informacoes	34	add_informacoes
134	Can change informacoes	34	change_informacoes
135	Can delete informacoes	34	delete_informacoes
136	Can view informacoes	34	view_informacoes
129	Can add informacoes grupo	33	add_informacoesgrupo
130	Can change informacoes grupo	33	change_informacoesgrupo
131	Can delete informacoes grupo	33	delete_informacoesgrupo
132	Can view informacoes grupo	33	view_informacoesgrupo
125	Can add nota	32	add_nota
126	Can change nota	32	change_nota
127	Can delete nota	32	delete_nota
128	Can view nota	32	view_nota
121	Can add nota grupo	31	add_notagrupo
122	Can change nota grupo	31	change_notagrupo
123	Can delete nota grupo	31	delete_notagrupo
124	Can view nota grupo	31	view_notagrupo
117	Can add partilha	30	add_partilha
118	Can change partilha	30	change_partilha
119	Can delete partilha	30	delete_partilha
120	Can view partilha	30	view_partilha
114	Can change partilha grupo	29	change_partilhagrupo
115	Can delete partilha grupo	29	delete_partilhagrupo
116	Can view partilha grupo	29	view_partilhagrupo
109	Can add presenca	28	add_presenca
110	Can change presenca	28	change_presenca
111	Can delete presenca	28	delete_presenca
112	Can view presenca	28	view_presenca
105	Can add questionario	27	add_questionario
106	Can change questionario	27	change_questionario
107	Can delete questionario	27	delete_questionario
108	Can view questionario	27	view_questionario
104	Can view resposta	26	view_resposta
161	Can add answer	41	add_answer
162	Can change answer	41	change_answer
163	Can delete answer	41	delete_answer
164	Can view answer	41	view_answer
165	Can add area	42	add_area
166	Can change area	42	change_area
167	Can delete area	42	delete_area
168	Can view area	42	view_area
170	Can change dimension	43	change_dimension
171	Can delete dimension	43	delete_dimension
172	Can view dimension	43	view_dimension
173	Can add part	44	add_part
174	Can change part	44	change_part
175	Can delete part	44	delete_part
176	Can view part	44	view_part
177	Can add parte do utilizador	45	add_partedoutilizador
178	Can change parte do utilizador	45	change_partedoutilizador
179	Can delete parte do utilizador	45	delete_partedoutilizador
180	Can view parte do utilizador	45	view_partedoutilizador
181	Can add possible answer	46	add_possibleanswer
182	Can change possible answer	46	change_possibleanswer
183	Can delete possible answer	46	delete_possibleanswer
184	Can view possible answer	46	view_possibleanswer
185	Can add protocol	47	add_protocol
186	Can change protocol	47	change_protocol
187	Can delete protocol	47	delete_protocol
189	Can add question image	48	add_questionimage
190	Can change question image	48	change_questionimage
191	Can delete question image	48	delete_questionimage
192	Can view question image	48	view_questionimage
201	Can add risk	51	add_risk
202	Can change risk	51	change_risk
203	Can delete risk	51	delete_risk
197	Can add section	50	add_section
198	Can change section	50	change_section
199	Can delete section	50	delete_section
200	Can view section	50	view_section
193	Can add text input answer	49	add_textinputanswer
194	Can change text input answer	49	change_textinputanswer
195	Can delete text input answer	49	delete_textinputanswer
158	Can change avaliacao participante	40	change_avaliacaoparticipante
159	Can delete avaliacao participante	40	delete_avaliacaoparticipante
160	Can view avaliacao participante	40	view_avaliacaoparticipante
153	Can add avaliacao sessao	39	add_avaliacaosessao
154	Can change avaliacao sessao	39	change_avaliacaosessao
155	Can delete avaliacao sessao	39	delete_avaliacaosessao
156	Can view avaliacao sessao	39	view_avaliacaosessao
149	Can add documents	38	add_documents
150	Can change documents	38	change_documents
151	Can delete documents	38	delete_documents
152	Can view documents	38	view_documents
145	Can add escolha	37	add_escolha
146	Can change escolha	37	change_escolha
147	Can delete escolha	37	delete_escolha
148	Can view escolha	37	view_escolha
141	Can add facilitador	36	add_facilitador
142	Can change facilitador	36	change_facilitador
143	Can delete facilitador	36	delete_facilitador
144	Can view facilitador	36	view_facilitador
137	Can add info parte	35	add_infoparte
139	Can delete info parte	35	delete_infoparte
231	Can delete noticia	58	delete_noticia
232	Can view noticia	58	view_noticia
169	Can add dimension	43	add_dimension
221	Can add instrument	56	add_instrument
222	Can change instrument	56	change_instrument
223	Can delete instrument	56	delete_instrument
224	Can view instrument	56	view_instrument
217	Can add multiple choices checkbox	55	add_multiplechoicescheckbox
218	Can change multiple choices checkbox	55	change_multiplechoicescheckbox
219	Can delete multiple choices checkbox	55	delete_multiplechoicescheckbox
220	Can view multiple choices checkbox	55	view_multiplechoicescheckbox
188	Can view protocol	47	view_protocol
1	Can add log entry	1	add_logentry
10	Can change group	3	change_group
237	Can add administrador	60	add_administrador
238	Can change administrador	60	change_administrador
239	Can delete administrador	60	delete_administrador
240	Can view administrador	60	view_administrador
26	Can change atividade	7	change_atividade
213	Can add question	54	add_question
214	Can change question	54	change_question
215	Can delete question	54	delete_question
157	Can add avaliacao participante	40	add_avaliacaoparticipante
216	Can view question	54	view_question
209	Can add report	53	add_report
210	Can change report	53	change_report
211	Can delete report	53	delete_report
212	Can view report	53	view_report
205	Can add resolution	52	add_resolution
206	Can change resolution	52	change_resolution
233	Can add avaliador	59	add_avaliador
234	Can change avaliador	59	change_avaliador
235	Can delete avaliador	59	delete_avaliador
236	Can view avaliador	59	view_avaliador
33	Can add dinamizador convidado	9	add_dinamizadorconvidado
50	Can change imagem	13	change_imagem
138	Can change info parte	35	change_infoparte
69	Can add parte_ exercicio	18	add_parte_exercicio
113	Can add partilha grupo	29	add_partilhagrupo
85	Can add pergunta_ exercicio	22	add_pergunta_exercicio
241	Can add respostas	61	add_respostas
242	Can change respostas	61	change_respostas
243	Can delete respostas	61	delete_respostas
244	Can view respostas	61	view_respostas
225	Can add contacto	57	add_contacto
226	Can change contacto	57	change_contacto
227	Can delete contacto	57	delete_contacto
228	Can view contacto	57	view_contacto
229	Can add noticia	58	add_noticia
230	Can change noticia	58	change_noticia
207	Can delete resolution	52	delete_resolution
208	Can view resolution	52	view_resolution
204	Can view risk	51	view_risk
196	Can view text input answer	49	view_textinputanswer
245	Can add colaborador	68	add_colaborador
246	Can change colaborador	68	change_colaborador
247	Can delete colaborador	68	delete_colaborador
248	Can view colaborador	68	view_colaborador
\.


--
-- Data for Name: auth_user; Type: TABLE DATA; Schema: public; Owner: leda
--

COPY public.auth_user (id, password, last_login, is_superuser, username, first_name, last_name, email, is_staff, is_active, date_joined) FROM stdin;
526	O7ryDd]`b0	\N	f	avaliador_asmal	Avaliador	Asmal	avaliadorasmal@gmail.com	f	t	2025-06-20 14:28:24+00
522	ek2d|zDBXn	\N	f	cuidador1_asmal	Cuidador1	Asmal	cuidador1asmal@gmail.com	f	t	2025-06-20 14:25:48+00
530	$hGlV7#Zxd	\N	f	dinamizador2_asmal	Dinamizador2	Asmal	dinamizador2asmal@gmail.com	f	t	2025-06-20 14:30:18+00
518	@MentHA@23	\N	f	participante1_asmal	Participante1	Asmal	participante1asmal@gmail.com	f	t	2025-06-20 14:23:24+00
531	pbkdf2_sha256$600000$OpsYUwFgVCALyURKRr27zR$TpDMFkfrRUx6/rUjg6EgA9QOcyU+BSGLy1hAeyeutc4=	\N	f	admin_asmal	Admin	Asmal		f	t	2025-06-20 14:30:57+00
523	g>|&/n,8Y;	\N	f	cuidador2_asmal	Cuidador2	Asmal	cuidador2asmal@gmail.com	f	t	2025-06-20 14:26:31+00
527	v~+IxFJ9&M	\N	f	mentor1_asmal	Mentor1	Asmal	mentor1asmal@gmail.com	f	t	2025-06-20 14:28:56+00
519	@MentHA@23	\N	f	participante2_asmal	Participante2	Asmal	participante2asmal@gmail.com	f	t	2025-06-20 14:24:05+00
524	,z4QQ2_4dN	\N	f	cuidador3_asmal	Cuidador3	Asmal	cuidador3asmal@gmail.com	f	t	2025-06-20 14:26:48+00
528	]`6oE!|s%I	\N	f	mentor2_asmal	Mentor2	Asmal	mentor2asmal@gmail.com	f	t	2025-06-20 14:29:22+00
520	@MentHA@23	\N	f	participante3_asmal	Participante3	Asmal	participante3asmal@gmail.com	f	t	2025-06-20 14:24:28+00
3	pbkdf2_sha256$600000$UA3akiBKDvzvjFiqa2QUG3$wp+WGf6f7sVo49STcGbILM3GZZgKZDNOn12AiyEy8PQ=	2025-06-20 14:22:09.298511+00	t	superuser	Super		superuser@gmail.com	t	t	2022-04-23 15:38:09+00
525	0`@uL/L#i^	\N	f	cuidador4_asmal	Cuidador4	Asmal	cuidador4asmal@gmail.com	f	t	2025-06-20 14:27:10+00
529	"84WC*lhvL	\N	f	dinamizador1_asmal	Dinamizador1	Asmal	dinamizador1asmal@gmail.com	f	t	2025-06-20 14:29:56+00
521	@MentHA@23	\N	f	participante4_asmal	Participante4	Asmal	participante4asmal@gmail.com	f	t	2025-06-20 14:25:09+00
\.


--
-- Data for Name: auth_user_groups; Type: TABLE DATA; Schema: public; Owner: leda
--

COPY public.auth_user_groups (id, user_id, group_id) FROM stdin;
452	3	1
1059	518	6
1060	519	6
1061	520	6
1062	521	6
1063	522	4
1064	523	4
1065	524	4
1066	525	4
1067	526	2
1068	527	7
1069	528	7
1070	529	5
1071	530	5
1072	531	1
\.


--
-- Data for Name: auth_user_user_permissions; Type: TABLE DATA; Schema: public; Owner: leda
--

COPY public.auth_user_user_permissions (id, user_id, permission_id) FROM stdin;
\.


--
-- Data for Name: diario_administrador; Type: TABLE DATA; Schema: public; Owner: leda
--

COPY public.diario_administrador (id, reference_id, user_id) FROM stdin;
2	\N	3
16	10	531
\.


--
-- Data for Name: diario_atividade; Type: TABLE DATA; Schema: public; Owner: leda
--

COPY public.diario_atividade (id, numero, nome, descricao) FROM stdin;
19	19	... Mas que tem solu├º├Áes!	No seguimento da atividade anterior, os elementos do grupo dividem-se em grupos de 2 a 3 elementos. Neste contexto mais ├¡ntimo de discuss├úo, o grupo ├® convidado a identificar estrat├®gias de gest├úo de stresse e de coping que utilizam ou reconhecem que poderiam/deveriam utilizar, com o intuito de melhor gerir o stresse, as suas emo├º├Áes e cuidar de si pr├│prio (potenciando, sempre que poss├¡vel, as experi├¬ncias e o know-how dos pr├│prios CI).\r\n O grupo deve sistematizar estas estrat├®gias em cartolinas/ folhas (em texto, desenho ou outro). Por fim, cada grupo dever├í apresentar aos colegas a sua "obra", promovendo a discuss├úo e partilha entre todos.\r\nAs cartolinas/ folhas dever├úo ser afixadas no espa├ºo onde decorre a sess├úo e lidas/ relembradas sempre que pertinente.
14	14	Pintar as emo├º├Áes	Nesta atividade pretende-se que os CI relaxem atrav├®s da pintura e reflitam sobre as suas emo├º├Áes, inerentes ├ás dificuldades na comunica├º├úo e na gest├úo de comportamentos desafiantes.\r\nO dinamizador dever├í criar um ambiente calmo e com m├║sica a gosto do grupo. O grupo dever├í estar disposto ├á volta de uma mesa, onde encontrar├úo o material necess├írio no centro desta.\r\nO CI ├® convidado a pintar as suas emo├º├Áes, relativamente ao assunto explorado. Depois de todos terminarem, ├® pedido ao CI que partilhe com o grupo a sua "obra", fazendo refer├¬ncia ├ás suas emo├º├Áes. \r\nNo final, os CI s├úo convidados a deixar a sua "obra" no espa├ºo da parede reservado para o efeito.\r\nCaso haja algum CI que mostre constrangimentos em pintar, poder├í, por exemplo, fazer recortes ou desenho, utilizando revistas e jornais.
1	1	O meu barco	A atividade inicia com uma viagem de barco.\r\nO barco de papel dever├í passar pelas m├úos de todos com movimentos dos bra├ºos simulando a navega├º├úo. \r\nEnquanto o barco passa pelos cuidadores, o dinamizador dever├í acompanhar os movimentos com frases do tipo: \r\n\r\n* "todas as viagens t├¬m altos e baixos, ... fases mais positivas e outras mais desafiantes", \r\n* "h├í sempre um ponto de partida, um contexto, que n├úo pode ser esquecido, mas antes compreendido", \r\n* "e depois h├í um porto de abrigo, onde o barco vai atracar, trazendo para terra imensas coisas boas de outros lugares".\r\n\r\nDepois desta(s) primeira(s) volta(s), o dinamizador dever├í pedir a cada elemento que partilhe com o grupo a sua identidade, para que todos se conhe├ºam melhor. Ent├úo, de forma breve, e com o barco no seu "porto", cada um dever├í dizer o seu nome e falar um pouco do contexto do cuidado prestado (por exemplo, de quem cuida, h├í quanto tempo cuida, o n├¡vel de cuidados prestados). \r\n\r\nDar liberdade para que a pessoa possa partilhar outras informa├º├Áes, caso o entenda (ex. idade, onde vive, doen├ºa do recetor de cuidados). \r\n\r\nNota: controlar eficazmente o tempo de participa├º├úo dos elementos.
3	3	As comadres	Com esta atividade pretende-se promover uma rela├º├úo emp├ítica entre os participantes, e relembrar a identidade dos elementos do grupo.\r\n\r\n├Ç vez, cada elemento dever├í apresentar o/a "compadre/ comadre" do lado, dizendo o seu nome e duas caracter├¡sticas individuais ou da sua hist├│ria de vida.
12	12	Participa├º├úo semanal - As dificuldades do dia-a-dia	At├® ├á pr├│xima sess├úo, s├úo colocados 2 desafios ao CI:\r\n1. que tente implementar algumas das boas pr├íticas exploradas nesta sess├úo;\r\n2. que traga uma situa├º├úo vivenciada (pessoalmente ou n├úo) que represente um contexto de dif├¡cil gest├úo, nomeadamente ao n├¡vel da comunica├º├úo ou comportamento inapropriado, para que se discuta na pr├│xima sess├úo.\r\nO CI dever├í registar no Di├írio de Bordo a sua experi├¬ncia para discuss├úo na pr├│xima sess├úo.
8	8	Participa├º├úo semanal - Agarro a oportunidade	Nesta sess├úo, a "participa├º├úo semanal" desafia os CI a agarrarem a oportunidade de aplicar pelo menos uma das orienta├º├Áes/ boas pr├íticas discutidas na sess├úo relativas ├á presta├º├úo de cuidados de higiene e conforto, elimina├º├úo, alimenta├º├úo e medica├º├úo. O CI dever├í registar no Di├írio de Bordo a sua experi├¬ncia para discuss├úo na pr├│xima sess├úo.
9	9	Participa├º├úo semanal - Em busca da boa postura	Com esta "participa├º├úo semanal" pretende-se que o CI consolide os conhecimentos relativos ├ás boas pr├íticas nas transfer├¬ncias e posicionamentos do RC adquiridos na sess├úo. \r\n(Quando aplic├ível) O CI ├® convidado a experimentar outras op├º├Áes de posicionamento e formas de apoiar a transfer├¬ncia, considerando as boas pr├íticas visadas na sess├úo. \r\n├ë ainda solicitado ao CI que transmita este conhecimento e boas pr├íticas aos seus familiares e amigos que o apoiam no cuidado.\r\nRegistar a concretiza├º├úo da atividade no Di├írio de Bordo, referindo tamb├®m, caso tenha existido, alguma queixa de dor e os n├¡veis de bem-estar sentidos ao longo dos dias.
5	5	Participa├º├úo semanal - conhecer a doen├ºa	A "participa├º├úo semanal" ├® uma tarefa a realizar entre as sess├Áes e que refor├ºa, deste modo, a continuidade da interven├º├úo inter-sess├Áes.\r\nNeste primeiro desafio ├® pedido aos CI, cujas doen├ºas mentais dos RC tenham sido discutidas em sess├úo, que partilhem com familiares, vizinhos e/ou amigos os conhecimentos adquiridos na sess├úo, esclarecendo quest├Áes associadas ├á doen├ºa (sinais e sintomas, comportamentos esperados, evolu├º├úo, ...). Registar a concretiza├º├úo da atividade no Di├írio de Bordo.
6	6	Emoticons	Participam mais ativamente nesta atividade os CI de RC com esquizofrenia ou incapacidade intelectual.\r\nNesta atividade pretende-se que o CI partilhe com o grupo os principais sentimentos/ estado de esp├¡rito quanto ├á gest├úo da doen├ºa do familiar/amigo, podendo refletir sobre as dificuldades, ang├║stias e felicidades.\r\nCada elemento recebe tr├¬s emoticons sem express├úo facial (no fundo, tr├¬s c├¡rculos amarelos). \r\nNeles, o CI dever├í desenhar a express├úo facial que representa o seu estado de esp├¡rito acerca da gest├úo da doen├ºa do familiar/amigo (utilizar├í o n├║mero de emoticons que entender).\r\n ├ë ent├úo pedido a cada participante que partilhe com o grupo o(s) seu(s) emoticons, procurando-se uma perspetiva positiva e de valoriza├º├úo do papel do cuidador e da import├óncia do apoio dado ao RC.
10	10	A comunica├º├úo ├® um desafio	Para esta atividade, estar├úo dispon├¡veis 4 casos que representam situa├º├Áes de dificuldade na comunica├º├úo ou na gest├úo de comportamentos desadequados no ├ómbito de quadros de dem├¬ncia, perturba├º├úo bipolar, esquizofrenia ou incapacidade intelectual.\r\n \r\nO dinamizador l├¬ um dos casos e convida o grupo a discuti-lo, de modo a identificar as boas pr├íticas utilizadas, os potenciais erros ou debilidades, e apontar outras op├º├Áes que permitam lidar com a situa├º├úo. O dinamizador dever├í validar/ corrigir as participa├º├Áes dos CI, acrescentando informa├º├úo sempre que necess├írio.\r\n Para tal, ter├í a orienta├º├úo do panfleto, a entregar no final ao CI, intitulado "Boas pr├íticas na comunica├º├úo e na gest├úo de comportamentos".\r\n Dever├í repetir-se para os restantes casos.\r\nAp├│s a explora├º├úo de cada caso, os CI dever├úo sistematizar as boas pr├íticas na comunica├º├úo e na gest├úo de comportamentos inapropriados em cartolinas/ folhas, num trabalho realizado em grupo (2 a 3 elementos cada). As cartolinas/ folhas dever├úo ficar afixadas no espa├ºo existente para o efeito e lidas/ relembradas sempre que pertinente.
20	20	Participa├º├úo semanal - Compreender o stresse e as emo├º├Áes	Para esta semana, o desafio do CI ├® o de identificar, no seu dia-a-dia, as emo├º├Áes inerentes ao cuidado prestado. Sempre que estas sejam negativas/"m├ís", utilizar as estrat├®gias referidas na sess├úo.\r\nRegistar a concretiza├º├úo da atividade no Di├írio de Bordo, preferencialmente, utilizando um registo pict├│rico do n├¡vel de stresse antes e depois do uso da estrat├®gia.
15	15	Participa├º├úo semanal - Ajudar a fam├¡lia a comunicar melhor	Neste desafio ├® pedido aos CI que partilhem com familiares, vizinhos e/ou amigos os conhecimentos adquiridos na sess├úo, nomeadamente as boas pr├íticas na comunica├º├úo e na gest├úo dos comportamentos desafiantes. O CI dever├í registar a concretiza├º├úo da atividade no Di├írio de Bordo.
17	17	Participa├º├úo semanal - Um "bom" dia	Para esta semana, ├® colocado o desafio ao CI de ajudar o RC a alterar a organiza├º├úo e tipo de  atividades realizadas ao longo da semana. Isto ├®, pretende-se que o CI ajude o RC a ocupar o seu tempo com (mais) atividades de lazer, entretenimento e de estimula├º├úo que lhe sejam prazerosas. O CI dever├í registar a concretiza├º├úo da atividade no Di├írio de Bordo.
16	16	Mapa de atividades do RC	Com o apoio da ficha "Como se ocupa", o CI dever├í identificar as atividades que o RC mais gosta de realizar, como gosta(va) de ocupar o seu tempo. Quando todo o grupo tiver preenchido esta primeira parte, explica-se o exerc├¡cio seguinte (verso da p├ígina). O CI dever├í preencher o mapa semanal com as atividades que o RC realiza ao longo de uma semana normal/ t├¡pica. Em seguida, deve contabilizar as horas registadas no mapa das atividades prazerosas, refletindo sobre o "quanto" o RC realiza atividades que lhe d├úo prazer e satisfa├º├úo ao longo da semana.
18	18	Sou um ser emocional...	O dinamizador dever├í come├ºar a atividade com a leitura de um testemunho de um cuidador, onde se relate o turbilh├úo de emo├º├Áes associados ao cuidado, assim como a import├óncia da gest├úo emocional.\r\nO grupo ├® convidado a refletir em sil├¬ncio sobre o testemunho que ouviram durante 1 ou 2 minutos. Posteriormente, o dinamizador dever├í promover a discuss├úo dos elementos acerca do caso: "O que acharam deste caso?", "Identificam-se com ele?", "Que tipo de emo├º├Áes est├úo aqui presentes?", "J├í as experienciaram?", "Como lidaram com elas?", "Que estrat├®gias (de gest├úo de stresse e gest├úo emocional) utilizaram?"\r\nO dinamizador dever├í abordar o conceito de stresse no contexto dos cuidados informais. Explorar os antecedentes, os comportamentos e pensamentos, assim como as consequ├¬ncias das mesmas (ciclo A - K - C). Dever├í ainda referir a componente positiva do stresse na vida das pessoas.
25	25	Mapa de atividades do CI	Com o apoio da ficha "Como me ocupo", o CI dever├í preencher o mapa semanal com as atividades que realiza ao longo de uma semana normal. \r\nEm seguida, deve contabilizar as horas registadas no mapa das atividades prazerosas, refletindo sobre o "quanto" investe na sua satisfa├º├úo e bem-estar.
26	26	Participa├º├úo semanal - Fazer mais e melhor	Neste ├║ltimo desafio, o CI dever├í tentar melhorar a gest├úo do seu tempo, de modo a incluir a realiza├º├úo de atividades que lhe sejam satisfat├│rias e promovam o seu bem-estar. O CI dever├í registar a concretiza├º├úo da atividade no Di├írio de Bordo.
27	27	A teia da amizade	Esta atividade procura criar o contexto para a partilha de emo├º├Áes, sentimentos e ideias dos v├írios elementos do grupo quanto ├á participa├º├úo no programa.\r\nOs elementos do grupo devem ser dispostos em c├¡rculo, sendo que o dinamizador tem consigo os 4 novelos de l├ú. Antes de passar o primeiro novelo a outro elemento, mantendo consigo uma ponta deste, dever├í responder ao "Gostei de estar aqui convosco porque...". O novelo vai passando de elemento para elemento, em que cada um segura uma ponta do novelo, at├® que todos tenham respondido a esta quest├úo. Segue-se ent├úo um segundo novelo, de cor diferente, em associa├º├úo ├á quest├úo: "Do mais importante que levo comigo, ├®...". Este procedimento repete-se para as quest├Áes seguintes, cada uma com um novelo de cor diferente: "N├úo estava ├á espera de..."e "No final deste percurso sinto-me....". \r\nNo final, forma-se uma teia colorida que une todos os participantes, sobressaindo a ideia da rede social, dos la├ºos e entreajuda estabelecidos entre o grupo.
23	23	Participa├º├úo semanal - Pensar positivo	S├úo colocados dois desafios ao CI para esta semana:\r\n1.\tdever├í relembrar-se dos aspetos positivos associados ao cuidado;\r\n2.\tsempre que surjam situa├º├Áes menos boas, dever├í fazer o exerc├¡cio de procurar o lado positivo da situa├º├úo.\r\nO CI dever├í registar a experi├¬ncia desta atividade no Di├írio de Bordo, descrevendo as situa├º├Áes e estrat├®gias utilizadas.
21	21	"Important├│metro"	Inicialmente, ├® pedido aos elementos do grupo que reflitam por 3 ou 4 minutos sobre os aspetos positivos associados ├á tarefa de cuidar (i.e. O que h├í de mais positivo no cuidar do outro? \r\nQue tipo de satisfa├º├úo est├í inerente ao cuidar do outro? O que justifica a continuidade do cuidado ao longo do tempo?).\r\nAp├│s esta reflex├úo, ├® entregue a cada participante a ficha intitulada "Important├│metro", que dar├í apoio ├á concretiza├º├úo da restante atividade.\r\n├Ç vez, ├® pedido ao CI que partilhe qual o aspeto mais positivo que encontrou no cuidar do seu familiar/amigo. \r\nTodos os elementos dever├úo escrever essa ideia na ficha (a ficha apresenta tantas op├º├Áes, quanto o n├║mero de elementos do grupo). \r\nA certo ponto, os aspetos mais positivos dos elementos j├í foram referidos, pelo que o CI dever├í identificar um novo aspeto positivo, e acrescentam na ficha de igual modo. \r\nNo final, ├® pedido que reflitam sobre os v├írios aspetos positivos associados ao cuidado e que os classifiquem numa escala de import├óncia (0 - nada importante a 10 - extremamente importante).
24	24	O frasco (meio) cheio	Materiais: recipiente transparente (3 a 4 L); 1 Kg de arroz; caf├® em p├│ (2 ch├ívenas); Para cada CI participante: 1 bola de pingue-pongue, 2 bot├Áes coloridos (aprox. 2 cm di├ómetro) e 4 gr├úos secos.\r\nCom esta atividade, pretende-se abordar a t├®cnica de gest├úo do uso do tempo, de modo a incentivar o CI a realizar as atividades de lazer que lhe s├úo mais prazerosas. \r\nDeve ser refor├ºada a ideia de que, para ganhar tempo, o cuidador necessita de gerir eficazmente as tarefas do dia-a-dia, fazendo esta gest├úo com base no grau de import├óncia/ urg├¬ncia de cada atividade, estabelecendo para isso, prioridades. \r\nO dinamizador ter├í consigo um recipiente transparente onde os CI ir├úo colocar diversos objetos/ materiais. A cada CI ├® entregue 1 bola de pingue-pongue, 2 bot├Áes coloridos (aprox. 2 cm di├ómetro) e 4 gr├úos secos. \r\nA cada tipo de objetos ├® atribu├¡do um n├¡vel de satisfa├º├úo para com as atividades de lazer (a bola representa a atividade de lazer preferida do CI, seguindo-se as 2 atividades representadas pelos bot├Áes e as ├║ltimas 4, que se materializam nos gr├úos secos). \r\n\r\nA atividade inicia com o pedido ao CI para que pense na atividade de lazer (f├¡sica, de rela├º├úo social, cultural, espiritual, ...) de que mais gosta. Em seguida, o CI coloca a bola dentro do recipiente, verbalizando e partilhando a atividade com os colegas. \r\nQuando todos tenham participado, passa-se para o n├¡vel seguinte.\r\n├ë agora pedido ao CI que identifique 2 atividades que tamb├®m gosta bastante de realizar, mas menos do que a anterior. ├Ç vez, o CI dever├í colocar os bot├Áes no recipiente, ap├│s partilhar com o grupo as atividades de que gosta. \r\nPor ├║ltimo, repete-se a atividade, agora para os 4 gr├úos secos, que representam outras atividades de lazer de que gosta, mas n├úo tanto quanto as anteriores.\r\nPergunta-se ao grupo se est├úo satisfeitos com as atividades que identificaram e se o frasco estar├í suficientemente cheio. \r\nPartindo do pressuposto de que a resposta ser├í negativa, o dinamizador dever├í encher o recipiente com arroz, de modo a preencher os espa├ºos vazios. \r\n├ë questionado ao grupo que tipo de atividades poder├úo ser estas, sendo que o dinamizador dever├í orientar as respostas para aquelas atividades do dia-a-dia que t├¬m necessariamente que existir, tais como preparar as refei├º├Áes, tratar da nossa higiene, dormir... que tamb├®m s├úo atividades importantes para o bem-estar da pessoa".\r\nPor ├║ltimo, quando o recipiente parece estar cheio, pergunta-se novamente ao grupo se "n├úo cabem mais atividades neste recipiente". \r\nO dinamizador deve ent├úo juntar duas ch├ívenas de caf├® ao recipiente (o que, metaforicamente, demonstra que a vida pode estar muito ocupada, mas que h├í sempre espa├ºo para um caf├® com um amigo!).
7	7	Imagens sentidas	Com esta atividade pretende-se que os CI partilhem com o grupo as dificuldades, constrangimentos, sentimentos e emo├º├Áes sentidas na presta├º├úo de cuidados de higiene e conforto, elimina├º├úo, alimenta├º├úo e medica├º├úo.\r\nO grupo deve ser disposto ├á volta de uma mesa. \r\nNo centro dessa mesa encontram revistas, jornais, tesouras, cola, folhas brancas, canetas/ l├ípis de cor. ├ë proposto ao cuidador que crie uma imagem elucidativa (ex. recortes, desenho) de alguma das principais dificuldades, constrangimentos, sentimentos e emo├º├Áes sentidas no ├ómbito da presta├º├úo destes cuidados.\r\nPosteriormente, cada CI partilha com o grupo a sua "obra" explicando-a ├á luz do objetivo da atividade.\r\nSempre que poss├¡vel, devem enaltecer-se emo├º├Áes positivas no contexto do cuidado e do papel do participante enquanto CI.\r\nNo final, os CI s├úo convidados a deixar a sua "obra" no espa├ºo da parede reservado para o efeito.
22	22	Estar bem para cuidar bem	Os elementos do grupo devem organizar-se em pares. \r\n├Ç vez, cada um ir├í realizar uma massagem ao colega, de cerca de 8 minutos. \r\nEsta massagem pode ser realizada ├ás m├úos, utilizando um creme hidratante com cheiro agrad├ível, ou utilizando um outro objeto que tenha esta fun├º├úo, por exemplo para massajar as costas/ bra├ºos ou a cabe├ºa. \r\nComo tal, o dinamizador dever├í criar um ambiente calmo, com m├║sica relaxante e, durante a massagem, convidar os elementos a fechar os olhos para potenciar a perce├º├úo t├íctil. \r\nA meio da atividade o dinamizador dever├í perguntar se est├úo a gostar, pedindo que se foquem na sensa├º├úo positiva vivenciada no momento; que tenham perce├º├úo das emo├º├Áes presentes. Repete-se para os outros elementos.\r\nNo seguimento da atividade, dever├í ser pedido ao grupo que verbalize as emo├º├Áes identificadas no momento da massagem, promovendo-se deste modo, a consciencializa├º├úo de emo├º├Áes de satisfa├º├úo e bem-estar. Neste contexto, dever├í refletir-se sobre a import├óncia do bem-estar na vida pessoal (na sua felicidade), assim como na qualidade dos cuidados prestados, uma vez que - se eu n├úo estiver bem, n├úo posso cuidar bem".
4	4	├ürbitro de emo├º├Áes	Participam mais ativamente nesta atividade os CI de RC com dem├¬ncia ou perturba├º├úo bipolar. \r\nNesta atividade os participantes s├úo convidados a partilhar as suas emo├º├Áes com o grupo acerca da gest├úo dos cuidados prestados e da doen├ºa do RC (por exemplo, partilha das principais dificuldades e ang├║stias sentidas, assim como dos momentos de satisfa├º├úo). Aquando desta partilha, o participante dever├í levantar o cart├úo da cor associada ao tipo de emo├º├Áes experienciadas, assumindo um papel de ├írbitro de emo├º├Áes.\r\nDepois de explicar o objetivo da atividade, o dinamizador dever├í distribuir um cart├úo verde, um amarelo e um vermelho por cada participante, explicando em seguida o significado de cada um:\r\n\r\n- o cart├úo verde dever├í ser levantado pelo participante na partilha de emo├º├Áes positivas e felizes;\r\n- o cart├úo vermelho na partilha de emo├º├Áes negativas e de ang├║stia. \r\n- o cart├úo amarelo dever├í ser levantado quando o CI tem d├║vidas se o que est├í a partilhar ├® positivo (verde) ou negativo (vermelho).\r\n\r\nSempre que um CI utiliza um cart├úo amarelo, os restantes elementos dever├úo ser convidados a ajud├í-lo a decidir sobre o cart├úo verde ou vermelho para aquele mesmo assunto. Num contexto de empatia, s├úo discutidas as nuances daquela situa├º├úo, procurando-se que resulte num cart├úo verde (num olhar/ emo├º├úo positivo).
2	2	Regras de funcionamento do grupo	Prepara├º├úo: Escrever as frases-chave em pap├®is separados para entregar a cada par de participantes. \r\nDistribuir uma folha de papel e canetas a cada conjunto de participantes.\r\nDesenvolvimento da atividade: \r\nDivide-se o grupo em pares e distribuem-se as frases-regra. Ap├│s alguma reflex├úo e an├ílise acerca da frase-chave, cada par dever├í escolher algumas palavras da frase para escrever numa folha. \r\nPosteriormente, cada par apresenta ao grupo a sua folha, havendo espa├ºo para alguns coment├írios dos colegas.\r\n No final, deve questionar-se o grupo se existe(m) mais alguma(s) regra(s) a considerar. As folhas dever├úo ser afixadas no espa├ºo onde decorre a sess├úo e lidas/ relembradas sempre que necess├írio. \r\n\r\nDe forma a promover uma conviv├¬ncia saud├ível e respeito m├║tuo entre o grupo, s├úo aqui descritas algumas das regras de funcionamento. S├úo elas:\r\n\r\n* Participa├º├úo regular.\r\n* Respeito pelo hor├írio definido.\r\n* Confidencialidade e sigilo. O que se diz no ├ómbito do grupo, deve ficar no grupo. Deve promover-se um ambiente de confian├ºa entre todos.\r\n* Ouvir o outro, para ser ouvido. E, por isso, respeitar quando o outro fala. Existir├í sempre espa├ºo para se fazer ouvir.\r\n* Respeitar a opini├úo do outro e, como tal, a diferen├ºa em rela├º├úo ao outro. \r\n* N├úo fazer ju├¡zos de valor. N├úo existem doentes nem cuidadores perfeitos.\r\n* As intera├º├Áes devem ocorrer no grupo e n├úo entre pares.
13	13	A comunica├º├úo ├® um desafio no meu dia-a-dia	Com esta atividade, pretende-se explorar situa├º├Áes de dificuldade na comunica├º├úo ou na gest├úo de comportamentos indesejados/ desajustados no ├ómbito do dia-a-dia dos CI participantes. \r\nPara tal, dever├úo considerar-se os casos/ situa├º├Áes que cada CI trouxe para serem discutidos no grupo (segunda parte  da Atividade 12).\r\nDever├í ser utilizada a mesma metodologia da sess├úo anterior (Atividade 10), sendo que neste caso quem exp├Áe a situa├º├úo ├® um dos CI. \r\nO grupo ├® convidado a discutir, de modo a identificar as boas pr├íticas na comunica├º├úo utilizadas, os potenciais erros ou debilidades e apontar outras op├º├Áes que permitam lidar com a situa├º├úo. O dinamizador dever├í validar/ corrigir as participa├º├Áes dos CI, acrescentando informa├º├úo sempre que necess├írio. Para tal, ter├í tamb├®m a orienta├º├úo do panfleto "Boas pr├íticas na comunica├º├úo e na gest├úo de comportamentos". \r\nDever├í repetir-se para os restantes casos.\r\nAp├│s a explora├º├úo de cada caso, os CI dever├úo sistematizar as boas pr├íticas na comunica├º├úo e na gest├úo de comportamentos inapropriados, acrescentando informa├º├úo nas cartolinas/ folhas j├í utilizadas na sess├úo anterior, num trabalho realizado em grupo (mantendo os mesmos grupos da Atividade 10). \r\nAs cartolinas/ folhas dever├úo ficar afixadas no espa├ºo onde decorre a sess├úo e lidas/ relembradas sempre que necess├írio.
11	11	Momento de reflex├úo	Com esta atividade pretende-se que o CI tenha a oportunidade de refletir sobre os conte├║dos anteriormente abordados, focando-se nas diferentes formas de lidar com os desafios, refletindo sobre a sua capacidade, potencialidade e compet├¬ncia, enaltecendo a valoriza├º├úo do seu papel. \r\nO dinamizador dever├í criar um ambiente calmo, de meia-luz, com m├║sica calma. Ap├│s prepara├º├úo do ambiente, dever├í ajudar os CI a respirarem mais pausadamente, a fecharem os olhos, e dever├í dizer-lhes (de forma calma e pausada): \r\n"Este momento foi criado para que possam refletir sobre os assuntos que estivemos hoje a explorar: as diferentes situa├º├Áes e formas de lidar com elas; assim como as experi├¬ncias vividas no dia-a-dia com o RC. N├úo esque├ºam ainda de recordar os momentos positivos e de satisfa├º├úo.\r\nEste ├® um momento vosso."\r\nNo final do tempo previsto para a atividade, o dinamizador dever├í pedir aos CI que abram os olhos, retomar a luminosidade anterior e perguntar se se sentem bem. S├│ depois dever├í desligar o som.
\.


--
-- Data for Name: diario_avaliacaoparticipante; Type: TABLE DATA; Schema: public; Owner: leda
--

COPY public.diario_avaliacaoparticipante (id, interesse, comunicacao, iniciativa, satisfacao, humor, eficacia_relacional, observacao, participante_id, sessao_grupo_id, submetido_por_id) FROM stdin;
\.


--
-- Data for Name: diario_avaliacaosessao; Type: TABLE DATA; Schema: public; Owner: leda
--

COPY public.diario_avaliacaosessao (id, planificacao_conteudos, adq_conteudos, adq_materiais, adq_tempo, grau_dominio, necessidade_treino, apreciacao_global, tipo_treino_competencias, observacao, sessao_grupo_id, submetido_por_id) FROM stdin;
\.


--
-- Data for Name: diario_avaliador; Type: TABLE DATA; Schema: public; Owner: leda
--

COPY public.diario_avaliador (id, reference_id, user_id, data_entrada, info_sensivel_id, localizacao, nacionalidade, nascimento, sexo) FROM stdin;
36	\N	526	2025-06-20 14:28:24.466158+00	439			2025-06-23	Feminino
\.


--
-- Data for Name: diario_colaborador; Type: TABLE DATA; Schema: public; Owner: leda
--

COPY public.diario_colaborador (id, sexo, nascimento, data_entrada, nacionalidade, localizacao, info_sensivel_id, reference_id, user_id) FROM stdin;
11		\N	2025-06-20 14:28:24.463736+00			\N	\N	526
12		\N	2025-06-20 14:28:56.532218+00			\N	\N	527
13		\N	2025-06-20 14:29:22.602652+00			\N	\N	528
14		\N	2025-06-20 14:29:56.192727+00			\N	\N	529
15		\N	2025-06-20 14:30:18.179396+00			\N	\N	530
\.


--
-- Data for Name: diario_cuidador; Type: TABLE DATA; Schema: public; Owner: leda
--

COPY public.diario_cuidador (id, sexo, nascimento, data_entrada, nacionalidade, localizacao, escolaridade, regime, info_sensivel_id, referenciacao_id, user_id, "agregadoFamiliar", "autoAvaliacaoEstadoSaude", "diaNormal", "diaNormal30DiasDormir_minutos", "diaNormal30DiasSupervisao_dias", "diaNormal30DiasSupervisao_minutos", "diaNormal30DiasTarefasCasa_dias", "diaNormal30DiasTarefasCasa_minutos", "diaNormal30DiasTarefasWC_dias", "diaNormal30DiasTarefasWC_minutos", "estadoCivil", "motivoDependecia", "nivelContribuicao", "nrFilhos", "periodicidadeCuidado", "prestadoresCuidadosAmigos", "prestadoresCuidadosFamiliares", "prestadoresCuidadosOutros", "prestadoresCuidadosProfissionaisCD", "prestadoresCuidadosProfissionaisSAD", "prestadoresCuidadosVizinhos", "principalMotivoParaCuidar", "profissaoPrincipal", residencia, "situacaoEconomica", "situacaoLaboral", "temFilhos", "tempoCuidados_meses", "viveComParticipante", avaliador_id, comorbilidades, "diagnosticoPrincipal") FROM stdin;
48	Masculino	2025-06-18	2025-06-20 14:25:48.812474+00	\N	\N	1-4	Online	435	10	522	Vive sozinho(a)	Nem mau nem bom		0	0	0	0	0	0	0	Solteiro(a)	Dem├¬ncia/Doen├ºa Neurocognitiva (cognitiva adquirida)	1%-20%	0	\N	0	0	0	0	0	0	\N	\N	Urbana	Satisfat├│ria	Reformado(a)	f	0	Sim	526	\N	\N
49	Masculino	2025-06-17	2025-06-20 14:26:31.230121+00	\N	\N	1-4	Online	436	10	523	Vive sozinho(a)	Nem mau nem bom		0	0	0	0	0	0	0	Solteiro(a)	Dem├¬ncia/Doen├ºa Neurocognitiva (cognitiva adquirida)	1%-20%	0	\N	0	0	0	0	0	0	\N	\N	Urbana	Satisfat├│ria	Reformado(a)	f	0	Sim	526	\N	Bipolar
50	Masculino	2025-06-11	2025-06-20 14:26:48.711292+00	\N	\N	1-4	Online	437	10	524	Vive sozinho(a)	Nem mau nem bom		0	0	0	0	0	0	0	Solteiro(a)	Dem├¬ncia/Doen├ºa Neurocognitiva (cognitiva adquirida)	1%-20%	0	\N	0	0	0	0	0	0	\N	\N	Urbana	Satisfat├│ria	Reformado(a)	f	0	Sim	526	\N	Dem├¬ncia
51	Masculino	2025-06-11	2025-06-20 14:27:10.77561+00	\N	\N	1-4	Online	438	10	525	Vive sozinho(a)	Nem mau nem bom		0	0	0	0	0	0	0	Solteiro(a)	Dem├¬ncia/Doen├ºa Neurocognitiva (cognitiva adquirida)	1%-20%	0	\N	0	0	0	0	0	0	\N	\N	Urbana	Satisfat├│ria	Reformado(a)	f	0	Sim	526	\N	Dem├¬ncia
\.


--
-- Data for Name: diario_cuidador_diagnosticos; Type: TABLE DATA; Schema: public; Owner: leda
--

COPY public.diario_cuidador_diagnosticos (id, cuidador_id, doenca_id) FROM stdin;
7	48	18
8	49	18
9	50	14
10	51	14
\.


--
-- Data for Name: diario_cuidador_grupo; Type: TABLE DATA; Schema: public; Owner: leda
--

COPY public.diario_cuidador_grupo (id, cuidador_id, grupo_id) FROM stdin;
267	48	195
268	49	195
269	50	196
270	51	196
\.


--
-- Data for Name: diario_dinamizadorconvidado; Type: TABLE DATA; Schema: public; Owner: leda
--

COPY public.diario_dinamizadorconvidado (id, sexo, nascimento, data_entrada, nacionalidade, localizacao, funcao, info_sensivel_id, user_id, reference_id) FROM stdin;
41	Feminino	2025-06-16	2025-06-20 14:29:56.196217+00				442	529	\N
42	Feminino	2025-06-17	2025-06-20 14:30:18.183062+00				443	530	\N
\.


--
-- Data for Name: diario_dinamizadorconvidado_grupo; Type: TABLE DATA; Schema: public; Owner: leda
--

COPY public.diario_dinamizadorconvidado_grupo (id, dinamizadorconvidado_id, grupo_id) FROM stdin;
\.


--
-- Data for Name: diario_documents; Type: TABLE DATA; Schema: public; Owner: leda
--

COPY public.diario_documents (id, name, description, file) FROM stdin;
1	Nome	Portugal	files/MentHA_COG.png
\.


--
-- Data for Name: diario_documents_cuidador; Type: TABLE DATA; Schema: public; Owner: leda
--

COPY public.diario_documents_cuidador (id, documents_id, cuidador_id) FROM stdin;
\.


--
-- Data for Name: diario_doenca; Type: TABLE DATA; Schema: public; Owner: leda
--

COPY public.diario_doenca (id, nome) FROM stdin;
14	Dem├¬ncia
6	Esquizofrenia
15	Incapacidade Intelectual
10	Perturba├º├úo Bipolar
16	Epilepsia
17	Epilepsia
18	Bipolar
19	Epilepsia
23	Depress├úo Major
24	Doen├ºa Mental
25	Doen├ºa Mental
26	N├úo sabe
27	N├úo
28	N├úo (hiperactividade)
29	Nada (hiperactividade)
\.


--
-- Data for Name: diario_escolha; Type: TABLE DATA; Schema: public; Owner: leda
--

COPY public.diario_escolha (id, resposta_escrita, opcao_id, parte_grupo_id, pergunta_id, sessao_grupo_id, utilizador_id) FROM stdin;
\.


--
-- Data for Name: diario_exercicio; Type: TABLE DATA; Schema: public; Owner: leda
--

COPY public.diario_exercicio (id, dominio, numero, duracao, descricao, material, instrucao, instrucao_participante) FROM stdin;
6	Mem├│ria Visual Diferida	6	15	A partir do exerc├¡cio de mem├│ria visual imediata (exerc├¡cio 4) os participantes devem responder a perguntas sobre as imagens	* Quadro/ cart├úo\r\n* Dossier de exerc├¡cios	Agora vamos recordar as imagens que memorizaram h├í pouco. \r\n\r\nCada participante, um de cada vez, dir├í um elemento que se recorda de cada imagem (cada participante diz um elemento da imagem 1, da imagem 2 e assim sucessivamente).\r\nSe n├úo acertar ser├í aplicada uma prova de reconhecimento atrav├®s da visualiza├º├úo da imagem integrada num conjunto de 2 imagens distratoras).  \r\n\r\nO facilitador regista na tabela o desempenho de cada participante (Teve/n├úo teve dificuldade; Com/sem ajuda)	
9	Mem├│ria l├│gica Verbal Imediata e Leitura	7	15	A. Lista de palavras (2 palavras)\r\n\r\nB. Lista de palavras (3 palavras)	* Quadro\r\n* Dossier\r\n* L├ípis	Vou dizer calmamente um conjunto de palavras que vou pedir-vos que as memorizem. Seguidamente escrevem no vosso caderno. \r\nQuem quer repetir as palavras que disse?\r\n\r\n**Notas: No caso dos participante sem literacia ou com dificuldades na escrita, o facilitador escreve no caderno desse mesmo participante.\r\nApenas um dos participantes (participa├º├úo volunt├íria) repete as palavras em voz alta. Os colegas podem ajudar.\r\nAplicar pelo menos 2 s├®ries de cada n├¡vel. Come├ºar pelo n├¡vel mais simples e depois o n├¡vel mais complexo. Todos os participantes podem fazer as v├írias s├®ries. **	
2	Orienta├º├úo temporal e espacial	1	10	Assinalar no calend├írio a data, hora e localiza├º├úo da sess├úo.	* Calend├írio que est├í no inicio de cada dossier\r\n* L├ípis\r\n* Dossier de exerc├¡cios	Na primeira p├ígina do vosso dossier encontram um calend├írio onde vamos assinalar a data de hoje. Se souberem que dia ├® hoje, por favor fa├ºam um c├¡rculo ├á volta desse dia Abram o dossier no separador da sess├úo de hoje.\r\n \r\n**Nota: O facilitador deve mostrar qual o espa├ºo reservado para cada uma das instru├º├Áes (data, hora, local).**	Na primeira p├ígina do vosso dossier encontram um calend├írio onde vamos assinalar a data de hoje. Se souberem que dia ├® hoje, por favor fa├ºam um c├¡rculo ├á volta desse dia Abram o dossier no separador da sess├úo de hoje.
7	Encerramento	99	10	Os participantes classificam a sess├úo utilizando os quatro smiles presentes em cada dossier. Acrescentam coment├írios, se o desejarem.\r\n\r\nRelembrar a data da pr├│xima sess├úo e Despedida dos participantes	* Imagens dos smiles (projetadas ou em cart├úo)\r\n* Dossier de exerc├¡cios\r\n* L├ípis	Observe as imagens e escolha a que melhor representa a maneira como se sentiu. Assinale no seu dossier.\r\n\r\nSe quiser, pode escrever, no espa├ºo reservado para o efeito, coment├írios.	
8	Aten├º├óo / Praxia construtiva/ Percep├º├úo	3	20	A. Copiar um desenho simples (2D)\r\n\r\nB. Copiar um desenho complexo (3D)	* Quadro\r\n* L├ípis\r\n* Borracha\r\n* Dossier de exerc├¡cios	Vamos realizar a c├│pia de um desenho que est├í no vosso dossier. N├úo se preocupem que n├úo se pretende avaliar as vossas habilidades art├¡sticas, mas treinar o uso do l├ípis. \r\nPe├ºo que fa├ºam o melhor que conseguirem.	
19	Mem├│ria verbal imediata / Leitura / Compreens├úo / Cr├¡tica	17	25	A partir de uma not├¡cia do jornal os participantes dever├úo:\r\n\r\n1. Explicar o que se recorda daquela informa├º├úo;\r\n2. Responder a perguntas sobre a noticia;\r\n3. Dar a opini├úo pessoal sobre a noticia lida.	* Quadro\r\n* Dossier de exerc├¡cios\r\n* L├ípis	Vou ler-vos uma not├¡cia do jornal que pe├ºo que ou├ºam com aten├º├úo para que possam responder a perguntas e dar a vossa opini├úo sobre a not├¡cia lida.	
23	Aten├º├úo / Mem├│ria Operativa / Controlo mental	21	10	Apresenta├º├úo de uma sequencia de quadrados coloridos (at├® 6) que os participantes devem replicar a apresenta├º├úo por ordem crescente	* Quadro\r\n* Dossier de exerc├¡cios\r\n* L├ípis de cor /canetas	"Vou apresentar-vos uma sequ├¬ncia de quadrados coloridos, que voc├¬s devem replicar (ou reproduzir) pela mesma ordem em que eu vou mostrei, pintando os quadrados que se encontram no vosso dossier. S├│ come├ºam a pintar os quadrados depois de eu os apresentar todos, que s├úo 6. Algu├®m tem d├║vidas?"	
20	Aten├º├úo e Mem├│ria operativa	18	15	Apresenta├º├úo da numera├º├úo de 0-10\r\n\r\n\r\nA. Apresenta├º├úo de S├®ries num├®ricas ordem direta\r\n\r\nB.  Apresenta├º├úo de S├®ries num├®ricas ordem Inversa	* Quadro\r\n* Dossier de exerc├¡cios\r\n* L├ípis	Vou pedir que me indiquem alternadamente, os seguintes n├║meros: 0- 10. Quem quer come├ºar?	
21	Mem├│ria verbal diferida	19	20	Os participantes devem contar a not├¡cia do jornal\r\n\r\n\r\nA. Evoca├º├úo Guiada com pistas\r\n\r\nB. Evoca├º├úo Livre	* Dossier de exerc├¡cios\r\n* L├ípis	Gostava que se recordem da not├¡cia do jornal que fal├ímos anteriormente.	
15	Mem├│ria verbal Diferida	13	20	A. Reconhecimento \r\n\r\nB. Evoca├º├úo livre da hist├│ria	* Quadro\r\n* Dossier de exerc├¡cios\r\n* L├ípis	"Vou fazer algumas perguntas para ajudar a se lembrarem da hist├│ria que contei."\r\nO facilitador faz a primeira quest├úo e pergunta ao grupo quem quer responder e assim sucessivamente.	
17	Mem├│ria verbal remota	15	30	Contar de algum acontecimento importante na vida do sujeito (data, pessoas envolvidas e a├º├úo).	* Quadro\r\n* Dossier de exerc├¡cios\r\n* L├ípis	Gostava que me contassem um acontecimento de vida pessoal recente (por exemplo, o que fizeram no fim-de-semana) referindo: onde, quando, como, o qu├¬ e quem. \r\n\r\nA. Os participantes devem descrever oralmente o seu acontecimento. \r\n\r\nB. Os participantes devem registar no caderno e ler para os restantes participantes.	
18	Reconhecimento visual	16	15	Reconhecimento dos objetos quotidianos\r\n\r\nA. Reconhecimento com pistas;\r\n\r\nB. Reconhecimento sem pistas	* Quadro\r\n* Dossier de exerc├¡cios\r\n* L├ípis	Gostava que me contassem um acontecimento de vida pessoal recente (por exemplo, o que fizeram no fim-de-semana) referindo: onde, quando, como, o qu├¬ e quem. \r\n\r\nA. Os participantes devem descrever oralmente o seu acontecimento. \r\n\r\nB. Os participantes devem registar no caderno e ler para os restantes participantes.	
16	Nomea├º├úo / Mem├│ria imediata	14	15	Apresenta├º├úo e nomea├º├úo de objetos quotidianos\r\n\r\nA. Nomea├º├úo de objetos (5 objetos )\r\n\r\nB.  Descri├º├úo de fun├º├úo.	* Quadro\r\n* Dossier de exerc├¡cios\r\n* L├ípis	Hoje tenho aqui v├írias imagens de objetos do nosso dia-a-dia. Vou pedir que me indiquem o nome de cada objeto.	
14	Linguagem / Flu├¬ncia Sem├óntica	12	15	A. Os participantes devem selecionar todos os objetos (imagens) que correspondem ├á mesma categoria/grupo\r\n\r\nB. Os participantes devem escrever durante 1 minuto o m├íximo de utens├¡lios do dia-a-dia que se recordam.	* Quadro\r\n* Dossier de exerc├¡cios\r\n* L├ípis	Vou pedir-vos que identifiquem os objetos da mesma fam├¡lia/ categoria. \r\n\r\n**NOTA: Os participantes s├úo convidados a falar ├á vez.\r\nNa op├º├úo A) n├úo existe tempo de execu├º├úo para a tarefa n├úo ser contaminada pelas dificuldades de aten├º├úo. \r\n**	
22	Aten├º├úo / Mem├│ria Visual Imediata	20	15	Apresenta├º├úo de caras n├úo familiares com evoca├º├úo imediata	* Quadro\r\n* Dossier de exerc├¡cios\r\n* L├ípis\r\n* Fotos	Vou mostrar-vos caras de pessoas desconhecidas que pe├ºo que memorizem para que possam reconhecer quando voltarem a ver novamente. Tenham aten├º├úo aos pormenores. \r\n\r\n**Nota: Cada foto ├® apresentada durante 10 segundos.**	
11	Mem├│ria Remota biogr├ífica/Escrita e Iniciativa verbal	9	20	A. Partilha oral de uma mem├│ria de um epis├│dio de vida.\r\n\r\nB. Escrita de uma mem├│ria de um epis├│dio de vida.	* Dossier de exerc├¡cios\r\n* L├ípis	Vou pedir-vos que contem um acontecimento de vida pessoal antigo, por exemplo, umas viagens que fizeram, o dia do vosso casamento, etc. Devem indicar quando, onde, quem, o que aconteceu, o que mais vos marcou pela positiva/negativa. \r\n\r\nA. Cada participante partilha verbalmente o seu acontecimento.\r\nB. Cada participante escreve no seu caderno.	
13	Mem├│ria imediata Visual / Leitura	11	20	A. Evoca├º├úo com pista acerca de uma hist├│ria\r\n\r\nB. Evoca├º├úo livre sem pistas	* Quadro\r\n* Dossier de exerc├¡cios\r\n* L├ípis	Vou contar-vos uma hist├│ria que pe├ºo que ou├ºam com aten├º├úo. Seguidamente, irei pedir-vos que me contem a hist├│ria e que respondam a quest├Áes sobre a mesma. \r\n\r\nA. Hist├│ria A - Evoca├º├úo oral guiada atrav├®s de pistas /perguntas.\r\nB. Hist├│ria A - Evoca├º├úo livre sem recurso a pistas.	
12	Mem├│ria remota Visual	10	20	Identificar o nome a partir de fotografias de pessoas famosas do passado.\r\n\r\nA. Lista A (pessoas nacionais)\r\nB. Lista B (Pessoas internacionais)	* Quadro/ cart├Áes fotografias\r\n* Dossier de exerc├¡cios\r\n* L├ípis	Hoje vamos relembrar pessoas famosas do passado. Vou pedir que identifiquem quem ├® /foi, de que forma se destacaram e que caracter├¡sticas se recordam delas (ex. sentido de humor, usava sempre chap├®u, etc. ).\r\n\r\nA. Os participantes registam no caderno e em seguida dizem oralmente (pessoas nacionais).\r\nB. Os participantes registam no caderno e em seguida dizem oralmente (pessoas internacionais). \r\n\r\n**Notas: O facilitador pode fornecer pistas, caso o participante n├úo consiga evocar livremente e registar que requereu ajuda.**	
35	Planifica├º├úo	33	20	Os participantes devem resolver conjunto de s├®ries e labirintos (3).	* Quadro/cart├úo\r\n* Dossier de exerc├¡cios\r\n* L├ípis	"O exerc├¡cio seguinte ├® um labirinto. Come├ºam neste ponto de partida e devem encontrar o caminho at├® ao ponto de chegada, aqui. Entenderam?"	
33	Inibi├º├úo de resposta	31	20	A. Os participantes dever├úo dizer o nome das cores trocando-as, ou seja nas bolas verdes deve dizer azul e nas bolas azuis deve dizer verde.\r\n\r\nB. Os participantes devem dizer o nome de figuras geom├®tricas trocando o nome, ou seja nos quadrados dizer bola e nas bolas deve dizer quadrado	* Quadro\r\n* Dossier de exerc├¡cios	**Nota: Manter as bolas e as figuras geom├®tricas vis├¡veis aos participantes.\r\nExerc├¡cio de controlo inibit├│rio realizado ├á vez**	
36	Flexibilidade mental	34	20	Pedir aos participantes que unam as figuras de acordo com as seguintes ordens: \r\n\r\nVerde, vermelho, azul\r\n\r\nAmarelo, azul, vermelho, verde\r\n\r\nBola, quadrado, tri├óngulo e cruz	* Quadro\r\n* Dossier de exerc├¡cios\r\n* L├ípis	Pe├ºo que unam as figuras de acordo com as seguintes ordens:	
34	Praxia construtiva	32	15	Os Participantes devem realizar a c├│pia de desenho:\r\n\r\nA. C├│pia de desenho 2D\r\n\r\nB. C├│pia de desenho 3D	* Quadro\r\n* Dossier de exerc├¡cios\r\n* L├ípis	Pe├ºo que realizem a c├│pia deste desenho nos vossos cadernos.	
37	Planifica├º├úo	35	20	Planear um evento ├á escolha do participante	* Dossier de exerc├¡cios	Agora imaginem que v├úo organizar um evento, por exemplo uma festa de anivers├írio. Como organizariam esse evento tendo em conta os seguintes crit├®rios.\r\n\r\n* O qu├¬? \r\n* Para qu├¬? \r\n* Para quem? Com quem?\r\n* Onde?\r\n* Como?\r\n* Quando?\r\n* Que recursos necessito?	
25	Mem├│ria imediata verbal /  Mem├│ria Operativa / Discrimina├º├úo num├®rica	23	15	Repeti├º├úo e Memoriza├º├úo do n├║mero de telefone (9 d├¡gitos)	* Quadro\r\n* Dossier de exerc├¡cios\r\n* L├ípis	Vamos decorar um n├║mero de telefone ao vosso crit├®rio. Dos n├║meros apresentados, selecione um ├á sua escolha. Durante 2 minutos v├úo observar com aten├º├úo e tentar criar uma estrat├®gia para conseguir decorar, por exemplo, decorar 3 d├¡gitos de cada vez cantarolando.\r\n\r\n(N├║mero da policia\r\nNumero bombeiros\r\nInstitui├º├úo de referencia\r\nSOS idosos)	
28	Praxia ╬ô├ç├┤ Uso de objetos / Compreens├úo de instru├º├Áes simples	26	20	Os participantes devem realizar um conjunto de a├º├Áes.	* Quadro\r\n* Dossier de exerc├¡cios\r\n* Caixa de f├│sforo\r\n* Pente\r\n* Copo\r\n* Pincel\r\n* ├ôculos (usar de prefer├¬ncia do participante)\r\n* Tesoura	Pe├ºo que observem estes objetos que est├úo colocados em cima da mesa. \r\n(O facilitador pega em cada objeto - pela ordem descrita em cima)\r\nO que ├® este objecto?\r\nPara que serve?\r\nVamos fazer o gesto como se? (ver as a├º├Áes a baixo)\r\n(O facilitador l├¬ as instru├º├Áes com as a├º├Áes a realizar com cada objecto)	
26	Aten├º├úo-concentra├º├úo / Mem├│ria Operativa	24	15	Busca de s├¡mbolos\r\n\r\n\r\nA. Busca de 1 s├¡mbolo\r\n\r\nB. Busca de 2 s├¡mbolos	* Quadro\r\n* Dossier de exerc├¡cios\r\n* L├ípis	Durante um per├¡odo de tempo (n├úo referir) v├úo procurar um s├¡mbolo, assinalando com um circulo sempre que o encontrem. Pe├ºo que estejam com aten├º├úo fazendo o mais depressa que conseguirem. Vamos come├ºar?\r\n\r\n\r\n**Nota: A tarefa tem a dura├º├úo de 10 minutos de forma a testar a resist├¬ncia ├á fadiga e a toler├óncia ├á frustra├º├úo. O facilitador poder├í no decorrer do exerc├¡cio estimular os participantes a manterem a motiva├º├úo e energia em tarefa. **	
27	Mem├│ria verbal diferida	25	15	Evoca├º├úo diferida do n├║mero de telefone	* Quadro\r\n* Dossier de exerc├¡cios\r\n* L├ípis	"H├í pouco foi-vos pedido que memorizassem um n├║mero de telefone. Vou pedir que escrevam no vosso dossier esse n├║mero. Caso n├úo se lembrem do n├║mero completo, escrevam a parte de que se recordam. Vamos come├ºar?" \r\n\r\n**Nota: Dar tempo aos participantes para escreverem o n├║mero de telefone no dossier e s├│ depois ├® pedido aos participantes, alternadamente, para dizerem o n├║mero e a estrat├®gia utilizada.**	
30	Abstra├º├úo Verba	28	30	Identificar as Semelhan├ºas e Diferen├ºas entre as palavras.	* Quadro\r\n* Dossier de exerc├¡cios		
31	Racioc├¡nio L├│gico	29	15	A. Sequencias L├│gicas simples \r\n\r\nB. Sequencias L├│gicas complexas	* Quadro\r\n* Dossier de exerc├¡cios\r\n* L├ípis	Pe├ºo que completem no vosso caderno as v├írias sequ├¬ncias l├│gicas.	
32	Planifica├º├úo	30	20	A. Ordenar sequ├¬ncias de a├º├úo atrav├®s de est├¡mulo verbal\r\n\r\nB. Ordenar sequ├¬ncias de a├º├úo atrav├®s de est├¡mulo escrito	* Quadro\r\n* Dossier de exerc├¡cios\r\n* L├ípis	Vou vos ler algumas a├º├Áes relacionadas com h├íbitos do dia a dia. Pe├ºo que as organizem de forma a fazer sentido.\r\n\r\nCada a├º├úo ├® dada em conjunto, uma de cada vez. ├ë pedido a cada participante ├á vez para ordenar.\r\nAp├│s ler o estimulo perguntar: Quem quer come├ºar?	
24	Reconhecimento Visual   de caras n├úo familiares / Evoca├º├úo diferida	22	15	Reconhecimento de caras n├úo familiares e evoca├º├úo diferida	* Quadro\r\n* Dossier de exerc├¡cios\r\n* L├ípis	"Recordam-se das caras de pessoas que viram h├í pouco? Agora vou pedir-vos que se recordem delas. De cada vez que eu vos mostrar uma cara, escrevam no vosso dossier se esta era uma das caras que eu vos mostrei."	
10	Mem├│ria remota/Abstra├º├úo verbal	8	15	Completar verbalmente Express├Áes e Ditados Populares.\r\nExplicar o significado.	* Dossier de exerc├¡cios\r\n* L├ípis	"No vosso dossier encontrar alguns ditados que est├úo incompletos. Queria pedir-vos que os completassem por escrito, individualmente". \r\n\r\nDepois de completa esta tarefas, discutir o significado em grupo. \r\n"Agora vamos olhar para cada um ditados e ver qual o seu significado. O primeiro ditado, A ocasi├úo faz o ... (aguardar que algu├®m complete ou incentivar - Quem quer completar?). \r\nO que ├® que acham que significa?"	
1	Orienta├º├úo Pessoal	0	30	Os participantes jogam uma bola uns aos outros dizendo o seu nome e completando a frase que est├í mais pr├│ximo do polegar direito.	* Bola	Vamos fazer um jogo com esta bola. Esta bola tem o inicio de frases escritas e cada um de n├│s ter├í que completar. \r\nEu vou atirar a bola a um de voc├¬s. Agarram a bola, dizem o vosso nome e idade e completam a frase que estiver mais pr├│ximo do polegar direito (indicar qual ├® o dedo polegar direito). \r\nEm seguida atiram a bola a outro colega e este faz o mesmo. \r\n\r\nEu come├ºo:  "O meu nome ├® ... tenho ... anos e (ler a frase da bola em voz alta e complet├í-la)"\r\n\r\n**Nota: Se o participante quiser escolher outra frase pode faz├¬-lo. No caso do participante n├úo conseguir ler, o facilitador oferece-se para o fazer.**	
3	Mem├│ria de aprendizagem / associa├º├úo cara-lugar dos participantes do grupo	2	20	Os participantes fazem corresponder a fotografia de cada participante ao lugar que est├úo sentados.	* Quadro interativo / Cartolina\r\n* Bostike\r\n* L├ípis\r\n* Dossier de exerc├¡cios\r\n* Fotografia dos participantes	Vamos descobrir quem ├® que est├í sentado onde.\r\n\r\nO facilitador coloca/projeta a imagem da mesa da sala no quadro/parede.  D├í a cada participante a sua pr├│pria fotografia.\r\n\r\nUm de cada vez levanta-se e desloca-se at├® ├á imagem, identifica o seu lugar e cola a sua fotografia. Eu exemplifico. \r\n\r\nO facilitador coloca a sua fotografia no seu lugar.\r\nDepois dos participantes colocarem as suas fotografias, o facilitador rev├¬ com o grupo quem ├® que est├í sentado onde.\r\n\r\nQuem quiser pode escrever  no dossier na imagem.\r\n\r\n\r\n**Nota: Se o facilitador perceber que o participante est├í com dificuldades, orient├í-lo e dar pistas para a obten├º├úo da resposta certa. (ex. "Se facilitar, pode olhar para a mesa.")**	
5	Aten├º├úo e Mem├│ria	5	10	Nomear os meses do ano por ordem direta e por ordem inversa.	* Quadro/ cart├úo\r\n* Dossier de exerc├¡cios	Neste exerc├¡cio vamos relembrar os meses do ano. Uma pessoa vai dizer o primeiro m├¬s do ano e a pessoa seguinte ter├í de dizer o m├¬s seguinte, pela ordem correta, e assim sucessivamente. Quem quer come├ºar e dizer-nos o primeiro m├¬s do ano? \r\n\r\nInstru├º├úo para a ordem inversa: Muito bem! Obrigada! Agora vamos fazer o mesmo mas pela ordem inversa, ou seja, do ├║ltimo para o primeiro m├¬s do ano? Quem quer come├ºar?\r\n\r\nCada participante responder├í alternadamente.  \r\n\r\nExemplos de pistas: \r\n\r\n* Come├ºa pela letra _.\r\n* Indicar uma efem├®ride associada ao m├¬s (ex. ├® o inicio da Primavera)\r\n* Indicar a esta├º├úo do ano com refer├¬ncia ao clima. \r\n\r\n\r\n**Notas: O registo de respostas verbais ser├í feito pelo facilitador. Registar qual das op├º├Áes foi necess├íria para cada participante.**	
4	Aten├º├úo e Mem├│ria visual imediata	4	10	Os participantes observam imagens e tentam memorizar o maior numero de pormenores de cada imagem.	* Quadro/ cart├úo\r\n* L├ípis\r\n* Dossier de exerc├¡cios	Vamos realizar um exerc├¡cio de mem├│ria visual. \r\n\r\n├ë importante que observem com aten├º├úo as imagens, durante 1 minutos, ├á medida que v├úo aparecendo.\r\n\r\nDepois de cada imagem, o facilitador pede aos participante que escrevam o que viram na imagem apresentada. Aqueles participantes que n├úo escrevem aguardam que os outros acabem. \r\nEm seguida, o grupo descreve oralmente a imagem. \r\nTerminada a descri├º├úo, apresenta a segunda e a terceira imagem da mesma forma.\r\n\r\nSe o grupo estiver a corresponder o facilitador apresenta a imagem 4 e 5 no mesmo formato.\r\n\r\n**Notas: As imagens s├úo  mostradas uma de cada vez durante 1 minuto  (cada uma).\r\nNos grupos que n├úo existam participante analfabetos os participantes s├│ escrevem o que viram na imagem e n├úo participam oralmente.**	
38	Boas Vindas	-1	5	Rece├º├úo dos Participantes		Rece├º├úo dos Participantes	
29	Discrimina├º├úo num├®rica / Calculo e resolu├º├úo de problemas	27	20	Discriminar o dinheiro e discriminar quantidades\r\nResolu├º├úo de problemas de calculo (A; B)	* Quadro\r\n* Dossier de exerc├¡cios\r\n* L├ípis	Aqui na mesa podem ver algumas notas ou moedas que usamos aqui no nosso pa├¡s. \r\nb) Algu├®m sabe qual ├® valor desta moeda? Quanto vale esta nota? \r\n10 c├¬ntimos | 20 c├¬ntimos | 50 c├¬ntimos | 1 euro | 2 euros | 5 euros | 10 euros | 20 euros. \r\nC) Agora vou pedir, a um de cada vez, que me d├¬ uma certa quantia de dinheiro com estas notas e moedas."  \r\n3 euros e 20 c├¬ntimos, 4 euros e 40 c├¬ntimos, 5 euros e 10 c├¬ntimos, 6 euros e 50 c├¬ntimos, 10 euros e 10 c├¬ntimos, 2 euros  e 10 c├¬ntimos, 7 euros e 20 c├¬ntimos. \r\n\r\nd) "Agora vamos resolver alguns problemas/fazer algumas contas."\r\n\r\nA. Tarefa Individual \r\n53+8 =\r\n22-4 = \r\n9x7 =\r\n24/8 =\r\n\r\nB. Tarefa Individual\r\n1.A  Carla convidou 12 amigas para a sua festa de anos. Duas dessas amigas comeram duas fatias de bolo cada uma e os restantes apenas uma fatia. Quantas fatias teve de partir?\r\n2. O Jo├úo perdeu 6 cartas, deu outras 4 ao seu amigo Pedro e ficou com 14. Quantas cartas tinha no inicio? \r\n3. O Ricardo tem o triplo da idade da Ana. O ricardo tem 12 anos, que idade tem a Ana?	
\.


--
-- Data for Name: diario_exercicio_partes_do_exercicio; Type: TABLE DATA; Schema: public; Owner: leda
--

COPY public.diario_exercicio_partes_do_exercicio (id, exercicio_id, parte_exercicio_id) FROM stdin;
193	1	1
194	2	3
195	2	4
196	2	5
197	4	10
198	4	11
199	4	12
200	4	13
201	4	14
202	4	15
203	4	16
204	4	17
205	4	18
206	4	19
207	5	20
208	5	21
209	6	22
210	6	23
211	7	7
212	8	8
213	8	9
214	8	6
215	9	24
216	9	25
217	10	26
218	10	27
219	11	28
220	13	32
221	13	33
222	13	29
223	13	30
224	13	31
225	12	34
226	12	35
227	22	36
228	22	37
229	22	38
230	22	39
231	22	40
232	22	41
233	22	42
234	23	43
235	23	44
236	23	45
237	23	46
238	23	47
239	23	48
240	26	49
241	26	50
242	30	51
243	30	52
244	30	53
245	30	54
246	31	56
247	31	57
248	31	58
249	31	55
250	32	59
251	32	60
252	32	61
253	32	62
254	32	64
255	32	63
256	33	65
257	33	66
258	34	67
259	34	68
260	37	69
261	35	72
262	35	70
263	35	71
264	36	73
265	36	74
266	36	75
\.


--
-- Data for Name: diario_exercicio_sessao; Type: TABLE DATA; Schema: public; Owner: leda
--

COPY public.diario_exercicio_sessao (id, exercicio_id, sessao_id) FROM stdin;
493	1	14
494	1	15
495	1	16
496	1	17
497	1	18
498	1	19
499	1	20
500	1	21
501	1	22
502	1	23
503	1	24
504	1	25
505	1	26
506	1	27
507	2	14
508	2	15
509	2	16
510	2	17
511	2	18
512	2	19
513	2	20
514	2	21
515	2	22
516	2	23
517	2	24
518	2	25
519	2	26
520	2	27
521	3	14
522	3	15
523	3	16
524	3	17
525	3	18
526	3	19
527	3	20
528	3	21
529	3	22
530	3	23
531	3	24
532	3	25
533	3	26
534	3	27
535	4	16
536	5	16
537	6	16
538	7	14
539	7	15
540	7	16
541	7	17
542	7	18
543	7	19
544	7	20
545	7	21
546	7	22
547	7	23
548	7	24
549	7	25
550	7	26
551	7	27
552	8	15
553	9	17
554	10	17
555	11	18
556	12	18
557	13	19
558	14	19
559	15	19
560	16	20
561	17	20
562	18	20
563	19	21
564	20	21
565	21	21
566	22	22
567	23	22
568	24	22
569	25	23
570	26	23
571	27	23
572	28	23
573	29	24
574	30	24
575	38	14
576	38	15
577	38	16
578	38	17
579	38	18
580	38	19
581	38	20
582	38	21
583	38	22
584	38	23
585	38	24
586	38	25
587	38	26
588	38	27
\.


--
-- Data for Name: diario_facilitador; Type: TABLE DATA; Schema: public; Owner: leda
--

COPY public.diario_facilitador (id, sexo, nascimento, data_entrada, nacionalidade, localizacao, info_sensivel_id, user_id) FROM stdin;
\.


--
-- Data for Name: diario_facilitador_grupo; Type: TABLE DATA; Schema: public; Owner: leda
--

COPY public.diario_facilitador_grupo (id, facilitador_id, grupo_id) FROM stdin;
\.


--
-- Data for Name: diario_grupo; Type: TABLE DATA; Schema: public; Owner: leda
--

COPY public.diario_grupo (id, nome, localizacao, escolaridade, "nivelGDS", programa, referenciacao_id) FROM stdin;
195	CARE - Asmal - Bipolaridade	Sem informa├º├úo	1-4	0	CARE	\N
196	CARE - ASMAL - Dem├¬ncia	Sem informa├º├úo	1-4	0	CARE	\N
197	COG - ASMAL - Bipolaridade	Sem informa├º├úo	1-4	1	COG	\N
198	COG - ASMAL	Sem informa├º├úo	1-4	1	COG	\N
\.


--
-- Data for Name: diario_imagem; Type: TABLE DATA; Schema: public; Owner: leda
--

COPY public.diario_imagem (id, nome, imagem) FROM stdin;
17	Beatriz Costa	img/BeatrizCosta.png
16	Nicolau Breyner	img/NicolauBreyner.jpeg
1	teste1	img/relogio.png
2	teste2	img/ancora.png
3	teste3	img/pentagonos.PNG
4	Flor	img/flor.PNG
5	Casa	img/casa.PNG
6	Cilindro	img/cilindro.PNG
7	Smile Zangado	img/smile-zangado.png
8	Smile Neutro	img/smile-neutro.png
9	Smile Feliz	img/smile-feliz.png
10	Smile Muito Feliz	img/smile-muito-feliz.png
11	Carta gato	img/carta-gato.jpg
12	Carta praia	img/carta-praia.jpg
13	Carta borboleta	img/carta-borboleta.jpg
14	Carta mira	img/carta-mira.jpg
15	Carta familia	img/carta-familia.jpg
18	Pessoa Desconhecida 1	img/pessoa1.PNG
19	Pessoa Desconhecida 2	img/pessoa2.PNG
20	Pessoa Desconhecida 3	img/pessoa3.PNG
21	Pessoa Desconhecida 4	img/pessoa4.PNG
22	Pessoa Desconhecida 5	img/pessoa5.PNG
23	Pessoa Desconhecida 6	img/pessoa6.PNG
24	Pessoa Desconhecida 7	img/pessoa7.PNG
25	1 serie	img/1serie.PNG
26	2serie	img/2serie.PNG
27	3serie	img/3_serie.PNG
28	4serie	img/4serie.PNG
29	5serie	img/5serie.PNG
30	6serie	img/6serie.PNG
31	Procurar n├║meros	img/numeros.PNG
32	simbolos	img/simbolos.PNG
33	sequencialogica1	img/seq1.PNG
34	sequencialogica2	img/seq2.PNG
35	sequencialogica3	img/seq3.PNG
36	sequencialogica4	img/seq4.PNG
37	inibicao1	img/inibicao1.PNG
38	inibicao2	img/inibicao2.PNG
39	Desenho 1	img/desenho1.PNG
40	Desenho 2	img/desenho2.PNG
41	Labirinto 1	img/labirinto1.PNG
42	Labirinto 2	img/labirinto2.PNG
43	Labirinto 3	img/labirinto3.PNG
44	Unir 1	img/unir1.PNG
45	Unir 3	img/unir3.PNG
46	Unir 2	img/unir2.PNG
\.


--
-- Data for Name: diario_informacaosensivel; Type: TABLE DATA; Schema: public; Owner: leda
--

COPY public.diario_informacaosensivel (id, nome, email, telemovel, imagem) FROM stdin;
137	Almira	almira@asmal.pt	123456789	
138	Almira	almira@asmal.pt	123456789	
195	Silvia Cristina Amaro Adanja	carolina@asmal.pt	987654321	
197	Helena Johanna Zixennis	carolina@asmal.pt	987654321	
140	Carolina	carolina@asmal.pt	987654321	
141	Carolina	carolina@asmal.pt	987654321	
143	Cla├║dia Cristina Oliveira Fernandes	carolina@asmal.pt	987654321	
198	Antonio Jos├® Jesus Santos	carolina@asmal.pt	987654321	
168	Telmo	telmoteste@gmail.com	938877777	
200	Tester	carolina@asmal.pt	987654321	
146	Fernanda Margarida Valente Mendon├ºa	carolina@asmal.pt	987654321	
147	Nome Batata Dias	carolina@asmal.pt	987654321	
150	Roque	yihohe9792@armablog.com	986332732	
151	Telma Nobre Martins	carolina@asmal.pt	987654321	
153	Nome de Freitas Ferro Paix├úo	carolina@asmal.pt	987654321	
154	Nome Carolina Bandeira do Nascimento Alves	carolina@asmal.pt	987654321	
155	Jorge Alma Br├ís Dias	carolina@asmal.pt	987654321	
156	Iran Neira Oliveira	carolina@asmal.pt	987654321	
157	Jos├® Inacio Vitorino Ramos Mendes	carolina@asmal.pt	987654321	
163	Carolina	carolina@asmal.pt	987654321	
165	Paulo	paulo123@live.pt	987654321	
166	Paulo	paulo123@live.pt	987654321	
204	Pedro S	teste@gmail.com	987654321	
205	Ligia Martinez Romero Cereceda	-	-	
215	Elisabete Teresa De Ara├║jo Costa dos Santos Saldanha	elisabetesaldanha@yahoo.com	919222255	
152	Ana Pachiller da Rocha	carolina@asmal.pt	987654321	
206	Teste 13 OUT	teste.13out@mail.com	123456789	
207	Ana Carolina	anacarolina.pt@gmail.com	987654321	
208	Miguel Nuno Dias Morbey	morbey.miguel@gmail.com	919976072	
136	Almira	almira@asmal.pt	123456789	
211	Miguel	miguelbcardoso2@gmail.com	987654321	
139	Carolina	carolina@asmal.pt	987654321	
212	Miguel	miguelbcardoso2@gmail.com	987654321	
216	Carlos Rodrigues	carlos.melo.saraiva.rodrigues@gmail.com	9393211	
176	Manuel Felisberto Guerreiro	carolina@asmal.pt	987654321	
169	Michelle Batista Dias	carolina@asmal.pt	987654321	
171	Ana Cristina Bandeira do Nascimento Alves Fr├Áes	carolina@asmal.pt	987654321	
172	Josefa Maria Br├ís Dias	carolina@asmal.pt	987654321	
174	Antonio Jose	carolina@asmal.pt	987654321	
178	Edmundo Helena	carolina@asmal.pt	987654321	
189	Madalena Bairro Ar├¬z	carolina@asmal.pt	987654321	
191	Vania Isabel dos Santos Matos	carolina@asmal.pt	987654321	
194	Susana Gon├ºalves Dias	carolina@asmal.pt	987654321	
214	Pedro Manuel Leal	sofia.couto@gira.org.pt	987654321	
217	Gra├ºa Maria	gm_rocha@hotmail.com	919835343	
218	Miguel	example@gmail.com	987654321	
219	Pedro Santos	teste1234@gmail.com	987654321	
220	Miguel	miguelbcardoso2@gmail.com	913168104	
222	Teste Tester	example@gmail.com	987654321	
223	Pablo Escobar	example@gmail.com	987654321	
224	AvaliadorELO	\N	\N	
225	Avaliador GIRA	\N	\N	
227	testeTester	teste2@gmail.com	987654321	
209	Maria Carmen	mariacarmenfonseca23@gmail.com	987564123	
221	Miguel Noite	example@gmail.com	987654321	
142	Ot├ívio Jos├® Vargues da Silva	carolina@asmal.pt	987654321	
148	Wanda Jesus Piedade Andrade	carolina@asmal.pt	987654321	
170	Vanilde de Freitas Ferro Paix├úo	carolina@asmal.pt	987654321	
149	Luis Manuel Neves Pardal	carolina@asmal.pt	987654321	
160	Jos├® Luis Iria Rofino	carolina@asmal.pt	987654321	
185	Maria do Ros├írio Nunes Mimoso	carolina@asmal.pt	987654321	
186	M├írio Nicolau Pereira Caetano	carolina@asmal.pt	987654321	
188	Maria Jos├® de Jesus Gon├ºalves	carolina@asmal.pt	987654321	
177	Manuel Jos├® de Oliveira Gomes	carolina@asmal.pt	987654321	
180	Joaquim Dionisio	carolina@asmal.pt	987654321	
184	Maria Odete Martins Madeira	carolina@asmal.pt	987654321	
181	Nuno Jos├®	carolina@asmal.pt	987654321	
179	Francisco Jos├® Correia Santos	caro	987654321	
187	Maria Ermelinda de S├í	carolina@asmal.pt	987654321	
173	Am├ília Rosa Rodrigues	carolina@asmal.pt	987654321	
182	Silv├®rio do Nascimento Coelho Gra├ºa	carolina@asmal.pt	987654321	
202	Ana Isabel Peixe-Rei Brito	carolina@asmal.pt	987654321	
190	Nuno Miguel Peres Santos	carolina@asmal.pt	987654321	
203	Jos├® Antonio da Silva Almeida	carolina@asmal.pt	987654321	
158	Jo├úo Manuel Rosa Chapim	carolina@asmal.pt	987654321	
145	H├®lio Jorge Paulo Cardoso	carolina@asmal.pt	987654321	
183	Vitor Manuel Da Silva Semi├úo	carolina@asmal.pt	987654321	
192	Jos├® Carrusca Conception	carolina@asmal.pt	987654321	
199	Leila de Sousa	carolina@asmal.pt	987654321	
193	Mario Rafael Rodrigues Silva	carolina@asmal.pt	987654321	
201	Nuno Alvaro Rodrigues Louren├ºo	carolina@asmal.pt	987654321	
196	Maria Manuela Santos Antonio	carolina@asmal.pt	987654321	
159	Luis Miguel Pancinha Malhar├│	carolina@asmal.pt	987654321	
210	Miguel	aaaaaaaaaaaaaa@gmail.com	9865412	
226	Teste 1	example@gmail.com	987654321	
164	Paulo	paulo123@live.pt	N/A	
144	Teste	aaaaaaaaaaaaaa@gmail.com	9865412	
167	Antonio Ventu	aaa2341@gmail.com	987644321	
229	oCaraTiago	example@gmail.com	987654321	
230	Tiago Silva	example@gmail.com	987654321	
231	Tiago Silva	example@gmail.com	987654321	
232	Ana Maria Carvalho Veloz de Almeida	hidrocaudal@sapo.pt	987654321	
233	Tito Emanuel Aguas de Almeida	titoalmeidao77@gmail.com	987654321	
234	Tifosi Lucio	marques@gmail.com	987654321	
235	Pablo Sousa	example@gmail.com	987654321	
213	Avaliador-ADEB	avaliadoradeb@gmail.com	987654321	
270	Davilson Orione Dias Borges	davilsondias2@gmail.com	935536935	
228	Mike Nite	testeGIRA@gmail.com	987654321	
236	Almira Regina Azevedo Campos	forum@asmal.org.pt	915086056	
237	Tiago Tomas	tiagotomas@gmail.com	9865471233	
238	Miguel	miguelbcardoso2@gmail.com	913168104	
262	Enio Caetano Viegas	enio.caetano.viegas80@gmail.com	967893285	
255	testar Teste	example@gmail.com	987654321	
251	Tiago Teste	testetiago@gmail.com	987456	
252	Tiago Teste	testetiago@gmail.com	987456	
271	Edmundo Miguel Horta Bota	example@gmail.com	987654321	
241	miguelTeste	miguel4@gmail.com	987456	
242	miguelTeste	miguel4@gmail.com	987456	
273	Maria Olinda Machado Ribeiro	example@gmail.com	987654321	
250	Tiago Teste	testetiago@gmail.com	987456	
253	Teste	pedro@teste.pt	987456213	
272	Alexis Francisco Montes Cangola	example@gmail.com	969748789	
264	Claudia Sofia Morgadinho Reis	claudiamorgadinho84@hotmail.com	939558855	
257	Patr├¡cia Sofia Silv├®rio Dias	patriciadias2000.pd@gmail.com	987654321	
239	paulo23	teste@gmail.com	987654	
243	Miguel	miguel@gmail.com	987654321	
244	Cuida Teste	Cuidame@gmail.com	987654321	
300	Rui Manuel Raimundo Pereira da Fonseca	psi.crinabel@gmail.com	966316902	
247	aaa	aaaaaaaaaaaaaa@gmail.com	9865412	
265	Leonor Gon├ºalves da Silva	carolinacanasmartins@gmail.com	910062126	
258	Rosa Maria Carvalho Viegas	carolinacanasmartins@gmail.com	964470876	
175	Daniela da Concei├º├úo Domingos	carolina@asmal.pt	987654321	
266	Cl├íudia Maria Sanches Landim	claudicalandim79@gmail.com	920331436	
259	David Pinheiro Andrade	dpa.algarve@gmail.com	932445457	
245	Miguel Brito	example@gmail.com	95764123	
267	Jo├úo Miguel Guerreiro da Costa	example@gmail.com	987654321	
260	Nikita Myagkov	nmscarfingerx@gmail.com	914083910	
274	David Martins Fernandes	example@gmail.com	987654321	
268	Sofia Alexandra Costa Lopes	sofialopes16@gmail.com	937546260	
256	Miguel Angelo Cardoso	miguelbcardoso@gmail.com	9651234	
246	testeMike	example@gmail.com	987654321	
248	aaa	aaaaaaaaaaaaaa@gmail.com	9865412	
249	aaa	aaaaaaaaaaaaaa@gmail.com	9865412	
261	Ant├│nio Miguel Laneiro Bajuca	antoniobajuca123@gmail.com	963839525	
240	miguelTeste	miguel4@gmail.com	987456	
269	Karina Naryna Netyks	karinanetyks28@gmail.com	934381454	
161	Ant├│nio Luis Brito Santos Sousa	carolina@asmal.pt	987654321	
275	David Jos├® Favinha Martins	example@gmail.com	987654321	
276	Filipe Jos├® Baptista Paix├úo	example@gmail.com	987654321	
298	Pedro de Sotomaior e Figueiredo Madeira	psi.crinabel@gmail.com	966316902	
289	Jo├úo Carlos de Sotomaior e Figueiredo Madeira	psi.crinabel@gmail.com	966316902	
280	Anabela J├║lio Gomes	psi.crinabel@gmail.com	966316902	
281	Andr├® Bispo	psi.crinabel@gmail.com	966316902	
279	Ana Maria Seabra Andrade de Resende Sousa	psi.crinabel@gmail.com	966316902	
286	Fernando Jorge Duarte Seara Rodrigues	psi.crinabel@gmail.com	966316902	
292	Lu├¡s Miguel Rocha Moreira Afonso	psi.crinabel@gmail.com	966316902	
285	Carla Maria Duarte Ferreira Coelho	psi.crinabel@gmail.com	966316902	
284	Ana Carina Sim├Áes Ferreira 	psi.crinabel@gmail.com	966316902	
278	Ana Isabel Dias	psi.crinabel@gmail.com	966 316 902 	
302	Rute Isabel Pereira dos Santos	psi.crinabel@gmail.com	966316902	
303	Sandra Paula Garcia Silva Longa	psi.crinabel@gmail.com	966316902	
282	Andreia Isabel Fernandes Farinha	psi.crinabel@gmail.com	966316902	
293	Lu├¡s Manuel Assis Santos Concei├º├úo 	psi.crinabel@gmail.com	966316902	
291	Jo├úo Pedro Sancho Tavares da Concei├º├úo 	psi.crinabel@gmail.com	966316902	
290	Jo├úo Pedro Ribeiro da Silva Cruz	psi.crinabel@gmail.com	966316902	
287	Jo├úo Miguel da Cunha Barros	psi.crinabel@gmail.com	966316902	
294	Mafalda Sofia Pereira Marques	psi.crinabel@gmail.com	966316902	
283	Bruno Miguel da Silva Muge	psi.crinabel@gmail.com	966316902	
295	Marta Rosa Vaz Santana	psi.crinabel@gmail.com	966316902	
296	Nuno Jos├® de Sotomaior e Figueiredo Madeira	psi.crinabel@gmail.com	966316902	
297	Pedro Hugo Gra├ºa Fernandes	psi.crinabel@gmail.com	966 316 902 	
299	Ricardo Peres Gomes Rodrigues	psi.crinabel@gmail.com	966316902	
301	Rui Vasco Sep├║lveda Afonso	psi.crinabel@gmail.com	966316902	
305	S├│nia Margarida Sousa Ara├║jo	psi.crinabel@gmail.com	966316902	
254	Pepe Rapazote	teste@teste123.pt	987654321	
306	Maria Teresa Seabra Andrade de Resende Sousa	psi.crinabel@gmail.com	966316902	
263	Carolina Isabel Mestre de Magalh├úes	carolinajv229@gmail.com	987654321	
162	Alexandra do Carmo Farinha Teste	carolina@asmal.pt	987654321	
307	Ant├│nio Paulo de Pessoa Ferreira Coutinho	psi.crinabel@gmail.com	966316902	
352	Tiago Alexandre Santinho Caetano	psi.crinabel@gmail.com	966316902	
339	Gon├ºalo Filipe Santos Moura	psi.crinabel@gmail.com	966316902	
324	Beatriz Maria Lopes Paulo	psi.crinabel@gmail.com	966316902	
337	Gabriel Lopes Anpasch	psi.crinabel@gmail.com	966316902	
362	Carol	carolina@gmail.com	987456	
288	Jo├úo Manuel da Cunha Nunes Carlos	psi.crinabel@gmail.com	966316902	
340	Guilherme Fontes da Silveira Botelho	psi.crinabel@gmail.com	966 316 902 	
341	Guilherme Alberto Braz Gon├ºalves	psi.crinabel@gmail.com	966 316 902 	
343	Hugo Daniel Franco Godinho	psi.crinabel@gmail.com	966316902	
345	J├®ssica Alexandra Lima Taborda F├®lix	psi.crinabel@gmail.com	987654321	
347	Jo├úo Gon├ºalves Fernandes 	psi.crinabel@gmail.com	966316902	
348	Jos├® Pedro Fortes	psi.crinabel@gmail.com	966316902	
350	Rui Pedro Silva	psi.crinabel@gmail.com	966316902	
355	Yuri Sebasti├úo coquen├úo Miguel	psi.crinabel@gmail.com	966316902	
317	├éngela Cristina Azevedo Vicente	psi.crinabel@gmail.com	966316902	
334	Maria de F├ítima de Almeida Cardoso	psi.crinabel@gmail.com	966316902	
336	Filipe Ramalho Tornelo Tamissa Madeira	psi.crinabel@gmail.com	966316902	
331	D├®bora Quirina Vilela Duarte	psi.crinabel@gmail.com	966316902	
315	Jo├úo Paulo Rodrigues Fradinho Antunes	psi.crinabel@gmail.com	966316902	
309	Jo├úo Carlos Br├ís Martins da Gra├ºa	psi.crinabel@gmail.com	966316902	
326	Carina Sofia da Silva Vasconcelos Rocha	psi.crinabel@gmail.com	966316902	
330	David Miguel Ara├║jo Manejate	psi.crinabel@gmail.com	966316902	
322	Andreia Alexandra Alves de Almeida	psi.crinabel@gmail.com	966316902	
338	Ana Mimoso	psi.crinabel@gmail.com	966316902	
323	Andreia Isabel Neves Alves	psi.crinabel@gmail.com	966316902	
314	Paulo Am├®rico Rodrigues Pinheiro da Cruz	psi.crinabel@gmail.com	966316902	
335	Filipa Alexandra Silva Fernandes	psi.crinabel@gmail.com	966316902	
364	TesteColab	2313@gmail.com	987456	
356	Joana Lima Hon├│rio	psi.crinabel@gmail.com	966316902	
354	Tom├ís Bento Costa Portela de Almeida	psi.crinabel@gmail.com	966316902	
329	C├ítia Vanessa Pereira Os├│rio	psi.crinabel@gmail.com	966316902	
342	Hugo Alexandre Ramos Fernandes	psi.crinabel@gmail.com	966316902	
313	Ana Paula da Fonseca	psi.crinabel@gmail.com	966316902	
312	Lu├¡s Ant├│nio Rodrigues Fradinho Antunes	psi.crinabel@gmail.com	966316902	
325	Bruno Miguel Pereira Cust├│dio	psi.crinabel@gmail.com	966316902	
344	Hugo Filipe Correia Lopes 	psi.crinabel@gmail.com	966 316 902 	
320	Ana Margarida Veiga Gon├ºalves	psi.crinabel@gmail.com	966316902	
333	F├íbio Alexandre Marques Duarte	psi.crinabel@gmail.com	966316902	
311	Liliana Vanessa Costa Cordeiro	psi.crinabel@gmail.com	966316902	
327	Carlos Manuel Marques Duarte	psi.crinabel@gmail.com	966316902	
332	Diogo Filipe Martins	psi.crinabel@gmail.com	966316902	
357	Joana Cl├íudia Alves Rocha da Cruz	psi.crinabel@gmail.com	966316902	
318	Pedro Miguel Teixeira Reinaldo	psi.crinabel@gmail.com	966316902	
328	Carlos Manuel Bernardo Machado Jorge	psi.crinabel@gmail.com	966316902	
310	Jo├úo Santos Agudo Amaral Rego	psi.crinabel@gmail.com	966316902	
359	Teste Tiago	miguelbcardoso@gmail.com	913567842	
304	S├®rgio Alexandre Figueiredo Dias Godinho Marques	psi.crinabel@gmail.com	966 316 902 	
346	Jo├úo Pedro Farinha 	psi.crinabel@gmail.com	987654321	
349	Marco Andr├® Maranha Justino	psi.crinabel@gmail.com	966316902	
351	S├¡lvia Andreia Matias Couto	psi.crinabel@gmail.com	966316902	
363	Miguel Tiago	example@gmail.com	987654321	
353	Tiago Emanuel Sousa Duarte	psi.crinabel@gmail.com	966316902	
308	Ant├│nio Lu├¡s Mendes dos Santos	psi.crinabel@gmail.com	966316902	
277	Carolina Sousa Mendes	Psi.crinabel@gmail.com	966 316 902 	
358	Miguel	example@gmail.com	987654321	
360	TesteApresentacao	dd@pt.com	89754654	
365	mudoNome	dd@pt.com	89754654	
361	Teste Tomas	example@gmail.com	975456213	
321	Ana Rosa Mendes Teixeira	psi.crinabel@gmail.com	966316902	
366	TesteColaborador	2313@gmail.com	987456	
380	Maria da Gra├ºa	example@gmail.com	987654321	
368	Ananias Tavares	soraia.silva@gira.org.pt	936027573	
369	Ant├│nio Tavares	soraia.silva@gira.org.pt	936027573	
319	Amadeu Rafael Azevedo	psi.crinabel@gmail.com	966316902	
373	Filomena Fonte	soraia.silva@gira.org.pt	936027573	
372	Evaristo Ros├írio	soraia.silva@gira.org.pt	936027573	
376	Laura Borges	soraia.silva@gira.org.pt	936027573	
375	Jos├® Castro	soraia.silva@gira.org.pt	936027573	
374	Henrique Carrageta	soraia.silva@gira.org.pt	936027573	
367	Ada Barros	soraia.silva@gira.org.pt	936027570	
370	Munasir Abdul Karim	soraia.silva@gira.org.pt	936027573	
377	M├írio Mendes	soraia.silva@gira.org.pt	936027573	
378	Pascoal Barros	soraia.silva@gira.org.pt	936027573	
379	Pedro Sim├Áes	soraia.silva@gira.org.pt	936027573	
381	David Jos├® Favinha Martins	example@gmail.com	987654321	
382	David Martins Fernandes	example@gmail.com	987654321	
371	Elsa Mansinho	soraia.silva@gira.org.pt	936027573	
383	Elsa Maria Nascimento Cravo	example@gmail.com	987654321	
384	Alexandra Isabel Pacheco Vilhena	example@gmail.com	987654321	
385	F├íbio Henrique de Oliveira	example@gmail.com	987654321	
386	Fernanda Maria de Reis Barros	example@gmail.com	987654321	
387	Filipe Jos├® Baptista Paix├úo	example@gmail.com	987654321	
404	Maria Manuela Santos Ant├│nio	carolina@asmal.pt	987654321	
405	M├írio Rafael Rodrigues Silva	example@gmail.com	987654321	
427	Teste tester	teste@gmail.com	986523147	
396	Narciso Jos├® dos Santos Batista	sofia.amaral@gira.org.pt	936027575	
406	Maria Deolinda Dias Soares	example@gmail.com	987654321	
391	H├®lder Ferreira	sofia.amaral@gira.org.pt	936027575	
407	Manuel Eduardo Lan├ºa Santos	example@gmail.com	987654321	
408	Paula Cristina Silva Palma	example@gmail.com	987654321	
388	Benvindo Jorge Ferreira Dias	sofia.amaral@gira.org.pt	936027575	
409	Sandrina Correia Candeias Pereira	example@gmail.com	987654321	
410	S├│nia Isabel Rosa Do Nascimento	example@gmail.com	987654321	
428	teste	teste@gmail.com	987654321	
420	Exemplo Fotos	example@gmail.com	987654321	
316	Alexandra Cristina Curado Pereira	psi.crinabel@gmail.com	966316902	
398	Pedro Manuel Rodrigues Barros Leal	sofia.amaral@gira.org.pt	936027575	
429	Dora	psi.crinabel@gmail.com	966316902	
399	Rui Miguel Mendes Nunes	sofia.amaral@gira.org.pt	936027575	
389	Carlos Manuel Marques de Agonia	sofia.amaral@gira.org.pt	936027575	
400	Sandra Maria Sousa Ara├║jo	sofia.amaral@gira.org.pt	936027575	
390	Maria da Concei├º├úo Pascoal Moreira Bastos	sofia.amaral@gira.org.pt	936027575	
394	Manuel Nicolau Freitas de Barros Teixeira Homem	sofia.amaral@gira.org.pt	936027575	
415	Maria da Concei├º├úo Pascoal Moreira Bastos	sofia.amaral@gira.org.pt	936027575	
397	N├®lson de Andrade Silva	sofia.amaral@gira.org.pt	936027575	
393	Jorge Manuel Conde Orta	sofia.amaral@gira.org.pt	936027575	
412	Sara Rosa Lino Mendes	sofia.amaral@gira.org.pt	936027575	
392	Jo├úo Carlos Ramos Gomes	sofia.amaral@gira.org.pt	936027575	
401	Josefa Maria Br├ís Dias	example@gmail.com	987654321	
430	Tom├ís Nave 	example@gmail.com	987654321	
395	Miguel Alexandre de Meneses Lopes Cardoso	sofia.amaral@gira.org.pt	936027575	
414	Abel Djassi Tavares Alvarenha	sofia.amaral@gira.org.pt	936027575	
402	Laila de Sousa	example@gmail.com	987654321	
413	Olga Maria Marques Silva	sofia.amaral@gira.org.pt	936027575	
403	Maria Olinda Machado Ribeiro	example@gmail.com	987654321	
421	Miguel Batista	example@gmail.com	987654321	
423	Teste Tester II	miguelbcardoso2@gmail.com	98652314	
411	Germana Maria de Jesus Flores	sofia.amaral@gira.org.pt	936027575	
422	teste tester	example@gmail.com	987654321	
416	Ana Maria Ribeiro Gr├ício Machado	example@gmail.com	987654321	
417	Marcelino Jos├® Ribeiro Frederico	example@gmail.com	987654321	
418	Jos├® Maria Correia de Melo	example@gmail.com	987654321	
419	Maria Helena Concei├º├úo Gon├ºalves	example@gmail.com	987654321	
424	Miguel Cardoso	miguelbcardoso2@gmail.com	98652314	
425	Teste tester	teste@gmail.com	986523147	
426	Teste tester	teste@gmail.com	986523147	
431	Participante1	participante1asmal@gmail.com	987654321	
432	Participante2	participante2asmal@gmail.com	987654321	
433	Participante3	participante3asmal@gmail.com	987654321	
434	Participante4	participante4asmal@gmail.com	987654321	
435	Cuidador1	cuidador1asmal@gmail.com	912345678	
436	Cuidador2	cuidador2asmal@gmail.com	912345678	
437	Cuidador3	cuidador3asmal@gmail.com	912345678	
438	Cuidador4	cuidador4asmal@gmail.com	912345678	
439	Avaliador	avaliadorasmal@gmail.com	912345678	
440	Mentor1	mentor1asmal@gmail.com	912345678	
441	Mentor2	mentor2asmal@gmail.com	914805180	
442	Dinamizador1	dinamizador1asmal@gmail.com	912345678	
443	Dinamizador2	dinamizador2asmal@gmail.com	912345678	
\.


--
-- Data for Name: diario_mentor; Type: TABLE DATA; Schema: public; Owner: leda
--

COPY public.diario_mentor (id, sexo, nascimento, data_entrada, nacionalidade, localizacao, info_sensivel_id, user_id, reference_id) FROM stdin;
23	Feminino	2025-06-12	2025-06-20 14:28:56.535904+00			440	527	\N
24	Feminino	2025-06-09	2025-06-20 14:29:22.605773+00			441	528	\N
\.


--
-- Data for Name: diario_mentor_grupo; Type: TABLE DATA; Schema: public; Owner: leda
--

COPY public.diario_mentor_grupo (id, mentor_id, grupo_id) FROM stdin;
\.


--
-- Data for Name: diario_nota; Type: TABLE DATA; Schema: public; Owner: leda
--

COPY public.diario_nota (id, tipo, "tituloNota", nota, data, anotador_dinamizador_id, anotador_mentor_id, cuidador_id, participante_id, sessao_grupo_id) FROM stdin;
\.


--
-- Data for Name: diario_notagrupo; Type: TABLE DATA; Schema: public; Owner: leda
--

COPY public.diario_notagrupo (id, "notaGrupo", data, anotador_dinamizador_id, anotador_mentor_id, grupo_id, sessao_grupo_id) FROM stdin;
\.


--
-- Data for Name: diario_opcao; Type: TABLE DATA; Schema: public; Owner: leda
--

COPY public.diario_opcao (id, resposta, cotacao, imagem_id) FROM stdin;
24	1┬║	1	\N
25	2┬║	2	\N
26	3┬║	3	\N
1	Nenhum	0	\N
2	Muito Pouco	1	\N
3	Algum	2	\N
4	Bastante	3	\N
5	Total	4	\N
6	Nada Satisfeito	1	\N
7	Pouco satisfeito	2	\N
8	Razoavelmente satisfeito	3	\N
9	Satisfeito	4	\N
10	Muito satisfeito	5	\N
11	Discordo Totalmente	1	\N
12	Discordo	2	\N
13	Concordo	3	\N
14	Concordo Totalmente	4	\N
15	Muito Insatisfeito	1	\N
16	Insatisfeito	2	\N
17	Satisfeito	3	\N
18	Muito Satisfeito	4	\N
19	Muit├¡ssimo Satisfeito	5	\N
20	Mal	0	7
21	Neutro	1	8
22	Bem	2	9
23	Muito Bem	3	10
\.


--
-- Data for Name: diario_parte; Type: TABLE DATA; Schema: public; Owner: leda
--

COPY public.diario_parte (id, fase, objetivo, descricao, materiais, duracao, apresentacao, sessao_id, ordem, apresentacao_demencia, apresentacao_esquizofrenia, apresentacao_incapacidade_intelectual, apresentacao_perturbacao_bipolar) FROM stdin;
5	F	Encerrar a sess├úo	Agradecer a presen├ºa e participa├º├úo de todos.\r\nEnquadrar a sess├úo seguinte.		5		1	5				
3	D	Apresentar e acolher os CI	Promover o conhecimento entre os elementos do grupo - Atividade 1.	* barco	30		1	3				
12	D	Partilhar experi├¬ncias no sentido da ventila├º├úo de emo├º├Áes e normaliza├º├úo de sentimentos	Partilhar com o grupo os principais sentimentos/ estado de esp├¡rito quanto ├á gest├úo da doen├ºa do familiar/amigo (refletindo-se sobre as dificuldades, ang├║stias e felicidades) - Atividade 6.	* emoticons (sem express├úo)\r\n* canetas grossas	25		3	3				
17	F	Encerrar a sess├úo	Fazer um briefing sobre a sess├úo.\r\nEnquadrar a sess├úo seguinte.\r\nAvaliar as aprendizagens (Anexo 2).\r\nAgradecer a presen├ºa e participa├º├úo de todos.		10		4	4				
13	F	Encerrar a sess├úo	Fazer um briefing sobre a sess├úo.\r\nLan├ºar o desafio da "participa├º├úo semanal" - Atividade 5.\r\nEnquadrar a sess├úo seguinte.\r\nAvaliar as aprendizagens (Anexo 2).\r\nAgradecer a presen├ºa e participa├º├úo de todos.		10		3	4				
19	D	Conhecer boas pr├íticas na presta├º├úo de cuidados de higiene e conforto,  elimina├º├úo, alimenta├º├úo e medica├º├úo	Apresentar conte├║dos te├│ricos sobre as boas pr├íticas na atividade de higiene e conforto, elimina├º├úo, alimenta├º├úo e medica├º├úo. \r\nPromover a discuss├úo e esclarecimento de d├║vidas.	* apres. power-point \r\n* Boas pr├íticas de higiene e conforto, elimina├º├úo, alimenta├º├úo e medica├º├úo\r\n* pc, v├¡deo-projetor	45		5	2				
10	I	Receber os participantes.	Dar as boas vindas e receber os participantes.\r\nDar oportunidade aos CI para partilharem a experi├¬ncia da "participa├º├úo semanal" - Atividade 5. \r\nEnquadrar a sess├úo.\r\nAvaliar as aprendizagens (Anexo 2).		15		3	1				
16	D	Promover o conhecimento dos participantes quanto aos processos de inabilita├º├úo e interdi├º├úo (apoios legais).	Apresentar as quest├Áes jur├¡dicas relativas aos processos de inabilita├º├úo e interdi├º├úo do doente.	* apres. power-point\r\n* Informa├º├úo sobre processos de inabilita├º├úo e interdi├º├úo\r\n* panfleto informativo\r\n* pc, v├¡deo-projetor	30	apresentacoes/Sessao4_QJuridicas.pdf	4	3				
20	D	Partilhar experi├¬ncias no sentido da ventila├º├úo de emo├º├Áes e normaliza├º├úo de sentimentos	Promover a discuss├úo acerca das dificuldades sentidas na presta├º├úo destes cuidados -Atividade 7.	* revistas, jornais\r\n* tesouras, cola, folhas brancas, l├ípis de cor	20		5	3				
9	F	Encerrar a sess├úo	Fazer um briefing sobre a sess├úo.\r\nLan├ºar o desafio da "participa├º├úo semanal" - Atividade 5.\r\nEnquadrar a sess├úo seguinte.\r\nAvaliar as aprendizagens (Anexo 2).\r\nAgradecer a presen├ºa e participa├º├úo de todos.		10		2	4				
21	F	Encerrar a sess├úo	Fazer um briefing sobre a sess├úo.\r\nLan├ºar o desafio da "participa├º├úo semanal" - Atividade 8.\r\nEnquadrar a sess├úo seguinte.\r\nAvaliar as aprendizagens (Anexo 2).\r\nAgradecer a presen├ºa e participa├º├úo de todos.		10		5	4				
14	I	Receber os participantes	Dar as boas vindas e receber os participantes.\r\nDar oportunidade aos CI para partilharem a experi├¬ncia da "participa├º├úo semanal" - Atividade 5.  \r\nEnquadrar a sess├úo.\r\nAvaliar as aprendizagens (Anexo 2).		15		4	1				
18	I	Receber os participantes.	Dar as boas vindas e receber os participantes.\r\nDar oportunidade de conversar sobre a sess├úo anterior: pertin├¬ncia, import├óncia, d├║vidas.\r\nEnquadrar a sess├úo.\r\nAvaliar as aprendizagens (Anexo 2).		15		5	1				
8	D	Partilhar experi├¬ncias no sentido da ventila├º├úo de emo├º├Áes e normaliza├º├úo de sentimentos	Partilhar com o grupo as maiores dificuldades e ang├║stias na gest├úo do cuidado e da doen├ºa, assim como de situa├º├Áes felizes -Atividade 4.	* verdes, amarelos e vermelhos	25		2	3				
6	I	Receber e integrar os participantes.	1. Dar as boas vindas e receber os participantes, integrando-os no contexto da sala e do grupo.\r\n2. Relembrar a identidade dos elementos - Atividade 3.\r\n3. Enquadrar a sess├úo.\r\n4. Avaliar as aprendizagens com question├írio		15		2	1				
22	I	Receber os participantes.	Dar as boas vindas e receber os participantes.\r\nDar oportunidade aos CI para partilharem a experi├¬ncia da "participa├º├úo semanal" - Atividade 8.\r\nEnquadrar a sess├úo.\r\nAvaliar as aprendizagens (Anexo 2).		20		6	1				
4	D	Apresentar o PPCI - MentHA	Discutir as regras de funcionamento da sess├úo -Atividade 2.\r\nApresentar o PPCI-MentHA, seus objetivos, sess├Áes e conte├║dos (resumidamente), assim como a equipa de profissionais. Contextualizar a interven├º├úo psicoeducativa.	* Di├írio de bordo (caderno A6) \r\n* papel A4 de cores diferentes\r\n* canetas\r\n* bostik\r\n* panfleto de apresenta├º├úo do PPCI-MentHA	30		1	4				
7	D	Promover o conhecimento acerca da doen├ºa mental	1. Apresentar conte├║dos te├│ricos sobre a doen├ºa, seus sintomas e evolu├º├úo.\r\n2. Promover a discuss├úo e esclarecimento de d├║vidas	* apres. power-point \r\n* Informa├º├úo sobre a doen├ºa\r\n* pc, v├¡deo-projetor	40		2	2	apresentacao_demencia/Demencia.pdf	apresentacao_esquizofrenia/Esquizofrenia.pdf	apresentacao_incapacidade_intelectual/Incapacidade_Intelectual.pdf	apresentacao_perturbacao_bipolar/Perturbacao_Bipolar.pdf
11	D	Promover o conhecimento acerca da doen├ºa mental (Continua├º├úo)	Apresentar conte├║dos te├│ricos sobre a doen├ºa, seus sintomas e evolu├º├úo.\r\nPromover a discuss├úo e esclarecimento de d├║vidas.	* apres. power-point \r\n* Informa├º├úo sobre a doen├ºa mental (Continua├º├úo)\r\n* pc, v├¡deo-projetor	40		3	2	apresentacao_demencia/Demencia_IYgJLo6.pdf	apresentacao_esquizofrenia/Esquizofrenia_AOQfjfr.pdf	apresentacao_incapacidade_intelectual/Incapacidade_Intelectual_vfZWLKQ.pdf	apresentacao_perturbacao_bipolar/Perturbacao_Bipolar_yafbY92.pdf
25	F	Encerrar a sess├úo	Fazer um briefing sobre a sess├úo.\r\nLan├ºar o desafio da "participa├º├úo semanal" - Atividade 9.\r\nEnquadrar a sess├úo seguinte.\r\nAvaliar as aprendizagens (Anexo 2).\r\nAgradecer a presen├ºa e participa├º├úo de todos.		10		6	4				
26	I	Receber os participantes.	Dar as boas vindas e receber os participantes. \r\nDar oportunidade aos CI para partilharem a experi├¬ncia da "participa├º├úo semanal" - Atividade 9.\r\nEnquadrar a sess├úo.\r\nAvaliar as aprendizagens (Anexo 2).		15	apresentacoes/Sessao7_Comunicacao.pdf	7	1				
29	F	Encerrar a sess├úo	Fazer um briefing sobre a sess├úo.\r\nLan├ºar o desafio da "participa├º├úo semanal" - Atividade 12.\r\nEnquadrar a sess├úo seguinte.\r\nAgradecer a presen├ºa e participa├º├úo de todos.		10		7	4				
28	D	Partilhar experi├¬ncias no sentido da ventila├º├úo de emo├º├Áes e normaliza├º├úo de sentimentos	Promover a reflex├úo acerca das dificuldades sentidas na comunica├º├úo com o doente, atrav├®s de uma atividade de relaxamento - Atividade 11.	* r├ídio & m├║sica relaxante	10		7	3				
53	D	Promover as redes sociais de apoio.	Esclarecer as condi├º├Áes de continuidade dos encontros, agora na modalidade dos Grupos de Ajuda M├║tua (GAM).		15		13	3				
34	I	Receber os participantes.	Dar as boas vindas e receber os participantes.\r\nDar oportunidade aos CI para partilharem a experi├¬ncia  da "participa├º├úo semanal" - Atividade 15.\r\nEnquadrar a sess├úo.\r\nAvaliar as aprendizagens (Anexo 2).		15		9	1				
30	I	Receber os participantes.	Dar as boas vindas e receber os participantes (8).\r\nDar oportunidade aos CI para partilharem a experi├¬ncia da primeira parte da "participa├º├úo semanal" - Atividade 12.\r\nEnquadrar a sess├úo.		15		8	1				
41	F	Encerrar a sess├úo	Fazer um briefing sobre a sess├úo.\r\nLan├ºar o desafio da "participa├º├úo semanal" - Atividade 20.\r\nEnquadrar a sess├úo seguinte.\r\nAvaliar as aprendizagens (Anexo 2).\r\nAgradecer a presen├ºa e participa├º├úo de todos.		10		10	4				
40	D	Partilhar experi├¬ncias e refletir acerca do tema: diminui├º├úo de ansiedade e depress├úo; diminui├º├úo da sobrecarga; desenvolvimento de estrat├®gias de coping;	1. Dividir os elementos em grupos de 2 a 3 pessoas.\r\n2. Identificar estrat├®gias de gest├úo de stresse, gest├úo emocional e coping - Atividade 19.	* cartolinas/ folhas, canetas de cores\r\n* revistas, jornais\r\n* tesouras, cola, folhas de cores	35		10	3				
24	D	Conhecer boas pr├íticas na presta├º├úo de cuidados ao n├¡vel das transfer├¬ncias e posicionamentos	Experimentar exerc├¡cios de al├¡vio da sobrecarga mec├ónica - alongamentos, relaxamento muscular.	* banda el├ística para alongamento (op├º├úo)	20		6	3				
36	D	Partilhar experi├¬ncias e refletir sobre a import├óncia da ocupa├º├úo no bem-estar	Refletir sobre as atividades realizadas ao longo da semana e o tempo despendido nas atividades que lhe s├úo prazerosas - Atividade 16.	* ficha "Como se ocupa"	20		9	3				
37	F	Encerrar a sess├úo	Encerrar a sess├úoFazer um briefing sobre a sess├úo.\r\nLan├ºar o desafio da "participa├º├úo semanal" - Atividade 17.\r\nEnquadrar a sess├úo seguinte.\r\nAvaliar as aprendizagens (Anexo 2).\r\nAgradecer a presen├ºa e participa├º├úo de todos.		10		9	4				
32	D	Partilhar experi├¬ncias no sentido da ventila├º├úo de emo├º├Áes e normaliza├º├úo de sentimentos	Realizar uma atividade de  reflex├úo, atrav├®s da pintura, acerca das emo├º├Áes inerentes ├ás dificuldades na comunica├º├úo e na gest├úo com comportamentos desafiantes -Atividade 14.	* folhas brancas grossas\r\n* pinc├®is, copos com ├ígua, guaches de cores diversas, guardanapos/panos\r\n* r├ídio & m├║sica;	30		8	3				
42	I	Receber os participantes.	Dar as boas vindas e receber os participantes.\r\nDar oportunidade aos CI para partilharem a experi├¬ncia da "participa├º├úo semanal" (Atividade 20).  \r\nEnquadrar a sess├úo.\r\nAvaliar as aprendizagens (Anexo 2).		20		11	1				
31	D	Explorar estrat├®gias de comunica├º├úo e de gest├úo de comportamentos desafiantes	Promover a discuss├úo de boas pr├íticas e o esclarecimento de d├║vidas, com recurso a situa├º├Áes dos pr├│prios CI - Atividade 13.	* cartolinas, canetas, bostik	35		8	2				
38	I	Receber os participantes.	Dar as boas vindas e receber os participantes.\r\nDar oportunidade aos CI para partilharem a experi├¬ncia da "participa├º├úo semanal" - Atividade 17.\r\nEnquadrar a sess├úo.\r\nAvaliar as aprendizagens (Anexo 2).		20		10	1				
39	D	Explorar estrat├®gias de gest├úo emocional e de coping	Leitura de um testemunho de um cuidador.\r\nRelato sobre o turbilh├úo de emo├º├Áes associados ao cuidado, assim como da import├óncia da gest├úo emocional.\r\nPromover a discuss├úo, reconhecendo a universalidade dos sentimentos e emo├º├Áes, assim como de estrat├®gias de gest├úo emocional - Atividade 18.	* testemunho de CI	30		10	2				
33	F	Encerrar a sess├úo	Fazer um briefing sobre a sess├úo.\r\nLan├ºar o desafio da "participa├º├úo semanal" - Atividade 15.\r\nEnquadrar a sess├úo seguinte.\r\nAvaliar as aprendizagens (Anexo 2).\r\nAgradecer a presen├ºa e participa├º├úo de todos.		10		8	4				
35	D	Promover boas pr├íticas na presta├º├úo de cuidados: estrat├®gias de ocupa├º├úo do RC	Explorar a import├óncia da ocupa├º├úo na vida das pessoas, quer ao n├¡vel do entretenimento como da estimula├º├úo. Apresentar exemplos de atividades de estimula├º├úo de acordo com as patologias presentes.	* apres. power-point \r\n* Ocupa├º├úo: entretenimento e estimula├º├úo;\r\n* pc, v├¡deo-projetor\r\n* exemplos de atividades de estimula├º├úo	45	apresentacoes/Sessao9_Ocupacao.pdf	9	2				
27	D	Explorar estrat├®gias de comunica├º├úo e de gest├úo de comportamentos desafiantes.	Promover a discuss├úo de boas pr├íticas e o esclarecimento de d├║vidas, com recurso a casos pr├íticos (7) - Atividade 10.	* 4 casos pr├íticos \r\n* Panfleto "Boas pr├íticas na comunica├º├úo e na gest├úo de comportamentos"\r\n* cartolinas/ folhas, canetas, bostik	55	apresentacoes/Sessao7_Comunicacao.pdf	7	2				
43	D	Incentivar o autocuidado e a valoriza├º├úo do papel de cuidador	Reflex├úo e explora├º├úo dos aspetos positivos associados ao cuidado.\r\nReconhecer o cuidar do outro enquanto fonte de gratifica├º├úo e satisfa├º├úo. (Atividade 21)	* ficha "Important├│metro"	30		11	2				
51	D	Partilhar experi├¬ncias e refletir acerca do tema: diminui├º├úo de ansiedade e depress├úo; diminui├º├úo da sobrecarga; desenvolvimento de estrat├®gias de coping;	Realiza├º├úo de uma massagem-promo├º├úo da consci├¬ncia da satisfa├º├úo e bem-estar. \r\nReflex├úo sobre a import├óncia do bem-estar na vida pessoal (na sua felicidade), e na qualidade dos cuidados prestados (estar bem para cuidar bem) (Atividade 22).	* creme hidratante com cheiro agrad├ível; objetos de massagem cabe├ºa, costas, bra├ºos, ...\r\n* r├ídio & m├║sica;	35		11	3				
46	D	Incentivar o autocuidado.	Refletir sobre a gest├úo do tempo, tendo em conta a realiza├º├úo das atividades de lazer mais significativas para o CI (Atividade 24).	* v├írios (consultar atividade 24)	45		12	2				
1	I	Receber e integrar os participantes.	Dar as boas vindas e receber os participantes, integrando-os no contexto da sala e do grupo.		20		1	1				
52	D	Promover a diminui├º├úo de ansiedade e depress├úo; diminui├º├úo da sobrecarga; desenvolvimento de estrat├®gias de coping e de redes sociais de apoio.	Refletir sobre as atividades realizadas ao longo da semana e o tempo despendido nas atividades que lhe s├úo prazerosas (Atividade 25).\r\nPartilhar com o grupo as reflex├Áes decorrentes da atividade.	* ficha "Como me ocupo"	20		12	3				
2	D	Apresentar o projeto MentHA e sua equipa	1. Fazer uma breve apresenta├º├úo do projeto MentHA e da equipa, enquadrando o PPCI - MentHA e o prop├│sito do grupo.	* panfleto de apresenta├º├úo do projeto MentHA;	5	apresentacoes/Sessao1_Ap_projeto.pdf	1	2				
45	I	Receber os participantes.	Dar as boas vindas e receber os participantes.\r\nDar oportunidade aos CI para partilharem a experi├¬ncia do desafio pessoal (Atividade 23).\r\nEnquadrar a sess├úo.		15		12	1				
44	F	Encerrar a sess├úo	Fazer um briefing sobre a sess├úo.\r\nLan├ºar o desafio da "participa├º├úo semanal" (Atividade 23).\r\nEnquadrar a sess├úo seguinte.\r\nAgradecer a presen├ºa e participa├º├úo de todos.		10		11	4				
15	D	Promover o conhecimento dos participantes quanto aos apoios sociais e recursos da comunidade existentes.	Apresentar os diferentes benef├¡cios sociais aplic├íveis no contexto dos cuidados informais; e os recursos da comunidade (ex. respostas sociais, projetos comunit├írios).\r\nEsclarecer as d├║vidas dos participantes.	* apres. power-point \r\n* Informa├º├úo sobre  apoios sociais e recursos da comunidade\r\n* panfleto informativo\r\n* pc, v├¡deo-projetor	30	apresentacoes/Sessao4_ApoiosSoc_RCom.pdf	4	2				
56	D	Orienta├º├úo pessoal	**Exerc├¡cio 1. (p├íg. 44)**\r\n\r\nFaz-se a apresenta├º├úo. Cada participante diz o seu nome e idade. \r\nA primeira pessoa a apresentar-se ├® o facilitador, e depois os participantes come├ºando e seguindo sempre a mesma ordem ao longo de todas as sess├Áes.		20		14	0				
48	I	Receber os participantes.	Dar as boas vindas e receber os participantes.\r\nDar oportunidade aos CI para partilharem a experi├¬ncia do desafio pessoal (Atividade 26).		15		13	1				
23	D	Conhecer boas pr├íticas na presta├º├úo de cuidados ao n├¡vel das transfer├¬ncias e posicionamentos	Apresentar conte├║dos te├│ricos sobre as boas pr├íticas nas transfer├¬ncias e posicionamentos (6); mostrar/ descrever ajudas t├®cnicas (ex. SARA). Experimentar algumas transfer├¬ncias e posicionamentos entre o grupo, melhorando a sua execu├º├úo e, sempre que poss├¡vel, dando outras op├º├Áes.\r\nPromover a discuss├úo e esclarecimento de d├║vidas; chamar a aten├º├úo para as boas posturas.	* apres. power-point \r\n* Boas pr├íticas nas transfer├¬ncias e posicionamentos;\r\n* pc, v├¡deo-projetor  \r\n* Equipamentos (o poss├¡vel): cama, cadeira rodas, almofadas, disco de transfer├¬ncia, ...	45		6	2				
49	D	Promover as redes sociais de apoio.	Refletir sobre o percurso e as mais-valias da participa├º├úo no programa (Atividade 27).	* 4 novelos de l├ú  de cor diferente	30		13	2				
47	F	Encerrar a sess├úo	Fazer um briefing sobre a sess├úo.\r\nLan├ºar o desafio da "participa├º├úo semanal" (Atividade 26).\r\nEnquadrar a sess├úo seguinte.\r\nAvaliar as aprendizagens (Anexo 2).\r\nAgradecer a presen├ºa e participa├º├úo de todos.		10		12	4				
50	F	Encerrar a sess├úo	Preencher o question├írio de satisfa├º├úo do CI para com o PPCI-MentHA.\r\nConv├¡vio - mesa de lanche partilhado.\r\nAgradecer a presen├ºa e participa├º├úo de todos.		30		13	4				
55	I	Apresenta├º├úo e Boas Vindas	**Apresenta├º├úo do facilitador e participantes**\r\n\r\n**Apresenta├º├úo do Programa:** Explicar aos participantes que nestas sess├Áes v├úo exercitar v├írias fun├º├Áes cognitivas tais como a mem├│ria e a orienta├º├úo por forma a melhor├í-las.\r\n\r\nAs sess├Áes de grupo ocorrem duas vezes por semana, com o objectivo de exercitar a mem├│ria e Informar os participantes que o s├¡tio onde se sentam ser├í sempre o mesmo em todas as sess├Áes.\r\nExplicar as regras de funcionamento (pontualidade, confidencialidade, etc).		30		14	0				
\.


--
-- Data for Name: diario_parte_atividades; Type: TABLE DATA; Schema: public; Owner: leda
--

COPY public.diario_parte_atividades (id, parte_id, atividade_id) FROM stdin;
77	3	1
78	4	2
79	6	3
80	8	4
81	9	5
82	10	5
83	12	6
84	13	5
85	14	5
86	20	7
87	21	8
88	22	8
89	25	9
90	27	10
91	28	11
92	29	12
93	30	12
94	31	13
95	32	14
96	33	15
97	34	15
98	36	16
99	37	17
100	38	17
101	39	18
102	40	19
103	41	20
104	42	20
105	43	21
106	44	23
107	45	23
108	46	24
109	47	26
110	48	26
111	49	27
112	51	22
113	52	25
\.


--
-- Data for Name: diario_parte_exercicio; Type: TABLE DATA; Schema: public; Owner: leda
--

COPY public.diario_parte_exercicio (id, nome, ordem, descricao, duracao) FROM stdin;
16	Mostrar Imagem (Mira)	7		0
17	Descreva a Imagem (Mira)	8		0
4	Indique a hora, colocando os ponteiros da hora e minutos:	2		0
6	Copiar um desenho	1	Vamos realizar a c├│pia de um desenho que est├í no vosso dossier. N├úo se preocupem que n├úo se pretende avaliar as vossas habilidades art├¡sticas, mas treinar o uso do l├ípis. \r\nPe├ºo que fa├ºam o melhor que conseguirem.	0
26	Completar ditados populares	1	Complete as seguintes Express├Áes e Ditados Populares	0
13	Descreva a Imagem (Praia)	4		0
25	Conjuto de palavras (2)	2	Preste aten├º├úo aos conjuntos de tr├¬s palavras que o facilitador vai dizer. Memorize as palavras e escreva-as no quadro	0
27	Explicar ditados populares	2	Explique a ideia principal de cada uma das express├Áes populares	0
28	Descrever um evento de vida	1	Pense num acontecimento de vida pessoal antigo, por exemplo, uma viagem, o dia do seu casamento que gostaria de partilhar com o grupo.	0
11	Descreva Imagem (Gato)	2		0
34	Nicolau Breyner	1		0
18	Mostrar Imagem (Familia)	9		0
20	Dizer os meses do ano	1	Indique de forma alternada com os seus colegas (├á vez) os meses do ano por ordem direta.	0
7	Escolher smiles	1	Observe as imagens e escolha a que melhor representa a maneira como se sentiu durante esta sess├úo.	0
31	Perguntas sobre a historia com pistas (2)	3		0
32	Perguntas sobre a historia com pistas (3)	4		0
9	Copiar um desenho (3D)	0		0
10	Mostrar Imagem (Gato)	1		0
14	Mostrar Imagem (Borboleta)	5		0
12	Mostrar Imagem (Praia)	3		0
15	Descreva a Imagem (Borboleta)	6		0
52	Comum entre palavras 2	2		0
21	Dizer os meses do ano (inversamente)	2	Indique de forma alternada com os seus colegas (├á vez) os meses do ano por ordem inversa, ou seja, do fim para o in├¡cio.	0
22	Descreva o que se recorda das imagens que observou nesta sess├úo	1	Descreva o que se recorda das imagens que observou nesta sess├úo	0
23	Descreva o que se recorda das imagens que observou nesta sess├úo	2	Descreva o que se recorda das imagens que observou nesta sess├úo	0
29	Ler hist├│ria	1	A Fam├¡lia Fonseca, no Ver├úo, decidiu fazer um piquenique na encosta do Castelo de Santa Maria da Feira. A D. Rosa Fonseca fez uma torta de noz, que ├® a preferida dos seus 2 filhos, a Camila e o Carlos. Tamb├®m levaram sumo de laranja, sandes de queijo e fiambre, com alface e tomate e fruta variada. Como estava muito sol, o Sr. Jos├® Fonseca achou melhor lavarem um guarda-sol para se protegerem. Depois de comer, a fam├¡lia foi dar uma volta pelo Castelo. Regressaram a casa por volta das 5 horas da tarde. \r\n\r\n\r\n**Fonte:** Nunes, B.;Pais, J. (2014). Doen├ºa de Alzheimer: Exerc├¡cios de Estimula├º├úo, Exerc├¡cio 19. Lidel Editora.	0
1	Bola	1	Os participantes atiram uma bola uns aos outros, dizendo o seu nome e completando a frase que est├í mais pr├│ximo do polegar direito.	30
24	Conjuto de palavras (1)	1	Preste aten├º├úo aos conjuntos de tr├¬s palavras que o facilitador vai dizer. Memorize as palavras e escreva-as no quadro	0
30	Perguntas sobre a historia com pistas	2	Perguntas ╬ô├ç├┤ Evoca├º├úo Guiada  (respostas: um participante de cada vez)	0
36	Pessoa desconhecida 1	1		0
37	Pessoa desconhecida 2	2		0
38	Pessoa desconhecida 3	3		0
39	Pessoa Desconhecida 4	4		0
40	Pessoa Desconhecida 5	5		0
41	Pessoa Desconhecida 6	6		0
35	Beatriz Costa	2		0
51	Comum entre palavras	1	Identifique o que h├í de comum entre estes objectos:	0
53	Diferente entre palavras	1	Identifique o que h├í de diferente entre estes objetos:	0
42	Pessoa Desconhecida 7	7		0
8	Copiar um desenho (2D)	2		0
19	Descreva a Imagem (Familia)	10		0
45	3┬║ S├®rie	3		0
5	Indique a localiza├º├úo da sess├úo:	3		0
33	Descrever a historia sem pistas	5		0
3	Escreva a data de hoje	1		0
54	Diferente entre palavras 2	2	Identifique o que h├í de diferente entre estes objetos:	0
55	Sequ├¬ncias l├│gicas 1	1	Complete as sequ├¬ncias l├│gicas:	0
56	Sequ├¬ncias l├│gicas 2	2		0
46	4┬║ S├®rie	4		0
47	5┬║ S├®rio	5		0
48	6┬║ S├®rie	6		0
43	1┬║ Serie	1		0
44	2┬║ S├®rie	2		0
49	Procure apenas os n├║meros	1		0
50	Procurar simbolos	2		0
57	Sequ├¬ncias l├│gicas 3	3		0
58	Sequ├¬ncias l├│gicas 4	4		0
59	Para comprar o p├úo	1	Para comprar o p├úo	0
60	Para dormir	2		0
61	Para lavar a lou├ºa	3		0
62	Para ver televis├úo	4		0
63	Para se vestir	5		0
64	Para lavar os dentes	6		0
65	Inibi├º├úo de Resposta 1	1		0
66	Inibi├º├úo de Resposta 2	2		0
67	Copiar o Desenho 1	1		0
68	Copiar o Desenho 2	2		0
69	Organizar o evento	1		0
70	Labirinto 1	1		0
71	Labirinto 2	2		0
72	Labirinto 3	3		0
75	Unir 3	3	Unam as figuras de acordo com as seguintes ordens:	0
74	Unir 2	2	Unam as figuras de acordo com as seguintes ordens:	0
73	Unir 1	1	Unam as figuras de acordo com as seguintes ordens:	0
\.


--
-- Data for Name: diario_parte_exercicio_imagens; Type: TABLE DATA; Schema: public; Owner: leda
--

COPY public.diario_parte_exercicio_imagens (id, parte_exercicio_id, imagem_id) FROM stdin;
102	6	4
103	6	5
104	6	6
105	8	4
106	8	5
107	9	6
108	10	11
109	12	12
110	14	13
111	16	14
112	18	15
113	34	16
114	35	17
115	36	18
116	37	19
117	38	20
118	39	21
119	40	22
120	41	23
121	42	24
122	43	25
123	44	26
124	45	27
125	46	28
126	47	29
127	48	30
128	50	32
129	55	33
130	56	34
131	57	35
132	58	36
133	65	37
134	66	38
135	67	39
136	68	40
137	70	41
138	71	42
139	72	43
140	73	44
141	75	45
142	74	46
\.


--
-- Data for Name: diario_parte_exercicio_perguntas; Type: TABLE DATA; Schema: public; Owner: leda
--

COPY public.diario_parte_exercicio_perguntas (id, parte_exercicio_id, pergunta_exercicio_id) FROM stdin;
466	3	1
467	3	2
468	3	3
469	4	4
470	5	5
471	7	8
472	8	6
473	9	7
474	11	9
475	13	9
476	15	9
477	17	10
478	19	10
479	20	11
480	21	12
481	22	13
482	22	14
483	22	15
484	23	16
485	23	17
486	24	18
487	24	19
488	24	20
489	25	21
490	25	22
491	25	23
492	26	24
493	26	25
494	26	26
495	26	27
496	26	28
497	26	29
498	26	30
499	27	32
500	27	33
501	27	34
502	27	35
503	27	36
504	27	37
505	27	31
506	28	39
507	28	40
508	28	41
509	28	42
510	28	43
511	28	44
512	30	48
513	30	45
514	30	46
515	30	47
516	31	49
517	31	50
518	31	51
519	31	52
520	32	53
521	32	54
522	32	55
523	33	56
524	34	57
525	36	58
526	37	58
527	38	58
528	39	58
529	40	58
530	41	58
531	42	58
532	49	59
533	50	60
534	51	61
535	51	62
536	51	63
537	52	65
538	52	66
539	52	67
540	53	68
541	53	69
542	53	70
543	54	72
544	54	73
545	54	71
546	55	74
547	56	75
548	57	76
549	58	77
550	59	80
551	59	78
552	59	79
553	60	81
554	60	82
555	60	83
556	60	84
557	61	88
558	61	85
559	61	86
560	61	87
561	62	89
562	62	90
563	62	91
564	62	92
565	63	96
566	63	93
567	63	94
568	63	95
569	64	97
570	64	98
571	64	99
572	64	100
573	65	101
574	65	102
575	66	101
576	66	102
577	67	103
578	68	104
579	69	105
580	70	106
581	71	107
582	72	108
583	73	109
584	74	110
585	75	111
\.


--
-- Data for Name: diario_parte_questionarios; Type: TABLE DATA; Schema: public; Owner: leda
--

COPY public.diario_parte_questionarios (id, parte_id, questionario_id) FROM stdin;
47	1	1
48	6	1
49	9	1
50	10	2
51	13	2
52	14	3
53	17	3
54	18	4
55	21	4
56	22	5
57	25	5
58	26	6
59	33	6
60	34	7
61	37	7
62	38	8
63	41	8
64	42	9
65	47	9
66	50	10
67	50	11
68	50	12
69	50	13
\.


--
-- Data for Name: diario_partegrupo; Type: TABLE DATA; Schema: public; Owner: leda
--

COPY public.diario_partegrupo (id, inicio, fim, concluido, exercicio_id, parte_id, "sessaoGrupo_id") FROM stdin;
7396	\N	\N	f	\N	12	1503
7397	\N	\N	f	\N	13	1503
7398	\N	\N	f	\N	10	1503
7399	\N	\N	f	\N	11	1503
7400	\N	\N	f	\N	9	1504
7401	\N	\N	f	\N	8	1504
7402	\N	\N	f	\N	6	1504
7403	\N	\N	f	\N	7	1504
7404	\N	\N	f	\N	19	1505
7405	\N	\N	f	\N	20	1505
7406	\N	\N	f	\N	21	1505
7407	\N	\N	f	\N	18	1505
7408	\N	\N	f	\N	41	1506
7409	\N	\N	f	\N	40	1506
7410	\N	\N	f	\N	38	1506
7411	\N	\N	f	\N	39	1506
7412	\N	\N	f	\N	42	1507
7413	\N	\N	f	\N	43	1507
7414	\N	\N	f	\N	51	1507
7415	\N	\N	f	\N	44	1507
7416	\N	\N	f	\N	46	1508
7417	\N	\N	f	\N	52	1508
7418	\N	\N	f	\N	45	1508
7419	\N	\N	f	\N	47	1508
7420	\N	\N	f	\N	53	1509
7421	\N	\N	f	\N	48	1509
7422	\N	\N	f	\N	49	1509
7423	\N	\N	f	\N	50	1509
7424	\N	\N	f	\N	17	1510
7425	\N	\N	f	\N	16	1510
7426	\N	\N	f	\N	14	1510
7427	\N	\N	f	\N	15	1510
7428	\N	\N	f	\N	26	1511
7429	\N	\N	f	\N	29	1511
7430	\N	\N	f	\N	28	1511
7431	\N	\N	f	\N	27	1511
7432	\N	\N	f	\N	34	1512
7433	\N	\N	f	\N	36	1512
7434	\N	\N	f	\N	37	1512
7435	\N	\N	f	\N	35	1512
7436	\N	\N	f	\N	30	1513
7437	\N	\N	f	\N	32	1513
7438	\N	\N	f	\N	31	1513
7439	\N	\N	f	\N	33	1513
7440	\N	\N	f	\N	22	1514
7441	\N	\N	f	\N	25	1514
7442	\N	\N	f	\N	24	1514
7443	\N	\N	f	\N	23	1514
7444	\N	\N	f	\N	5	1515
7445	\N	\N	f	\N	3	1515
7446	\N	\N	f	\N	4	1515
7447	\N	\N	f	\N	1	1515
7448	\N	\N	f	\N	2	1515
7449	\N	\N	f	\N	12	1516
7450	\N	\N	f	\N	13	1516
7451	\N	\N	f	\N	10	1516
7452	\N	\N	f	\N	11	1516
7453	\N	\N	f	\N	9	1517
7454	\N	\N	f	\N	8	1517
7455	\N	\N	f	\N	6	1517
7456	\N	\N	f	\N	7	1517
7457	\N	\N	f	\N	19	1518
7458	\N	\N	f	\N	20	1518
7459	\N	\N	f	\N	21	1518
7460	\N	\N	f	\N	18	1518
7461	\N	\N	f	\N	41	1519
7462	\N	\N	f	\N	40	1519
7463	\N	\N	f	\N	38	1519
7464	\N	\N	f	\N	39	1519
7465	\N	\N	f	\N	42	1520
7466	\N	\N	f	\N	43	1520
7467	\N	\N	f	\N	51	1520
7468	\N	\N	f	\N	44	1520
7469	\N	\N	f	\N	46	1521
7470	\N	\N	f	\N	52	1521
7471	\N	\N	f	\N	45	1521
7472	\N	\N	f	\N	47	1521
7473	\N	\N	f	\N	53	1522
7474	\N	\N	f	\N	48	1522
7475	\N	\N	f	\N	49	1522
7476	\N	\N	f	\N	50	1522
7477	\N	\N	f	\N	17	1523
7478	\N	\N	f	\N	16	1523
7479	\N	\N	f	\N	14	1523
7480	\N	\N	f	\N	15	1523
7481	\N	\N	f	\N	26	1524
7482	\N	\N	f	\N	29	1524
7483	\N	\N	f	\N	28	1524
7484	\N	\N	f	\N	27	1524
7485	\N	\N	f	\N	34	1525
7486	\N	\N	f	\N	36	1525
7487	\N	\N	f	\N	37	1525
7488	\N	\N	f	\N	35	1525
7489	\N	\N	f	\N	30	1526
7490	\N	\N	f	\N	32	1526
7491	\N	\N	f	\N	31	1526
7492	\N	\N	f	\N	33	1526
7493	\N	\N	f	\N	22	1527
7494	\N	\N	f	\N	25	1527
7495	\N	\N	f	\N	24	1527
7496	\N	\N	f	\N	23	1527
7497	\N	\N	f	\N	5	1528
7498	\N	\N	f	\N	3	1528
7499	\N	\N	f	\N	4	1528
7500	\N	\N	f	\N	1	1528
7501	\N	\N	f	\N	2	1528
7502	\N	\N	f	6	\N	1529
7503	\N	\N	f	2	\N	1529
7504	\N	\N	f	7	\N	1529
7505	\N	\N	f	1	\N	1529
7506	\N	\N	f	3	\N	1529
7507	\N	\N	f	5	\N	1529
7508	\N	\N	f	4	\N	1529
7509	\N	\N	f	38	\N	1529
7510	\N	\N	f	2	\N	1530
7511	\N	\N	f	7	\N	1530
7512	\N	\N	f	1	\N	1530
7513	\N	\N	f	3	\N	1530
7514	\N	\N	f	38	\N	1530
7515	\N	\N	f	9	\N	1531
7516	\N	\N	f	2	\N	1531
7517	\N	\N	f	7	\N	1531
7518	\N	\N	f	10	\N	1531
7519	\N	\N	f	1	\N	1531
7520	\N	\N	f	3	\N	1531
7521	\N	\N	f	38	\N	1531
7522	\N	\N	f	2	\N	1532
7523	\N	\N	f	7	\N	1532
7524	\N	\N	f	11	\N	1532
7525	\N	\N	f	12	\N	1532
7526	\N	\N	f	1	\N	1532
7527	\N	\N	f	3	\N	1532
7528	\N	\N	f	38	\N	1532
7529	\N	\N	f	2	\N	1533
7530	\N	\N	f	7	\N	1533
7531	\N	\N	f	15	\N	1533
7532	\N	\N	f	14	\N	1533
7533	\N	\N	f	13	\N	1533
7534	\N	\N	f	1	\N	1533
7535	\N	\N	f	3	\N	1533
7536	\N	\N	f	38	\N	1533
7537	\N	\N	f	2	\N	1534
7538	\N	\N	f	7	\N	1534
7539	\N	\N	f	19	\N	1534
7540	\N	\N	f	20	\N	1534
7541	\N	\N	f	21	\N	1534
7542	\N	\N	f	1	\N	1534
7543	\N	\N	f	3	\N	1534
7544	\N	\N	f	38	\N	1534
7545	\N	\N	f	2	\N	1535
7546	\N	\N	f	7	\N	1535
7547	\N	\N	f	23	\N	1535
7548	\N	\N	f	22	\N	1535
7549	\N	\N	f	24	\N	1535
7550	\N	\N	f	1	\N	1535
7551	\N	\N	f	3	\N	1535
7552	\N	\N	f	38	\N	1535
7553	\N	\N	f	2	\N	1536
7554	\N	\N	f	7	\N	1536
7555	\N	\N	f	25	\N	1536
7556	\N	\N	f	28	\N	1536
7557	\N	\N	f	26	\N	1536
7558	\N	\N	f	27	\N	1536
7559	\N	\N	f	1	\N	1536
7560	\N	\N	f	3	\N	1536
7561	\N	\N	f	38	\N	1536
7562	\N	\N	f	2	\N	1537
7563	\N	\N	f	7	\N	1537
7564	\N	\N	f	30	\N	1537
7565	\N	\N	f	1	\N	1537
7566	\N	\N	f	3	\N	1537
7567	\N	\N	f	38	\N	1537
7568	\N	\N	f	29	\N	1537
7569	\N	\N	f	2	\N	1538
7570	\N	\N	f	7	\N	1538
7571	\N	\N	f	1	\N	1538
7572	\N	\N	f	3	\N	1538
7573	\N	\N	f	38	\N	1538
7574	\N	\N	f	2	\N	1539
7575	\N	\N	f	7	\N	1539
7576	\N	\N	f	1	\N	1539
7577	\N	\N	f	3	\N	1539
7578	\N	\N	f	38	\N	1539
7579	\N	\N	f	2	\N	1540
7580	\N	\N	f	7	\N	1540
7581	\N	\N	f	1	\N	1540
7582	\N	\N	f	3	\N	1540
7583	\N	\N	f	38	\N	1540
7584	\N	\N	f	2	\N	1541
7585	\N	\N	f	7	\N	1541
7586	\N	\N	f	17	\N	1541
7587	\N	\N	f	18	\N	1541
7588	\N	\N	f	16	\N	1541
7589	\N	\N	f	1	\N	1541
7590	\N	\N	f	3	\N	1541
7591	\N	\N	f	38	\N	1541
7592	\N	\N	f	2	\N	1542
7593	\N	\N	f	7	\N	1542
7594	\N	\N	f	8	\N	1542
7595	\N	\N	f	1	\N	1542
7596	\N	\N	f	3	\N	1542
7597	\N	\N	f	38	\N	1542
7598	\N	\N	f	6	\N	1543
7599	\N	\N	f	2	\N	1543
7600	\N	\N	f	7	\N	1543
7601	\N	\N	f	1	\N	1543
7602	\N	\N	f	3	\N	1543
7603	\N	\N	f	5	\N	1543
7604	\N	\N	f	4	\N	1543
7605	\N	\N	f	38	\N	1543
7606	\N	\N	f	2	\N	1544
7607	\N	\N	f	7	\N	1544
7608	\N	\N	f	1	\N	1544
7609	\N	\N	f	3	\N	1544
7610	\N	\N	f	38	\N	1544
7611	\N	\N	f	9	\N	1545
7612	\N	\N	f	2	\N	1545
7613	\N	\N	f	7	\N	1545
7614	\N	\N	f	10	\N	1545
7615	\N	\N	f	1	\N	1545
7616	\N	\N	f	3	\N	1545
7617	\N	\N	f	38	\N	1545
7618	\N	\N	f	2	\N	1546
7619	\N	\N	f	7	\N	1546
7620	\N	\N	f	11	\N	1546
7621	\N	\N	f	12	\N	1546
7622	\N	\N	f	1	\N	1546
7623	\N	\N	f	3	\N	1546
7624	\N	\N	f	38	\N	1546
7625	\N	\N	f	2	\N	1547
7626	\N	\N	f	7	\N	1547
7627	\N	\N	f	15	\N	1547
7628	\N	\N	f	14	\N	1547
7629	\N	\N	f	13	\N	1547
7630	\N	\N	f	1	\N	1547
7631	\N	\N	f	3	\N	1547
7632	\N	\N	f	38	\N	1547
7633	\N	\N	f	2	\N	1548
7634	\N	\N	f	7	\N	1548
7635	\N	\N	f	19	\N	1548
7636	\N	\N	f	20	\N	1548
7637	\N	\N	f	21	\N	1548
7638	\N	\N	f	1	\N	1548
7639	\N	\N	f	3	\N	1548
7640	\N	\N	f	38	\N	1548
7641	\N	\N	f	2	\N	1549
7642	\N	\N	f	7	\N	1549
7643	\N	\N	f	23	\N	1549
7644	\N	\N	f	22	\N	1549
7645	\N	\N	f	24	\N	1549
7646	\N	\N	f	1	\N	1549
7647	\N	\N	f	3	\N	1549
7648	\N	\N	f	38	\N	1549
7649	\N	\N	f	2	\N	1550
7650	\N	\N	f	7	\N	1550
7651	\N	\N	f	25	\N	1550
7652	\N	\N	f	28	\N	1550
7653	\N	\N	f	26	\N	1550
7654	\N	\N	f	27	\N	1550
7655	\N	\N	f	1	\N	1550
7656	\N	\N	f	3	\N	1550
7657	\N	\N	f	38	\N	1550
7658	\N	\N	f	2	\N	1551
7659	\N	\N	f	7	\N	1551
7660	\N	\N	f	30	\N	1551
7661	\N	\N	f	1	\N	1551
7662	\N	\N	f	3	\N	1551
7663	\N	\N	f	38	\N	1551
7664	\N	\N	f	29	\N	1551
7665	\N	\N	f	2	\N	1552
7666	\N	\N	f	7	\N	1552
7667	\N	\N	f	1	\N	1552
7668	\N	\N	f	3	\N	1552
7669	\N	\N	f	38	\N	1552
7670	\N	\N	f	2	\N	1553
7671	\N	\N	f	7	\N	1553
7672	\N	\N	f	1	\N	1553
7673	\N	\N	f	3	\N	1553
7674	\N	\N	f	38	\N	1553
7675	\N	\N	f	2	\N	1554
7676	\N	\N	f	7	\N	1554
7677	\N	\N	f	1	\N	1554
7678	\N	\N	f	3	\N	1554
7679	\N	\N	f	38	\N	1554
7680	\N	\N	f	2	\N	1555
7681	\N	\N	f	7	\N	1555
7682	\N	\N	f	17	\N	1555
7683	\N	\N	f	18	\N	1555
7684	\N	\N	f	16	\N	1555
7685	\N	\N	f	1	\N	1555
7686	\N	\N	f	3	\N	1555
7687	\N	\N	f	38	\N	1555
7688	\N	\N	f	2	\N	1556
7689	\N	\N	f	7	\N	1556
7690	\N	\N	f	8	\N	1556
7691	\N	\N	f	1	\N	1556
7692	\N	\N	f	3	\N	1556
7693	\N	\N	f	38	\N	1556
\.


--
-- Data for Name: diario_participante; Type: TABLE DATA; Schema: public; Owner: leda
--

COPY public.diario_participante (id, sexo, nascimento, data_entrada, nacionalidade, localizacao, escolaridade, residencia, "situacaoLaboral", "profissaoPrincipal", "situacaoEconomica", "estadoCivil", "agregadoFamiliar", "temFilhos", "nrFilhos", "autoAvaliacaoEstadoSaude", nivel_gds, avaliador_id, info_sensivel_id, referenciacao_id, user_id, "dadosCuidador", comorbilidades, "diagnosticoPrincipal") FROM stdin;
322	Masculino	2025-06-18	2025-06-20 14:23:24.832886+00	\N	\N	1-4	Urbana	Reformado(a)	\N	Satisfat├│ria	Solteiro(a)	Vive sozinho(a)	f	0	Nem mau nem bom	1	526	431	10	518	Participante	\N	Bipolar
323	Masculino	2025-06-17	2025-06-20 14:24:05.586364+00	\N	\N	1-4	Urbana	Reformado(a)	\N	Satisfat├│ria	Solteiro(a)	Vive sozinho(a)	f	0	Nem mau nem bom	1	526	432	10	519	Participante	\N	Bipolar
324	Masculino	2025-06-13	2025-06-20 14:24:28.043761+00	\N	\N	1-4	Urbana	Reformado(a)	\N	Satisfat├│ria	Solteiro(a)	Vive sozinho(a)	f	0	Nem mau nem bom	1	526	433	10	520	Participante	\N	Dem├¬ncia
325	Masculino	2025-06-18	2025-06-20 14:25:09.300765+00	\N	\N	1-4	Urbana	Reformado(a)	\N	Satisfat├│ria	Solteiro(a)	Vive sozinho(a)	f	0	Nem mau nem bom	1	526	434	10	521	Participante	\N	Dem├¬ncia
\.


--
-- Data for Name: diario_participante_cuidadores; Type: TABLE DATA; Schema: public; Owner: leda
--

COPY public.diario_participante_cuidadores (id, participante_id, cuidador_id) FROM stdin;
149	322	48
150	323	49
151	324	50
152	325	51
\.


--
-- Data for Name: diario_participante_diagnosticos; Type: TABLE DATA; Schema: public; Owner: leda
--

COPY public.diario_participante_diagnosticos (id, participante_id, doenca_id) FROM stdin;
228	322	18
229	323	18
230	324	14
231	325	14
\.


--
-- Data for Name: diario_participante_grupo; Type: TABLE DATA; Schema: public; Owner: leda
--

COPY public.diario_participante_grupo (id, participante_id, grupo_id) FROM stdin;
283	322	197
284	323	197
285	322	198
286	323	198
287	324	198
288	325	198
\.


--
-- Data for Name: diario_partilha; Type: TABLE DATA; Schema: public; Owner: leda
--

COPY public.diario_partilha (id, partilha, data, cuidador_id, participante_id, partilha_dinamizador_id, partilha_mentor_id, sessao_grupo_id, ficheiro, imagem, aprovada) FROM stdin;
\.


--
-- Data for Name: diario_partilhagrupo; Type: TABLE DATA; Schema: public; Owner: leda
--

COPY public.diario_partilhagrupo (id, descricao, data, imagem, ficheiro, grupo_id, partilha_dinamizador_id, partilha_mentor_id, sessao_grupo_id) FROM stdin;
\.


--
-- Data for Name: diario_pergunta; Type: TABLE DATA; Schema: public; Owner: leda
--

COPY public.diario_pergunta (id, fase, sessao_numero, ordem, texto) FROM stdin;
22	\N	0	1	Documenta├º├úo distribu├¡da
12	I	0	1	Considero que o meu conhecimento acerca de estrat├®gias de autocuidado ├®:
41	\N	0	12	Ajudou a sentir-me mais seguro(a) e confiante no meu papel de cuidador(a).
53	\N	0	1	De um modo geral, em rela├º├úo ao programa psicoeducativo do MentHA, encontro-me:
24	\N	0	2	Dinamizador
26	\N	0	4	Assistente Social
28	\N	0	6	Enfermeiro
9	I	8	0	Com o desenvolvimento das sess├Áes, considero que neste momento o meu conhecimento sobre este assunto ├®:
8	I	8	0	Se pudesse rever a minha resposta anterior, diria que o meu conhecimento acerca deste assunto era:
35	\N	0	6	Ajudou-me a compreender a rela├º├úo entre o stresse, a presta├º├úo de cuidados e a minha sa├║de.
33	\N	0	4	Exigiu muito de mim.
20	\N	0	6	Acessibilidade
31	\N	0	2	Ensinou-me a cuidar melhor.
39	\N	0	10	Ajudou-me a reconhecer que ├® importante cuidar de mim.
40	\N	0	11	Fez-me sentir mais apoiado(a) pelos servi├ºos e pelos t├®cnicos.
15	\N	0	1	Apoio prestado e disponibilidade da pessoa de contacto do projeto
16	\N	0	2	N├║mero de horas da a├º├úo face aos seus objetivos
18	\N	0	4	Luminosidade
36	\N	0	7	Forneceu-me informa├º├úo ├║til.
32	\N	0	3	Ajudou-me a melhorar a qualidade de vida do meu familiar.
43	\N	0	14	Ajudou-me a compreender melhor as altera├º├Áes verificadas no meu familiar/ amigo e a adquirir estrat├®gias que me permitem lidar de forma adequada com essas altera├º├Áes.
44	\N	0	15	Fez-me aceitar melhor a minha situa├º├úo.
45	\N	0	16	Deu-me conhecimentos que permitiram melhorar a rela├º├úo que tenho com o meu familiar/ amigo.
52	\N	0	23	Os cuidadores ao falar das suas experi├¬ncias, ajudaram-me a resolver os meus problemas/dificuldades.
17	\N	0	3	Condi├º├Áes do espa├ºo
38	\N	0	9	Ajudou-me a lidar melhor com as minhas emo├º├Áes.
10	I	0	1	Considero que o meu conhecimento acerca das formas de entretenimento e estimula├º├úo do RC ├®:
34	\N	0	5	Aumentou a minha confian├ºa no meu papel de cuidador.
25	\N	0	3	Psic├│logo
49	\N	0	20	Motivou-me a participar nas iniciativas que existem na minha localidade.
50	\N	0	21	Fez-me sentir feliz quando ajudei os outros elementos do grupo a solucionar os seus problemas.
51	\N	0	22	Ajudou-me a organizar melhor o meu tempo, de modo a cuidar do meu familiar e de mim tamb├®m.
2	F	0	2	Se pudesse rever a minha resposta anterior, diria que o meu conhecimento acerca deste assunto era:
23	\N	0	1	Dinamizador
14	F	12	3	Com o desenvolvimento da sess├úo, considero que neste momento o meu conhecimento sobre este assunto ├®:
54	\N	0	2	Descreva, de forma breve, a **import├óncia** que teve para si participar nas sess├Áes do programa psicoeducativo do MentHA e o que considerou de **mais e menos positivo**:
13	F	12	2	Se pudesse rever a minha resposta anterior, diria que o meu conhecimento acerca deste assunto era:
29	\N	0	7	Ter. Ocupacional/ Fisioterapeuta/ Enfermeiro:
30	\N	0	1	Aumentou a minha capacidade de cuidar do meu familiar.
46	\N	0	17	Fez-me alterar para melhor algumas das tarefas de cuidar.
37	\N	0	8	Ajudou-me a compreender melhor a doen├ºa do meu familiar.
47	\N	0	18	Fez-me sentir ├║til quando partilhei a minha experi├¬ncia com os outros cuidadores.
4	I	0	1	Considero que o meu conhecimento acerca dos recursos de apoio sociais, legais e da comunidade ├®:
5	I	0	1	Considero que o meu conhecimento acerca dos cuidados de higiene e conforto, elimina├º├úo, alimenta├º├úo e medica├º├úo ├®:
42	\N	0	13	Permitiu conhecer pessoas novas e fazer algumas amizades.
48	\N	0	19	Permitiu-me perceber que h├í outras pessoas na mesma situa├º├úo que eu, e que o que eu sinto ├® normal.
1	I	0	1	Considero que o meu conhecimento acerca da dem├¬ncia, perturba├º├úo bipolar, esquizofrenia ou incapacidade intelectual
6	I	0	1	Considero que o meu conhecimento acerca das transfer├¬ncias e posicionamentos ├®:
19	\N	0	5	Temperatura
3	F	0	3	Com o desenvolvimento da sess├úo, considero que neste momento o meu conhecimento sobre este assunto ├®:
7	I	0	1	Considero que o meu conhecimento acerca das estrat├®gias de comunica├º├úo e gest├úo de comportamentos desafiantes ├®:
27	\N	0	5	Jurista
11	I	0	1	Considero que o meu conhecimento acerca das estrat├®gias de gest├úo emocional e de coping ├®:
21	\N	0	1	Concretiza├º├úo das suas expectativas face ao programa
\.


--
-- Data for Name: diario_pergunta_exercicio; Type: TABLE DATA; Schema: public; Owner: leda
--

COPY public.diario_pergunta_exercicio (id, nome, postexto, tipo_resposta, dificuldade) FROM stdin;
47	Como se chamam as pessoas que fazem parte da fam├¡lia?	\N	RESPOSTA_ESCRITA	A
19	Palavra 2		RESPOSTA_ESCRITA	A
20	Palavra 3		RESPOSTA_ESCRITA	A
25	C├úo que ladra n├úo	\N	RESPOSTA_ESCRITA	A
22	Palavra 2		RESPOSTA_ESCRITA	B
1	Dia:		RESPOSTA_ESCRITA	A
78	Escolher o p├úo	\N	ESCOLHA_MULTIPLA	Indefinido
27	├ügua mole em pedra dura,	\N	RESPOSTA_ESCRITA	A
12	Escreva aqui as suas respostas, separadas por v├¡rgulas		RESPOSTA_ESCRITA	B
44	O que mais marcou negativamente?	\N	RESPOSTA_ESCRITA	B
54	O que fez a fam├¡lia depois de comer?	\N	RESPOSTA_ESCRITA	A
11	Escreva aqui as suas respostas, separadas por v├¡rgulas		RESPOSTA_ESCRITA	A
6	Realize a c├│pia de um desenho (2D):		UPLOAD_FOTOGRAFIA	A
13	Imagem 1		RESPOSTA_ESCRITA	A
81	Deitar-se na cama	\N	ESCOLHA_MULTIPLA	Indefinido
16	Imagem 4		RESPOSTA_ESCRITA	B
5	Indique a localiza├º├úo da sess├úo:		RESPOSTA_ESCRITA	A
7	Realize a c├│pia de um desenho (3D):		UPLOAD_FOTOGRAFIA	B
40	Quando?	\N	RESPOSTA_ESCRITA	B
15	Imagem 3		RESPOSTA_ESCRITA	A
23	Palavra 3		RESPOSTA_ESCRITA	B
2	M├¬s:		RESPOSTA_ESCRITA	A
9	Descreva a imagem que viu:		RESPOSTA_ESCRITA	A
26	De	se torce o pepino	RESPOSTA_ESCRITA	A
53	Como estava o tempo?	\N	RESPOSTA_ESCRITA	A
48	Em que ├®poca do ano ├® que esta fam├¡lia decidiu fazer o piquenique?	\N	RESPOSTA_ESCRITA	A
35	5. Express├úo	\N	RESPOSTA_ESCRITA	B
37	7. Express├úo	\N	RESPOSTA_ESCRITA	B
36	6. Express├úo	\N	RESPOSTA_ESCRITA	B
34	4. Express├úo	\N	RESPOSTA_ESCRITA	B
33	3. Express├úo	\N	RESPOSTA_ESCRITA	B
32	2. Express├úo	\N	RESPOSTA_ESCRITA	B
31	1. Express├úo	\N	RESPOSTA_ESCRITA	B
10	Descreva a imagem que viu:	\N	RESPOSTA_ESCRITA	B
58	Assinale algumas caracter├¡sticas sobre a pessoa	\N	RESPOSTA_ESCRITA	Indefinido
59	Procure apenas os n├║meros	\N	APENAS_MOSTRAR	Indefinido
60	Procure os s├¡mbolos iguais a estes	\N	APENAS_MOSTRAR	B
61	Azul - Amarelo	\N	RESPOSTA_ESCRITA	Indefinido
62	Camisa - Cal├ºas	\N	UPLOAD_FOTOGRAFIA	Indefinido
63	Banana - Laranja	\N	RESPOSTA_ESCRITA	Indefinido
64	Banana - Laranja	\N	RESPOSTA_ESCRITA	Indefinido
65	Cavalo - Burro	\N	RESPOSTA_ESCRITA	Indefinido
66	Rosa - Malmequer	\N	RESPOSTA_ESCRITA	Indefinido
67	Batata - Cenoura	\N	RESPOSTA_ESCRITA	Indefinido
68	C├úo - P├íssaro	\N	RESPOSTA_ESCRITA	Indefinido
69	Camisa - meias	\N	RESPOSTA_ESCRITA	Indefinido
70	Banana - Pera	\N	RESPOSTA_ESCRITA	Indefinido
45	Qual ├® o apelido da fam├¡lia?	\N	RESPOSTA_ESCRITA	A
55	A que horas regressaram a casa?	\N	RESPOSTA_ESCRITA	A
82	Vestir o pijama	\N	ESCOLHA_MULTIPLA	Indefinido
28	\N	n├úo se olha a dente	RESPOSTA_ESCRITA	A
83	Cobrir-se com o cobertor	\N	ESCOLHA_MULTIPLA	Indefinido
84	Tirar a roupa	\N	ESCOLHA_MULTIPLA	Indefinido
30	A	faz a for├ºa	RESPOSTA_ESCRITA	A
43	O que mais marcou positivamente?	\N	RESPOSTA_ESCRITA	B
57	memoria remota visual	Quem ├® esta pessoa? De que forma se destacou e que caracter├¡sticas se recorda dela?	APENAS_MOSTRAR	A
71	Garfo - faca	\N	RESPOSTA_ESCRITA	Indefinido
24	A ocasi├úo faz o	\N	RESPOSTA_ESCRITA	A
39	O que?	\N	RESPOSTA_ESCRITA	B
56	O que se recorda da hist├│ria?	\N	RESPOSTA_ESCRITA	B
49	Onde fizeram o piquenique?	\N	RESPOSTA_ESCRITA	A
21	Palavra 1		RESPOSTA_ESCRITA	B
50	Que bolo fez a D. Rosa Fonseca?	\N	RESPOSTA_ESCRITA	A
52	Que outras coisas levaram eles para comer?	\N	RESPOSTA_ESCRITA	A
8	Escolher smiles		ESCOLHA_MULTIPLA	Indefinido
17	Imagem 5		RESPOSTA_ESCRITA	B
18	Palavra 1		RESPOSTA_ESCRITA	A
14	Imagem 2		RESPOSTA_ESCRITA	A
72	Carro - Cami├úo	\N	RESPOSTA_ESCRITA	Indefinido
73	Televis├úo - R├ídio	\N	RESPOSTA_ESCRITA	Indefinido
74	\N	\N	UPLOAD_FOTOGRAFIA	A
46	Quantas pessoas fazem parte dessa fam├¡lia?	\N	RESPOSTA_ESCRITA	A
3	Ano:		RESPOSTA_ESCRITA	A
75	\N	\N	UPLOAD_FOTOGRAFIA	A
41	Onde?	\N	RESPOSTA_ESCRITA	B
42	Quem?	\N	RESPOSTA_ESCRITA	B
80	Entrar na loja	\N	ESCOLHA_MULTIPLA	Indefinido
4	Indique a hora, colocando os ponteiros da hora e minutos:		UPLOAD_FOTOGRAFIA	A
29	Amigos, amigos	\N	RESPOSTA_ESCRITA	A
76	\N	\N	UPLOAD_FOTOGRAFIA	B
77	\N	\N	UPLOAD_FOTOGRAFIA	B
51	Quem gastava desse bolo?	\N	RESPOSTA_ESCRITA	A
79	Pagar	\N	ESCOLHA_MULTIPLA	Indefinido
85	Esfregar a lou├ºa	\N	ESCOLHA_MULTIPLA	Indefinido
86	P├┤r detergente no esfreg├úo	\N	ESCOLHA_MULTIPLA	Indefinido
87	Passar por ├ígua	\N	ESCOLHA_MULTIPLA	Indefinido
88	Deixar escorrer	\N	ESCOLHA_MULTIPLA	Indefinido
89	Selecionar o canal	\N	ESCOLHA_MULTIPLA	Indefinido
90	Ligar a televis├úo	\N	ESCOLHA_MULTIPLA	Indefinido
91	Ver o programa	\N	ESCOLHA_MULTIPLA	Indefinido
92	Pegar no comando	\N	ESCOLHA_MULTIPLA	Indefinido
93	Vestir o casaco	\N	ESCOLHA_MULTIPLA	Indefinido
94	Escolher a roupa	\N	ESCOLHA_MULTIPLA	Indefinido
95	Vestir as cal├ºas e a camisola	\N	ESCOLHA_MULTIPLA	Indefinido
96	Vestir a roupa interior	\N	ESCOLHA_MULTIPLA	Indefinido
97	P├┤r pasta de dentes na escova	\N	ESCOLHA_MULTIPLA	Indefinido
98	Pegar na escova de dentes	\N	ESCOLHA_MULTIPLA	Indefinido
99	Lavar a boca com ├ígua	\N	ESCOLHA_MULTIPLA	Indefinido
100	Escovar os dentes	\N	ESCOLHA_MULTIPLA	Indefinido
101	Acertos	\N	RESPOSTA_ESCRITA	Indefinido
102	Erros	\N	RESPOSTA_ESCRITA	Indefinido
103	Copie o desenho	\N	UPLOAD_FOTOGRAFIA	A
104	Copie o desenho	\N	UPLOAD_FOTOGRAFIA	B
105	Como organizaria o evento?	\N	RESPOSTA_ESCRITA	B
106	Descubra a sa├¡da do Labirinto	\N	UPLOAD_FOTOGRAFIA	Indefinido
107	Descubra a sa├¡da do Labirinto	\N	UPLOAD_FOTOGRAFIA	Indefinido
108	Descubra a sa├¡da do Labirinto	\N	UPLOAD_FOTOGRAFIA	Indefinido
109	Verde, vermelho, azul;	\N	UPLOAD_FOTOGRAFIA	Indefinido
110	Amarelo, azul, vermelho, verde;	\N	UPLOAD_FOTOGRAFIA	Indefinido
111	Bola, quadrado, tri├óngulo e cruz;	\N	UPLOAD_FOTOGRAFIA	Indefinido
\.


--
-- Data for Name: diario_pergunta_exercicio_opcoes; Type: TABLE DATA; Schema: public; Owner: leda
--

COPY public.diario_pergunta_exercicio_opcoes (id, pergunta_exercicio_id, opcao_id) FROM stdin;
29	8	20
30	8	21
31	8	22
32	8	23
33	78	24
34	78	25
35	78	26
36	79	24
37	79	25
38	79	26
39	80	24
40	80	25
41	80	26
42	81	24
43	81	25
44	81	26
45	82	24
46	82	25
47	82	26
48	83	24
49	83	25
50	83	26
51	84	24
52	84	25
53	84	26
54	85	24
55	85	25
56	85	26
57	86	24
58	86	25
59	86	26
60	87	24
61	87	25
62	87	26
63	88	24
64	88	25
65	88	26
66	89	24
67	89	25
68	89	26
69	90	24
70	90	25
71	90	26
72	91	24
73	91	25
74	91	26
75	92	24
76	92	25
77	92	26
78	93	24
79	93	25
80	93	26
81	94	24
82	94	25
83	94	26
84	95	24
85	95	25
86	95	26
87	96	24
88	96	25
89	96	26
90	97	24
91	97	25
92	97	26
93	98	24
94	98	25
95	98	26
96	99	24
97	99	25
98	99	26
99	100	24
100	100	25
101	100	26
\.


--
-- Data for Name: diario_pergunta_opcoes; Type: TABLE DATA; Schema: public; Owner: leda
--

COPY public.diario_pergunta_opcoes (id, pergunta_id, opcao_id) FROM stdin;
1695	1	1
1696	1	2
1697	1	3
1698	1	4
1699	1	5
1700	2	1
1701	2	2
1702	2	3
1703	2	4
1704	2	5
1705	3	1
1706	3	2
1707	3	3
1708	3	4
1709	3	5
1710	4	1
1711	4	2
1712	4	3
1713	4	4
1714	4	5
1715	5	1
1716	5	2
1717	5	3
1718	5	4
1719	5	5
1720	6	1
1721	6	2
1722	6	3
1723	6	4
1724	6	5
1725	7	1
1726	7	2
1727	7	3
1728	7	4
1729	7	5
1730	8	1
1731	8	2
1732	8	3
1733	8	4
1734	8	5
1735	9	1
1736	9	2
1737	9	3
1738	9	4
1739	9	5
1740	10	1
1741	10	2
1742	10	3
1743	10	4
1744	10	5
1745	11	1
1746	11	2
1747	11	3
1748	11	4
1749	11	5
1750	12	1
1751	12	2
1752	12	3
1753	12	4
1754	12	5
1755	13	1
1756	13	2
1757	13	3
1758	13	4
1759	13	5
1760	14	1
1761	14	2
1762	14	3
1763	14	4
1764	14	5
1765	15	6
1766	15	7
1767	15	8
1768	15	9
1769	15	10
1770	16	6
1771	16	7
1772	16	8
1773	16	9
1774	16	10
1775	17	6
1776	17	7
1777	17	8
1778	17	9
1779	17	10
1780	18	6
1781	18	7
1782	18	8
1783	18	9
1784	18	10
1785	19	6
1786	19	7
1787	19	8
1788	19	9
1789	19	10
1790	20	6
1791	20	7
1792	20	8
1793	20	9
1794	20	10
1795	21	6
1796	21	7
1797	21	8
1798	21	9
1799	21	10
1800	22	6
1801	22	7
1802	22	8
1803	22	9
1804	22	10
1805	23	6
1806	23	7
1807	23	8
1808	23	9
1809	23	10
1810	24	6
1811	24	7
1812	24	8
1813	24	9
1814	24	10
1815	25	6
1816	25	7
1817	25	8
1818	25	9
1819	25	10
1820	26	6
1821	26	7
1822	26	8
1823	26	9
1824	26	10
1825	27	6
1826	27	7
1827	27	8
1828	27	9
1829	27	10
1830	28	6
1831	28	7
1832	28	8
1833	28	9
1834	28	10
1835	29	6
1836	29	7
1837	29	8
1838	29	9
1839	29	10
1840	30	11
1841	30	12
1842	30	13
1843	30	14
1844	31	11
1845	31	12
1846	31	13
1847	31	14
1848	32	11
1849	32	12
1850	32	13
1851	32	14
1852	33	11
1853	33	12
1854	33	13
1855	33	14
1856	34	11
1857	34	12
1858	34	13
1859	34	14
1860	35	11
1861	35	12
1862	35	13
1863	35	14
1864	36	11
1865	36	12
1866	36	13
1867	36	14
1868	37	11
1869	37	12
1870	37	13
1871	37	14
1872	38	11
1873	38	12
1874	38	13
1875	38	14
1876	39	11
1877	39	12
1878	39	13
1879	39	14
1880	40	11
1881	40	12
1882	40	13
1883	40	14
1884	41	11
1885	41	12
1886	41	13
1887	41	14
1888	42	11
1889	42	12
1890	42	13
1891	42	14
1892	43	11
1893	43	12
1894	43	13
1895	43	14
1896	44	11
1897	44	12
1898	44	13
1899	44	14
1900	45	11
1901	45	12
1902	45	13
1903	45	14
1904	46	11
1905	46	12
1906	46	13
1907	46	14
1908	47	11
1909	47	12
1910	47	13
1911	47	14
1912	48	11
1913	48	12
1914	48	13
1915	48	14
1916	49	11
1917	49	12
1918	49	13
1919	49	14
1920	50	11
1921	50	12
1922	50	13
1923	50	14
1924	51	11
1925	51	12
1926	51	13
1927	51	14
1928	52	11
1929	52	12
1930	52	13
1931	52	14
1932	53	15
1933	53	16
1934	53	17
1935	53	18
1936	53	19
\.


--
-- Data for Name: diario_presenca; Type: TABLE DATA; Schema: public; Owner: leda
--

COPY public.diario_presenca (id, data, "tipoSessao", present, faltou, mode, "withApp", descricao, cuidador_id, participante_id, "sessaoDoGrupo_id") FROM stdin;
\.


--
-- Data for Name: diario_questionario; Type: TABLE DATA; Schema: public; Owner: leda
--

COPY public.diario_questionario (id, nome, topico, concluido, "continuacaoDe_id") FROM stdin;
12	Documenta├º├úo	Avalia├º├úo de satisfa├º├úo	f	13
13	Avalia├º├úo dos Dinamizadores	Avalia├º├úo de satisfa├º├úo	f	13
14	Avalia├º├úo da Experi├¬ncia de Participa├º├úo	\N	f	13
15	Avaliacao Geral do Programa	\N	f	13
1	Compreender a doen├ºa I	\N	f	2
2	Compreender a doen├ºa II	\N	f	3
3	Medidas de apoio	\N	f	4
4	Cuidados ├á pessoa I	\N	f	5
5	Cuidados ├á pessoa II	\N	f	6
6	Comunica├º├úo I/II	\N	f	7
7	Ocupa├º├úo	\N	f	9
8	Emo├º├Áes no cuidar	\N	f	10
9	Cuidar do cuidador I/II	\N	f	11
10	Log├¡stica e Organiza├º├úo	Avalia├º├úo de satisfa├º├úo	f	13
11	Expectativas	Avalia├º├úo de satisfa├º├úo	f	13
\.


--
-- Data for Name: diario_questionario_perguntas; Type: TABLE DATA; Schema: public; Owner: leda
--

COPY public.diario_questionario_perguntas (id, questionario_id, pergunta_id) FROM stdin;
470	1	1
471	1	2
472	1	3
473	2	1
474	2	2
475	2	3
476	3	2
477	3	3
478	3	4
479	4	2
480	4	3
481	4	5
482	5	2
483	5	3
484	5	6
485	6	8
486	6	9
487	6	7
488	7	10
489	7	2
490	7	3
491	8	11
492	8	2
493	8	3
494	9	12
495	9	13
496	9	14
497	10	15
498	10	16
499	10	17
500	10	18
501	10	19
502	10	20
503	11	21
504	12	22
505	13	23
506	13	24
507	13	25
508	13	26
509	13	27
510	13	28
511	13	29
512	14	30
513	14	31
514	14	32
515	14	33
516	14	34
517	14	35
518	14	36
519	14	37
520	14	38
521	14	39
522	14	40
523	14	41
524	14	42
525	14	43
526	14	44
527	14	45
528	14	46
529	14	47
530	14	48
531	14	49
532	14	50
533	14	51
534	14	52
535	15	53
536	15	54
\.


--
-- Data for Name: diario_reference; Type: TABLE DATA; Schema: public; Owner: leda
--

COPY public.diario_reference (id, nome) FROM stdin;
4	ADEB
5	Cruz Vermelha
6	Elo Social
7	GIRA
8	Familiarmente
10	ASMAL
11	CRINABEL
\.


--
-- Data for Name: diario_resposta; Type: TABLE DATA; Schema: public; Owner: leda
--

COPY public.diario_resposta (id, resposta_escrita, resposta_submetida, apontamento, data, certo, parte_exercicio_id, parte_grupo_id, participante_id, pergunta_id, resposta_escolha_id, sessao_grupo_id) FROM stdin;
24	\N		\N	2024-02-07 21:40:46.245472+00	\N	\N	\N	\N	\N	\N	\N
29	\N		\N	2024-02-18 15:06:34.18852+00	\N	\N	\N	\N	\N	\N	\N
30	\N		\N	2024-04-13 11:47:34.075707+00	\N	\N	\N	\N	\N	\N	\N
31	\N		\N	2024-04-13 11:51:01.497631+00	\N	\N	\N	\N	\N	\N	\N
32	\N		\N	2024-04-13 19:10:56.209064+00	\N	\N	\N	\N	\N	\N	\N
33	\N		\N	2024-04-13 19:11:06.603068+00	\N	\N	\N	\N	\N	\N	\N
3	\N		\N	2023-07-18 15:00:53.388248+00	\N	\N	\N	\N	\N	\N	\N
5	\N		\N	2023-07-25 16:46:20.099009+00	\N	\N	\N	\N	\N	\N	\N
7	\N		\N	2023-09-22 11:24:35.390908+00	\N	\N	\N	\N	\N	\N	\N
14	\N		\N	2024-01-13 15:12:17.095171+00	\N	\N	\N	\N	\N	\N	\N
15	\N		\N	2024-01-13 15:12:22.060075+00	\N	\N	\N	\N	\N	\N	\N
16	\N		\N	2024-01-13 15:12:56.452618+00	\N	\N	\N	\N	\N	\N	\N
17	\N		\N	2024-01-13 15:12:58.346583+00	\N	\N	\N	\N	\N	\N	\N
18	\N		\N	2024-01-13 15:13:02.526843+00	\N	\N	\N	\N	\N	\N	\N
19	\N		\N	2024-01-13 15:13:06.812724+00	\N	\N	\N	\N	\N	\N	\N
20	\N		\N	2024-01-13 15:13:07.341815+00	\N	\N	\N	\N	\N	\N	\N
\.


--
-- Data for Name: diario_sessao; Type: TABLE DATA; Schema: public; Owner: leda
--

COPY public.diario_sessao (id, nome, "numeroSessao", tema, dinamizadores, componentes, "instrumentoAvaliacao", programa, materiais) FROM stdin;
3	Compreender a doen├ºa II	3	* Informa├º├úo sobre as doen├ºas (esquizofrenia, incapacidade intelectual) ou continua├º├úo da sess├úo anterior\r\n* Dificuldades sentidas face aos desafios das doen├ºas	1 Dinamizador; 1 Psic├│logo	Educativa e Emocional		CARE	
2	Compreender a doen├ºa I	2	* Informa├º├úo sobre as doen├ºas (dem├¬ncia e perturba├º├úo bipolar)\r\n* Dificuldades sentidas face aos desafios das doen├ºas	1 Dinamizador; 1 Psic├│logo	Educativa e Emocional		CARE	
5	Cuidados ├á pessoa I	5	* Cuidados ├á pessoa I: higiene e conforto, elimina├º├úo, alimenta├º├úo e medica├º├úo\r\n* Dificuldades sentidas face aos cuidados prestados	1 Dinamizador; 1 Enfermeiro	Educativa e Emocional		CARE	
10	Emo├º├Áes no Cuidar	10	* Stresse e emo├º├Áes no cuidar\r\n* Estrat├®gias de coping	1 Dinamizador; 1 psic├│logo	Educativa e Emocional		CARE	
11	Cuidar do Cuidador I	11	* Estrat├®gias de autocuidado, valoriza├º├úo pessoal\r\n* Exerc├¡cios de relaxamento\r\n* Reflex├Áes sobre a import├óncia do bem-estar	2 Dinamizadores	Educativa e Emocional		CARE	
16	Sess├úo 3	3	Aten├º├úo e Mem├│ria visual imediata, Aten├º├úo e Mem├│ria e Mem├│ria Visual Diferida.	2 Dinamizadores	\N		COG	
14	Sess├úo 1	1	* Apresenta├º├úo do programa\r\n* Orienta├º├úo Pessoal\r\n* Orienta├º├úo temporal e espacial\r\n* Mem├│ria de aprendizagem / associa├º├úo caraÔÇôlugar dos participantes do grupo	2 Dinamizadores	\N		COG	
17	Sess├úo 4	4	Mem├│ria l├│gica Verbal Imediata e Leitura, Mem├│ria remota e Abstra├º├úo verbal.	2 Dinamizadores	\N		COG	
18	Sess├úo 5	5	Mem├│ria Remota biogr├ífica ,Escrita e Iniciativa verbal e Mem├│ria remota Visual.	2 Dinamizadores	\N		COG	
19	Sess├úo 6	6	Linguagem / Flu├¬ncia Sem├óntica.	2 Dinamizadores	\N		COG	
21	Sess├úo 8	8	Mem├│ria verbal imediata, Leitura, Compreens├úo, Cr├¡tica, Aten├º├úo e Mem├│ria operativa.	2 Dinamizadores	\N		COG	
22	Sess├úo 9	9	Aten├º├úo, Mem├│ria Visual Imediata, Mem├│ria Operativa, Controlo mental, Reconhecimento Visual  de caras n├úo familiares e evoca├º├úo diferida.	2 Dinamizadores	\N		COG	
23	Sess├úo 10	10	Aten├º├úo-concentra├º├úo, Compreens├úo de instru├º├Áes simples.\r\nPraxia ÔÇô Uso de objetos	2 Dinamizadores	\N		COG	
24	Sess├úo 11	11	Discrimina├º├úo num├®rica, calculo e resolu├º├úo de problemas e abstra├º├úo Verbal.	2 Dinamizadores	\N		COG	
25	Sess├úo 12	12	Racioc├¡nio L├│gico e Planifica├º├úo.	2 Dinamizadores	\N		COG	
26	Sess├úo 13	13	Inibi├º├úo de resposta, Praxia construtiva e Planifica├º├úo.	2 Dinamizadores	\N		COG	
27	Sess├úo 14	14	Flexibilidade mental e Planifica├º├úo.	2 Dinamizadores	\N		COG	
20	Sess├úo 7	7	Nomea├º├úo, Mem├│ria imediata, Mem├│ria verbal remota e Reconhecimento visual.	2 Dinamizadores	\N		COG	
15	Sess├úo 2	2	Aten├º├úo, Praxia construtiva e Percep├º├úo	2 Dinamizadores	\N		COG	
12	Cuidar do Cuidador II	12	* Atividades de lazer\r\n* Reflex├Áes sobre a import├óncia do bem-estar	2 Dinamizadores	Educativa e Emocional		CARE	
13	Encerramento	13	* Reflex├Áes acerca do programa\r\n* Conv├¡vio	2 Dinamizadores	Emocional		CARE	
4	Medidas de apoio	4	* Medidas de apoio social e jur├¡dico\r\n* Recursos da comunidade	1 Dinamizador; 1 Assistente Social; 1 Jurista	Educativa		CARE	
7	Comunica├º├úo I	7	* Estrat├®gias de comunica├º├úo e de resposta a comportamentos desafiantes\r\n* Dificuldades sentidas face aos cuidados prestados	1 Dinamizador; 1 Psic├│logo	Educativa e Emocional		CARE	
9	Ocupa├º├úo	9	* Estrat├®gias de ocupa├º├úo do RC: formas de entretenimento e estimula├º├úo\r\n* Reflex├Áes sobre a import├óncia da ocupa├º├úo	2 Dinamizadores	Educativa e Emocional		CARE	
8	Comunica├º├úo II	8	* Estrat├®gias de comunica├º├úo e de resposta a comportamentos desafiantes\r\n* Dificuldades sentidas face aos cuidados prestados	1 Dinamizador; 1 Psic├│logo	Educativa e Emocional		CARE	
6	Cuidados ├á pessoa II	6	* Cuidados ├á pessoa II: transfer├¬ncias e posicionamentos\r\n* Exerc├¡cios de postura e al├¡vio da sobrecarga mec├ónica	1 Dinamizador; 1 Terapeuta Ocupacional ou Fisioterapeuta ou Enfermeiro	Educativa		CARE	
1	Acolhimento	1	* Apresenta├º├úo e acolhimento dos CI \r\n* Apresenta├º├úo do programa  PPCI-MentHA	2 Dinamizadores	Emocional		CARE	
\.


--
-- Data for Name: diario_sessaodogrupo; Type: TABLE DATA; Schema: public; Owner: leda
--

COPY public.diario_sessaodogrupo (id, regime, estado, data, inicio, fim, concluido, relatorio, diario_bordo, grupo_id, parte_ativa_id, sessao_id) FROM stdin;
1503	P	PR	\N	\N	\N	f			195	\N	3
1504	P	PR	\N	\N	\N	f			195	\N	2
1505	P	PR	\N	\N	\N	f			195	\N	5
1506	P	PR	\N	\N	\N	f			195	\N	10
1507	P	PR	\N	\N	\N	f			195	\N	11
1508	P	PR	\N	\N	\N	f			195	\N	12
1509	P	PR	\N	\N	\N	f			195	\N	13
1510	P	PR	\N	\N	\N	f			195	\N	4
1511	P	PR	\N	\N	\N	f			195	\N	7
1512	P	PR	\N	\N	\N	f			195	\N	9
1513	P	PR	\N	\N	\N	f			195	\N	8
1514	P	PR	\N	\N	\N	f			195	\N	6
1515	P	PR	\N	\N	\N	f			195	\N	1
1516	P	PR	\N	\N	\N	f			196	\N	3
1517	P	PR	\N	\N	\N	f			196	\N	2
1518	P	PR	\N	\N	\N	f			196	\N	5
1519	P	PR	\N	\N	\N	f			196	\N	10
1520	P	PR	\N	\N	\N	f			196	\N	11
1521	P	PR	\N	\N	\N	f			196	\N	12
1522	P	PR	\N	\N	\N	f			196	\N	13
1523	P	PR	\N	\N	\N	f			196	\N	4
1524	P	PR	\N	\N	\N	f			196	\N	7
1525	P	PR	\N	\N	\N	f			196	\N	9
1526	P	PR	\N	\N	\N	f			196	\N	8
1527	P	PR	\N	\N	\N	f			196	\N	6
1528	P	PR	\N	\N	\N	f			196	\N	1
1529	P	PR	\N	\N	\N	f			197	\N	16
1530	P	PR	\N	\N	\N	f			197	\N	14
1531	P	PR	\N	\N	\N	f			197	\N	17
1532	P	PR	\N	\N	\N	f			197	\N	18
1533	P	PR	\N	\N	\N	f			197	\N	19
1534	P	PR	\N	\N	\N	f			197	\N	21
1535	P	PR	\N	\N	\N	f			197	\N	22
1536	P	PR	\N	\N	\N	f			197	\N	23
1537	P	PR	\N	\N	\N	f			197	\N	24
1538	P	PR	\N	\N	\N	f			197	\N	25
1539	P	PR	\N	\N	\N	f			197	\N	26
1540	P	PR	\N	\N	\N	f			197	\N	27
1541	P	PR	\N	\N	\N	f			197	\N	20
1542	P	PR	\N	\N	\N	f			197	\N	15
1543	P	PR	\N	\N	\N	f			198	\N	16
1544	P	PR	\N	\N	\N	f			198	\N	14
1545	P	PR	\N	\N	\N	f			198	\N	17
1546	P	PR	\N	\N	\N	f			198	\N	18
1547	P	PR	\N	\N	\N	f			198	\N	19
1548	P	PR	\N	\N	\N	f			198	\N	21
1549	P	PR	\N	\N	\N	f			198	\N	22
1550	P	PR	\N	\N	\N	f			198	\N	23
1551	P	PR	\N	\N	\N	f			198	\N	24
1552	P	PR	\N	\N	\N	f			198	\N	25
1553	P	PR	\N	\N	\N	f			198	\N	26
1554	P	PR	\N	\N	\N	f			198	\N	27
1555	P	PR	\N	\N	\N	f			198	\N	20
1556	P	PR	\N	\N	\N	f			198	\N	15
\.


--
-- Data for Name: django_admin_log; Type: TABLE DATA; Schema: public; Owner: leda
--

COPY public.django_admin_log (id, action_time, object_id, object_repr, action_flag, change_message, content_type_id, user_id) FROM stdin;
46	2023-06-20 15:27:24.508575+00	62	cristovaoFreire	2	[{"changed": {"fields": ["Groups"]}}]	4	3
45	2023-06-20 15:27:09.361207+00	67	custodiaMartins	2	[{"changed": {"fields": ["Groups"]}}]	4	3
44	2023-06-20 15:26:58.698365+00	75	danielaFidalgo	2	[{"changed": {"fields": ["Groups"]}}]	4	3
43	2023-06-20 15:26:51.460825+00	44	elisaSousa	2	[{"changed": {"fields": ["Groups"]}}]	4	3
42	2023-06-20 15:26:43.034834+00	40	emiliaNogueira	2	[{"changed": {"fields": ["Groups"]}}]	4	3
41	2023-06-20 15:26:33.713672+00	52	fatimaAmorim	2	[{"changed": {"fields": ["Groups"]}}]	4	3
40	2023-06-20 15:26:26.176782+00	41	fernandaMartins	2	[{"changed": {"fields": ["Groups"]}}]	4	3
39	2023-06-20 15:26:18.912757+00	73	franciscaTomas	2	[{"changed": {"fields": ["Groups"]}}]	4	3
38	2023-06-20 15:26:12.404202+00	54	franciscoVieira	2	[{"changed": {"fields": ["Groups"]}}]	4	3
36	2023-06-20 15:25:40.191194+00	80	goncaloCoimbra	2	[{"changed": {"fields": ["Groups"]}}]	4	3
35	2023-06-20 15:25:18.047479+00	63	gustavoCorreia	2	[{"changed": {"fields": ["Groups"]}}]	4	3
34	2023-06-20 15:25:06.281909+00	43	helderCerqueira	2	[{"changed": {"fields": ["Groups"]}}]	4	3
33	2023-06-20 15:24:59.072115+00	78	henriqueTorres	2	[{"changed": {"fields": ["Groups"]}}]	4	3
32	2023-06-20 15:24:50.646915+00	57	inacioPaiva	2	[{"changed": {"fields": ["Groups"]}}]	4	3
31	2023-06-20 15:24:39.793315+00	59	jacintoCorreia	2	[{"changed": {"fields": ["Groups"]}}]	4	3
30	2023-06-20 15:24:33.218079+00	74	jaimeDias	2	[{"changed": {"fields": ["Groups"]}}]	4	3
29	2023-06-20 15:24:26.91353+00	38	josePaiva	2	[{"changed": {"fields": ["Groups"]}}]	4	3
28	2023-06-20 15:24:18.040254+00	56	julioMendes	2	[{"changed": {"fields": ["Groups"]}}]	4	3
27	2023-06-20 15:24:10.866763+00	35	manuelMachado	2	[{"changed": {"fields": ["Groups"]}}]	4	3
26	2023-06-20 15:24:00.801231+00	47	marceloGama	2	[{"changed": {"fields": ["Groups"]}}]	4	3
25	2023-06-20 15:23:50.878965+00	64	marianaMiranda	2	[{"changed": {"fields": ["Groups"]}}]	4	3
24	2023-06-20 15:23:36.913733+00	45	matildeFreire	2	[{"changed": {"fields": ["Groups"]}}]	4	3
23	2023-06-20 15:23:27.39732+00	66	monicaBrito	2	[{"changed": {"fields": ["Groups"]}}]	4	3
22	2023-06-20 15:23:19.386813+00	2	nuno	2	[{"changed": {"fields": ["Groups"]}}]	4	3
21	2023-06-20 15:23:08.755239+00	70	nuriaMonteiro	2	[{"changed": {"fields": ["Groups"]}}]	4	3
20	2023-06-20 15:23:02.291088+00	53	oliviaBaptista	2	[{"changed": {"fields": ["Groups"]}}]	4	3
19	2023-06-20 15:22:51.187968+00	60	pauloSilva	2	[{"changed": {"fields": ["Groups"]}}]	4	3
18	2023-06-20 15:22:31.621549+00	77	ritaAguiar	2	[{"changed": {"fields": ["Groups"]}}]	4	3
17	2023-06-20 15:22:23.976627+00	72	rosarioFernandes	2	[{"changed": {"fields": ["Groups"]}}]	4	3
16	2023-06-20 15:22:16.747126+00	51	sandroDantas	2	[{"changed": {"fields": ["Groups"]}}]	4	3
15	2023-06-20 15:22:09.76347+00	36	soniaMendonca	2	[{"changed": {"fields": ["Groups"]}}]	4	3
14	2023-06-20 15:22:02.780113+00	48	soraiaMendes	2	[{"changed": {"fields": ["Groups"]}}]	4	3
13	2023-06-20 15:21:56.312115+00	76	victorCruz	2	[{"changed": {"fields": ["Groups"]}}]	4	3
12	2023-06-20 15:21:50.865186+00	39	xavierLobo	2	[{"changed": {"fields": ["Groups"]}}]	4	3
11	2023-06-20 15:21:31.575678+00	3	superuser	2	[]	4	3
10	2023-06-20 15:21:22.743355+00	83	avaliador	2	[{"changed": {"fields": ["Groups"]}}]	4	3
9	2023-06-20 15:21:15.223945+00	82	risk-avaliador	2	[{"changed": {"fields": ["Groups"]}}]	4	3
8	2023-06-20 15:20:53.660625+00	3	superuser	2	[{"changed": {"fields": ["Groups"]}}]	4	3
7	2023-06-20 15:20:32.399341+00	6	Participante	1	[{"added": {}}]	3	3
6	2023-06-20 15:20:15.162504+00	5	Dinamizador	1	[{"added": {}}]	3	3
5	2023-06-20 15:19:56.228838+00	4	Cuidador	1	[{"added": {}}]	3	3
4	2023-06-20 15:19:45.845085+00	3	Avaliador-Risk	1	[{"added": {}}]	3	3
3	2023-06-20 15:19:28.421509+00	2	Avaliador	1	[{"added": {}}]	3	3
1	2023-06-20 15:18:23.256514+00	1	Administrador	1	[{"added": {}}]	3	3
68	2023-06-20 16:09:29.683746+00	8	Est├úo prontos os gui├Áes para experimentar prot├│tipos	2	[{"changed": {"fields": ["Titulo", "Texto"]}}]	58	3
173	2023-07-13 12:06:11.931421+00	67	MentHA-Risk Miguel Carvalho	3		45	3
67	2023-06-20 16:09:13.035238+00	9	Desenho de casos de uso das aplica├º├Áes e modela├º├úo conclus├Áes	2	[]	58	3
65	2023-06-20 16:07:55.779063+00	9	Desenho de casos de uso das aplica├º├Áes e modela├º├úo conclus├Áes	2	[{"changed": {"fields": ["Titulo", "Texto"]}}]	58	3
66	2023-06-20 16:09:05.841106+00	10	Defesa de projetos	2	[{"changed": {"fields": ["Texto", "Url"]}}]	58	3
64	2023-06-20 16:07:21.632391+00	12	Sess├úo de valida├º├úo dos Prot├│tipos MentHA	2	[{"changed": {"fields": ["Titulo"]}}]	58	3
62	2023-06-20 16:05:33.975305+00	13	Projeto MentHA Digital Premiado com Bolsa de Investiga├º├úo Akira 2022 da SPA	2	[{"changed": {"fields": ["Titulo", "Texto"]}}]	58	3
63	2023-06-20 16:07:11.764475+00	12	Sess├úo de valida├º├úo dos Prot¾┤®░os MentHA	2	[{"changed": {"fields": ["Titulo", "Texto"]}}]	58	3
60	2023-06-20 15:29:33.996356+00	58	andreBrito	2	[{"changed": {"fields": ["Groups"]}}]	4	3
59	2023-06-20 15:29:28.705883+00	65	angelaCoutinho	2	[{"changed": {"fields": ["Groups"]}}]	4	3
58	2023-06-20 15:29:13.074534+00	61	anselmoPinho	2	[{"changed": {"fields": ["Groups"]}}]	4	3
57	2023-06-20 15:28:55.308059+00	34	antonioFaria	2	[{"changed": {"fields": ["Groups"]}}]	4	3
56	2023-06-20 15:28:43.800817+00	84	avaliador-risk	2	[{"changed": {"fields": ["Groups"]}}]	4	3
55	2023-06-20 15:28:36.838588+00	81	beatrizDuarte	2	[{"changed": {"fields": ["Groups"]}}]	4	3
54	2023-06-20 15:28:28.46294+00	50	bernardoMoreira	2	[{"changed": {"fields": ["Groups"]}}]	4	3
53	2023-06-20 15:28:21.39242+00	37	candidaQueiroz	2	[{"changed": {"fields": ["Groups"]}}]	4	3
52	2023-06-20 15:28:13.114882+00	49	carminhoSilva	2	[{"changed": {"fields": ["Groups"]}}]	4	3
51	2023-06-20 15:28:04.006443+00	79	carolinaPascoal	2	[{"changed": {"fields": ["Groups"]}}]	4	3
50	2023-06-20 15:27:57.41936+00	68	catiaLuz	2	[{"changed": {"fields": ["Groups"]}}]	4	3
49	2023-06-20 15:27:51.175789+00	71	claudiaTorres	2	[{"changed": {"fields": ["Groups"]}}]	4	3
48	2023-06-20 15:27:42.520184+00	55	claudioMatos	2	[{"changed": {"fields": ["Groups"]}}]	4	3
47	2023-06-20 15:27:34.080087+00	69	cristianaGusmao	2	[{"changed": {"fields": ["Groups"]}}]	4	3
61	2023-06-20 15:29:40.931799+00	46	alfredoMonteiro	2	[{"changed": {"fields": ["Groups"]}}]	4	3
93	2023-07-11 13:29:25.385465+00	4	Sessao n┬░:1, D, objetivo: Apresentar o PPCI - MentHA	2	[{"changed": {"fields": ["Ordem"]}}]	17	3
92	2023-07-11 13:29:22.943103+00	3	Sessao n┬░:1, D, objetivo: Apresentar e acolher os CI	2	[{"changed": {"fields": ["Ordem"]}}]	17	3
91	2023-07-11 13:29:20.474323+00	2	Sessao n┬░:1, D, objetivo: Apresentar o projeto MentHA e sua equipa	2	[{"changed": {"fields": ["Ordem"]}}]	17	3
1659	2025-06-20 14:19:53.785746+00	247	-	3		4	3
90	2023-07-11 13:29:13.407325+00	1	Sessao n┬░:1, I, objetivo: Receber e integrar os participantes.	2	[{"changed": {"fields": ["Ordem"]}}]	17	3
89	2023-07-11 11:54:01.614346+00	45	Sessao n┬░:12, I, objetivo: Receber os participantes.	2	[{"changed": {"fields": ["Duracao"]}}]	17	3
88	2023-07-11 10:40:53.359831+00	30	Sessao n┬░:8, I, objetivo: Receber os participantes.	2	[{"changed": {"fields": ["Sessao"]}}]	17	3
87	2023-07-11 10:17:23.215657+00	14	Sessao n┬░:4, I, objetivo: Receber os participantes	2	[{"changed": {"fields": ["Apresentacao"]}}]	17	3
86	2023-07-11 10:17:13.594581+00	10	Sessao n┬░:3, I, objetivo: Receber os participantes.	2	[{"changed": {"fields": ["Apresentacao"]}}]	17	3
85	2023-07-11 10:17:04.433197+00	6	Sessao n┬░:2, I, objetivo: Receber e integrar os participantes.	2	[{"changed": {"fields": ["Apresentacao"]}}]	17	3
84	2023-07-11 10:16:47.698299+00	1	Sessao n┬░:1, I, objetivo: Receber e integrar os participantes.	2	[{"changed": {"fields": ["Apresentacao"]}}]	17	3
83	2023-07-11 10:16:03.403458+00	26	Sessao n┬░:7, I, objetivo: Receber os participantes.	2	[{"changed": {"fields": ["Apresentacao"]}}]	17	3
82	2023-07-11 10:15:31.634618+00	14	Sessao n┬░:4, I, objetivo: Receber os participantes	2	[{"changed": {"fields": ["Apresentacao"]}}]	17	3
81	2023-07-11 10:15:19.862621+00	10	Sessao n┬░:3, I, objetivo: Receber os participantes.	2	[{"changed": {"fields": ["Apresentacao"]}}]	17	3
80	2023-07-11 10:15:05.153801+00	6	Sessao n┬░:2, I, objetivo: Receber e integrar os participantes.	2	[{"changed": {"fields": ["Apresentacao"]}}]	17	3
79	2023-07-11 09:52:07.222736+00	1	Sessao n┬░:1, I, objetivo: Receber e integrar os participantes.	2	[{"changed": {"fields": ["Apresentacao"]}}]	17	3
78	2023-07-08 15:53:48.99046+00	36	N├║ria Monteiro	2	[{"changed": {"fields": ["Grupo"]}}]	20	3
77	2023-07-08 02:49:24.634469+00	153	Prov├®rbio B	2	[{"changed": {"fields": ["Question type"]}}]	54	3
76	2023-06-20 16:11:54.250911+00	11	5 novos colaboradores do MentHA Digital	2	[{"changed": {"fields": ["Texto"]}}]	58	3
75	2023-06-20 16:11:45.7489+00	12	Sess├úo de valida├º├úo dos Prot├│tipos MentHA	2	[{"changed": {"fields": ["Texto"]}}]	58	3
74	2023-06-20 16:11:07.797279+00	1	MentHA Digital ganhou concurso DGS	2	[{"changed": {"fields": ["Texto"]}}]	58	3
73	2023-06-20 16:10:57.138372+00	2	Reuni├úo de apresenta├º├úo aos Parceiros	2	[{"changed": {"fields": ["Titulo", "Texto"]}}]	58	3
72	2023-06-20 16:10:39.979032+00	3	Levantamento e an├ílise de requisitos	2	[{"changed": {"fields": ["Titulo", "Texto"]}}]	58	3
71	2023-06-20 16:10:23.091684+00	4	Question├írio de viabilidade e pertin├¬ncia	2	[{"changed": {"fields": ["Titulo", "Texto"]}}]	58	3
116	2023-07-11 13:33:46.409362+00	27	Sessao n┬░:7, D, objetivo: Explorar estrat├®gias de comunica├º├úo e de gest├úo de comportamentos desafiantes.	2	[{"changed": {"fields": ["Ordem"]}}]	17	3
115	2023-07-11 13:33:44.186412+00	26	Sessao n┬░:7, I, objetivo: Receber os participantes.	2	[{"changed": {"fields": ["Ordem"]}}]	17	3
114	2023-07-11 13:33:34.694211+00	25	Sessao n┬░:6, F, objetivo: Encerrar a sess├úo	2	[{"changed": {"fields": ["Ordem"]}}]	17	3
113	2023-07-11 13:33:32.085442+00	24	Sessao n┬░:6, D, objetivo: Conhecer boas pr├íticas na presta├º├úo de cuidados ao n├¡vel das transfer├¬ncias e posicionamentos	2	[{"changed": {"fields": ["Ordem"]}}]	17	3
112	2023-07-11 13:33:29.701078+00	23	Sessao n┬░:6, D, objetivo: Conhecer boas pr├íticas na presta├º├úo de cuidados ao n├¡vel das transfer├¬ncias e posicionamentos	2	[{"changed": {"fields": ["Ordem"]}}]	17	3
111	2023-07-11 13:33:27.184153+00	22	Sessao n┬░:6, I, objetivo: Receber os participantes.	2	[{"changed": {"fields": ["Ordem"]}}]	17	3
110	2023-07-11 13:33:18.783893+00	21	Sessao n┬░:5, F, objetivo: Encerrar a sess├úo	2	[{"changed": {"fields": ["Ordem"]}}]	17	3
109	2023-07-11 13:33:16.668748+00	20	Sessao n┬░:5, D, objetivo: Partilhar experi├¬ncias no sentido da ventila├º├úo de emo├º├Áes e normaliza├º├úo de sentimentos	2	[{"changed": {"fields": ["Ordem"]}}]	17	3
108	2023-07-11 13:33:14.479087+00	19	Sessao n┬░:5, D, objetivo: Conhecer boas pr├íticas na presta├º├úo de cuidados de higiene e conforto,  elimina├º├úo, alimenta├º├úo e medica├º├úo	2	[{"changed": {"fields": ["Ordem"]}}]	17	3
107	2023-07-11 13:33:11.977401+00	18	Sessao n┬░:5, I, objetivo: Receber os participantes.	2	[{"changed": {"fields": ["Ordem"]}}]	17	3
106	2023-07-11 13:33:02.183239+00	17	Sessao n┬░:4, F, objetivo: Encerrar a sess├úo	2	[{"changed": {"fields": ["Ordem"]}}]	17	3
105	2023-07-11 13:32:59.715555+00	16	Sessao n┬░:4, D, objetivo: Promover o conhecimento dos participantes quanto aos processos de inabilita├º├úo e interdi├º├úo (apoios legais).	2	[{"changed": {"fields": ["Ordem"]}}]	17	3
104	2023-07-11 13:32:57.301722+00	15	Sessao n┬░:4, D, objetivo: Promover o conhecimento dos participantes quanto aos apoios sociais e recursos da comunidade existentes.	2	[{"changed": {"fields": ["Ordem"]}}]	17	3
103	2023-07-11 13:32:55.0027+00	14	Sessao n┬░:4, I, objetivo: Receber os participantes	2	[{"changed": {"fields": ["Ordem"]}}]	17	3
102	2023-07-11 13:32:43.403742+00	13	Sessao n┬░:3, F, objetivo: Encerrar a sess├úo	2	[{"changed": {"fields": ["Ordem"]}}]	17	3
101	2023-07-11 13:32:41.164457+00	12	Sessao n┬░:3, D, objetivo: Partilhar experi├¬ncias no sentido da ventila├º├úo de emo├º├Áes e normaliza├º├úo de sentimentos	2	[{"changed": {"fields": ["Ordem"]}}]	17	3
100	2023-07-11 13:32:38.807213+00	11	Sessao n┬░:3, D, objetivo: Promover o conhecimento acerca das doen├ºas mentais (esquizofrenia, incapacidade intelectual)	2	[{"changed": {"fields": ["Ordem"]}}]	17	3
99	2023-07-11 13:32:36.313204+00	10	Sessao n┬░:3, I, objetivo: Receber os participantes.	2	[{"changed": {"fields": ["Ordem"]}}]	17	3
98	2023-07-11 13:32:12.222562+00	9	Sessao n┬░:2, F, objetivo: Encerrar a sess├úo	2	[{"changed": {"fields": ["Ordem"]}}]	17	3
97	2023-07-11 13:32:09.303718+00	8	Sessao n┬░:2, D, objetivo: Partilhar experi├¬ncias no sentido da ventila├º├úo de emo├º├Áes e normaliza├º├úo de sentimentos	2	[{"changed": {"fields": ["Ordem"]}}]	17	3
96	2023-07-11 13:32:06.81983+00	7	Sessao n┬░:2, D, objetivo: Promover o conhecimento acerca das doen├ºas mentais (dem├¬ncia e perturba├º├úo bipolar)	2	[{"changed": {"fields": ["Ordem"]}}]	17	3
95	2023-07-11 13:32:03.44035+00	6	Sessao n┬░:2, I, objetivo: Receber e integrar os participantes.	2	[{"changed": {"fields": ["Ordem"]}}]	17	3
94	2023-07-11 13:29:27.922295+00	5	Sessao n┬░:1, F, objetivo: Encerrar a sess├úo	2	[{"changed": {"fields": ["Ordem"]}}]	17	3
127	2023-07-11 13:36:43.400804+00	54	Sessao n┬░:10, F, objetivo: Encerrar a sess├úo	3		17	3
121	2023-07-11 13:34:04.889174+00	32	Sessao n┬░:8, D, objetivo: Partilhar experi├¬ncias no sentido da ventila├º├úo de emo├º├Áes e normaliza├º├úo de sentimentos	2	[{"changed": {"fields": ["Ordem"]}}]	17	3
171	2023-07-13 12:04:05.464143+00	55	55. Miguel Carvalho -  (13/7/2023, 11:59)	3		52	3
170	2023-07-13 12:02:57.271913+00	53	53. Miguel Carvalho -  (13/7/2023, 11:52)	3		52	3
134	2023-07-11 13:38:01.64957+00	51	Sessao n┬░:11, D, objetivo: Partilhar experi├¬ncias e refletir acerca do tema: diminui├º├úo de ansiedade e depress├úo; diminui├º├úo da sobrecarga; desenvolvimento de estrat├®gias de coping;	2	[{"changed": {"fields": ["Ordem"]}}]	17	3
133	2023-07-11 13:37:56.030377+00	43	Sessao n┬░:11, D, objetivo: Incentivar o autocuidado e a valoriza├º├úo do papel de cuidador	2	[{"changed": {"fields": ["Ordem"]}}]	17	3
132	2023-07-11 13:37:50.179465+00	42	Sessao n┬░:11, I, objetivo: Receber os participantes.	2	[{"changed": {"fields": ["Ordem"]}}]	17	3
119	2023-07-11 13:34:00.39108+00	30	Sessao n┬░:8, I, objetivo: Receber os participantes.	2	[{"changed": {"fields": ["Ordem"]}}]	17	3
117	2023-07-11 13:33:48.521871+00	28	Sessao n┬░:7, D, objetivo: Partilhar experi├¬ncias no sentido da ventila├º├úo de emo├º├Áes e normaliza├º├úo de sentimentos	2	[{"changed": {"fields": ["Ordem"]}}]	17	3
131	2023-07-11 13:37:28.538203+00	41	Sessao n┬░:10, F, objetivo: Encerrar a sess├úo	2	[{"changed": {"fields": ["Ordem"]}}]	17	3
130	2023-07-11 13:37:25.75548+00	40	Sessao n┬░:10, D, objetivo: Partilhar experi├¬ncias e refletir acerca do tema: diminui├º├úo de ansiedade e depress├úo; diminui├º├úo da sobrecarga; desenvolvimento de estrat├®gias de coping;	2	[{"changed": {"fields": ["Ordem"]}}]	17	3
125	2023-07-11 13:34:22.120927+00	36	Sessao n┬░:9, D, objetivo: Partilhar experi├¬ncias e refletir sobre a import├óncia da ocupa├º├úo no bem-estar	2	[{"changed": {"fields": ["Ordem"]}}]	17	3
123	2023-07-11 13:34:16.010616+00	34	Sessao n┬░:9, I, objetivo: Receber os participantes.	2	[{"changed": {"fields": ["Ordem"]}}]	17	3
124	2023-07-11 13:34:18.407302+00	35	Sessao n┬░:9, D, objetivo: Promover boas pr├íticas na presta├º├úo de cuidados: estrat├®gias de ocupa├º├úo do RC	2	[{"changed": {"fields": ["Ordem"]}}]	17	3
70	2023-06-20 16:10:05.670002+00	5	Prot├│tipos interativos prontos	2	[{"changed": {"fields": ["Titulo", "Texto"]}}]	58	3
161	2023-07-12 16:47:21.471552+00	36	N├║ria Monteiro	2	[]	20	3
169	2023-07-13 12:02:57.261304+00	54	54. Miguel Carvalho -  (13/7/2023, 11:52)	3		52	3
168	2023-07-13 10:42:08.247792+00	38	Joaquim MS	3		20	3
140	2023-07-11 13:38:33.252026+00	48	Sessao n┬░:13, I, objetivo: Receber os participantes.	2	[{"changed": {"fields": ["Ordem"]}}]	17	3
139	2023-07-11 13:38:21.851749+00	47	Sessao n┬░:12, F, objetivo: Encerrar a sess├úo	2	[{"changed": {"fields": ["Ordem"]}}]	17	3
129	2023-07-11 13:37:23.462974+00	39	Sessao n┬░:10, D, objetivo: Explorar estrat├®gias de gest├úo emocional e de coping	2	[{"changed": {"fields": ["Ordem"]}}]	17	3
128	2023-07-11 13:37:21.145908+00	38	Sessao n┬░:10, I, objetivo: Receber os participantes.	2	[{"changed": {"fields": ["Ordem"]}}]	17	3
126	2023-07-11 13:34:24.390796+00	37	Sessao n┬░:9, F, objetivo: Encerrar a sess├úo	2	[{"changed": {"fields": ["Ordem"]}}]	17	3
122	2023-07-11 13:34:07.694613+00	33	Sessao n┬░:8, F, objetivo: Encerrar a sess├úo	2	[{"changed": {"fields": ["Ordem"]}}]	17	3
37	2023-06-20 15:25:51.415038+00	42	fredericoVarejao	2	[{"changed": {"fields": ["Groups"]}}]	4	3
2	2023-06-20 15:19:07.453689+00	1	Administrador	2	[{"changed": {"fields": ["Permissions"]}}]	3	3
158	2023-07-12 15:27:17.881999+00	90	asmal-utente-3	3		4	3
118	2023-07-11 13:33:50.617164+00	29	Sessao n┬░:7, F, objetivo: Encerrar a sess├úo	2	[{"changed": {"fields": ["Ordem"]}}]	17	3
167	2023-07-13 10:41:42.972873+00	37	3213	3		20	3
138	2023-07-11 13:38:18.885091+00	52	Sessao n┬░:12, D, objetivo: Promover a diminui├º├úo de ansiedade e depress├úo; diminui├º├úo da sobrecarga; desenvolvimento de estrat├®gias de coping e de redes sociais de apoio.	2	[{"changed": {"fields": ["Ordem"]}}]	17	3
137	2023-07-11 13:38:16.839509+00	46	Sessao n┬░:12, D, objetivo: Incentivar o autocuidado.	2	[{"changed": {"fields": ["Ordem"]}}]	17	3
120	2023-07-11 13:34:02.578768+00	31	Sessao n┬░:8, D, objetivo: Explorar estrat├®gias de comunica├º├úo e de gest├úo de comportamentos desafiantes	2	[{"changed": {"fields": ["Ordem"]}}]	17	3
164	2023-07-12 19:25:28.361609+00	70	nuriaMonteiro	2	[{"changed": {"fields": ["password"]}}]	4	3
136	2023-07-11 13:38:14.358348+00	45	Sessao n┬░:12, I, objetivo: Receber os participantes.	2	[{"changed": {"fields": ["Ordem"]}}]	17	3
135	2023-07-11 13:38:03.992238+00	44	Sessao n┬░:11, F, objetivo: Encerrar a sess├úo	2	[{"changed": {"fields": ["Ordem"]}}]	17	3
166	2023-07-12 19:59:04.93401+00	1	1	3		26	3
165	2023-07-12 19:59:04.923445+00	2	2	3		26	3
163	2023-07-12 16:49:50.622894+00	2	Administrador object (2)	1	[{"added": {}}]	60	3
162	2023-07-12 16:47:41.124868+00	36	N├║ria Monteiro	2	[]	20	3
159	2023-07-12 15:29:56.789476+00	3	superuser	2	[{"changed": {"fields": ["password"]}}]	4	3
148	2023-07-11 15:15:38.847716+00	85	asmal-adm	2	[{"changed": {"fields": ["First name", "Last name", "Groups"]}}]	4	3
157	2023-07-12 15:27:17.876247+00	88	asmal-utente-1	3		4	3
145	2023-07-11 15:10:18.129816+00	10	ASMAL	1	[{"added": {}}]	23	3
156	2023-07-12 15:27:17.870513+00	91	asmal-utente	3		4	3
155	2023-07-12 15:27:17.864784+00	87	asmal-avaliador-2	3		4	3
142	2023-07-11 13:38:37.931906+00	53	Sessao n┬░:13, D, objetivo: Promover as redes sociais de apoio.	2	[{"changed": {"fields": ["Ordem"]}}]	17	3
154	2023-07-12 15:27:17.85345+00	92	asmal-avaliador1	3		4	3
153	2023-07-12 15:27:17.843203+00	86	asmal-avaliador-1	3		4	3
152	2023-07-12 15:25:34.818169+00	3	asmal-avaliador1	3		59	3
151	2023-07-12 11:47:22.634085+00	1	Avaliador object (1)	3		59	3
150	2023-07-12 11:47:22.621708+00	2	Avaliador object (2)	3		59	3
147	2023-07-11 15:11:27.739968+00	1	Administrador object (1)	1	[{"added": {}}]	60	3
146	2023-07-11 15:11:22.218478+00	85	asmal-adm	1	[{"added": {}}]	4	3
144	2023-07-11 15:10:10.05322+00	9	ASMAL-demo	2	[{"changed": {"fields": ["Nome"]}}]	23	3
143	2023-07-11 13:38:41.124788+00	50	Sessao n┬░:13, F, objetivo: Encerrar a sess├úo	2	[{"changed": {"fields": ["Ordem"]}}]	17	3
141	2023-07-11 13:38:35.67234+00	49	Sessao n┬░:13, D, objetivo: Promover as redes sociais de apoio.	2	[{"changed": {"fields": ["Ordem"]}}]	17	3
253	2023-07-17 11:45:51.473557+00	9	Outro	1	[{"added": {}}]	10	3
249	2023-07-17 11:23:03.359599+00	20	None	1	[{"added": {}}]	56	3
251	2023-07-17 11:45:00.602513+00	7	Defici├¬ncia Intelect	1	[{"added": {}}]	10	3
250	2023-07-17 11:44:41.267758+00	6	Esquizofrenia	1	[{"added": {}}]	10	3
245	2023-07-17 10:32:26.537562+00	3	superuser	2	[{"changed": {"fields": ["First name"]}}]	4	3
248	2023-07-17 10:44:51.374618+00	123	123 0 meses Roseta Gon├ºalves	3		45	3
247	2023-07-17 10:44:26.28097+00	129	129. Roseta Gon├ºalves -  (16/7/2023, 10:40)	3		52	3
243	2023-07-17 10:31:11.209397+00	132	132. Am├ília Rodrigues Rosa -  (17/7/2023, 10:23)	3		52	3
246	2023-07-17 10:33:36.27742+00	125	125 MentHA-Risk Roseta Gon├ºalves	3		45	3
237	2023-07-15 18:18:07.916518+00	109	Jos├® Carrusca Concepcion	2	[{"changed": {"fields": ["Nome"]}}]	14	3
241	2023-07-17 10:23:47.092771+00	73	73. Am├ília Rodrigues Rosa -  (13/7/2023, 15:18)	3		52	3
244	2023-07-17 10:31:32.259095+00	126	126 MentHA-Risk Am├ília Rodrigues Rosa	3		45	3
222	2023-07-14 14:00:43.482948+00	48	 Question├írio Sociodemogr├ífico >> 1. Question├írio Sociodemogr├ífico	1	[{"added": {}}]	42	3
242	2023-07-17 10:30:57.209733+00	27	Risk object (27)	3		51	3
219	2023-07-14 13:55:23.197314+00	4	4 meses	2	[{"changed": {"fields": ["Order", "Part number"]}}]	44	3
240	2023-07-17 10:22:54.773576+00	72	72. Roseta Gon├ºalves -  (13/7/2023, 15:14)	3		52	3
239	2023-07-15 18:26:34.479819+00	114	Rodrigo Eira	3		14	3
238	2023-07-15 18:26:21.447411+00	136	baiaEira	3		4	3
236	2023-07-15 18:17:40.224921+00	111	Lu├¡s Miguel Pacinha Milher├│	2	[{"changed": {"fields": ["Nome", "Email"]}}]	14	3
235	2023-07-15 18:17:25.651688+00	133	luisMilhero	2	[{"changed": {"fields": ["Username", "Email address"]}}]	4	3
234	2023-07-14 14:19:32.569371+00	86	MentHA-Risk teste123	3		45	3
233	2023-07-14 14:19:32.563727+00	87	MentHA-Risk teste123	3		45	3
232	2023-07-14 14:19:32.55794+00	91	MentHA-Risk teste123	3		45	3
231	2023-07-14 14:19:32.552276+00	95	MentHA-Risk teste123	3		45	3
216	2023-07-14 13:54:19.658107+00	1	Rastreio	2	[{"changed": {"fields": ["Order", "Part number"]}}]	44	3
230	2023-07-14 14:19:32.546476+00	96	MentHA-Risk teste123	3		45	3
229	2023-07-14 14:19:32.540764+00	98	Rastreio teste123	3		45	3
228	2023-07-14 14:19:32.535036+00	99	6 meses teste123	3		45	3
227	2023-07-14 14:19:32.529332+00	100	MentHA-Risk teste123	3		45	3
226	2023-07-14 14:19:32.523603+00	101	MentHA-Risk teste123	3		45	3
225	2023-07-14 14:19:32.517888+00	111	Question├írio Sociodemogr├ífico teste123	3		45	3
224	2023-07-14 14:19:32.510545+00	112	MentHA-Risk teste123	3		45	3
223	2023-07-14 14:19:32.496451+00	113	MentHA-Risk teste123	3		45	3
221	2023-07-14 13:55:56.142567+00	6	Teste Livre	2	[{"changed": {"fields": ["Order", "Part number"]}}]	44	3
220	2023-07-14 13:55:34.857803+00	5	6 meses	2	[{"changed": {"fields": ["Order", "Part number"]}}]	44	3
218	2023-07-14 13:55:08.387495+00	3	2 meses	2	[{"changed": {"fields": ["Order", "Part number"]}}]	44	3
217	2023-07-14 13:54:28.603886+00	2	0 meses	2	[{"changed": {"fields": ["Order", "Part number"]}}]	44	3
215	2023-07-14 13:54:02.511702+00	10	Question├írio Sociodemogr├ífico	1	[{"added": {}}]	44	3
183	2023-07-13 15:13:14.067669+00	107	anacatarina	2	[{"changed": {"fields": ["password"]}}]	4	3
214	2023-07-14 13:12:38.979741+00	54	Lucio Studer	3		20	3
213	2023-07-14 13:12:38.974183+00	55	Pedro Studer	3		20	3
181	2023-07-13 14:58:47.81576+00	44	teste	3		20	3
212	2023-07-14 13:12:38.964494+00	56	andre studer	3		20	3
211	2023-07-14 10:38:19.904064+00	87	87. Alexandra Arronches -  (14/7/2023, 10:1)	3		52	3
179	2023-07-13 14:34:36.112263+00	40	Carolina Martins	3		20	3
210	2023-07-14 09:33:56.603174+00	115	nunoRasteiro	3		4	3
209	2023-07-14 09:33:39.035545+00	51	Nuno Rasteiro	3		20	3
208	2023-07-14 09:25:37.65447+00	45	teste1234	3		20	3
207	2023-07-14 08:05:30.093362+00	1	Risk object (1)	3		51	3
206	2023-07-14 08:05:30.087095+00	2	Risk object (2)	3		51	3
205	2023-07-14 08:05:30.071631+00	3	Risk object (3)	3		51	3
204	2023-07-13 15:57:56.503797+00	78	teste	3		12	3
203	2023-07-13 15:57:56.498061+00	79	Teresa Almada	3		12	3
202	2023-07-13 15:57:56.492378+00	80	teste	3		12	3
201	2023-07-13 15:57:56.486818+00	81	teste	3		12	3
200	2023-07-13 15:57:56.48087+00	82	Teste	3		12	3
199	2023-07-13 15:57:56.475122+00	83	AAAAAAAAAAAAAA	3		12	3
198	2023-07-13 15:57:56.469478+00	84	Grupo A	3		12	3
197	2023-07-13 15:57:56.463753+00	85	teste	3		12	3
195	2023-07-13 15:57:56.452364+00	87	Grupo A	3		12	3
194	2023-07-13 15:57:56.446782+00	88	Grupo A	3		12	3
193	2023-07-13 15:57:56.440822+00	89	Grupo A	3		12	3
192	2023-07-13 15:57:56.435136+00	90	Grupo A	3		12	3
191	2023-07-13 15:57:56.429463+00	91	Grupo A	3		12	3
190	2023-07-13 15:57:56.423906+00	92	Grupo A	3		12	3
189	2023-07-13 15:57:56.418084+00	93	Grupo A	3		12	3
188	2023-07-13 15:57:56.412534+00	94	Eira	3		12	3
187	2023-07-13 15:57:56.406595+00	95	Grupo A	3		12	3
186	2023-07-13 15:57:56.400945+00	96	fewfwe	3		12	3
185	2023-07-13 15:57:56.389531+00	97	xxxxxxxxxx	3		12	3
182	2023-07-13 15:11:31.911778+00	107	anacatarina	2	[{"changed": {"fields": ["password"]}}]	4	3
180	2023-07-13 14:34:36.117905+00	39	teste	3		20	3
260	2023-07-18 08:37:55.822229+00	1	Atividade 1: O meu barco	2	[{"changed": {"fields": ["Descricao"]}}]	7	3
178	2023-07-13 14:34:36.106637+00	41	Ana Brito	3		20	3
256	2023-07-17 15:24:36.797139+00	9	Outro	3		10	3
177	2023-07-13 14:34:36.08745+00	42	Miguel Carvalho	3		20	3
176	2023-07-13 14:34:36.076077+00	43	Tiago Silva	3		20	3
175	2023-07-13 12:06:11.950978+00	62	Rastreio Miguel Carvalho	3		45	3
262	2023-07-18 08:38:49.045826+00	3	Atividade 3: As comadres	2	[{"changed": {"fields": ["Descricao"]}}]	7	3
261	2023-07-18 08:38:25.915251+00	2	Atividade 2: Regras de funcionamento do grupo	2	[]	7	3
255	2023-07-17 15:04:15.46711+00	7	Defici├¬ncia Intelectual	2	[{"changed": {"fields": ["Nome"]}}]	10	3
259	2023-07-17 16:57:30.16519+00	98	Asmal-FARO	3		12	3
252	2023-07-17 11:45:43.118585+00	8	Dem├¬ncia	1	[{"added": {}}]	10	3
254	2023-07-17 11:46:17.445094+00	10	Perturba├º├úo Bipolar	1	[{"added": {}}]	10	3
319	2023-07-18 08:54:48.023132+00	20	(COG) Sess├úo 7. 	2	[]	24	3
318	2023-07-18 08:54:43.640583+00	14	(COG) Sess├úo 1. 	2	[]	24	3
317	2023-07-18 08:54:40.066166+00	13	(CARE) Sess├úo 13. Encerramento	2	[]	24	3
316	2023-07-18 08:54:36.012194+00	12	(CARE) Sess├úo 12. Cuidar do Cuidador II	2	[]	24	3
315	2023-07-18 08:54:33.019838+00	11	(CARE) Sess├úo 11. Cuidar do Cuidador I	2	[]	24	3
314	2023-07-18 08:54:13.5317+00	10	(CARE) Sess├úo 10. Emo├º├Áes no Cuidar	2	[]	24	3
313	2023-07-18 08:54:07.418001+00	11	(CARE) Sess├úo 11. Cuidar do Cuidador I	2	[]	24	3
312	2023-07-18 08:54:03.431202+00	10	(CARE) Sess├úo 10. Emo├º├Áes no Cuidar	2	[]	24	3
311	2023-07-18 08:53:59.497166+00	9	(CARE) Sess├úo 9. Ocupa├º├úo	2	[]	24	3
310	2023-07-18 08:53:55.493731+00	8	(CARE) Sess├úo 8. Comunica├º├úo II	2	[]	24	3
309	2023-07-18 08:53:51.12448+00	7	(CARE) Sess├úo 7. Comunica├º├úo I	2	[]	24	3
308	2023-07-18 08:53:47.19024+00	6	(CARE) Sess├úo 6. Cuidados ├á pessoa II	2	[]	24	3
307	2023-07-18 08:53:42.373664+00	5	(CARE) Sess├úo 5. Cuidados ├á pessoa I	2	[]	24	3
306	2023-07-18 08:53:36.619538+00	4	(CARE) Sess├úo 4. Medidas de apoio	2	[]	24	3
305	2023-07-18 08:53:30.142347+00	3	(CARE) Sess├úo 3. Compreender a doen├ºa II	2	[]	24	3
304	2023-07-18 08:53:25.737915+00	2	(CARE) Sess├úo 2. Compreender a doen├ºa I	2	[]	24	3
303	2023-07-18 08:53:25.711376+00	2	(CARE) Sess├úo 2. Compreender a doen├ºa I	2	[]	24	3
302	2023-07-18 08:53:25.69362+00	2	(CARE) Sess├úo 2. Compreender a doen├ºa I	2	[]	24	3
301	2023-07-18 08:53:25.686484+00	2	(CARE) Sess├úo 2. Compreender a doen├ºa I	2	[]	24	3
300	2023-07-18 08:53:25.679409+00	2	(CARE) Sess├úo 2. Compreender a doen├ºa I	2	[]	24	3
299	2023-07-18 08:53:15.739905+00	1	(CARE) Sess├úo 1. Acolhimento	2	[{"changed": {"fields": ["Tema"]}}]	24	3
298	2023-07-18 08:51:59.687721+00	27	Atividade 27: A teia da amizade	2	[{"changed": {"fields": ["Descricao"]}}]	7	3
296	2023-07-18 08:51:33.618287+00	25	Atividade 25: Mapa de atividades do CI	2	[]	7	3
295	2023-07-18 08:51:29.422615+00	25	Atividade 25: Mapa de atividades do CI	2	[{"changed": {"fields": ["Descricao"]}}]	7	3
294	2023-07-18 08:51:16.899135+00	24	Atividade 24: O frasco (meio) cheio	2	[{"changed": {"fields": ["Descricao"]}}]	7	3
293	2023-07-18 08:50:38.171713+00	23	Atividade 23: Participa├º├úo semanal - Pensar positivo	2	[{"changed": {"fields": ["Nome"]}}]	7	3
292	2023-07-18 08:50:29.462058+00	22	Atividade 22: Estar bem para cuidar bem	2	[{"changed": {"fields": ["Descricao"]}}]	7	3
291	2023-07-18 08:50:12.250427+00	21	Atividade 21: "Important├│metro"	2	[{"changed": {"fields": ["Nome", "Descricao"]}}]	7	3
289	2023-07-18 08:49:33.249701+00	19	Atividade 19: ... Mas que tem solu├º├Áes!	2	[{"changed": {"fields": ["Descricao"]}}]	7	3
288	2023-07-18 08:49:26.395122+00	18	Atividade 18: Sou um ser emocional...	2	[{"changed": {"fields": ["Descricao"]}}]	7	3
287	2023-07-18 08:48:07.840068+00	17	Atividade 17: Participa├º├úo semanal - Um "bom" dia	2	[{"changed": {"fields": ["Nome"]}}]	7	3
286	2023-07-18 08:47:57.012814+00	16	Atividade 16: Mapa de atividades do RC	2	[]	7	3
285	2023-07-18 08:47:53.430074+00	15	Atividade 15: Participa├º├úo semanal - Ajudar a fam├¡lia a comunicar melhor	2	[]	7	3
284	2023-07-18 08:47:48.926034+00	16	Atividade 16: Mapa de atividades do RC	2	[{"changed": {"fields": ["Descricao"]}}]	7	3
283	2023-07-18 08:47:38.251533+00	15	Atividade 15: Participa├º├úo semanal - Ajudar a fam├¡lia a comunicar melhor	2	[{"changed": {"fields": ["Nome"]}}]	7	3
282	2023-07-18 08:47:31.148533+00	14	Atividade 14: Pintar as emo├º├Áes	2	[]	7	3
281	2023-07-18 08:47:27.929909+00	13	Atividade 13: A comunica├º├úo ├® um desafio no meu dia-a-dia	2	[]	7	3
280	2023-07-18 08:47:21.155282+00	14	Atividade 14: Pintar as emo├º├Áes	2	[{"changed": {"fields": ["Descricao"]}}]	7	3
279	2023-07-18 08:47:02.299309+00	13	Atividade 13: A comunica├º├úo ├® um desafio no meu dia-a-dia	2	[]	7	3
278	2023-07-18 08:46:57.059814+00	12	Atividade 12: Participa├º├úo semanal - As dificuldades do dia-a-dia	2	[]	7	3
277	2023-07-18 08:46:01.607961+00	12	Atividade 12: Participa├º├úo semanal - As dificuldades do dia-a-dia	2	[]	7	3
276	2023-07-18 08:45:53.790507+00	11	Atividade 11: Momento de reflex├úo	2	[]	7	3
275	2023-07-18 08:45:45.893651+00	13	Atividade 13: A comunica├º├úo ├® um desafio no meu dia-a-dia	2	[{"changed": {"fields": ["Descricao"]}}]	7	3
274	2023-07-18 08:45:34.068386+00	1	Atividade 1: O meu barco	2	[]	7	3
273	2023-07-18 08:41:30.162995+00	1	Atividade 1: O meu barco	2	[{"changed": {"fields": ["Descricao"]}}]	7	3
272	2023-07-18 08:40:52.202444+00	11	Atividade 11: Momento de reflex├úo	2	[{"changed": {"fields": ["Descricao"]}}]	7	3
271	2023-07-18 08:40:40.063688+00	12	Atividade 12: Participa├º├úo semanal - As dificuldades do dia-a-dia	2	[{"changed": {"fields": ["Nome"]}}]	7	3
270	2023-07-18 08:40:32.354324+00	10	Atividade 10: A comunica├º├úo ├® um desafio	2	[]	7	3
269	2023-07-18 08:40:23.971477+00	10	Atividade 10: A comunica├º├úo ├® um desafio	2	[{"changed": {"fields": ["Descricao"]}}]	7	3
268	2023-07-18 08:40:10.751918+00	9	Atividade 9: Participa├º├úo semanal - Em busca da boa postura	2	[{"changed": {"fields": ["Nome", "Descricao"]}}]	7	3
267	2023-07-18 08:39:57.097865+00	8	Atividade 8: Participa├º├úo semanal - Agarro a oportunidade	2	[{"changed": {"fields": ["Nome", "Descricao"]}}]	7	3
266	2023-07-18 08:39:44.802489+00	7	Atividade 7: Imagens sentidas	2	[{"changed": {"fields": ["Descricao"]}}]	7	3
265	2023-07-18 08:39:23.363134+00	6	Atividade 6: Emoticons	2	[]	7	3
264	2023-07-18 08:39:16.955802+00	5	Atividade 5: Participa├º├úo semanal - conhecer a doen├ºa	2	[{"changed": {"fields": ["Nome", "Descricao"]}}]	7	3
328	2023-07-18 08:59:17.000068+00	13	Exerc├¡cio 11	2	[{"changed": {"fields": ["Duracao", "Instrucao"]}}]	11	3
327	2023-07-18 08:58:42.574212+00	15	Exerc├¡cio 13	2	[{"changed": {"fields": ["Duracao", "Instrucao"]}}]	11	3
326	2023-07-18 08:57:15.241256+00	29	Exerc├¡cio 27	2	[{"changed": {"fields": ["Duracao", "Instrucao"]}}]	11	3
325	2023-07-18 08:57:01.155328+00	30	Exerc├¡cio 28	2	[{"changed": {"fields": ["Duracao"]}}]	11	3
324	2023-07-18 08:56:57.736912+00	31	Exerc├¡cio 29	2	[{"changed": {"fields": ["Duracao"]}}]	11	3
323	2023-07-18 08:56:54.207985+00	32	Exerc├¡cio 30	2	[{"changed": {"fields": ["Duracao"]}}]	11	3
322	2023-07-18 08:56:50.168383+00	33	Exerc├¡cio 31	2	[{"changed": {"fields": ["Duracao"]}}]	11	3
321	2023-07-18 08:56:45.032416+00	34	Exerc├¡cio 32	2	[{"changed": {"fields": ["Duracao"]}}]	11	3
378	2023-07-19 09:41:57.453389+00	1	Exerc├¡cio 0	2	[{"changed": {"fields": ["Duracao", "Instrucao"]}}]	11	3
377	2023-07-18 14:13:28.078086+00	3	Administrador object (3)	1	[{"added": {}}]	60	3
376	2023-07-18 14:13:11.463013+00	139	adeb-adm	2	[{"changed": {"fields": ["Username", "Groups"]}}]	4	3
375	2023-07-18 14:12:51.266997+00	139	adeb_adm	2	[{"changed": {"fields": ["First name", "Last name", "Email address"]}}]	4	3
374	2023-07-18 14:12:26.162004+00	139	adeb_adm	1	[{"added": {}}]	4	3
362	2023-07-18 09:14:57.53798+00	52	Sessao n┬░:12, D, objetivo: Promover a diminui├º├úo de ansiedade e depress├úo; diminui├º├úo da sobrecarga; desenvolvimento de estrat├®gias de coping e de redes sociais de apoio.	2	[{"changed": {"fields": ["Materiais"]}}]	17	3
373	2023-07-18 13:48:09.310889+00	100	ASMAL-Cog-Loul├®	3		12	3
372	2023-07-18 13:48:09.305267+00	101	ASMAL-COG-Faro	3		12	3
359	2023-07-18 09:12:00.696611+00	43	Sessao n┬░:11, D, objetivo: Incentivar o autocuidado e a valoriza├º├úo do papel de cuidador	2	[{"changed": {"fields": ["Materiais"]}}]	17	3
371	2023-07-18 13:48:09.299508+00	102	Asmal-cog	3		12	3
370	2023-07-18 13:48:09.293708+00	103	ASMAL-cog-faro	3		12	3
356	2023-07-18 09:10:44.344113+00	41	Sessao n┬░:10, F, objetivo: Encerrar a sess├úo	2	[{"changed": {"fields": ["Descricao"]}}]	17	3
369	2023-07-18 13:48:09.288029+00	104	ASMAL-Lagos	3		12	3
368	2023-07-18 13:48:09.282354+00	105	ASMAL-COG-Lagoa	3		12	3
367	2023-07-18 13:48:09.276608+00	106	asd	3		12	3
366	2023-07-18 13:48:09.270812+00	107	ASMAL - teste	3		12	3
365	2023-07-18 13:48:09.262585+00	108	teste	3		12	3
361	2023-07-18 09:12:48.942724+00	51	Sessao n┬░:11, D, objetivo: Partilhar experi├¬ncias e refletir acerca do tema: diminui├º├úo de ansiedade e depress├úo; diminui├º├úo da sobrecarga; desenvolvimento de estrat├®gias de coping;	2	[{"changed": {"fields": ["Descricao"]}}]	17	3
360	2023-07-18 09:12:31.796624+00	50	Sessao n┬░:13, F, objetivo: Encerrar a sess├úo	2	[{"changed": {"fields": ["Descricao"]}}]	17	3
358	2023-07-18 09:11:25.019197+00	44	Sessao n┬░:11, F, objetivo: Encerrar a sess├úo	2	[{"changed": {"fields": ["Descricao"]}}]	17	3
357	2023-07-18 09:11:02.220989+00	42	Sessao n┬░:11, I, objetivo: Receber os participantes.	2	[{"changed": {"fields": ["Descricao"]}}]	17	3
355	2023-07-18 09:10:13.3307+00	38	Sessao n┬░:10, I, objetivo: Receber os participantes.	2	[{"changed": {"fields": ["Descricao"]}}]	17	3
354	2023-07-18 09:10:00.101169+00	37	Sessao n┬░:9, F, objetivo: Encerrar a sess├úo	2	[{"changed": {"fields": ["Descricao"]}}]	17	3
353	2023-07-18 09:09:35.07135+00	36	Sessao n┬░:9, D, objetivo: Partilhar experi├¬ncias e refletir sobre a import├óncia da ocupa├º├úo no bem-estar	2	[{"changed": {"fields": ["Materiais"]}}]	17	3
352	2023-07-18 09:09:09.412019+00	34	Sessao n┬░:9, I, objetivo: Receber os participantes.	2	[{"changed": {"fields": ["Descricao"]}}]	17	3
351	2023-07-18 09:08:59.413473+00	33	Sessao n┬░:8, F, objetivo: Encerrar a sess├úo	2	[{"changed": {"fields": ["Descricao"]}}]	17	3
350	2023-07-18 09:08:39.71657+00	30	Sessao n┬░:8, I, objetivo: Receber os participantes.	2	[{"changed": {"fields": ["Descricao"]}}]	17	3
349	2023-07-18 09:08:05.358128+00	27	Sessao n┬░:7, D, objetivo: Explorar estrat├®gias de comunica├º├úo e de gest├úo de comportamentos desafiantes.	2	[{"changed": {"fields": ["Materiais"]}}]	17	3
348	2023-07-18 09:07:39.925865+00	29	Sessao n┬░:7, F, objetivo: Encerrar a sess├úo	2	[{"changed": {"fields": ["Descricao"]}}]	17	3
347	2023-07-18 09:07:24.914787+00	26	Sessao n┬░:7, I, objetivo: Receber os participantes.	2	[]	17	3
346	2023-07-18 09:07:10.643946+00	26	Sessao n┬░:7, I, objetivo: Receber os participantes.	2	[{"changed": {"fields": ["Descricao"]}}]	17	3
345	2023-07-18 09:06:23.392397+00	25	Sessao n┬░:6, F, objetivo: Encerrar a sess├úo	2	[{"changed": {"fields": ["Descricao"]}}]	17	3
344	2023-07-18 09:06:13.884977+00	24	Sessao n┬░:6, D, objetivo: Conhecer boas pr├íticas na presta├º├úo de cuidados ao n├¡vel das transfer├¬ncias e posicionamentos	2	[{"changed": {"fields": ["Descricao"]}}]	17	3
343	2023-07-18 09:06:00.607615+00	22	Sessao n┬░:6, I, objetivo: Receber os participantes.	2	[{"changed": {"fields": ["Descricao"]}}]	17	3
342	2023-07-18 09:05:44.32813+00	21	Sessao n┬░:5, F, objetivo: Encerrar a sess├úo	2	[{"changed": {"fields": ["Descricao"]}}]	17	3
341	2023-07-18 09:05:05.262752+00	19	Sessao n┬░:5, D, objetivo: Conhecer boas pr├íticas na presta├º├úo de cuidados de higiene e conforto,  elimina├º├úo, alimenta├º├úo e medica├º├úo	2	[]	17	3
340	2023-07-18 09:04:56.464155+00	14	Sessao n┬░:4, I, objetivo: Receber os participantes	2	[{"changed": {"fields": ["Descricao"]}}]	17	3
339	2023-07-18 09:04:47.152685+00	13	Sessao n┬░:3, F, objetivo: Encerrar a sess├úo	2	[{"changed": {"fields": ["Descricao"]}}]	17	3
338	2023-07-18 09:04:23.894293+00	10	Sessao n┬░:3, I, objetivo: Receber os participantes.	2	[{"changed": {"fields": ["Descricao"]}}]	17	3
337	2023-07-18 09:04:11.893338+00	9	Sessao n┬░:2, F, objetivo: Encerrar a sess├úo	2	[{"changed": {"fields": ["Descricao"]}}]	17	3
336	2023-07-18 09:03:33.994763+00	4	Sessao n┬░:1, D, objetivo: Apresentar o PPCI - MentHA	2	[{"changed": {"fields": ["Descricao", "Materiais"]}}]	17	3
333	2023-07-18 09:00:59.54225+00	6	Exerc├¡cio 6	2	[{"changed": {"fields": ["Duracao"]}}]	11	3
335	2023-07-18 09:02:06.977543+00	1	ijj	3		32	3
334	2023-07-18 09:02:06.96835+00	2	ola	3		32	3
330	2023-07-18 09:00:14.052815+00	10	Exerc├¡cio 8	2	[{"changed": {"fields": ["Duracao", "Instrucao"]}}]	11	3
332	2023-07-18 09:00:53.336948+00	9	Exerc├¡cio 7	2	[{"changed": {"fields": ["Duracao"]}}]	11	3
331	2023-07-18 09:00:45.21122+00	10	Exerc├¡cio 8	2	[{"changed": {"fields": ["Duracao", "Instrucao"]}}]	11	3
386	2023-07-19 09:50:28.41644+00	27	Exerc├¡cio 25	2	[{"changed": {"fields": ["Duracao", "Instrucao"]}}]	11	3
816	2023-09-04 13:31:46.570806+00	21	Pessoa Desconhecida 4	1	[{"added": {}}]	13	3
387	2023-07-19 09:50:28.617288+00	27	Exerc├¡cio 25	2	[{"changed": {"fields": ["Duracao"]}}]	11	3
384	2023-07-19 09:49:07.546649+00	23	Exerc├¡cio 21	2	[{"changed": {"fields": ["Duracao", "Instrucao"]}}]	11	3
383	2023-07-19 09:45:49.796495+00	5	Exerc├¡cio 5	2	[{"changed": {"fields": ["Duracao", "Instrucao"]}}]	11	3
382	2023-07-19 09:44:15.906502+00	3	Exerc├¡cio 2	2	[{"changed": {"fields": ["Duracao", "Instrucao"]}}]	11	3
381	2023-07-19 09:44:05.126347+00	3	Exerc├¡cio 2	2	[{"changed": {"fields": ["Duracao", "Instrucao"]}}]	11	3
380	2023-07-19 09:43:53.265138+00	2	Exerc├¡cio 1	2	[{"changed": {"fields": ["Duracao"]}}]	11	3
379	2023-07-19 09:43:45.496584+00	1	Exerc├¡cio 0	2	[{"changed": {"fields": ["Duracao"]}}]	11	3
1058	2023-09-22 10:03:20.232588+00	65	angelaCoutinho	3		4	3
1059	2023-09-22 10:03:20.238285+00	61	anselmoPinho	3		4	3
1060	2023-09-22 10:03:20.244039+00	34	antonioFaria	3		4	3
1061	2023-09-22 10:03:20.249795+00	117	antonioJose	3		4	3
446	2023-07-20 16:01:08.725102+00	4	(CARE) Sess├úo 4. Medidas de apoio	2	[]	24	3
445	2023-07-20 16:01:01.47949+00	3	(CARE) Sess├úo 3. Compreender a doen├ºa II	2	[{"changed": {"fields": ["Dinamizadores"]}}]	24	3
444	2023-07-20 16:00:53.891986+00	2	(CARE) Sess├úo 2. Compreender a doen├ºa I	2	[{"changed": {"fields": ["Dinamizadores"]}}]	24	3
443	2023-07-20 16:00:45.844547+00	1	(CARE) Sess├úo 1. Acolhimento	2	[{"changed": {"fields": ["Dinamizadores", "Componentes"]}}]	24	3
442	2023-07-20 15:59:54.375804+00	2	(CARE) Sess├úo 2. Compreender a doen├ºa I	2	[{"changed": {"fields": ["Dinamizadores"]}}]	24	3
441	2023-07-20 15:59:43.395721+00	1	(CARE) Sess├úo 1. Acolhimento	2	[{"changed": {"fields": ["Dinamizadores", "Componentes"]}}]	24	3
440	2023-07-20 14:33:49.661168+00	142	jorginhoEira	2	[{"changed": {"fields": ["Groups"]}}]	4	3
439	2023-07-20 14:33:27.487768+00	75	Jorge Eira	2	[{"changed": {"fields": ["Sexo"]}}]	20	3
438	2023-07-20 14:29:46.970763+00	13	(CARE) Sess├úo 13. Encerramento	2	[{"changed": {"fields": ["Tema"]}}]	24	3
437	2023-07-20 14:29:37.746167+00	12	(CARE) Sess├úo 12. Cuidar do Cuidador II	2	[]	24	3
436	2023-07-20 14:29:32.399653+00	11	(CARE) Sess├úo 11. Cuidar do Cuidador I	2	[]	24	3
435	2023-07-20 14:29:27.134922+00	10	(CARE) Sess├úo 10. Emo├º├Áes no Cuidar	2	[]	24	3
434	2023-07-20 14:29:21.448515+00	9	(CARE) Sess├úo 9. Ocupa├º├úo	2	[]	24	3
433	2023-07-20 14:29:11.477218+00	8	(CARE) Sess├úo 8. Comunica├º├úo II	2	[]	24	3
432	2023-07-20 14:29:05.861822+00	11	(CARE) Sess├úo 11. Cuidar do Cuidador I	2	[{"changed": {"fields": ["Tema"]}}]	24	3
431	2023-07-20 14:28:54.184621+00	24	(COG) Sess├úo 11. 	2	[]	24	3
430	2023-07-20 14:28:50.232868+00	10	(CARE) Sess├úo 10. Emo├º├Áes no Cuidar	2	[]	24	3
429	2023-07-20 14:28:43.836088+00	9	(CARE) Sess├úo 9. Ocupa├º├úo	2	[{"changed": {"fields": ["Tema"]}}]	24	3
428	2023-07-20 14:28:38.748182+00	49	Manuel Gomes	2	[]	20	3
427	2023-07-20 14:28:38.658083+00	49	Manuel Gomes	2	[{"changed": {"fields": ["User"]}}]	20	3
426	2023-07-20 14:28:33.973359+00	8	(CARE) Sess├úo 8. Comunica├º├úo II	2	[{"changed": {"fields": ["Tema"]}}]	24	3
425	2023-07-20 14:28:19.238652+00	7	(CARE) Sess├úo 7. Comunica├º├úo I	2	[{"changed": {"fields": ["Tema"]}}]	24	3
424	2023-07-20 14:28:10.872851+00	6	(CARE) Sess├úo 6. Cuidados ├á pessoa II	2	[]	24	3
423	2023-07-20 14:28:05.800711+00	6	(CARE) Sess├úo 6. Cuidados ├á pessoa II	2	[{"changed": {"fields": ["Tema"]}}]	24	3
422	2023-07-20 14:27:55.051352+00	5	(CARE) Sess├úo 5. Cuidados ├á pessoa I	2	[{"changed": {"fields": ["Tema"]}}]	24	3
421	2023-07-20 14:27:44.749203+00	4	(CARE) Sess├úo 4. Medidas de apoio	2	[{"changed": {"fields": ["Tema"]}}]	24	3
420	2023-07-20 14:27:33.004528+00	3	(CARE) Sess├úo 3. Compreender a doen├ºa II	2	[{"changed": {"fields": ["Tema"]}}]	24	3
419	2023-07-20 14:27:03.104407+00	1	(CARE) Sess├úo 1. Acolhimento	2	[]	24	3
418	2023-07-20 14:26:56.982347+00	12	(CARE) Sess├úo 12. Cuidar do Cuidador II	2	[{"changed": {"fields": ["Tema"]}}]	24	3
417	2023-07-20 14:23:46.216794+00	12	(CARE) Sess├úo 12. Cuidar do Cuidador II	2	[{"changed": {"fields": ["Materiais"]}}]	24	3
416	2023-07-20 14:23:39.447906+00	12	(CARE) Sess├úo 12. Cuidar do Cuidador II	2	[]	24	3
415	2023-07-20 14:18:36.031064+00	12	(CARE) Sess├úo 12. Cuidar do Cuidador II	2	[{"changed": {"fields": ["Materiais"]}}]	24	3
414	2023-07-20 10:09:20.935103+00	74	Teste 1807	2	[{"changed": {"fields": ["User"]}}]	20	3
409	2023-07-19 18:03:49.39306+00	38	Exerc├¡cio -1	2	[{"changed": {"fields": ["Duracao", "Descricao"]}}]	11	3
413	2023-07-19 18:14:14.751392+00	109	ADEB-Alcantara	3		12	3
412	2023-07-19 18:14:14.745657+00	110	GIRA-1	3		12	3
406	2023-07-19 18:00:02.500286+00	38	Exerc├¡cio -1	1	[{"added": {}}]	11	3
411	2023-07-19 18:14:14.740075+00	111	teste 2	3		12	3
410	2023-07-19 18:14:14.733109+00	112	testando	3		12	3
403	2023-07-19 13:51:20.398685+00	4	Administrador object (4)	1	[{"added": {}}]	60	3
408	2023-07-19 18:02:24.235605+00	8	Exerc├¡cio 3	2	[{"changed": {"fields": ["Dominio", "Duracao"]}}]	11	3
407	2023-07-19 18:02:01.688811+00	8	Exerc├¡cio 3	2	[{"changed": {"fields": ["Dominio", "Duracao"]}}]	11	3
405	2023-07-19 17:58:44.176709+00	1	Exerc├¡cio 0	2	[{"changed": {"fields": ["Duracao", "Descricao"]}}]	11	3
404	2023-07-19 17:20:28.182951+00	7	Exerc├¡cio 99	2	[{"changed": {"fields": ["Numero", "Duracao"]}}]	11	3
402	2023-07-19 13:51:18.005446+00	141	gira-adm	1	[{"added": {}}]	4	3
401	2023-07-19 11:03:31.356049+00	150	Trail Making Test - Parte B - Teste	2	[]	54	3
399	2023-07-19 11:00:52.152318+00	149	Trail Making Test - Parte B - Treino	2	[{"changed": {"fields": ["Instruction"]}}]	54	3
398	2023-07-19 10:59:09.377695+00	148	Trail Making Test - Parte A - Teste	2	[{"changed": {"fields": ["Instruction"]}}]	54	3
397	2023-07-19 10:57:48.851867+00	147	Trail Making Test - Parte A - Treino	2	[{"changed": {"fields": ["Instruction"]}}]	54	3
396	2023-07-19 10:43:53.376174+00	2	Sessao n┬░:1, D, objetivo: Apresentar o projeto MentHA e sua equipa	2	[{"changed": {"fields": ["Descricao"]}}]	17	3
395	2023-07-19 10:26:30.194641+00	143	Desenho B	2	[{"changed": {"fields": ["Instruction"]}}]	54	3
394	2023-07-19 10:25:42.36635+00	144	Desenho C	2	[{"changed": {"fields": ["Instruction"]}}]	54	3
393	2023-07-19 10:25:23.381808+00	145	Desenho D	2	[{"changed": {"fields": ["Instruction"]}}]	54	3
392	2023-07-19 10:25:06.489303+00	146	Desenho E	2	[{"changed": {"fields": ["Instruction"]}}]	54	3
391	2023-07-19 10:24:20.454346+00	142	Desenho A	2	[{"changed": {"fields": ["Instruction"]}}]	54	3
390	2023-07-19 10:07:17.953248+00	144	144. n┬║ 53 - 1	2	[{"changed": {"fields": ["Name"]}}]	46	3
389	2023-07-19 09:59:23.077688+00	104	Mem├│ria Anter├│grada	2	[{"changed": {"fields": ["Instruction"]}}]	54	3
388	2023-07-19 09:58:15.890075+00	174	As vezes ao ler poesia e ao olhar para uma obra de arte, sinto um arrepio de emo├º├úo.	2	[{"changed": {"fields": ["Name"]}}]	54	3
454	2023-07-21 07:30:18.727336+00	14	Apresenta├º\\ao de trabalhos finais de curso desenvolvidos no ├ómbito do MentHA Digital	1	[{"added": {}}]	58	3
453	2023-07-21 07:26:47.998677+00	10	Defesa de projetos	2	[]	58	3
452	2023-07-20 16:01:39.292981+00	9	(CARE) Sess├úo 9. Ocupa├º├úo	2	[]	24	3
451	2023-07-20 16:01:35.70033+00	8	(CARE) Sess├úo 8. Comunica├º├úo II	2	[]	24	3
450	2023-07-20 16:01:31.331447+00	8	(CARE) Sess├úo 8. Comunica├º├úo II	2	[]	24	3
449	2023-07-20 16:01:24.409145+00	7	(CARE) Sess├úo 7. Comunica├º├úo I	2	[]	24	3
448	2023-07-20 16:01:19.311629+00	6	(CARE) Sess├úo 6. Cuidados ├á pessoa II	2	[]	24	3
447	2023-07-20 16:01:13.462024+00	5	(CARE) Sess├úo 5. Cuidados ├á pessoa I	2	[]	24	3
512	2023-07-26 10:35:38.421738+00	17	 Rastreio >> 1. Question├írio Sociodemogr├ífico	2	[{"changed": {"fields": ["Order"]}}]	42	3
511	2023-07-24 17:02:53.989694+00	16	Nicolau Breyner	2	[{"changed": {"fields": ["Imagem"]}}]	13	3
510	2023-07-24 16:50:02.795941+00	17	Beatriz Costa	2	[{"changed": {"fields": ["Imagem"]}}]	13	3
509	2023-07-24 13:56:40.602714+00	12	Exerc├¡cio 10	2	[{"changed": {"fields": ["Duracao", "Partes do exercicio"]}}]	11	3
508	2023-07-24 13:56:25.01093+00	35	Exerc├¡cio [] - parte 2 - Beatriz Costa	1	[{"added": {}}]	18	3
507	2023-07-24 13:55:15.164629+00	17	Beatriz Costa	1	[{"added": {}}]	13	3
506	2023-07-24 13:50:02.448166+00	34	Exerc├¡cio [] - parte 1 - Nicolau Breyner	1	[{"added": {}}]	18	3
505	2023-07-24 13:49:50.224849+00	57	(A) memoria remota visual	1	[{"added": {}}]	22	3
504	2023-07-24 13:47:54.884937+00	16	Nicolau Breyner	1	[{"added": {}}]	13	3
503	2023-07-21 18:38:09.268527+00	3	Exerc├¡cio 2	2	[{"changed": {"fields": ["Dominio", "Duracao"]}}]	11	3
502	2023-07-21 17:57:45.645792+00	19	Token Test	2	[{"changed": {"fields": ["Image"]}}]	48	3
501	2023-07-21 17:55:49.017981+00	18	TMT B - Teste	2	[{"changed": {"fields": ["Image"]}}]	48	3
500	2023-07-21 17:54:47.384764+00	17	TMT B - Treino	2	[{"changed": {"fields": ["Image"]}}]	48	3
499	2023-07-21 17:53:55.106845+00	16	TMT A - Teste	2	[{"changed": {"fields": ["Image"]}}]	48	3
498	2023-07-21 17:46:26.169731+00	15	TMT A - Treino	2	[{"changed": {"fields": ["Image"]}}]	48	3
497	2023-07-21 17:43:09.959099+00	14	Desenho E	2	[{"changed": {"fields": ["Image"]}}]	48	3
496	2023-07-21 17:42:30.467+00	13	Desenho D	2	[{"changed": {"fields": ["Image"]}}]	48	3
495	2023-07-21 17:42:00.385656+00	12	Desenho C	2	[{"changed": {"fields": ["Image"]}}]	48	3
494	2023-07-21 17:41:22.326129+00	11	Desenho B	2	[{"changed": {"fields": ["Image"]}}]	48	3
493	2023-07-21 17:40:45.252838+00	10	Desenho A	2	[{"changed": {"fields": ["Image"]}}]	48	3
492	2023-07-21 17:32:10.51716+00	6	Dimension object (6)	2	[{"changed": {"fields": ["Name"]}}]	43	3
491	2023-07-21 17:22:27.760993+00	129	Aten├º├úo e Concentra├º├úo (Soletrar)	2	[]	54	3
490	2023-07-21 17:22:15.597508+00	161	Aten├º├úo e Concentra├º├úo (C├ílculo)	2	[{"changed": {"fields": ["Instruction"]}}]	54	3
489	2023-07-21 17:21:12.143494+00	9	Folha de Estimulos 9	2	[{"changed": {"fields": ["Image"]}}]	48	3
488	2023-07-21 17:19:36.471408+00	8	Folha de Estimulos 8	2	[{"changed": {"fields": ["Image"]}}]	48	3
487	2023-07-21 17:14:52.841613+00	7	Cubo (Cota├º├úo)	2	[{"changed": {"fields": ["Image"]}}]	48	3
486	2023-07-21 17:14:00.980516+00	6	Cubo	2	[{"changed": {"fields": ["Image"]}}]	48	3
485	2023-07-21 17:07:29.326035+00	5	Pent├ígonos (Cota├º├úo)	2	[{"changed": {"fields": ["Image"]}}]	48	3
860	2023-09-05 14:09:23.928974+00	69	 Camisa - meias	1	[{"added": {}}]	22	3
484	2023-07-21 17:02:58.821246+00	113	Leitura	2	[{"changed": {"fields": ["Helping images"]}}]	54	3
483	2023-07-21 17:02:56.115603+00	21	Folha de Estimulos 3	1	[{"added": {}}]	48	3
482	2023-07-21 16:58:43.097659+00	134	Nomea├º├úo	2	[{"changed": {"fields": ["Helping images"]}}]	54	3
481	2023-07-21 16:20:43.116558+00	2	Folha de Estimulos 1	2	[{"changed": {"fields": ["Image"]}}]	48	3
480	2023-07-21 16:15:19.752224+00	3	Folha de Estimulos 2	2	[{"changed": {"fields": ["Image"]}}]	48	3
479	2023-07-21 16:11:53.796134+00	20	estimulos1	2	[{"changed": {"fields": ["Image"]}}]	48	3
478	2023-07-21 16:10:45.120637+00	20	estimulos1	1	[{"added": {}}]	48	3
476	2023-07-21 13:52:48.245664+00	5	(CARE) Sess├úo 5. Cuidados ├á pessoa I	2	[]	24	3
475	2023-07-21 13:51:29.276038+00	3	(CARE) Sess├úo 3. Compreender a doen├ºa II	2	[{"changed": {"fields": ["Materiais"]}}]	24	3
474	2023-07-21 12:58:16.177676+00	19	MentHA Digital no XII Semin├írio de Gerontologia	2	[{"changed": {"fields": ["Texto"]}}]	58	3
473	2023-07-21 12:54:18.819068+00	19	MentHA Digital no XII Semin├írio de Gerontologia	2	[{"changed": {"fields": ["Imagem"]}}]	58	3
472	2023-07-21 08:46:20.385272+00	20	DGS estende apoio ao MentHA Digital por mais 6 meses	2	[{"changed": {"fields": ["Texto"]}}]	58	3
471	2023-07-21 08:45:51.778253+00	20	DGS estende apoio ao MentHA Digital por mais 6 meses	2	[{"changed": {"fields": ["Titulo"]}}]	58	3
470	2023-07-21 08:45:34.029868+00	20	Prolongamento do apoio da DGS por mais 6 meses	1	[{"added": {}}]	58	3
469	2023-07-21 08:37:39.287189+00	19	MentHA Digital no XII Semin├írio de Gerontologia	2	[{"changed": {"fields": ["Texto"]}}]	58	3
468	2023-07-21 08:37:15.445559+00	19	MentHA Digital no XII Semin├írio de Gerontologia	1	[{"added": {}}]	58	3
467	2023-07-21 08:17:11.394689+00	18	GIRA recebe equipa do MentHA Digital	2	[{"changed": {"fields": ["Titulo"]}}]	58	3
466	2023-07-21 08:16:49.045678+00	15	ASMAL no Algarve recebe equipa do MentHA Digital	2	[{"changed": {"fields": ["Titulo"]}}]	58	3
465	2023-07-21 08:16:21.884958+00	15	MentHA Digital no Algarve com a ASMAL	2	[{"changed": {"fields": ["Texto"]}}]	58	3
463	2023-07-21 08:14:04.824714+00	14	Apresenta├º├úo de trabalhos finais de curso desenvolvidos no ├ómbito do MentHA Digital	2	[{"changed": {"fields": ["Imagem"]}}]	58	3
462	2023-07-21 08:09:30.312668+00	18	MentHA Digital na GIRA	1	[{"added": {}}]	58	3
461	2023-07-21 08:07:19.982792+00	17	MentHA Digital na ADEB	2	[]	58	3
460	2023-07-21 08:07:01.126321+00	17	MentHA Digital na ADEB	1	[{"added": {}}]	58	3
459	2023-07-21 08:00:56.104602+00	16	Protocolo e patroc├¡nio da Roche Sistemas de Diagn├│sticos	2	[{"changed": {"fields": ["Titulo"]}}]	58	3
458	2023-07-21 08:00:22.963769+00	16	MentHA Digital estabelece protocolo e recebe patroc├¡nio da Roche	1	[{"added": {}}]	58	3
457	2023-07-21 07:51:14.43631+00	15	MentHA Digital no Algarve com a ASMAL	2	[{"changed": {"fields": ["Imagem"]}}]	58	3
521	2023-07-26 10:40:23.78046+00	13	N├úo Tem	1	[{"added": {}}]	10	3
520	2023-07-26 10:40:08.40962+00	12	Outra	1	[{"added": {}}]	10	3
519	2023-07-26 10:39:59.466879+00	11	Perturba├º├úo Neurocognitiva Ligeira (DCL)	1	[{"added": {}}]	10	3
518	2023-07-26 10:39:41.510353+00	8	Perturba├º├úo Neurocognitiva Major (Dem├¬ncia)	2	[{"changed": {"fields": ["Nome"]}}]	10	3
516	2023-07-26 10:36:32.099682+00	18	 0 meses >> 1. Consci├¬cia, Humor e Comportamento	2	[{"changed": {"fields": ["Order"]}}]	42	3
515	2023-07-26 10:36:06.528025+00	16	 Rastreio >> 4. Rela├º├úo com o Avaliador	2	[{"changed": {"fields": ["Order"]}}]	42	3
514	2023-07-26 10:35:59.797881+00	15	 Rastreio >> 3. Coopera├º├úo dada na entrevista	2	[{"changed": {"fields": ["Order"]}}]	42	3
513	2023-07-26 10:35:46.210214+00	18	 0 meses >> 2. Consci├¬cia, Humor e Comportamento	2	[{"changed": {"fields": ["Order"]}}]	42	3
576	2023-08-05 14:42:53.97218+00	46	None >> None	1	[{"added": {}}]	43	3
575	2023-08-05 14:42:39.11521+00	24	None	1	[{"added": {}}]	56	3
574	2023-08-05 14:42:14.5885+00	78	 Question├írio Sociodemogr├ífico >> 1. Question├írio Sociodemogr├ífico	1	[{"added": {}}]	42	3
573	2023-08-05 14:42:02.803056+00	14	Question├írio Sociodemogr├ífico	2	[]	44	3
572	2023-08-05 14:41:59.893351+00	14	Question├írio Sociodemogr├ífico	1	[{"added": {}}]	44	3
571	2023-08-03 17:23:35.756109+00	75	Jorge Eira	2	[{"changed": {"fields": ["Diagnosticos"]}}]	20	3
570	2023-08-03 17:23:16.869609+00	75	Jorge Eira	2	[{"changed": {"fields": ["Cuidadores"]}}]	20	3
569	2023-08-03 17:18:17.683984+00	2	Administrador object (2)	2	[{"changed": {"fields": ["Reference"]}}]	60	3
568	2023-08-03 17:14:23.427299+00	32	Xavier Lobo	2	[{"changed": {"fields": ["Diagnosticos"]}}]	8	3
566	2023-08-03 17:08:40.213899+00	23	Jos├® Paiva	2	[{"changed": {"fields": ["Diagnosticos", "PeriodicidadeCuidado"]}}]	8	3
567	2023-08-03 17:10:21.039121+00	115	Teste	3		12	3
565	2023-08-03 17:05:23.918561+00	32	Xavier Lobo	2	[{"changed": {"fields": ["Diagnosticos", "PeriodicidadeCuidado"]}}]	8	3
562	2023-08-03 17:03:45.830311+00	114	Teste	2	[{"changed": {"fields": ["Diagnostico"]}}]	12	3
564	2023-08-03 17:05:17.87538+00	12	Alfredo Monteiro	2	[{"changed": {"fields": ["Diagnosticos"]}}]	8	3
563	2023-08-03 17:04:32.37587+00	114	Teste	3		12	3
559	2023-08-03 16:58:48.332183+00	74	Teste 1807	2	[{"changed": {"fields": ["Localizacao"]}}]	20	3
561	2023-08-03 17:02:56.669606+00	12	Alfredo Monteiro	2	[{"changed": {"fields": ["Referenciacao", "PeriodicidadeCuidado"]}}]	8	3
560	2023-08-03 16:59:09.972368+00	74	Teste 1807	2	[{"changed": {"fields": ["Localizacao"]}}]	20	3
557	2023-08-03 16:47:48.91339+00	7	Sessao n┬░:2, D, objetivo: Promover o conhecimento acerca das doen├ºa mental	2	[{"changed": {"fields": ["Materiais"]}}]	17	3
554	2023-08-03 16:46:32.390679+00	7	Sessao n┬░:2, D, objetivo: Promover o conhecimento acerca das doen├ºa mental	2	[{"changed": {"fields": ["Apresentacao"]}}]	17	3
556	2023-08-03 16:47:28.954649+00	11	Sessao n┬░:3, D, objetivo: Promover o conhecimento acerca das doen├ºas mental	2	[{"changed": {"fields": ["Apresentacao"]}}]	17	3
553	2023-08-03 16:46:23.761284+00	7	Sessao n┬░:2, D, objetivo: Promover o conhecimento acerca das doen├ºa mental	2	[{"changed": {"fields": ["Objetivo", "Descricao"]}}]	17	3
552	2023-08-03 16:46:04.220001+00	7	Sessao n┬░:2, D, objetivo: Promover o conhecimento acerca das doen├ºas mentais (dem├¬ncia e perturba├º├úo bipolar)	2	[{"changed": {"fields": ["Apresentacao esquizofrenia", "Apresentacao perturbacao bipolar", "Apresentacao demencia", "Apresentacao incapacidade intelectual"]}}]	17	3
548	2023-08-03 15:53:41.490458+00	15	Incapacidade Intelectual	1	[{"added": {}}]	10	3
551	2023-08-03 16:41:58.152804+00	4	Bipolar	3		10	3
550	2023-08-03 16:41:58.146993+00	5	Amn├®sia	3		10	3
546	2023-08-03 15:53:08.249967+00	8	Perturba├º├úo Neurocognitiva Major (Dem├¬ncia)	3		10	3
549	2023-08-03 16:41:58.135246+00	3	Alzheimer	3		10	3
547	2023-08-03 15:53:29.138213+00	14	Dem├¬ncia	1	[{"added": {}}]	10	3
544	2023-08-03 15:53:08.238385+00	12	Outra	3		10	3
541	2023-07-26 11:30:36.568288+00	34	 2 meses >> 6. Cogni├º├úo	2	[{"changed": {"fields": ["Order"]}}]	42	3
545	2023-08-03 15:53:08.244054+00	11	Perturba├º├úo Neurocognitiva Ligeira (DCL)	3		10	3
538	2023-07-26 11:29:13.009801+00	6	 6 meses >> 6. Cogni├º├úo	2	[{"changed": {"fields": ["Order"]}}]	42	3
543	2023-08-03 15:53:08.231453+00	13	N├úo Tem	3		10	3
535	2023-07-26 11:28:33.078721+00	41	 4 meses >> 6. Cogni├º├úo	2	[{"changed": {"fields": ["Order"]}}]	42	3
542	2023-08-03 15:53:08.154039+00	7	Defici├¬ncia Intelectual	3		10	3
540	2023-07-26 11:30:32.276236+00	33	 2 meses >> 5. Ansiedade e Depress├úo	2	[{"changed": {"fields": ["Order"]}}]	42	3
539	2023-07-26 11:30:27.23861+00	32	 2 meses >> 4. Estado de  ├énimo	2	[{"changed": {"fields": ["Order"]}}]	42	3
537	2023-07-26 11:29:01.154103+00	5	 6 meses >> 5. Psicossintomatologia	2	[{"changed": {"fields": ["Order"]}}]	42	3
536	2023-07-26 11:28:53.420485+00	10	 6 meses >> 4. Funcionalidade	2	[{"changed": {"fields": ["Order"]}}]	42	3
534	2023-07-26 11:28:29.602435+00	40	 4 meses >> 5. Ansiedade e Depress├úo	2	[{"changed": {"fields": ["Order"]}}]	42	3
533	2023-07-26 11:28:24.06096+00	39	 4 meses >> 4. Estado de  ├énimo	2	[{"changed": {"fields": ["Order"]}}]	42	3
532	2023-07-26 11:28:17.901177+00	27	 0 meses >> 9. Estadio de Deteriora├º├úo	2	[{"changed": {"fields": ["Order"]}}]	42	3
531	2023-07-26 11:28:12.859061+00	26	 0 meses >> 8. Cogni├º├úo	2	[{"changed": {"fields": ["Order"]}}]	42	3
530	2023-07-26 11:28:08.005919+00	25	 0 meses >> 7. Ansiedade e Depress├úo	2	[{"changed": {"fields": ["Order"]}}]	42	3
529	2023-07-26 11:28:03.479843+00	24	 0 meses >> 6. Personalidade	2	[{"changed": {"fields": ["Order"]}}]	42	3
528	2023-07-26 11:27:56.250688+00	23	 0 meses >> 5. Funcionalidade	2	[{"changed": {"fields": ["Order"]}}]	42	3
527	2023-07-26 11:27:46.820395+00	22	 0 meses >> 4. Estado de  ├énimo	2	[{"changed": {"fields": ["Order"]}}]	42	3
526	2023-07-26 11:09:31.385841+00	3	(3) 1. Nervosismo ou tens├úo interior	2	[{"changed": {"fields": ["Instruction"]}}]	54	3
607	2023-08-31 12:39:50.953277+00	32	(B) 2. Express├úo	2	[{"changed": {"fields": ["Nome"]}}]	22	3
525	2023-07-26 10:42:54.768814+00	4	 6 meses >> 4. Question├írio Sociodemogr├ífico	3		42	3
524	2023-07-26 10:42:54.76318+00	21	 0 meses >> 4. Question├írio Sociodemogr├ífico	3		42	3
582	2023-08-05 14:51:52.997641+00	4	4 meses	2	[{"changed": {"fields": ["Caderno estimulos"]}}]	44	3
523	2023-07-26 10:42:54.751734+00	31	 2 meses >> 4. Question├írio Sociodemogr├ífico	3		42	3
584	2023-08-05 14:52:02.589692+00	6	Teste Livre	2	[{"changed": {"fields": ["Caderno estimulos"]}}]	44	3
579	2023-08-05 14:51:41.784517+00	1	Rastreio	2	[{"changed": {"fields": ["Caderno estimulos"]}}]	44	3
583	2023-08-05 14:51:57.573167+00	5	6 meses	2	[{"changed": {"fields": ["Caderno estimulos"]}}]	44	3
581	2023-08-05 14:51:49.609674+00	3	2 meses	2	[{"changed": {"fields": ["Caderno estimulos"]}}]	44	3
580	2023-08-05 14:51:45.9603+00	2	0 meses	2	[{"changed": {"fields": ["Caderno estimulos"]}}]	44	3
578	2023-08-05 14:43:35.369068+00	187	(187) 0. Question├írio Sociodemogr├ífico	2	[{"changed": {"fields": ["Section"]}}]	54	3
577	2023-08-05 14:43:08.509595+00	118	118 None >> None >> None	1	[{"added": {}}]	50	3
608	2023-08-31 12:39:56.689774+00	31	(B) 1. Express├úo	2	[{"changed": {"fields": ["Nome"]}}]	22	3
609	2023-08-31 12:40:52.45739+00	10	(B) Descreva a imagem que viu:	2	[{"changed": {"fields": ["Nome"]}}]	22	3
664	2023-08-31 13:04:34.071951+00	65	65. N├úo viaja - 0	2	[{"changed": {"fields": ["Name"]}}]	46	3
815	2023-09-04 13:31:28.483879+00	38	Exerc├¡cio [] - parte 3 - Pessoa desconhecida 3	1	[{"added": {}}]	18	3
558	2023-08-03 16:48:15.946156+00	11	Sessao n┬░:3, D, objetivo: Promover o conhecimento acerca das doen├ºas mental (Continua├º├úo)	2	[{"changed": {"fields": ["Objetivo", "Materiais"]}}]	17	3
184	2023-07-13 15:14:11.560849+00	107	anacatarina	2	[{"changed": {"fields": ["password"]}}]	4	3
555	2023-08-03 16:47:20.18671+00	11	Sessao n┬░:3, D, objetivo: Promover o conhecimento acerca das doen├ºas mental	2	[{"changed": {"fields": ["Objetivo", "Descricao", "Materiais", "Apresentacao esquizofrenia", "Apresentacao perturbacao bipolar", "Apresentacao demencia", "Apresentacao incapacidade intelectual"]}}]	17	3
160	2023-07-12 16:20:54.883112+00	93	PMS	2	[{"changed": {"fields": ["password"]}}]	4	3
149	2023-07-11 18:49:04.128585+00	1480	Parte Sessao n┬░:1, F, objetivo: Encerrar a sess├úo e sessao Sessao (CARE) Sess├úo 1. Acolhimento do grupo ADEB Lisboa 01	2	[{"changed": {"fields": ["Concluido"]}}]	19	3
69	2023-06-20 16:09:45.432649+00	7	Desenvolvimento das aplica├º├Áes em bom andamento	2	[{"changed": {"fields": ["Titulo", "Texto"]}}]	58	3
586	2023-08-05 18:13:49.702061+00	256	(256) 0. Question├írio Sociodemogr├ífico (Cuidador)	2	[{"changed": {"fields": ["Name"]}}]	54	3
587	2023-08-05 18:14:54.831088+00	77	 Question├ƒrio Sociodemogr├ƒfico (Cuidador) >> 0. Question├írio Sociodemogr├ífico (Cuidador)	2	[{"changed": {"fields": ["Name"]}}]	42	3
588	2023-08-05 18:16:16.123534+00	17	 Rastreio >> 1. Question├írio Sociodemogr├ífico	3		42	3
589	2023-08-05 18:16:16.138122+00	48	 0 meses >> 1. Question├írio Sociodemogr├ífico	3		42	3
590	2023-08-05 18:30:28.081369+00	13	Question├írio Sociodemogr├ífico (Cuidador)	2	[{"changed": {"fields": ["Name"]}}]	44	3
591	2023-08-31 12:16:14.165822+00	24	Atividade 24: O frasco (meio) cheio	2	[{"changed": {"fields": ["Descricao"]}}]	7	3
592	2023-08-31 12:20:25.19694+00	28	Exerc├¡cio 26	2	[{"changed": {"fields": ["Duracao", "Material"]}}]	11	3
517	2023-07-26 10:36:36.605443+00	14	 Rastreio >> 2. Consci├¬ncia, Humor e Comportamento	2	[{"changed": {"fields": ["Order"]}}]	42	3
477	2023-07-21 16:05:21.365743+00	129	Aten├º├úo e Concentra├º├úo (Soletrar)	2	[{"changed": {"fields": ["Instruction"]}}]	54	3
464	2023-07-21 08:15:13.0027+00	16	Roche Sistemas de Diagn├│sticos estabelece protocolo e patroc├¡nio com MentHA Digital	2	[{"changed": {"fields": ["Titulo"]}}]	58	3
456	2023-07-21 07:42:48.667466+00	15	MentHA Digital no Algarve com a ASMAL	1	[{"added": {}}]	58	3
455	2023-07-21 07:30:26.612634+00	14	Apresenta├º├úo de trabalhos finais de curso desenvolvidos no ├ómbito do MentHA Digital	2	[{"changed": {"fields": ["Titulo"]}}]	58	3
593	2023-08-31 12:26:39.458182+00	47	Sessao n┬░:12, F, objetivo: Encerrar a sess├úo	2	[{"changed": {"fields": ["Descricao"]}}]	17	3
400	2023-07-19 11:03:31.286502+00	150	Trail Making Test - Parte B - Teste	2	[{"changed": {"fields": ["Instruction"]}}]	54	3
385	2023-07-19 09:49:35.560027+00	24	Exerc├¡cio 22	2	[{"changed": {"fields": ["Duracao", "Instrucao"]}}]	11	3
364	2023-07-18 09:26:40.882391+00	344	Sessao (CARE) Sess├úo 4. Medidas de apoio do grupo ADEB Lisboa 01	2	[{"changed": {"fields": ["Estado", "Fim", "Concluido"]}}]	25	3
363	2023-07-18 09:15:01.765432+00	52	Sessao n┬░:12, D, objetivo: Promover a diminui├º├úo de ansiedade e depress├úo; diminui├º├úo da sobrecarga; desenvolvimento de estrat├®gias de coping e de redes sociais de apoio.	2	[]	17	3
329	2023-07-18 08:59:35.745097+00	12	Exerc├¡cio 10	2	[{"changed": {"fields": ["Duracao"]}}]	11	3
320	2023-07-18 08:56:40.054499+00	35	Exerc├¡cio 33	2	[{"changed": {"fields": ["Duracao", "Instrucao"]}}]	11	3
1127	2023-09-22 10:03:20.632745+00	5	part	3		4	3
297	2023-07-18 08:51:41.211781+00	26	Atividade 26: Participa├º├úo semanal - Fazer mais e melhor	2	[{"changed": {"fields": ["Nome"]}}]	7	3
594	2023-08-31 12:27:54.649679+00	39	Sessao n┬░:10, D, objetivo: Explorar estrat├®gias de gest├úo emocional e de coping	2	[{"changed": {"fields": ["Descricao"]}}]	17	3
196	2023-07-13 15:57:56.458102+00	86	Teste	3		12	3
174	2023-07-13 12:06:11.94542+00	63	Rastreio Miguel Carvalho	3		45	3
290	2023-07-18 08:49:43.387122+00	20	Atividade 20: Participa├º├úo semanal - Compreender o stresse e as emo├º├Áes	2	[{"changed": {"fields": ["Nome", "Descricao"]}}]	7	3
263	2023-07-18 08:38:58.553016+00	4	Atividade 4: ├ürbitro de emo├º├Áes	2	[]	7	3
258	2023-07-17 15:39:36.625845+00	3	3. Necessidade total de ajuda humana ou de alimenta├º├úo artificial (conta, perfus├úo) - 2	2	[{"changed": {"fields": ["Name"]}}]	46	3
257	2023-07-17 15:39:16.613443+00	2	2. Necessita parcialmente de aux├¡lio ou de alimenta├º├úo triturada - 1	2	[{"changed": {"fields": ["Name"]}}]	46	3
595	2023-08-31 12:28:42.39961+00	35	Sessao n┬░:9, D, objetivo: Promover boas pr├íticas na presta├º├úo de cuidados: estrat├®gias de ocupa├º├úo do RC	2	[{"changed": {"fields": ["Materiais"]}}]	17	3
172	2023-07-13 12:04:05.481909+00	52	52. Miguel Carvalho -  (13/7/2023, 11:38)	3		52	3
596	2023-08-31 12:29:25.005687+00	32	Sessao n┬░:8, D, objetivo: Partilhar experi├¬ncias no sentido da ventila├º├úo de emo├º├Áes e normaliza├º├úo de sentimentos	2	[{"changed": {"fields": ["Materiais"]}}]	17	3
597	2023-08-31 12:29:41.876284+00	31	Sessao n┬░:8, D, objetivo: Explorar estrat├®gias de comunica├º├úo e de gest├úo de comportamentos desafiantes	2	[]	17	3
522	2023-07-26 10:42:54.74324+00	38	 4 meses >> 4. Question├írio Sociodemogr├ífico	3		42	3
598	2023-08-31 12:34:24.313202+00	11	Sessao n┬░:3, D, objetivo: Promover o conhecimento acerca das doen├ºa mental (Continua├º├úo)	2	[{"changed": {"fields": ["Objetivo"]}}]	17	3
599	2023-08-31 12:34:58.492598+00	7	Sessao n┬░:2, D, objetivo: Promover o conhecimento acerca da doen├ºa mental	2	[{"changed": {"fields": ["Objetivo"]}}]	17	3
600	2023-08-31 12:35:06.928319+00	11	Sessao n┬░:3, D, objetivo: Promover o conhecimento acerca da doen├ºa mental (Continua├º├úo)	2	[{"changed": {"fields": ["Objetivo"]}}]	17	3
601	2023-08-31 12:35:57.266069+00	6	Sessao n┬░:2, I, objetivo: Receber e integrar os participantes.	2	[{"changed": {"fields": ["Descricao"]}}]	17	3
602	2023-08-31 12:39:16.958641+00	37	(B) 7. Express├úo	2	[{"changed": {"fields": ["Nome"]}}]	22	3
585	2023-08-05 18:04:31.133529+00	250	(250) 1. Quantos familiares v╬® ou fala pelo menos uma vez por m╬®s?	2	[{"changed": {"fields": ["Instruction"]}}]	54	3
603	2023-08-31 12:39:27.483494+00	36	(B) 6. Express├úo	2	[{"changed": {"fields": ["Nome"]}}]	22	3
604	2023-08-31 12:39:34.028333+00	35	(B) 5. Express├úo	2	[{"changed": {"fields": ["Nome"]}}]	22	3
605	2023-08-31 12:39:39.368902+00	34	(B) 4. Express├úo	2	[{"changed": {"fields": ["Nome"]}}]	22	3
606	2023-08-31 12:39:45.670716+00	33	(B) 3. Express├úo	2	[{"changed": {"fields": ["Nome"]}}]	22	3
610	2023-08-31 12:44:37.619313+00	49	 0 meses >> 1. Consci├¬ncia, Humor e Comportamento	2	[{"changed": {"fields": ["Name"]}}]	42	3
611	2023-08-31 12:45:03.592909+00	50	 0 meses >> 2. Coopera├º├úo dada na entrevista	2	[{"changed": {"fields": ["Name"]}}]	42	3
612	2023-08-31 12:45:32.5303+00	51	 0 meses >> 3. Rela├º├úo com o Avaliador	2	[{"changed": {"fields": ["Name"]}}]	42	3
613	2023-08-31 12:45:45.655508+00	55	 0 meses >> 5. Ansiedade e Depress├úo	2	[{"changed": {"fields": ["Name"]}}]	42	3
614	2023-08-31 12:46:48.203579+00	58	 0 meses >> 8. Estrat├®gias de Coping	2	[{"changed": {"fields": ["Name"]}}]	42	3
615	2023-08-31 12:47:06.312899+00	59	 2 meses >> 1. Consci├¬ncia, Humor e Comportamento	2	[{"changed": {"fields": ["Name"]}}]	42	3
616	2023-08-31 12:47:18.482781+00	60	 2 meses >> 2. Coopera├º├úo dada na entrevista	2	[{"changed": {"fields": ["Name"]}}]	42	3
617	2023-08-31 12:47:35.422016+00	61	 2 meses >> 3. Rela├º├úo com o Avaliador	2	[{"changed": {"fields": ["Name"]}}]	42	3
618	2023-08-31 12:47:54.010953+00	67	 2 meses >> 7. Estrat├®gias de Coping	2	[{"changed": {"fields": ["Name"]}}]	42	3
619	2023-08-31 12:48:08.052897+00	68	 6 meses >> 1. Consci├¬ncia, Humor e Comportamento	2	[{"changed": {"fields": ["Name"]}}]	42	3
620	2023-08-31 12:48:22.323834+00	69	 6 meses >> 2. Coopera├º├úo dada na entrevista	2	[{"changed": {"fields": ["Name"]}}]	42	3
621	2023-08-31 12:48:34.921488+00	70	 6 meses >> 3. Rela├º├úo com o Avaliador	2	[{"changed": {"fields": ["Name"]}}]	42	3
622	2023-08-31 12:48:53.388935+00	71	 6 meses >> 4. Avalia├º├úo Psicol├│gica	2	[{"changed": {"fields": ["Name"]}}]	42	3
623	2023-08-31 12:49:15.968552+00	76	 6 meses >> 9. Estrat├®gias de Coping	2	[{"changed": {"fields": ["Name"]}}]	42	3
624	2023-08-31 12:51:11.327798+00	10	0 meses (Avalia├º├úo Cuidador)	2	[{"changed": {"fields": ["Description"]}}]	44	3
625	2023-08-31 12:51:21.592467+00	11	2 meses (Avalia├º├úo Cuidador)	2	[{"changed": {"fields": ["Description"]}}]	44	3
626	2023-08-31 12:51:26.133244+00	12	6 meses (Avalia├º├úo Cuidador)	2	[{"changed": {"fields": ["Description"]}}]	44	3
627	2023-08-31 12:51:45.528233+00	2	2. Necessita parcialmente de aux├¡lio ou de alimenta├º├úo - 1	2	[{"changed": {"fields": ["Name"]}}]	46	3
628	2023-08-31 12:51:52.880396+00	3	3. Necessidade total de ajuda humana ou de alimenta├º├úo - 2	2	[{"changed": {"fields": ["Name"]}}]	46	3
629	2023-08-31 12:52:03.982219+00	12	12. Necesita de ajuda humana ou t├®cnica - 1	2	[{"changed": {"fields": ["Name"]}}]	46	3
630	2023-08-31 12:52:11.231238+00	13	13. Necessidade de uma cadeira de rodas ou impossibilidade de desloca├º├úo - 2	2	[{"changed": {"fields": ["Name"]}}]	46	3
631	2023-08-31 12:52:31.822945+00	19	19. Dificuldade na compreenss├úo ou afasia - 2	2	[{"changed": {"fields": ["Name"]}}]	46	3
632	2023-08-31 12:52:39.191023+00	21	21. M├í - 1	2	[{"changed": {"fields": ["Name"]}}]	46	3
633	2023-08-31 12:52:44.475845+00	22	22. Muito m├í ou cegueira - 2	2	[{"changed": {"fields": ["Name"]}}]	46	3
634	2023-08-31 12:52:49.677862+00	23	23. Muito m├í ou surdez - 2	2	[{"changed": {"fields": ["Name"]}}]	46	3
635	2023-08-31 12:53:19.731357+00	27	27. Mic├º├úo e defeca├º├úo normal - 0	2	[{"changed": {"fields": ["Name"]}}]	46	3
636	2023-08-31 12:53:43.990639+00	28	28. Incontin├¬ncia urin├íria e fecal ocasional - 1	2	[{"changed": {"fields": ["Name"]}}]	46	3
637	2023-08-31 12:54:05.409483+00	17	17. Express├úo verbal perfeita - 0	2	[{"changed": {"fields": ["Name"]}}]	46	3
638	2023-08-31 12:54:15.911993+00	29	29. Incontinncia urin├ƒria e fecal permanente (alg├ƒlia ou doente ostomizado) - 2	2	[{"changed": {"fields": ["Name"]}}]	46	3
639	2023-08-31 12:54:50.440825+00	29	29. Incontin├¬ncia urin├íria e fecal permanente (alg├ília ou doente ostomizado) - 2	2	[{"changed": {"fields": ["Name"]}}]	46	3
640	2023-08-31 12:55:03.807505+00	31	31. Esquecimentos muito frequentes ou amn├®sia - 2	2	[{"changed": {"fields": ["Name"]}}]	46	3
641	2023-08-31 12:55:23.08563+00	32	32. Perturba├ºes (minor): teimosia, emotividade, lamenta¤ä¤Ço - 1	2	[{"changed": {"fields": ["Name"]}}]	46	3
642	2023-08-31 12:55:32.856309+00	32	32. Perturba├º├Áes (minor): teimosia, emotividade, lamenta¤ä¤Ço - 1	2	[{"changed": {"fields": ["Name"]}}]	46	3
643	2023-08-31 12:55:57.180416+00	33	33. Perturba├º├Áes (major): agita├º├úo, desorienta├º├úo, fuga - 2	2	[{"changed": {"fields": ["Name"]}}]	46	3
644	2023-08-31 12:56:07.169776+00	32	32. Perturba├º├Áes (minor): teimosia, emotividade, lamenta├º├úo - 1	2	[{"changed": {"fields": ["Name"]}}]	46	3
645	2023-08-31 12:56:21.240062+00	41	41. Utiliza o telefone por iniciativa pr├│pria - 1	2	[{"changed": {"fields": ["Name"]}}]	46	3
646	2023-08-31 12:57:00.08266+00	42	42. ├ë capaz de marcar bem alguns n├║meros familiares - 1	2	[{"changed": {"fields": ["Name"]}}]	46	3
647	2023-08-31 12:57:33.248892+00	43	43. ├ë capaz de pedir para telefonar, mas n├úo ├® capaz de marcar - 1	2	[{"changed": {"fields": ["Name"]}}]	46	3
648	2023-08-31 12:57:47.49539+00	44	44. N├úo ├® capaz de usar o telefone - 0	2	[{"changed": {"fields": ["Name"]}}]	46	3
649	2023-08-31 12:57:59.679239+00	45	45. Realiza todas as compras necess├írias independentemente - 1	2	[{"changed": {"fields": ["Name"]}}]	46	3
650	2023-08-31 12:58:15.819623+00	48	48. ├ë totalmente incapaz de comprar - 0	2	[{"changed": {"fields": ["Name"]}}]	46	3
651	2023-08-31 12:58:39.41306+00	49	49. Organiza, prepara e serve as refei├º├Áes sozinho e adequadamente - 1	2	[{"changed": {"fields": ["Name"]}}]	46	3
652	2023-08-31 12:58:48.573366+00	50	50. Prepara adequadamente as refei├º├Áes se se fornecem os alimentos - 1	2	[{"changed": {"fields": ["Name"]}}]	46	3
653	2023-08-31 12:59:02.661336+00	51	51. Prepara, aquece e serve as refei├º├Áes, mas n├úo segue uma dieta adequada - 1	2	[{"changed": {"fields": ["Name"]}}]	46	3
654	2023-08-31 12:59:21.07321+00	52	52. Necessita que lhe preparem e sirvam as refei├º├Áes - 0	2	[{"changed": {"fields": ["Name"]}}]	46	3
655	2023-08-31 13:00:00.175311+00	53	53. Mant├®m a casa sozinho ou com ajuda ocasional (trabalhos pesados) - 1	2	[{"changed": {"fields": ["Name"]}}]	46	3
656	2023-08-31 13:00:14.726339+00	56	56. Necessita de ajuda em todas as tarefas dom├®sticas - 0	2	[{"changed": {"fields": ["Name"]}}]	46	3
657	2023-08-31 13:00:29.401233+00	57	57. N├úo participa em nenhuma tarefa dom├®stica - 0	2	[{"changed": {"fields": ["Name"]}}]	46	3
658	2023-08-31 13:00:44.448695+00	55	55. Realiza tarefas ligeiras, mas n├úo pode manter um n├¡vel adequado de limpeza - 1	2	[{"changed": {"fields": ["Name"]}}]	46	3
659	2023-08-31 13:02:08.331833+00	59	59. Lava sozinho pequenas pe├ºas de roupa - 1	2	[{"changed": {"fields": ["Name"]}}]	46	3
660	2023-08-31 13:02:53.371031+00	61	61. Viaja sozinho em transporte p├║blico ou conduz o seu pr├│prio carro - 1	2	[{"changed": {"fields": ["Name"]}}]	46	3
661	2023-08-31 13:03:25.304096+00	62	62. ├ë capaz de apanhar um t├íxi, mas n├úo usa outro transporte - 1	2	[{"changed": {"fields": ["Name"]}}]	46	3
662	2023-08-31 13:03:37.181374+00	63	63. Viaja em transportes p├║blicos quando vai acompanhado - 1	2	[{"changed": {"fields": ["Name"]}}]	46	3
663	2023-08-31 13:04:24.314782+00	64	64. S├│ utiliza o t├íxi ou o autom├│vel com ajuda de terceiros - 0	2	[{"changed": {"fields": ["Name"]}}]	46	3
1171	2023-09-22 10:06:42.304024+00	120	Alberto	3		14	3
665	2023-08-31 13:04:47.577281+00	66	66. ├ë capaz de tomar a medica├º├úo ╬▒ hora e dose corretas - 1	2	[{"changed": {"fields": ["Name"]}}]	46	3
666	2023-08-31 13:05:06.692718+00	67	67. Toma a medica├º├úo se a dose ├® preparada previamente - 0	2	[{"changed": {"fields": ["Name"]}}]	46	3
667	2023-08-31 13:05:29.254945+00	68	68. N├úo ├® capaz de administrar a sua medica├º├úo - 0	2	[{"changed": {"fields": ["Name"]}}]	46	3
668	2023-08-31 13:05:43.383405+00	70	70. Realiza as compras di├írias, mas necessita de ajuda em grandes compras e no banco - 1	2	[{"changed": {"fields": ["Name"]}}]	46	3
669	2023-08-31 13:06:44.086319+00	77	77. N├úo tanto agora - 2	2	[{"changed": {"fields": ["Name"]}}]	46	3
670	2023-08-31 13:06:55.148424+00	78	78. S├│ um pouco - 1	2	[{"changed": {"fields": ["Name"]}}]	46	3
671	2023-08-31 13:07:02.97382+00	81	81. Sim, mas n├úo muito forte - 2	2	[{"changed": {"fields": ["Name"]}}]	46	3
672	2023-08-31 13:07:16.103977+00	85	85. N├úo tanto como antes - 2	2	[{"changed": {"fields": ["Name"]}}]	46	3
673	2023-08-31 13:07:32.508534+00	82	82. Um pouco, mas n├úo me aflige - 1	2	[{"changed": {"fields": ["Name"]}}]	46	3
674	2023-08-31 13:07:57.397049+00	109	109. N├úo dou a aten├º├úo que devia - 2	2	[{"changed": {"fields": ["Name"]}}]	46	3
675	2023-08-31 13:08:05.711872+00	114	114. N├úo muito - 1	2	[{"changed": {"fields": ["Name"]}}]	46	3
676	2023-08-31 13:08:15.187006+00	117	117. N├úo tanto como antes - 2	2	[{"changed": {"fields": ["Name"]}}]	46	3
677	2023-08-31 13:08:26.056378+00	128	128. Dia do M├¬s - 1	2	[{"changed": {"fields": ["Name"]}}]	46	3
678	2023-08-31 13:08:41.311004+00	129	129. M├¬s - 1	2	[{"changed": {"fields": ["Name"]}}]	46	3
679	2023-08-31 13:08:49.749408+00	131	131. Esta├º├úo do Ano - 1	2	[{"changed": {"fields": ["Name"]}}]	46	3
680	2023-08-31 13:08:59.404526+00	137	137. Lim├úo - 1	2	[{"changed": {"fields": ["Name"]}}]	46	3
681	2023-08-31 13:09:10.586694+00	140	140. Jo├úo - 1	2	[{"changed": {"fields": ["Name"]}}]	46	3
682	2023-08-31 13:09:28.500982+00	142	142. Prata - 1	2	[{"changed": {"fields": ["Name"]}}]	46	3
683	2023-08-31 13:13:51.729691+00	142	142. Pra├ºa - 1	2	[{"changed": {"fields": ["Name"]}}]	46	3
684	2023-08-31 13:13:59.13007+00	144	144. n┬║ 53 - 1	2	[{"changed": {"fields": ["Name"]}}]	46	3
685	2023-08-31 13:14:13.441292+00	151	151. Ano em que se deu a revolu├º├úo do 25 de Abril - 1	2	[{"changed": {"fields": ["Name"]}}]	46	3
686	2023-08-31 13:14:22.506317+00	153	153. Pegou com a m├úo direita - 1	2	[{"changed": {"fields": ["Name"]}}]	46	3
687	2023-08-31 13:14:41.268767+00	156	156. Hipop├│tamo - 0	2	[{"changed": {"fields": ["Name"]}}]	46	3
688	2023-08-31 13:14:53.777804+00	160	160. Primeira subtra├º├úo correta - 1	2	[{"changed": {"fields": ["Name"]}}]	46	3
689	2023-08-31 13:15:01.054043+00	161	161. Segunda subtra├º├úo correta - 1	2	[{"changed": {"fields": ["Name"]}}]	46	3
690	2023-08-31 13:15:08.393878+00	162	162. Terceira subtra├º├úo correta - 1	2	[{"changed": {"fields": ["Name"]}}]	46	3
691	2023-08-31 13:15:14.926141+00	163	163. Quarta subtra├º├úo correta - 1	2	[{"changed": {"fields": ["Name"]}}]	46	3
692	2023-08-31 13:15:23.547113+00	164	164. Quinta subtra├º├úo correta - 1	2	[{"changed": {"fields": ["Name"]}}]	46	3
693	2023-08-31 13:15:32.262736+00	170	170. ... a que est├í associada ╬▒ monarquia. - 1	2	[{"changed": {"fields": ["Name"]}}]	46	3
694	2023-08-31 13:16:21.377713+00	171	171. ... a que ├® um r├®ptil. - 1	2	[{"changed": {"fields": ["Name"]}}]	46	3
695	2023-08-31 13:16:28.433167+00	172	172. ... a que est├í associada ao deserto. - 1	2	[{"changed": {"fields": ["Name"]}}]	46	3
696	2023-08-31 13:16:41.578514+00	173	173. ... a que est├í relacionada com a navega├º├úo - 1	2	[{"changed": {"fields": ["Name"]}}]	46	3
697	2023-08-31 13:16:52.098755+00	183	183. Rel├│gio - 1	2	[{"changed": {"fields": ["Name"]}}]	46	3
698	2023-08-31 13:17:08.076544+00	186	186. ├éncora - 1	2	[{"changed": {"fields": ["Name"]}}]	46	3
699	2023-08-31 13:17:25.263254+00	194	194. Jo├úo Macedo - 1	2	[{"changed": {"fields": ["Name"]}}]	46	3
700	2023-08-31 13:17:37.135346+00	193	193. Acorde├úo - 1	2	[{"changed": {"fields": ["Name"]}}]	46	3
701	2023-08-31 13:17:46.754249+00	195	195. Pra├ºa do Infante - 1	2	[{"changed": {"fields": ["Name"]}}]	46	3
702	2023-08-31 13:17:58.649691+00	199	199. Mostre-me a sua m├úo esquerda - 1	2	[{"changed": {"fields": ["Name"]}}]	46	3
703	2023-08-31 13:18:06.376962+00	200	200. Mostre-me o seu p├® direito - 1	2	[{"changed": {"fields": ["Name"]}}]	46	3
704	2023-08-31 13:18:16.359487+00	201	201. Com a sua m├úo direita aponte para o meu ombro direito - 2	2	[{"changed": {"fields": ["Name"]}}]	46	3
705	2023-08-31 13:18:21.558749+00	202	202. Com a sua m├úo esquerda aponte para o seu joelho direito - 2	2	[{"changed": {"fields": ["Name"]}}]	46	3
706	2023-08-31 13:18:27.04442+00	207	207. Toque em qualquer pe├ºa verde - 1	2	[{"changed": {"fields": ["Name"]}}]	46	3
707	2023-08-31 13:18:58.113109+00	215	215. Sem d├®fice de mem├│ria objectivo durante a entrevista cl├¡nica. - 0	2	[{"changed": {"fields": ["Name"]}}]	46	3
708	2023-08-31 13:19:19.209847+00	216	216. Sem  d├®fice objectivo no emprego ou em ocasi├Áes sociais. - 0	2	[{"changed": {"fields": ["Name"]}}]	46	3
709	2023-08-31 13:19:30.878726+00	217	217. Preocupa├º├úo leg├¡tima em rela├º├úo aos sintomas. - 0	2	[{"changed": {"fields": ["Name"]}}]	46	3
710	2023-08-31 13:19:40.517621+00	219	219. Os colegas d├úo-se conta do desempenho relativamente pobre do paciente. - 0	2	[{"changed": {"fields": ["Name"]}}]	46	3
711	2023-08-31 13:19:52.59508+00	220	220. As dificuldades em encontrar palavras e/ou nomes tornam-se evidentes para as pessoas mais pr├│ximas. - 0	2	[{"changed": {"fields": ["Name"]}}]	46	3
712	2023-08-31 13:20:02.10956+00	222	222. O paciente pode apresentar facilidade diminu├¡da em recordar os nomes de pessoas a quem ├® apresentado. - 0	2	[{"changed": {"fields": ["Name"]}}]	46	3
713	2023-08-31 13:20:16.326324+00	224	224. Os testes cl├¡nicos podem evidenciar d├®fice de concentra├º├úo. - 0	2	[{"changed": {"fields": ["Name"]}}]	46	3
714	2023-08-31 13:20:43.329266+00	225	225. D├®fice de mem├│ria objectivo, evidente s├│ no decurso duma entrevista intensiva. - 0	2	[{"changed": {"fields": ["Name"]}}]	46	3
715	2023-08-31 13:21:25.777018+00	226	226. Diminui├º├úo de desempenho em ocupa├º├Áes laborais de maior exig├¬ncia, e em situa├º├Áes sociais. - 0	2	[{"changed": {"fields": ["Name"]}}]	46	3
716	2023-08-31 13:21:41.069979+00	227	227. O paciente come├ºa a manifestar denega├º├úo. - 0	2	[{"changed": {"fields": ["Name"]}}]	46	3
717	2023-08-31 13:21:51.846205+00	229	229. Decr├®scimo no conhecimento de acontecimentos correntes e recentes. - 0	2	[{"changed": {"fields": ["Name"]}}]	46	3
718	2023-08-31 13:22:09.14919+00	230	230. Pode apresentar algum d├®fice de mem├│ria na sua pr├│pria hist├│ria pessoal. - 0	2	[{"changed": {"fields": ["Name"]}}]	46	3
719	2023-08-31 13:22:30.02883+00	231	231. D├®fice de concentra├º├úo evidenciado nas subtra├º├Áes seriadas. - 0	2	[{"changed": {"fields": ["Name"]}}]	46	3
720	2023-08-31 13:22:44.354267+00	232	232. Diminui├º├úo da capacidade para viajar, gerir as finan├ºas, etc - 0	2	[{"changed": {"fields": ["Name"]}}]	46	3
721	2023-08-31 13:22:53.19913+00	233	233. Orienta├º├úo no tempo e no espa├ºo. - 0	2	[{"changed": {"fields": ["Name"]}}]	46	3
722	2023-08-31 13:23:05.1215+00	234	234. Orienta├º├úo no tempo e no espa├ºo. - 0	2	[{"changed": {"fields": ["Name"]}}]	46	3
723	2023-08-31 13:23:17.65539+00	237	237. A denega├º├úo ├® o mecanismo de defesa dominante - 0	2	[{"changed": {"fields": ["Name"]}}]	46	3
724	2023-08-31 13:23:34.178514+00	238	238. Embotamento dos afectos e desist├¬ncia em situa├º├Áes de desafio - 0	2	[{"changed": {"fields": ["Name"]}}]	46	3
725	2023-08-31 13:23:51.609818+00	239	239. Do seu endere├ºo, ou do seu n├║mero de telefone, que tem desde h├í muitos anos. - 0	2	[{"changed": {"fields": ["Name"]}}]	46	3
726	2023-08-31 13:23:59.940902+00	240	240. Dos nomes dos seus familiares mais pr├│ximos (tais como os seus netos). - 0	2	[{"changed": {"fields": ["Name"]}}]	46	3
727	2023-08-31 13:24:07.966074+00	241	241. Do nome do liceu (escola secund├íria), ou da faculdade em que se formou. - 0	2	[{"changed": {"fields": ["Name"]}}]	46	3
728	2023-08-31 13:24:32.809108+00	242	242. Apresenta frequentemente alguma desorienta├º├úo relativamente ao tempo (data, dia da semana, esta├º├úo do ano, etc), ou  ao local. - 0	2	[{"changed": {"fields": ["Name"]}}]	46	3
729	2023-08-31 13:25:17.955129+00	243	243. Uma pessoa escolarizada pode ter alguma dificuldade na subtra├º├úo em s├®ries de 4 em 40, ou de 2 em 20. - 0	2	[{"changed": {"fields": ["Name"]}}]	46	3
730	2023-08-31 13:25:46.46135+00	244	244. As pessoas neste n├¡vel ret├®m a lembran├ºa dos factos mais importantes relativamente a si pr├│prios, e a outros. - 0	2	[{"changed": {"fields": ["Name"]}}]	46	3
731	2023-08-31 13:25:55.94899+00	245	245. Sabem  invariavelmente os seus pr├│prios nomes, e conhecem, geralmente, os nomes do conjuge e dos filhos. - 0	2	[{"changed": {"fields": ["Name"]}}]	46	3
732	2023-08-31 13:26:22.74014+00	246	246. N├úo precisam de aux├¡lio para os cuidados de higiene, nem para as refei├º├Áes, mas podem ter dificuldade na escolha da roupa adequada para vestir. - 0	2	[{"changed": {"fields": ["Name"]}}]	46	3
733	2023-08-31 13:26:40.291588+00	247	247. Podem de todo n├úo se aperceber de todos os acontecimentos e experi├¬ncias recentes das suas vidas. - 0	2	[{"changed": {"fields": ["Name"]}}]	46	3
734	2023-08-31 13:26:59.667271+00	248	248. Ret├®m alguma no├º├úo do que os rodeia, do ano, da esta├º├úo do ano, etc. - 0	2	[{"changed": {"fields": ["Name"]}}]	46	3
735	2023-08-31 13:27:12.508885+00	249	249. Podem ter dificuldade em contar de 1 at├® 10, em ordem decrescente, e por vezes em ordem crescente. - 0	2	[{"changed": {"fields": ["Name"]}}]	46	3
736	2023-08-31 13:27:42.028138+00	251	251. Necessitar├úo de assist├¬ncia para viajar, mas poder├úo, ocasionalmente, ser capazes de viajar para locais  conhecidos. - 0	2	[{"changed": {"fields": ["Name"]}}]	46	3
737	2023-08-31 13:27:54.129867+00	253	253. Lembram-se quase sempre do seu pr├│prio nome. - 0	2	[{"changed": {"fields": ["Name"]}}]	46	3
738	2023-08-31 13:28:37.381279+00	254	254. Comportamento delirante, isto ├®, o paciente pode acusar o seu c├┤njuge de ser uma pessoa impostora; pode falar para  figuras imagin├írias ├á sua volta, ou para a sua pr├│pria imagem reflectida no esp	2	[{"changed": {"fields": ["Name"]}}]	46	3
739	2023-08-31 13:29:30.237956+00	255	255. Comportamento delirante, isto ├®, o paciente pode acusar o seu c├┤njuge de ser uma pessoa impostora; pode falar para figuras imagin├írias ├á sua volta, ou para a sua pr├│pria imagem reflectida no espe	2	[{"changed": {"fields": ["Name"]}}]	46	3
740	2023-08-31 13:29:48.781757+00	256	256. Podem ocorrer: sintomas de ansiedade, de agita├º├úo e mesmo um comportamento violento antes inexistente. - 0	2	[{"changed": {"fields": ["Name"]}}]	46	3
741	2023-08-31 13:30:21.477417+00	257	257. Abulia cognitiva, isto ├®, perda da for├ºa de vontade, por o indiv├¡duo n├úo conseguir manter um pensamento at├® completar uma a├º├úo - 0	2	[{"changed": {"fields": ["Name"]}}]	46	3
742	2023-08-31 13:32:19.492957+00	258	258. Na fase inicial deste n├¡vel as palavras e as frases s├úo faladas, mas o discurso ├® muito limitado. Mais tarde deixa de haver discurso - apenas sons grunhidos. - 0	2	[{"changed": {"fields": ["Name"]}}]	46	3
743	2023-08-31 13:32:49.260334+00	260	260. Requer assist├¬ncia na higiene e na alimenta├º├úo. - 0	2	[{"changed": {"fields": ["Name"]}}]	46	3
744	2023-08-31 13:33:25.683699+00	261	261. As compet├¬ncias psicomotoras b├ísicas (como por ex. a capacidade de andar) v├úo sendo perdidas com a progress├úo deste n├¡vel. - 0	2	[{"changed": {"fields": ["Name"]}}]	46	3
745	2023-08-31 13:33:39.343805+00	262	262. O  c├®rebro parece n├úo ser mais capaz de comandar o corpo. - 0	2	[{"changed": {"fields": ["Name"]}}]	46	3
746	2023-08-31 13:33:55.798731+00	263	263. Presen├ºa frequente de sinais e sintomas neurol├│gicos difusos  e corticais. - 0	2	[{"changed": {"fields": ["Name"]}}]	46	3
747	2023-08-31 13:34:10.659016+00	275	275. Hipercin├®tico - 0	2	[{"changed": {"fields": ["Name"]}}]	46	3
748	2023-08-31 13:34:17.925638+00	276	276. Hipocin├®tico - 0	2	[{"changed": {"fields": ["Name"]}}]	46	3
749	2023-08-31 13:34:26.553684+00	281	281. Depress├úo - 0	2	[{"changed": {"fields": ["Name"]}}]	46	3
750	2023-08-31 13:34:34.828028+00	284	284. Razo├ível - 0	2	[{"changed": {"fields": ["Name"]}}]	46	3
751	2023-08-31 13:34:43.036207+00	285	285. M├í - 0	2	[{"changed": {"fields": ["Name"]}}]	46	3
752	2023-08-31 13:34:58.207877+00	300	300. N├úo - 1	2	[{"changed": {"fields": ["Name"]}}]	46	3
753	2023-08-31 13:35:12.291639+00	303	303. ├Çs vezes - 3	2	[{"changed": {"fields": ["Name"]}}]	46	3
754	2023-08-31 13:35:18.006027+00	306	306. Nunca fa├ºo isto - 1	2	[{"changed": {"fields": ["Name"]}}]	46	3
755	2023-08-31 13:35:28.826939+00	307	307. Fa├ºo isto por vezes - 2	2	[{"changed": {"fields": ["Name"]}}]	46	3
756	2023-08-31 13:35:39.424196+00	308	308. Em m├®dia, ├® isto que fa├ºo - 3	2	[{"changed": {"fields": ["Name"]}}]	46	3
757	2023-08-31 13:35:44.330768+00	309	309. Fa├ºo quase sempre isto - 4	2	[{"changed": {"fields": ["Name"]}}]	46	3
758	2023-08-31 13:37:30.845236+00	23	(23) 21. Sentir que as outras pessoas n├úo s├úo amigas ou n├úo gostam de si	2	[{"changed": {"fields": ["Name"]}}]	54	3
759	2023-08-31 13:37:56.663847+00	51	(51) 49. Sentir-se t├úo desassossegado que n├úo consegue manter-se sentado quieto	2	[{"changed": {"fields": ["Name"]}}]	54	3
760	2023-08-31 13:42:11.692772+00	191	(191) 2. Considera que, tomar conta do seu familiar ├® psicologicamente dif├¡cil?	2	[{"changed": {"fields": ["Name"]}}]	54	3
761	2023-08-31 13:42:36.564549+00	193	(193) 4. Entra em conflito consigo pr├│pria por estar a tomar conta do seu familiar?	2	[{"changed": {"fields": ["Name"]}}]	54	3
762	2023-08-31 13:42:50.106668+00	194	(194) 5. Pensa que o seu estado de sa├║de tem piorado por estar a cuidar do seu familiar?	2	[{"changed": {"fields": ["Name"]}}]	54	3
763	2023-08-31 13:43:06.67662+00	195	(195) 6. Cuidar do seu familiar tem exigido um grande esfor├ºo f├¡sico?	2	[{"changed": {"fields": ["Name"]}}]	54	3
764	2023-08-31 13:43:27.874888+00	197	(197) 8. Os planos que tinha feito para esta fase da vida t├¬m sido alterados em virtude de estar a tomar conta do seu familiar?	2	[{"changed": {"fields": ["Name"]}}]	54	3
814	2023-09-04 13:31:19.0818+00	20	Pessoa Desconhecida 3	1	[{"added": {}}]	13	3
765	2023-08-31 13:43:45.12305+00	198	(198) 9. Acha que se dedica demasiado tempo a cuidar do seu familiar e que o tempo ├® insuficiente para si?	2	[{"changed": {"fields": ["Name"]}}]	54	3
766	2023-08-31 13:44:17.670088+00	200	(200) 11. ├ë dif├¡cil planear o futuro dado que as necessidades do seu familiar n├úo se podem prever?	2	[{"changed": {"fields": ["Name"]}}]	54	3
767	2023-08-31 13:44:31.819282+00	201	(201) 12. Tomar conta do seu familiar d├í-lhe a sensa├º├úo de estar preso(a)?	2	[{"changed": {"fields": ["Name"]}}]	54	3
768	2023-08-31 13:44:51.01675+00	203	(203) 14. A sua vida social (p.ex. f├®rias, conviver, com familiares e amigos) tem siso prejudicada por estar a cuidar do seu familiar?	2	[{"changed": {"fields": ["Name"]}}]	54	3
769	2023-08-31 13:45:04.036283+00	204	(204) 15. Sente-se s├│ e isolado(a) por estar a cuidar do seu familiar?	2	[{"changed": {"fields": ["Name"]}}]	54	3
770	2023-08-31 13:45:17.518694+00	206	(206) 17. Sente que o seu futuro econ├│mico ├® incerto, por estar a cuidar do seu familiar?	2	[{"changed": {"fields": ["Name"]}}]	54	3
771	2023-08-31 13:45:25.596228+00	207	(207) 18. J├í se sentiu ofendido(a) e zangado(a) com o comportamento do seu familiar?	2	[{"changed": {"fields": ["Name"]}}]	54	3
772	2023-08-31 13:45:37.136805+00	208	(208) 19. J├í se sentiu embara├ºado(a) com o comportamento do seu familiar?	2	[{"changed": {"fields": ["Name"]}}]	54	3
773	2023-08-31 13:45:57.492203+00	209	(209) 20. Sente que o seu familiar o(a) solicita demasiado para situa├º├Áes desnecess├írias?	2	[{"changed": {"fields": ["Name"]}}]	54	3
774	2023-08-31 13:46:15.726661+00	214	(214) 25. Considera que tem conhecimentos e experi├¬ncia para cuidar do seu familiar?	2	[{"changed": {"fields": ["Name"]}}]	54	3
775	2023-08-31 13:46:39.172555+00	218	(218) 29. O seu familiar mostra gratid├úo pelo que est├í a fazer por ele?	2	[{"changed": {"fields": ["Name"]}}]	54	3
776	2023-08-31 13:46:50.250707+00	220	(220) 31. Sente-se mais pr├│ximo(a) do seu familiar por estar a cuidar dele?	2	[{"changed": {"fields": ["Name"]}}]	54	3
777	2023-08-31 13:47:05.432265+00	222	(222) 1. Refugio-me noutras atividades para me abstrair da situa├º├úo	2	[{"changed": {"fields": ["Name"]}}]	54	3
778	2023-08-31 13:47:26.195607+00	223	(223) 2. Concentro os meus esfor├ºos para fazer alguma coisa que me permita enfrentar a situa├º├úo	2	[{"changed": {"fields": ["Name"]}}]	54	3
779	2023-08-31 13:48:54.657871+00	224	(224) 3. Tenho dito para mim pr├│prio(a): "Isto n├úo ├® verdade"	2	[{"changed": {"fields": ["Name"]}}]	54	3
780	2023-08-31 13:49:05.601628+00	225	(225) 4. Refugio-me no ├ílcool ou noutras drogas (comprimidos, etc.) para me sentir melhor	2	[{"changed": {"fields": ["Name"]}}]	54	3
781	2023-08-31 13:49:16.216046+00	226	(226) 5. Procuro apoio emocional de algu├®m (fam├¡lia, amigos)	2	[{"changed": {"fields": ["Name"]}}]	54	3
782	2023-08-31 13:49:29.187607+00	228	(228) 7. Tomo medidas para tentar melhorar a minha situa├º├úo	2	[{"changed": {"fields": ["Name"]}}]	54	3
783	2023-08-31 13:49:49.138359+00	231	(231) 10. Pe├ºo conselhos e ajuda a outras pessoas para enfrentar melhor a situa├º├úo	2	[{"changed": {"fields": ["Name"]}}]	54	3
784	2023-08-31 13:50:23.545455+00	232	(232) 11. Uso ├ílcool ou outras drogas (comprimidos, etc.) para me ajudar a ultrapassar os problemas	2	[{"changed": {"fields": ["Name"]}}]	54	3
785	2023-08-31 13:50:39.602304+00	233	(233) 12. Tento analisar a situa├º├úo de maneira diferente, de forma a torn├í-la mais positiva	2	[{"changed": {"fields": ["Name"]}}]	54	3
786	2023-08-31 13:50:53.291244+00	234	(234) 13. Fa├ºo cr├¡ticas a mim pr├│prio	2	[{"changed": {"fields": ["Name"]}}]	54	3
787	2023-08-31 13:51:07.277945+00	235	(235) 14. Tento encontrar uma estrat├®gia que me ajude no que tenho que fazer	2	[{"changed": {"fields": ["Name"]}}]	54	3
788	2023-08-31 13:51:36.125564+00	236	(236) 15. Procuro o conforto e compreens├úo de algu├®m	2	[{"changed": {"fields": ["Name"]}}]	54	3
789	2023-08-31 13:51:50.502203+00	237	(237) 16. Desisto de me esfor├ºar para lidar com a situa├º├úo	2	[{"changed": {"fields": ["Name"]}}]	54	3
790	2023-08-31 13:51:59.320439+00	238	(238) 17. Procuro algo positivo em tudo o que est├í a acontecer	2	[{"changed": {"fields": ["Name"]}}]	54	3
791	2023-08-31 13:52:09.534391+00	239	(239) 18. Enfrento a situa├º├úo levando-a para a brincadeira	2	[{"changed": {"fields": ["Name"]}}]	54	3
792	2023-08-31 13:52:40.183556+00	240	(240) 19. Fa├ºo outras coisas para pensar menos na situa├º├úo, tal como ir ao cinema, ver TV, ler, sonhar, ou ir ├ás compras	2	[{"changed": {"fields": ["Name"]}}]	54	3
793	2023-08-31 13:52:53.094095+00	241	(241) 20. Tento aceitar as coisas tal como est├úo a acontecer	2	[{"changed": {"fields": ["Name"]}}]	54	3
794	2023-08-31 13:53:09.804357+00	243	(243) 22. Tento encontrar conforto na minha religi├úo ou cren├ºa espiritual	2	[{"changed": {"fields": ["Name"]}}]	54	3
795	2023-08-31 13:53:20.087003+00	244	(244) 23. Pe├ºo conselhos e ajuda a pessoas que passaram pelo mesmo	2	[{"changed": {"fields": ["Name"]}}]	54	3
796	2023-08-31 13:53:47.817431+00	245	(245) 24. Tento aprender a viver com a situa├º├úo	2	[{"changed": {"fields": ["Name"]}}]	54	3
797	2023-08-31 13:53:56.690647+00	246	(246) 25. Penso muito sobre a melhor forma de lidar com a situa├º├úo	2	[{"changed": {"fields": ["Name"]}}]	54	3
798	2023-08-31 13:54:03.394194+00	247	(247) 26. Culpo-me pelo que est├í a acontecer	2	[{"changed": {"fields": ["Name"]}}]	54	3
799	2023-08-31 13:54:12.089995+00	249	(249) 28. Enfrento a situa├º├úo com sentido de humor	2	[{"changed": {"fields": ["Name"]}}]	54	3
800	2023-08-31 13:54:27.388961+00	250	(250) 1. Quantos familiares v├¬ ou fala pelo menos uma vez por m├¬s?	2	[{"changed": {"fields": ["Name"]}}]	54	3
801	2023-08-31 13:54:40.34823+00	251	(251) 2. De quantos familiares se sente pr├│ximo de tal forma que possa ligar-lhes para pedir ajuda?	2	[{"changed": {"fields": ["Name"]}}]	54	3
802	2023-08-31 13:54:49.840102+00	252	(252) 3. Com quantos familiares se sente ├á vontade para falar sobre assuntos pessoais?	2	[{"changed": {"fields": ["Name"]}}]	54	3
803	2023-08-31 13:55:08.303419+00	253	(253) 4. Quantos amigos v├¬ ou fala pelo menos uma vez por m├¬s?	2	[{"changed": {"fields": ["Name"]}}]	54	3
804	2023-08-31 13:55:27.709621+00	254	(254) 5. De quantos amigos se sente pr├│ximo de tal forma que possa ligar-lhes a pedir ajuda?	2	[{"changed": {"fields": ["Name"]}}]	54	3
805	2023-08-31 13:55:38.353142+00	255	(255) 6. Com quantos amigos se sente ├á vontade para falar sobre assuntos pessoais?	2	[{"changed": {"fields": ["Name"]}}]	54	3
806	2023-09-04 13:16:34.155615+00	18	Pessoa Desconhecida 1	1	[{"added": {}}]	13	3
807	2023-09-04 13:18:17.685856+00	58	 Assinale algumas caracter├¡sticas da pessoa	1	[{"added": {}}]	22	3
808	2023-09-04 13:18:27.318699+00	36	Exerc├¡cio [] - parte 1 - Pessoa desconhecida 1	1	[{"added": {}}]	18	3
809	2023-09-04 13:19:47.039415+00	58	 Assinale algumas caracter├¡sticas sobre a pessoa	2	[{"changed": {"fields": ["Nome"]}}]	22	3
810	2023-09-04 13:19:54.175288+00	36	Exerc├¡cio [] - parte 1 - Pessoa desconhecida 1	2	[]	18	3
811	2023-09-04 13:30:04.108777+00	22	Exerc├¡cio 20	2	[{"changed": {"fields": ["Duracao", "Partes do exercicio"]}}]	11	3
812	2023-09-04 13:30:42.13799+00	19	Pessoa Desconhecida 2	1	[{"added": {}}]	13	3
813	2023-09-04 13:31:04.123993+00	37	Exerc├¡cio [] - parte 2 - Pessoa desconhecida 2	1	[{"added": {}}]	18	3
817	2023-09-04 13:32:07.261095+00	39	Exerc├¡cio [] - parte 4 - Pessoa Desconhecida 4	1	[{"added": {}}]	18	3
818	2023-09-04 13:48:32.651976+00	22	Pessoa Desconhecida 5	1	[{"added": {}}]	13	3
819	2023-09-04 13:48:44.203856+00	40	Exerc├¡cio [] - parte 5 - Pessoa Desconhecida 5	1	[{"added": {}}]	18	3
820	2023-09-04 13:49:15.475291+00	23	Pessoa Desconhecida 6	1	[{"added": {}}]	13	3
821	2023-09-04 13:49:28.560612+00	41	Exerc├¡cio [] - parte 6 - Pessoa Desconhecida 6	1	[{"added": {}}]	18	3
822	2023-09-04 13:49:43.832683+00	24	Pessoa Desconhecida 7	1	[{"added": {}}]	13	3
823	2023-09-04 13:49:51.139999+00	42	Exerc├¡cio [] - parte 7 - Pessoa Desconhecida 7	1	[{"added": {}}]	18	3
824	2023-09-04 13:49:52.779163+00	22	Exerc├¡cio 20	2	[{"changed": {"fields": ["Duracao", "Partes do exercicio"]}}]	11	3
825	2023-09-04 14:20:18.373821+00	25	1 serie	1	[{"added": {}}]	13	3
826	2023-09-04 14:20:19.984113+00	43	Exerc├¡cio [] - parte 0 - 1┬║ Serie	1	[{"added": {}}]	18	3
827	2023-09-04 14:20:35.889477+00	26	2serie	1	[{"added": {}}]	13	3
828	2023-09-04 14:20:39.072462+00	44	Exerc├¡cio [] - parte 0 - 2┬║ S├®rie	1	[{"added": {}}]	18	3
829	2023-09-04 14:20:56.778583+00	27	3serie	1	[{"added": {}}]	13	3
830	2023-09-04 14:21:00.693868+00	45	Exerc├¡cio [] - parte 3 - 3┬║ S├®rie	1	[{"added": {}}]	18	3
831	2023-09-04 14:21:26.232099+00	28	4serie	1	[{"added": {}}]	13	3
832	2023-09-04 14:21:27.835705+00	46	Exerc├¡cio [] - parte 4 - 4┬║ S├®rie	1	[{"added": {}}]	18	3
833	2023-09-04 14:21:43.192335+00	29	5serie	1	[{"added": {}}]	13	3
834	2023-09-04 14:21:44.747196+00	47	Exerc├¡cio [] - parte 5 - 5┬║ S├®rio	1	[{"added": {}}]	18	3
835	2023-09-04 14:22:04.356107+00	30	6serie	1	[{"added": {}}]	13	3
836	2023-09-04 14:22:08.283309+00	48	Exerc├¡cio [] - parte 6 - 6┬║ S├®rie	1	[{"added": {}}]	18	3
837	2023-09-04 14:22:37.104759+00	43	Exerc├¡cio [] - parte 1 - 1┬║ Serie	2	[{"changed": {"fields": ["Ordem"]}}]	18	3
838	2023-09-04 14:22:41.827159+00	44	Exerc├¡cio [] - parte 2 - 2┬║ S├®rie	2	[{"changed": {"fields": ["Ordem"]}}]	18	3
839	2023-09-04 14:23:37.137324+00	23	Exerc├¡cio 21	2	[{"changed": {"fields": ["Duracao", "Partes do exercicio"]}}]	11	3
840	2023-09-04 15:45:47.445995+00	31	Procurar n├║meros	1	[{"added": {}}]	13	3
841	2023-09-04 16:06:31.533211+00	59	 Procure apenas os n├║meros	1	[{"added": {}}]	22	3
842	2023-09-04 16:06:34.887514+00	49	Exerc├¡cio [] - parte 1 - Procure apenas os n├║meros	1	[{"added": {}}]	18	3
843	2023-09-04 16:07:18.634758+00	60	(B) Procure os s├¡mbolos iguais a estes	1	[{"added": {}}]	22	3
844	2023-09-04 16:07:25.06082+00	32	simbolos	1	[{"added": {}}]	13	3
845	2023-09-04 16:07:26.887593+00	50	Exerc├¡cio [] - parte 2 - Procurar simbolos	1	[{"added": {}}]	18	3
846	2023-09-04 16:13:35.799487+00	26	Exerc├¡cio 24	2	[{"changed": {"fields": ["Duracao", "Partes do exercicio"]}}]	11	3
847	2023-09-05 13:51:21.879439+00	61	 Azul - Amarelo	1	[{"added": {}}]	22	3
848	2023-09-05 13:52:03.714381+00	62	 Camisa - Cal├ºas	1	[{"added": {}}]	22	3
849	2023-09-05 13:52:21.713707+00	63	 Banana - Laranja	1	[{"added": {}}]	22	3
850	2023-09-05 13:52:23.625933+00	51	Exerc├¡cio [] - parte 0 - Comum entre palavras	1	[{"added": {}}]	18	3
851	2023-09-05 13:53:12.32406+00	64	 Banana - Laranja	1	[{"added": {}}]	22	3
852	2023-09-05 13:54:07.724621+00	65	 Cavalo - Burro	1	[{"added": {}}]	22	3
853	2023-09-05 13:54:21.312916+00	66	 Rosa - Malmequer	1	[{"added": {}}]	22	3
854	2023-09-05 13:54:33.292461+00	67	 Batata - Cenoura	1	[{"added": {}}]	22	3
855	2023-09-05 13:54:36.179623+00	52	Exerc├¡cio [] - parte 2 - Comum entre palavras 2	1	[{"added": {}}]	18	3
856	2023-09-05 14:06:00.10902+00	51	Exerc├¡cio [] - parte 1 - Comum entre palavras	2	[{"changed": {"fields": ["Ordem"]}}]	18	3
857	2023-09-05 14:06:06.133916+00	30	Exerc├¡cio 28	2	[{"changed": {"fields": ["Duracao", "Partes do exercicio"]}}]	11	3
858	2023-09-05 14:07:57.620378+00	30	Exerc├¡cio 28	2	[{"changed": {"fields": ["Duracao"]}}]	11	3
859	2023-09-05 14:09:07.072584+00	68	 C├úo - P├íssaro	1	[{"added": {}}]	22	3
861	2023-09-05 14:09:40.809466+00	70	 Banana - Pera	1	[{"added": {}}]	22	3
862	2023-09-05 14:09:42.843827+00	53	Exerc├¡cio [] - parte 1 - Diferente entre palavras	1	[{"added": {}}]	18	3
863	2023-09-05 14:11:14.923595+00	71	 Garfo - faca	1	[{"added": {}}]	22	3
864	2023-09-05 14:11:23.174853+00	72	 Carro - Cami├úo	1	[{"added": {}}]	22	3
865	2023-09-05 14:11:36.306089+00	73	 Televis├úo - R├ídio	1	[{"added": {}}]	22	3
866	2023-09-05 14:11:37.979093+00	54	Exerc├¡cio [] - parte 2 - Diferente entre palavras 2	1	[{"added": {}}]	18	3
867	2023-09-05 14:11:47.148083+00	30	Exerc├¡cio 28	2	[{"changed": {"fields": ["Duracao", "Partes do exercicio"]}}]	11	3
868	2023-09-05 15:34:49.603799+00	74	(A) None	1	[{"added": {}}]	22	3
869	2023-09-05 15:35:01.018533+00	33	sequencialogica1	1	[{"added": {}}]	13	3
870	2023-09-05 15:35:04.405459+00	55	Exerc├¡cio [] - parte 1 - Sequ├¬ncias l├│gicas 1	1	[{"added": {}}]	18	3
871	2023-09-05 16:04:12.361455+00	34	sequencialogica2	1	[{"added": {}}]	13	3
872	2023-09-05 16:04:23.72567+00	75	(A) None	1	[{"added": {}}]	22	3
873	2023-09-05 16:04:24.887577+00	56	Exerc├¡cio [] - parte 2 - Sequ├¬ncias l├│gicas 2	1	[{"added": {}}]	18	3
874	2023-09-05 16:04:40.554076+00	35	sequencialogica3	1	[{"added": {}}]	13	3
875	2023-09-05 16:04:50.188178+00	76	(B) None	1	[{"added": {}}]	22	3
876	2023-09-05 16:04:51.887339+00	57	Exerc├¡cio [] - parte 3 - Sequ├¬ncias l├│gicas 3	1	[{"added": {}}]	18	3
877	2023-09-05 16:05:05.254602+00	36	sequencialogica4	1	[{"added": {}}]	13	3
878	2023-09-05 16:05:11.238977+00	77	(B) None	1	[{"added": {}}]	22	3
879	2023-09-05 16:05:14.549788+00	58	Exerc├¡cio [] - parte 4 - Sequ├¬ncias l├│gicas 4	1	[{"added": {}}]	18	3
880	2023-09-05 16:05:16.069391+00	31	Exerc├¡cio 29	2	[{"changed": {"fields": ["Duracao", "Partes do exercicio"]}}]	11	3
881	2023-09-05 16:25:14.515265+00	24	1┬║	1	[{"added": {}}]	16	3
882	2023-09-05 16:25:18.832511+00	25	2┬║	1	[{"added": {}}]	16	3
883	2023-09-05 16:25:22.576328+00	26	3┬║	1	[{"added": {}}]	16	3
884	2023-09-05 16:25:27.967973+00	78	(A) Escolher o p├úo	1	[{"added": {}}]	22	3
885	2023-09-05 16:25:42.572988+00	79	 Pagar	1	[{"added": {}}]	22	3
886	2023-09-05 16:25:54.600099+00	80	(A) Entrar na loja	1	[{"added": {}}]	22	3
887	2023-09-05 16:26:19.810466+00	79	(A) Pagar	2	[{"changed": {"fields": ["Dificuldade"]}}]	22	3
888	2023-09-05 16:37:30.451228+00	59	Exerc├¡cio [] - parte 1 - Para comprar o p├úo	1	[{"added": {}}]	18	3
889	2023-09-05 16:44:41.55453+00	81	 Deitar-se na cama	1	[{"added": {}}]	22	3
890	2023-09-05 16:45:00.194513+00	82	 Vestir o pijama	1	[{"added": {}}]	22	3
891	2023-09-05 16:45:30.463845+00	83	 Cobrir-se com o cobertor	1	[{"added": {}}]	22	3
892	2023-09-05 16:45:40.100296+00	84	 Tirar a roupa	1	[{"added": {}}]	22	3
893	2023-09-05 16:45:47.246387+00	60	Exerc├¡cio [] - parte 2 - Para dormir	1	[{"added": {}}]	18	3
894	2023-09-05 16:46:18.274316+00	80	 Entrar na loja	2	[{"changed": {"fields": ["Dificuldade"]}}]	22	3
895	2023-09-05 16:46:20.59655+00	79	 Pagar	2	[{"changed": {"fields": ["Dificuldade"]}}]	22	3
896	2023-09-05 16:46:23.153157+00	78	 Escolher o p├úo	2	[{"changed": {"fields": ["Dificuldade"]}}]	22	3
897	2023-09-05 16:48:29.736341+00	85	 Esfregar a lou├ºa	1	[{"added": {}}]	22	3
898	2023-09-05 16:48:40.547481+00	86	 P├┤r detergente no esfreg├úo	1	[{"added": {}}]	22	3
899	2023-09-05 16:48:56.748502+00	87	 Passar por ├ígua	1	[{"added": {}}]	22	3
900	2023-09-05 16:49:07.221218+00	88	 Deixar escorrer	1	[{"added": {}}]	22	3
901	2023-09-05 16:49:08.585786+00	61	Exerc├¡cio [] - parte 3 - Para lavar a lou├ºa	1	[{"added": {}}]	18	3
902	2023-09-05 16:49:46.556849+00	89	 Selecionar o canal	1	[{"added": {}}]	22	3
903	2023-09-05 16:50:03.607816+00	90	 Ligar a televis├úo	1	[{"added": {}}]	22	3
904	2023-09-05 16:50:13.858682+00	91	 Ver o programa	1	[{"added": {}}]	22	3
905	2023-09-05 16:50:21.869126+00	92	 Pegar no comando	1	[{"added": {}}]	22	3
906	2023-09-05 16:50:24.033154+00	62	Exerc├¡cio [] - parte 4 - Para ver televis├úo	1	[{"added": {}}]	18	3
907	2023-09-05 16:56:42.726309+00	32	Exerc├¡cio 30	2	[{"changed": {"fields": ["Duracao", "Partes do exercicio"]}}]	11	3
908	2023-09-05 16:57:20.900486+00	93	 Vestir o casaco	1	[{"added": {}}]	22	3
909	2023-09-05 16:57:30.058227+00	94	 Escolher a roupa	1	[{"added": {}}]	22	3
910	2023-09-05 16:57:43.058498+00	95	 Vestir as cal├ºas e a camisola	1	[{"added": {}}]	22	3
911	2023-09-05 16:57:51.020462+00	96	 Vestir a roupa interior	1	[{"added": {}}]	22	3
912	2023-09-05 16:57:52.478678+00	63	Exerc├¡cio [] - parte 5 - Para se vestir	1	[{"added": {}}]	18	3
913	2023-09-05 16:59:00.095244+00	97	 P├┤r pasta de dentes na escova	1	[{"added": {}}]	22	3
914	2023-09-05 16:59:11.179912+00	98	 Pegar na escova de dentes	1	[{"added": {}}]	22	3
915	2023-09-05 16:59:21.555933+00	99	 Lavar a boca com ├ígua	1	[{"added": {}}]	22	3
916	2023-09-05 16:59:28.332867+00	100	 Escovar os dentes	1	[{"added": {}}]	22	3
917	2023-09-05 16:59:29.117964+00	64	Exerc├¡cio [] - parte 6 - Para lavar os dentes	1	[{"added": {}}]	18	3
918	2023-09-05 16:59:30.753897+00	32	Exerc├¡cio 30	2	[{"changed": {"fields": ["Duracao", "Partes do exercicio"]}}]	11	3
919	2023-09-05 17:10:50.740852+00	37	inibicao1	1	[{"added": {}}]	13	3
920	2023-09-05 17:10:56.144385+00	38	inibicao2	1	[{"added": {}}]	13	3
921	2023-09-05 17:13:24.012374+00	101	 Acertos	1	[{"added": {}}]	22	3
922	2023-09-05 17:13:28.759076+00	102	 Erros	1	[{"added": {}}]	22	3
923	2023-09-05 17:13:31.79402+00	65	Exerc├¡cio [] - parte 1 - Inibi├º├úo de Resposta 1	1	[{"added": {}}]	18	3
924	2023-09-05 17:13:44.381545+00	66	Exerc├¡cio [] - parte 2 - Inibi├º├úo de Resposta 2	1	[{"added": {}}]	18	3
925	2023-09-05 17:13:46.262876+00	33	Exerc├¡cio 31	2	[{"changed": {"fields": ["Duracao", "Partes do exercicio"]}}]	11	3
926	2023-09-05 17:16:32.904579+00	39	Desenho 1	1	[{"added": {}}]	13	3
927	2023-09-05 17:16:43.365549+00	103	(A) Copie o desenho	1	[{"added": {}}]	22	3
928	2023-09-05 17:16:45.560596+00	67	Exerc├¡cio [] - parte 1 - Copiar o Desenho 1	1	[{"added": {}}]	18	3
929	2023-09-05 17:16:59.836095+00	40	Desenho 2	1	[{"added": {}}]	13	3
930	2023-09-05 17:17:08.815914+00	104	(B) Copie o desenho	1	[{"added": {}}]	22	3
931	2023-09-05 17:17:09.952231+00	68	Exerc├¡cio [] - parte 2 - Copiar o Desenho 2	1	[{"added": {}}]	18	3
932	2023-09-05 17:17:10.99866+00	34	Exerc├¡cio 32	2	[{"changed": {"fields": ["Duracao", "Partes do exercicio"]}}]	11	3
933	2023-09-05 17:27:07.846665+00	105	(B) Como organizaria o evento?	1	[{"added": {}}]	22	3
934	2023-09-05 17:27:08.635477+00	69	Exerc├¡cio [] - parte 1 - Organizar o evento	1	[{"added": {}}]	18	3
935	2023-09-05 17:27:16.052396+00	37	Exerc├¡cio 35	2	[{"changed": {"fields": ["Duracao", "Partes do exercicio"]}}]	11	3
936	2023-09-06 13:46:44.916649+00	41	Labirinto 1	1	[{"added": {}}]	13	3
937	2023-09-06 13:53:03.024475+00	106	 None	1	[{"added": {}}]	22	3
938	2023-09-06 13:53:08.519907+00	70	Exerc├¡cio [] - parte 1 - Labirinto 1	1	[{"added": {}}]	18	3
939	2023-09-06 13:54:20.439126+00	106	 Descubra a sa├¡da do Labirinto	2	[{"changed": {"fields": ["Nome"]}}]	22	3
940	2023-09-06 13:54:36.956177+00	42	Labirinto 2	1	[{"added": {}}]	13	3
941	2023-09-06 13:54:44.430132+00	107	 Descubra a sa├¡da do Labirinto	1	[{"added": {}}]	22	3
942	2023-09-06 13:54:46.105073+00	71	Exerc├¡cio [] - parte 2 - Labirinto 2	1	[{"added": {}}]	18	3
943	2023-09-06 13:54:57.986901+00	43	Labirinto 3	1	[{"added": {}}]	13	3
944	2023-09-06 13:55:08.14295+00	108	 Descubra a sa├¡da do Labirinto	1	[{"added": {}}]	22	3
945	2023-09-06 13:55:09.222832+00	72	Exerc├¡cio [] - parte 3 - Labirinto 3	1	[{"added": {}}]	18	3
946	2023-09-06 13:55:10.690426+00	35	Exerc├¡cio 33	2	[{"changed": {"fields": ["Duracao", "Partes do exercicio"]}}]	11	3
947	2023-09-06 13:55:28.15558+00	35	Exerc├¡cio 33	2	[{"changed": {"fields": ["Duracao"]}}]	11	3
948	2023-09-06 13:57:20.414332+00	44	Unir 1	1	[{"added": {}}]	13	3
949	2023-09-06 13:58:16.271791+00	109	 Verde, vermelho, azul;	1	[{"added": {}}]	22	3
950	2023-09-06 13:59:01.133425+00	73	Exerc├¡cio [] - parte 1 - Unir 1	1	[{"added": {}}]	18	3
951	2023-09-06 14:00:03.897021+00	110	 Amarelo, azul, vermelho, verde;	1	[{"added": {}}]	22	3
952	2023-09-06 14:00:11.337893+00	74	Exerc├¡cio [] - parte 2 - Unam as figuras de acordo com as seguintes ordens:	1	[{"added": {}}]	18	3
953	2023-09-06 14:00:28.730154+00	45	Unir 3	1	[{"added": {}}]	13	3
954	2023-09-06 14:00:43.967803+00	111	 Bola, quadrado, tri├óngulo e cruz;	1	[{"added": {}}]	22	3
955	2023-09-06 14:00:49.992084+00	75	Exerc├¡cio [] - parte 3 - Unam as figuras de acordo com as seguintes ordens:	1	[{"added": {}}]	18	3
956	2023-09-06 14:01:14.087655+00	46	Unir 2	1	[{"added": {}}]	13	3
957	2023-09-06 14:01:28.434188+00	74	Exerc├¡cio [] - parte 2 - Unam as figuras de acordo com as seguintes ordens:	2	[{"changed": {"fields": ["Imagens"]}}]	18	3
958	2023-09-06 14:01:32.807529+00	73	Exerc├¡cio [] - parte 1 - Unam as figuras de acordo com as seguintes ordens:	2	[{"changed": {"fields": ["Nome"]}}]	18	3
959	2023-09-06 14:01:40.544174+00	36	Exerc├¡cio 34	2	[{"changed": {"fields": ["Duracao", "Partes do exercicio"]}}]	11	3
960	2023-09-06 14:16:50.760066+00	75	Exerc├¡cio [34] - parte 3 - Unir 3	2	[{"changed": {"fields": ["Nome", "Descricao"]}}]	18	3
961	2023-09-06 14:16:57.045761+00	74	Exerc├¡cio [34] - parte 2 - Unir 2	2	[{"changed": {"fields": ["Nome", "Descricao"]}}]	18	3
962	2023-09-06 14:17:03.086479+00	73	Exerc├¡cio [34] - parte 1 - Unir 1	2	[{"changed": {"fields": ["Nome", "Descricao"]}}]	18	3
963	2023-09-06 14:27:30.335492+00	7	Mentor	1	[{"added": {}}]	3	3
964	2023-09-06 14:28:02.166485+00	1	Administrador	2	[{"changed": {"fields": ["Permissions"]}}]	3	3
965	2023-09-06 14:28:45.168884+00	2	Avaliador	2	[{"changed": {"fields": ["Permissions"]}}]	3	3
966	2023-09-06 14:29:36.340598+00	3	Avaliador-Risk	2	[{"changed": {"fields": ["Permissions"]}}]	3	3
967	2023-09-06 14:32:30.771885+00	4	Cuidador	2	[{"changed": {"fields": ["Permissions"]}}]	3	3
968	2023-09-06 14:33:24.873578+00	4	Cuidador	2	[]	3	3
969	2023-09-06 14:36:08.859808+00	5	Dinamizador	2	[{"changed": {"fields": ["Permissions"]}}]	3	3
970	2023-09-06 14:36:18.889926+00	7	Mentor	2	[{"changed": {"fields": ["Permissions"]}}]	3	3
971	2023-09-06 14:36:47.493498+00	6	Participante	2	[{"changed": {"fields": ["Permissions"]}}]	3	3
972	2023-09-06 14:39:40.998329+00	14	Cristiano Ronaldo	2	[{"changed": {"fields": ["Funcao", "Reference"]}}]	9	3
973	2023-09-06 14:41:06.506075+00	120	Setembro	2	[{"changed": {"fields": ["Referenciacao"]}}]	12	3
974	2023-09-06 14:41:29.194678+00	119	Setembro	3		12	3
975	2023-09-06 14:41:57.294644+00	118	Teste Care	3		12	3
976	2023-09-06 14:41:57.303092+00	117	Teste	3		12	3
977	2023-09-06 14:43:25.386687+00	14	Cristiano Ronaldo	2	[{"changed": {"fields": ["Reference"]}}]	9	3
978	2023-09-06 14:45:06.299752+00	152	cristianoRonaldo	3		4	3
979	2023-09-06 14:45:22.350572+00	123	Cristiano Ronaldo	3		14	3
980	2023-09-06 14:47:04.599725+00	153	teste-adm	1	[{"added": {}}]	4	3
981	2023-09-06 14:47:26.798946+00	5	teste-adm	1	[{"added": {}}]	60	3
982	2023-09-06 14:48:25.886188+00	153	teste-adm	2	[{"changed": {"fields": ["First name", "Last name", "Email address"]}}]	4	3
983	2023-09-06 14:49:34.116532+00	153	teste-adm	2	[{"changed": {"fields": ["Groups"]}}]	4	3
984	2023-09-06 14:51:02.25232+00	153	teste-adm	2	[{"changed": {"fields": ["Email address"]}}]	4	3
985	2023-09-06 15:10:47.854821+00	32	Xavier Lobo	2	[{"changed": {"fields": ["Referenciacao"]}}]	8	3
986	2023-09-06 15:11:33.609674+00	32	Xavier Lobo	2	[{"changed": {"fields": ["Grupo"]}}]	8	3
987	2023-09-06 15:13:29.681693+00	32	Xavier Lobo	2	[{"changed": {"fields": ["Referenciacao"]}}]	8	3
988	2023-09-06 15:18:44.223105+00	32	Xavier Lobo	2	[{"changed": {"fields": ["Referenciacao"]}}]	8	3
989	2023-09-06 15:21:23.393839+00	32	Xavier Lobo	2	[{"changed": {"fields": ["Referenciacao"]}}]	8	3
990	2023-09-06 15:26:08.642761+00	32	Xavier Lobo	2	[{"changed": {"fields": ["Referenciacao"]}}]	8	3
991	2023-09-06 15:38:24.415789+00	129	Teste Cuidador	3		12	3
992	2023-09-06 15:38:24.429552+00	128	Teste Cuidador	3		12	3
993	2023-09-06 15:38:24.435147+00	127	Teste Cuidador	3		12	3
994	2023-09-06 15:38:24.440725+00	126	Teste	3		12	3
995	2023-09-06 15:38:24.446533+00	125	Teste	3		12	3
996	2023-09-06 15:38:24.452204+00	124	Teste	3		12	3
997	2023-09-06 15:38:24.457881+00	123	Teste	3		12	3
998	2023-09-06 15:38:24.463804+00	122	Teste	3		12	3
999	2023-09-06 15:38:24.469351+00	121	Teste	3		12	3
1000	2023-09-06 15:45:14.864068+00	154	tiagoS	2	[{"changed": {"fields": ["Groups"]}}]	4	3
1001	2023-09-06 15:52:00.315261+00	154	tiagoS	2	[{"changed": {"fields": ["Groups"]}}]	4	3
1002	2023-09-06 15:52:30.729673+00	154	tiagoS	2	[{"changed": {"fields": ["password"]}}]	4	3
1003	2023-09-06 16:06:16.218446+00	124	Tiago Silva	3		14	3
1004	2023-09-06 16:06:33.659054+00	154	tiagoS	3		4	3
1005	2023-09-06 16:11:22.147954+00	155	tiagoS	2	[{"changed": {"fields": ["password"]}}]	4	3
1006	2023-09-13 14:05:23.328398+00	158	dinamizador1	2	[{"changed": {"fields": ["password"]}}]	4	3
1007	2023-09-13 14:08:20.473712+00	159	participante1	2	[{"changed": {"fields": ["password"]}}]	4	3
1008	2023-09-13 14:09:27.286865+00	77	participante1	2	[{"changed": {"fields": ["User"]}}]	20	3
1009	2023-09-13 14:32:10.91796+00	164	Participante 6	2	[{"changed": {"fields": ["password"]}}]	4	3
1010	2023-09-13 14:33:34.458633+00	164	Participante 6	2	[{"changed": {"fields": ["password"]}}]	4	3
1011	2023-09-13 14:33:45.791422+00	164	participante6	2	[{"changed": {"fields": ["Username"]}}]	4	3
1012	2023-09-13 14:49:53.679071+00	131	Grupo de Teste	3		12	3
1013	2023-09-13 14:51:19.765574+00	132	Grupo de Teste	3		12	3
1014	2023-09-13 14:51:47.293415+00	133	Grupo de Teste	3		12	3
1015	2023-09-13 14:55:23.852925+00	134	Grupo de Teste	3		12	3
1016	2023-09-13 14:56:02.839016+00	135	grupo de testes	3		12	3
1017	2023-09-13 14:57:45.710508+00	136	gt	3		12	3
1018	2023-09-13 14:58:11.296372+00	137	gt	3		12	3
1019	2023-09-13 14:59:19.851101+00	138	gt	3		12	3
1020	2023-09-13 15:05:41.027546+00	139	gt	3		12	3
1021	2023-09-13 15:11:40.056654+00	140	gt	3		12	3
1022	2023-09-13 15:25:09.052818+00	141	gt	3		12	3
1023	2023-09-13 15:28:06.042673+00	142	Grupo de Teste	3		12	3
1024	2023-09-13 15:37:17.59861+00	143	Grupo de Teste	3		12	3
1025	2023-09-13 15:38:05.449734+00	144	Grupo de Teste	3		12	3
1026	2023-09-13 15:39:39.361314+00	145	Grupo de Teste	3		12	3
1027	2023-09-15 09:38:14.177829+00	158	dinamizador1	2	[{"changed": {"fields": ["Groups"]}}]	4	3
1028	2023-09-19 12:54:00.423552+00	9	Escolha object (9)	3		37	3
1029	2023-09-22 10:02:40.92586+00	94	superpartici	3		4	3
1030	2023-09-22 10:02:40.939209+00	126	susanaDias	3		4	3
1031	2023-09-22 10:02:40.944876+00	138	teresaAlmada	3		4	3
1032	2023-09-22 10:02:40.950624+00	96	teste	3		4	3
1033	2023-09-22 10:02:40.958668+00	104	teste123	3		4	3
1034	2023-09-22 10:02:40.964319+00	143	teste123111111	3		4	3
1035	2023-09-22 10:02:40.969932+00	105	teste1234	3		4	3
1036	2023-09-22 10:02:40.97573+00	140	teste1807	3		4	3
1037	2023-09-22 10:02:40.981357+00	153	teste-adm	3		4	3
1038	2023-09-22 10:02:40.98704+00	156	testeParticipante	3		4	3
1039	2023-09-22 10:02:40.9927+00	151	testeSetembro	3		4	3
1040	2023-09-22 10:02:40.998507+00	157	tiago	3		4	3
1041	2023-09-22 10:02:41.004246+00	155	tiagoS	3		4	3
1042	2023-09-22 10:02:41.009901+00	102	tiagosilva	3		4	3
1043	2023-09-22 10:02:41.015722+00	130	vaniaMatos	3		4	3
1044	2023-09-22 10:02:41.021348+00	76	victorCruz	3		4	3
1045	2023-09-22 10:02:41.027014+00	39	xavierLobo	3		4	3
1046	2023-09-22 10:03:20.159279+00	116	ab1231sdasd	3		4	3
1047	2023-09-22 10:03:20.16976+00	139	adeb-adm	3		4	3
1048	2023-09-22 10:03:20.175399+00	149	Alberto caeiro	3		4	3
1049	2023-09-22 10:03:20.181186+00	121	alexandraarronches	3		4	3
1050	2023-09-22 10:03:20.186901+00	46	alfredoMonteiro	3		4	3
1051	2023-09-22 10:03:20.192525+00	97	Almira	3		4	3
1052	2023-09-22 10:03:20.198244+00	108	amaliarosa	3		4	3
1053	2023-09-22 10:03:20.204179+00	100	Ana Brito	3		4	3
1054	2023-09-22 10:03:20.209729+00	107	anacatarina	3		4	3
1055	2023-09-22 10:03:20.215613+00	124	anaIsabel	3		4	3
1056	2023-09-22 10:03:20.221361+00	120	andre	3		4	3
1057	2023-09-22 10:03:20.22715+00	58	andreBrito	3		4	3
1062	2023-09-22 10:03:20.255461+00	125	antonioSousa	3		4	3
1063	2023-09-22 10:03:20.261225+00	85	asmal-adm	3		4	3
1064	2023-09-22 10:03:20.266896+00	83	avaliador	3		4	3
1065	2023-09-22 10:03:20.272577+00	84	avaliador-risk	3		4	3
1066	2023-09-22 10:03:20.278366+00	137	BE	3		4	3
1067	2023-09-22 10:03:20.284039+00	81	beatrizDuarte	3		4	3
1068	2023-09-22 10:03:20.289824+00	50	bernardoMoreira	3		4	3
1069	2023-09-22 10:03:20.295528+00	37	candidaQueiroz	3		4	3
1070	2023-09-22 10:03:20.301151+00	49	carminhoSilva	3		4	3
1071	2023-09-22 10:03:20.30688+00	99	Carolina	3		4	3
1072	2023-09-22 10:03:20.312637+00	79	carolinaPascoal	3		4	3
1073	2023-09-22 10:03:20.318379+00	68	catiaLuz	3		4	3
1074	2023-09-22 10:03:20.324069+00	123	claudiaFernandes	3		4	3
1075	2023-09-22 10:03:20.329869+00	71	claudiaTorres	3		4	3
1076	2023-09-22 10:03:20.335509+00	55	claudioMatos	3		4	3
1077	2023-09-22 10:03:20.341212+00	69	cristianaGusmao	3		4	3
1078	2023-09-22 10:03:20.346942+00	62	cristovaoFreire	3		4	3
1079	2023-09-22 10:03:20.352615+00	67	custodiaMartins	3		4	3
1080	2023-09-22 10:03:20.358506+00	75	danielaFidalgo	3		4	3
1081	2023-09-22 10:03:20.364104+00	158	dinamizador1	3		4	3
1082	2023-09-22 10:03:20.369926+00	106	Dona Roseta	3		4	3
1083	2023-09-22 10:03:20.375519+00	44	elisaSousa	3		4	3
1084	2023-09-22 10:03:20.381285+00	40	emiliaNogueira	3		4	3
1085	2023-09-22 10:03:20.392875+00	52	fatimaAmorim	3		4	3
1086	2023-09-22 10:03:20.398372+00	41	fernandaMartins	3		4	3
1087	2023-09-22 10:03:20.404097+00	73	franciscaTomas	3		4	3
1088	2023-09-22 10:03:20.409984+00	54	franciscoVieira	3		4	3
1089	2023-09-22 10:03:20.415486+00	42	fredericoVarejao	3		4	3
1090	2023-09-22 10:03:20.42119+00	141	gira-adm	3		4	3
1091	2023-09-22 10:03:20.427135+00	80	goncaloCoimbra	3		4	3
1092	2023-09-22 10:03:20.432649+00	63	gustavoCorreia	3		4	3
1093	2023-09-22 10:03:20.438415+00	43	helderCerqueira	3		4	3
1094	2023-09-22 10:03:20.44433+00	129	helenaJohanna	3		4	3
1095	2023-09-22 10:03:20.449796+00	78	henriqueTorres	3		4	3
1096	2023-09-22 10:03:20.455511+00	57	inacioPaiva	3		4	3
1097	2023-09-22 10:03:20.461223+00	1	ines	3		4	3
1098	2023-09-22 10:03:20.467164+00	98	inesgermano	3		4	3
1099	2023-09-22 10:03:20.472698+00	59	jacintoCorreia	3		4	3
1100	2023-09-22 10:03:20.478538+00	74	jaimeDias	3		4	3
1101	2023-09-22 10:03:20.484109+00	150	Jmary	3		4	3
1102	2023-09-22 10:03:20.489895+00	95	JMS	3		4	3
1103	2023-09-22 10:03:20.495526+00	132	joaoChopim	3		4	3
1104	2023-09-22 10:03:20.501478+00	111	jorgepereira	3		4	3
1105	2023-09-22 10:03:20.507003+00	142	jorginhoEira	3		4	3
1106	2023-09-22 10:03:20.512663+00	127	joseAntonio	3		4	3
1107	2023-09-22 10:03:20.518407+00	131	joseCarrusca	3		4	3
1108	2023-09-22 10:03:20.524286+00	38	josePaiva	3		4	3
1109	2023-09-22 10:03:20.530128+00	134	joseRufino	3		4	3
1110	2023-09-22 10:03:20.535568+00	56	julioMendes	3		4	3
1111	2023-09-22 10:03:20.54127+00	118	lucio	3		4	3
1112	2023-09-22 10:03:20.547328+00	146	luciodina	3		4	3
1113	2023-09-22 10:03:20.552725+00	133	luisMilhero	3		4	3
1114	2023-09-22 10:03:20.558419+00	110	manuelgomes	3		4	3
1115	2023-09-22 10:03:20.564117+00	35	manuelMachado	3		4	3
1116	2023-09-22 10:03:20.569859+00	47	marceloGama	3		4	3
1117	2023-09-22 10:03:20.57561+00	64	marianaMiranda	3		4	3
1118	2023-09-22 10:03:20.58135+00	135	marioSilva	3		4	3
1119	2023-09-22 10:03:20.587166+00	45	matildeFreire	3		4	3
1120	2023-09-22 10:03:20.592826+00	101	Micas 2023	3		4	3
1121	2023-09-22 10:03:20.598405+00	66	monicaBrito	3		4	3
1122	2023-09-22 10:03:20.604134+00	2	nuno	3		4	3
1123	2023-09-22 10:03:20.610111+00	122	nunoAlvaro	3		4	3
1124	2023-09-22 10:03:20.615561+00	128	nunoSantos	3		4	3
1125	2023-09-22 10:03:20.621439+00	70	nuriaMonteiro	3		4	3
1126	2023-09-22 10:03:20.627062+00	53	oliviaBaptista	3		4	3
1128	2023-09-22 10:03:20.638606+00	159	participante1	3		4	3
1129	2023-09-22 10:03:20.644374+00	160	participante2	3		4	3
1130	2023-09-22 10:03:20.649871+00	161	participante3	3		4	3
1131	2023-09-22 10:03:20.65561+00	162	participante4	3		4	3
1132	2023-09-22 10:03:20.661298+00	163	participante5	3		4	3
1133	2023-09-22 10:03:20.667014+00	164	participante6	3		4	3
1134	2023-09-22 10:03:20.672931+00	60	pauloSilva	3		4	3
1135	2023-09-22 10:03:20.678603+00	119	Pedro	3		4	3
1136	2023-09-22 10:03:20.690062+00	93	PMS	3		4	3
1137	2023-09-22 10:03:20.695588+00	82	risk-avaliador	3		4	3
1138	2023-09-22 10:03:20.701305+00	77	ritaAguiar	3		4	3
1139	2023-09-22 10:03:20.707074+00	147	Roque	3		4	3
1140	2023-09-22 10:03:20.712725+00	148	Roque2	3		4	3
1141	2023-09-22 10:03:20.718714+00	72	rosarioFernandes	3		4	3
1142	2023-09-22 10:03:20.724256+00	109	rosariomimoso 	3		4	3
1143	2023-09-22 10:03:20.729932+00	51	sandroDantas	3		4	3
1144	2023-09-22 10:03:20.735747+00	36	soniaMendonca	3		4	3
1145	2023-09-22 10:03:20.741363+00	48	soraiaMendes	3		4	3
1146	2023-09-22 10:03:56.871956+00	81	Participante 5	3		20	3
1147	2023-09-22 10:03:56.882402+00	80	Participante 4	3		20	3
1148	2023-09-22 10:03:56.888116+00	79	Participante 3	3		20	3
1149	2023-09-22 10:03:56.893722+00	78	Participante 2	3		20	3
1150	2023-09-22 10:03:56.899539+00	74	Teste 1807	3		20	3
1151	2023-09-22 10:03:56.905162+00	73	testestes	3		20	3
1152	2023-09-22 10:03:56.910843+00	52	teste123	3		20	3
1153	2023-09-22 10:04:28.049728+00	147	Grupo de Teste CARE	3		12	3
1154	2023-09-22 10:04:28.062399+00	146	Grupo de Teste	3		12	3
1155	2023-09-22 10:04:28.068079+00	130	Teste 06/09	3		12	3
1156	2023-09-22 10:04:28.073893+00	120	Setembro	3		12	3
1157	2023-09-22 10:04:28.079476+00	116	Teste	3		12	3
1158	2023-09-22 10:06:42.224046+00	135	Participante 6	3		14	3
1159	2023-09-22 10:06:42.23563+00	134	Participante 5	3		14	3
1160	2023-09-22 10:06:42.24113+00	133	Participante 4	3		14	3
1161	2023-09-22 10:06:42.246929+00	132	Participante 3	3		14	3
1162	2023-09-22 10:06:42.252685+00	131	Participante 2	3		14	3
1163	2023-09-22 10:06:42.2583+00	130	participante1	3		14	3
1164	2023-09-22 10:06:42.264099+00	129	dinamizador1	3		14	3
1165	2023-09-22 10:06:42.26979+00	128	Tiago Silva	3		14	3
1166	2023-09-22 10:06:42.275552+00	127	Participante 06/09	3		14	3
1167	2023-09-22 10:06:42.281414+00	126	Tiago S	3		14	3
1168	2023-09-22 10:06:42.287174+00	125	Tiago S	3		14	3
1169	2023-09-22 10:06:42.292647+00	122	Teste	3		14	3
1170	2023-09-22 10:06:42.298314+00	121	Jo├úo Maria	3		14	3
1172	2023-09-22 10:06:42.309794+00	119	Lucio Studer	3		14	3
1173	2023-09-22 10:06:42.315632+00	118	Jorge Eira	3		14	3
1174	2023-09-22 10:06:42.321173+00	117	Teste 1807	3		14	3
1175	2023-09-22 10:06:42.326955+00	116	Teresa Almada	3		14	3
1176	2023-09-22 10:06:42.332744+00	115	testestes	3		14	3
1177	2023-09-22 10:06:42.338487+00	113	M├írio Rafael Rodrigues da Silva	3		14	3
1178	2023-09-22 10:06:42.344159+00	112	Jos├® Lu├¡s Iria Rufino	3		14	3
1179	2023-09-22 10:06:42.349931+00	111	Lu├¡s Miguel Pacinha Milher├│	3		14	3
1180	2023-09-22 10:06:42.355608+00	110	Jo├úo Manuel Rosa Chopim	3		14	3
1181	2023-09-22 10:06:42.361298+00	109	Jos├® Carrusca Concepcion	3		14	3
1182	2023-09-22 10:06:42.367135+00	108	V├ónia Isabel dos Santos Matos	3		14	3
1183	2023-09-22 10:06:42.37278+00	107	Helena Johanna zixennis	3		14	3
1184	2023-09-22 10:06:42.378643+00	106	Nuno Miguel Peres dos Santos	3		14	3
1185	2023-09-22 10:06:42.384176+00	105	Jos├® Ant├│nio Da Silva Almeida	3		14	3
1186	2023-09-22 10:06:42.390087+00	104	Susana Gon├ºalves Dias	3		14	3
1187	2023-09-22 10:06:42.395614+00	103	Ant├│nio Lu├¡s Brito dos Santos Sousa	3		14	3
1188	2023-09-22 10:06:42.412875+00	102	Ana Isabel Peixe-Rei Brito	3		14	3
1189	2023-09-22 10:06:42.418406+00	101	Cla├║dia Cristina Oliveira Fernandes	3		14	3
1190	2023-09-22 10:06:42.424141+00	100	Nuno Alvaro Rodrigues Loren├ºo 	3		14	3
1191	2023-09-22 10:06:42.430244+00	99	Alexandra Arronches	3		14	3
1192	2023-09-22 10:06:42.43557+00	98	andre studer	3		14	3
1193	2023-09-22 10:06:42.441454+00	97	Pedro Studer	3		14	3
1194	2023-09-22 10:06:42.447012+00	96	Lucio Studer	3		14	3
1195	2023-09-22 10:06:42.452759+00	95	Ant├│nio Jos├®	3		14	3
1196	2023-09-22 10:06:42.458548+00	94	teste123	3		14	3
1197	2023-09-22 10:06:42.464167+00	93	Nuno Rasteiro	3		14	3
1198	2023-09-22 10:06:42.469949+00	92	Jorge Pereira	3		14	3
1199	2023-09-22 10:06:42.475547+00	91	Manuel Gomes	3		14	3
1200	2023-09-22 10:06:42.481277+00	90	Maria do Ros├írio	3		14	3
1201	2023-09-22 10:06:42.487078+00	89	Am├ília Rodrigues Rosa	3		14	3
1202	2023-09-22 10:06:42.493002+00	88	Roseta Gon├ºalves	3		14	3
1203	2023-09-22 10:06:42.498489+00	87	teste1234	3		14	3
1204	2023-09-22 10:06:42.504277+00	86	teste	3		14	3
1205	2023-09-22 10:06:42.509927+00	85	Tiago Silva	3		14	3
1206	2023-09-22 10:06:42.515562+00	84	Miguel Carvalho	3		14	3
1207	2023-09-22 10:06:42.52138+00	83	Ana Brito	3		14	3
1208	2023-09-22 10:06:42.527219+00	82	Carolina Martins	3		14	3
1209	2023-09-22 10:06:42.532928+00	81	teste	3		14	3
1210	2023-09-22 10:06:42.549917+00	80	Joaquim MS	3		14	3
1211	2023-09-22 10:06:42.55568+00	79	3213	3		14	3
1212	2023-09-22 10:06:42.561408+00	78	asmal utente	3		14	3
1213	2023-09-22 10:06:42.567024+00	77		3		14	3
1214	2023-09-22 10:06:42.572736+00	76	asmal utente 1	3		14	3
1215	2023-09-22 10:06:42.578472+00	75	Beatriz Duarte	3		14	3
1216	2023-09-22 10:06:42.58417+00	74	Gon├ºalo Coimbra	3		14	3
1217	2023-09-22 10:06:42.589843+00	73	Carolina Pascoal	3		14	3
1218	2023-09-22 10:06:42.595608+00	72	Henrique Torres	3		14	3
1219	2023-09-22 10:06:42.601304+00	71	Rita Aguiar	3		14	3
1220	2023-09-22 10:06:42.607102+00	70	Victor Cruz	3		14	3
1221	2023-09-22 10:06:42.612768+00	69	Daniela Fidalgo	3		14	3
1222	2023-09-22 10:06:42.618681+00	68	Jaime Dias	3		14	3
1223	2023-09-22 10:06:42.624238+00	67	Xavier Lobo	3		14	3
1224	2023-09-22 10:06:42.629949+00	66	Soraia Mendes	3		14	3
1225	2023-09-22 10:06:42.635625+00	65	S├│nia Mendon├ºa	3		14	3
1226	2023-09-22 10:06:42.641374+00	64	Sandro Dantas	3		14	3
1227	2023-09-22 10:06:42.647116+00	63	Ol├¡via Baptista	3		14	3
1228	2023-09-22 10:06:42.65281+00	62	Matilde Freire	3		14	3
1229	2023-09-22 10:06:42.658518+00	61	Marcelo Gama	3		14	3
1230	2023-09-22 10:06:42.664254+00	60	Manuel Machado	3		14	3
1231	2023-09-22 10:06:42.669926+00	59	Jos├® Paiva	3		14	3
1232	2023-09-22 10:06:42.675623+00	58	H├®lder Cerqueira	3		14	3
1233	2023-09-22 10:06:42.681374+00	57	Frederico Varej├úo	3		14	3
1234	2023-09-22 10:06:42.687143+00	56	Fernanda Martins	3		14	3
1235	2023-09-22 10:06:42.692955+00	55	F├ítima Amorim	3		14	3
1236	2023-09-22 10:06:42.698531+00	54	Em├¡lia Nogueira	3		14	3
1237	2023-09-22 10:06:42.704425+00	53	Elisa Sousa	3		14	3
1238	2023-09-22 10:06:42.709935+00	52	Ros├írio Fernandes	3		14	3
1239	2023-09-22 10:06:42.715676+00	51	Paulo Silva	3		14	3
1240	2023-09-22 10:06:42.721578+00	50	N├║ria Monteiro	3		14	3
1241	2023-09-22 10:06:42.727102+00	49	M├│nica Brito	3		14	3
1242	2023-09-22 10:06:42.732777+00	48	Mariana Miranda	3		14	3
1243	2023-09-22 10:06:42.738595+00	47	J├║lio Mendes	3		14	3
1244	2023-09-22 10:06:42.744496+00	46	Jacinto Correia	3		14	3
1245	2023-09-22 10:06:42.749997+00	45	In├ício Paiva	3		14	3
1246	2023-09-22 10:06:42.755761+00	44	Gustavo Correia	3		14	3
1247	2023-09-22 10:06:42.761476+00	43	Francisco Vieira	3		14	3
1248	2023-09-22 10:06:42.767194+00	42	Francisca Tom├ís	3		14	3
1249	2023-09-22 10:06:42.772859+00	41	Cust├│dia Martins	3		14	3
1250	2023-09-22 10:06:42.778769+00	40	Crist├│v├úo Freire	3		14	3
1251	2023-09-22 10:06:42.784465+00	39	Cristiana Gusm├úo	3		14	3
1252	2023-09-22 10:06:42.789988+00	38	Cla├║dio Matos	3		14	3
1253	2023-09-22 10:06:42.795942+00	37	Cla├║dia Torres	3		14	3
1254	2023-09-22 10:06:42.8015+00	36	C├ítia Luz	3		14	3
1255	2023-09-22 10:06:42.80715+00	35	Carminho Silva	3		14	3
1256	2023-09-22 10:06:42.812857+00	34	C├óndida Queiroz	3		14	3
1257	2023-09-22 10:06:42.81864+00	33	Bernardo Moreira	3		14	3
1258	2023-09-22 10:06:42.824321+00	32	Ant├│nio Faria	3		14	3
1259	2023-09-22 10:06:42.830197+00	31	Anselmo Pinho	3		14	3
1260	2023-09-22 10:06:42.835867+00	30	├éngela Coutinho	3		14	3
1261	2023-09-22 10:06:42.841487+00	29	Andr├® Brito	3		14	3
1262	2023-09-22 10:06:42.847226+00	28	Alfredo Monteiro	3		14	3
1263	2023-09-22 10:06:42.85292+00	2	In├¬s Silva	3		14	3
1264	2023-09-22 10:06:42.858795+00	1	Paulo Portas	3		14	3
1265	2023-09-22 10:08:41.937692+00	165	ASMAL-adm	1	[{"added": {}}]	4	3
1266	2023-09-22 10:09:14.73203+00	6	ASMAL-adm	1	[{"added": {}}]	60	3
1267	2023-09-22 10:09:26.824515+00	9	ASMAL-demo	3		23	3
1268	2023-09-22 10:10:56.076429+00	165	ASMAL-adm	2	[{"changed": {"fields": ["Groups"]}}]	4	3
1269	2023-09-22 10:24:36.209699+00	166	almira	2	[{"changed": {"fields": ["password"]}}]	4	3
1270	2023-09-22 10:24:58.504297+00	167	carolina	2	[{"changed": {"fields": ["password"]}}]	4	3
1271	2023-09-22 10:56:58.587445+00	166	almira	2	[{"changed": {"fields": ["password"]}}]	4	3
1272	2023-09-22 11:32:21.236198+00	170	teste	3		4	3
1273	2023-09-22 11:33:16.349251+00	149	Teste CARE	3		12	3
1274	2023-10-02 13:15:34.081073+00	167	carolina	2	[{"changed": {"fields": ["password"]}}]	4	3
1275	2023-10-02 13:18:59.076817+00	101	Alexandra do Carmo Farinha Arronches	2	[{"changed": {"fields": ["Avaliador"]}}]	20	3
1276	2023-10-02 13:19:03.786159+00	100	Antonio Luis Brito Santos Sousa	2	[{"changed": {"fields": ["Avaliador"]}}]	20	3
1277	2023-10-02 13:19:11.171197+00	99	Jos├® Luis Iria Rofino	2	[{"changed": {"fields": ["Avaliador"]}}]	20	3
1278	2023-10-02 13:19:15.309218+00	98	Luis Miguel Pancinho Malheiro	2	[{"changed": {"fields": ["Avaliador"]}}]	20	3
1279	2023-10-02 13:19:28.792446+00	97	Jo├úo Manuel Rosa Chapim	2	[{"changed": {"fields": ["Avaliador"]}}]	20	3
1280	2023-10-02 13:19:33.950326+00	96	Jos├® Inacio Vitorino Ramos Mendes	2	[{"changed": {"fields": ["Avaliador"]}}]	20	3
1281	2023-10-02 13:20:11.504063+00	95	Iran Neira Oliveira	2	[{"changed": {"fields": ["Avaliador"]}}]	20	3
1282	2023-10-02 13:20:16.071265+00	94	Jorge Alma Br├ís Dias	2	[{"changed": {"fields": ["Avaliador"]}}]	20	3
1283	2023-10-02 13:20:43.483923+00	91	Ana Pachiller da Rocha	2	[{"changed": {"fields": ["Avaliador"]}}]	20	3
1284	2023-10-02 13:20:48.487965+00	90	Telma Nobre Martins	2	[{"changed": {"fields": ["Avaliador"]}}]	20	3
1285	2023-10-02 13:20:53.292914+00	89	Luis Manuel Neves Pardal	2	[{"changed": {"fields": ["Avaliador"]}}]	20	3
1286	2023-10-02 13:20:59.904786+00	88	Vanda Jesus Piedade Andrade	2	[{"changed": {"fields": ["Avaliador"]}}]	20	3
1287	2023-10-02 13:21:13.154215+00	86	Fernanda Margarida Valente Mendon├ºa	2	[{"changed": {"fields": ["Avaliador"]}}]	20	3
1288	2023-10-02 13:21:18.73336+00	85	H├®lio Jorge Paulo Cardoso	2	[{"changed": {"fields": ["Avaliador"]}}]	20	3
1289	2023-10-02 13:21:24.35436+00	84	Cla├║dia Cristina Oliveira Fernandes	2	[]	20	3
1290	2023-10-02 13:21:29.470211+00	83	Ot├ívio Jos├® Vargues da Silva	2	[]	20	3
1291	2023-10-02 13:23:34.013348+00	166	almira	2	[{"changed": {"fields": ["password"]}}]	4	3
1292	2023-10-02 13:26:05.561359+00	198	MiguelC	1	[{"added": {}}]	4	3
1293	2023-10-02 13:26:42.884371+00	199	telmoTeste	1	[{"added": {}}]	4	3
1294	2023-10-02 13:31:05.519922+00	214	214. Alexandra do Carmo Farinha Arronches -  (23/9/2023, 15:0)	2	[{"changed": {"fields": ["Doctor"]}}]	52	3
1295	2023-10-02 13:31:31.021459+00	213	213. Antonio Luis Brito Santos Sousa -  (23/9/2023, 14:52)	2	[{"changed": {"fields": ["Doctor"]}}]	52	3
1296	2023-10-02 13:31:36.672351+00	212	212. Jos├® Luis Iria Rofino -  (23/9/2023, 14:48)	2	[{"changed": {"fields": ["Doctor"]}}]	52	3
1297	2023-10-02 13:31:41.18755+00	211	211. Luis Miguel Pancinho Malheiro -  (23/9/2023, 14:45)	2	[{"changed": {"fields": ["Doctor"]}}]	52	3
1298	2023-10-02 13:31:45.677639+00	210	210. Cla├║dia Cristina Oliveira Fernandes -  (23/9/2023, 14:44)	2	[{"changed": {"fields": ["Doctor"]}}]	52	3
1299	2023-10-02 13:31:49.287132+00	209	209. Jo├úo Manuel Rosa Chapim -  (23/9/2023, 14:41)	2	[{"changed": {"fields": ["Doctor"]}}]	52	3
1300	2023-10-02 13:31:52.756151+00	208	208. Jos├® Inacio Vitorino Ramos Mendes -  (23/9/2023, 14:37)	2	[{"changed": {"fields": ["Doctor"]}}]	52	3
1301	2023-10-02 13:31:56.381573+00	207	207. Iran Neira Oliveira -  (23/9/2023, 14:30)	2	[{"changed": {"fields": ["Doctor"]}}]	52	3
1302	2023-10-02 13:32:00.677906+00	206	206. Jorge Alma Br├ís Dias -  (23/9/2023, 14:28)	2	[{"changed": {"fields": ["Doctor"]}}]	52	3
1303	2023-10-02 13:32:06.181097+00	204	204. Ana Pachiller da Rocha -  (23/9/2023, 14:17)	2	[{"changed": {"fields": ["Doctor"]}}]	52	3
1304	2023-10-02 13:32:10.232491+00	203	203. Telma Nobre Martins -  (23/9/2023, 14:5)	2	[{"changed": {"fields": ["Doctor"]}}]	52	3
1305	2023-10-02 13:32:13.814686+00	202	202. Luis Manuel Neves Pardal -  (23/9/2023, 9:24)	2	[{"changed": {"fields": ["Doctor"]}}]	52	3
1306	2023-10-02 13:32:18.042842+00	201	201. Vanda Jesus Piedade Andrade -  (23/9/2023, 9:19)	2	[{"changed": {"fields": ["Doctor"]}}]	52	3
1307	2023-10-02 13:32:24.951288+00	199	199. Fernanda Margarida Valente Mendon├ºa -  (23/9/2023, 9:11)	2	[{"changed": {"fields": ["Doctor"]}}]	52	3
1308	2023-10-02 13:32:29.784489+00	198	198. H├®lio Jorge Paulo Cardoso -  (22/9/2023, 11:9)	2	[{"changed": {"fields": ["Doctor"]}}]	52	3
1309	2023-10-02 13:32:33.79481+00	194	194. Cla├║dia Cristina Oliveira Fernandes -  (22/9/2023, 10:34)	2	[]	52	3
1310	2023-10-02 13:34:20.870697+00	168	Telmo	1	[{"added": {}}]	14	3
1311	2023-10-02 13:36:49.886379+00	21	Telmo	1	[{"added": {}}]	9	3
1312	2023-10-02 13:45:32.266181+00	198	miguelC	2	[{"changed": {"fields": ["Username", "First name", "Last name", "Email address"]}}]	4	3
1313	2023-10-02 14:51:22.999337+00	180	nomePaixao	3		4	3
1314	2023-10-02 14:52:01.967671+00	173	nomeDias	3		4	3
1315	2023-10-02 14:56:27.514967+00	181	nomeFroes	3		4	3
1316	2023-10-04 15:43:58.77182+00	198	miguelC	2	[]	4	3
1317	2023-10-04 15:48:48.312595+00	21	Telmo	2	[{"changed": {"fields": ["Grupo", "Reference"]}}]	9	3
1318	2023-10-04 15:49:50.778711+00	21	Telmo	2	[{"changed": {"fields": ["Grupo"]}}]	9	3
1319	2023-10-04 15:50:03.259388+00	21	Telmo	2	[{"changed": {"fields": ["Grupo"]}}]	9	3
1320	2023-10-04 15:50:39.019152+00	21	Telmo	2	[{"changed": {"fields": ["Grupo"]}}]	9	3
1321	2023-10-04 15:51:38.24329+00	70	DinamizadorConvidado_grupo object (70)	2	[]	66	3
1322	2023-10-04 15:55:12.356189+00	239	antonioTeste	1	[{"added": {}}]	4	3
1323	2023-10-04 15:56:18.715844+00	22		1	[{"added": {}}]	9	3
1324	2023-10-04 15:58:13.404909+00	240	tester1234	1	[{"added": {}}]	4	3
1325	2023-10-04 15:58:29.818633+00	200	Tester	1	[{"added": {}}]	14	3
1326	2023-10-04 15:59:01.09224+00	23	Tester	1	[{"added": {}}]	9	3
1327	2023-10-04 16:01:59.27282+00	23	Tester	2	[{"changed": {"fields": ["Nacionalidade", "Localizacao", "Reference"]}}]	9	3
1328	2023-10-04 16:43:58.053619+00	135	Jos├® Antonio Da Silva Almeida	2	[{"changed": {"fields": ["Avaliador"]}}]	20	3
1329	2023-10-04 16:44:10.590082+00	134	Ana Isabel Peixe-Rei Brito	2	[{"changed": {"fields": ["Avaliador"]}}]	20	3
1330	2023-10-04 16:44:18.925379+00	133	Nuno Alvaro Rodrigues Louren├ºo	2	[{"changed": {"fields": ["Avaliador"]}}]	20	3
1331	2023-10-04 16:44:32.922621+00	132	Leila de Sousa	2	[{"changed": {"fields": ["Avaliador"]}}]	20	3
1332	2023-10-04 16:52:25.088787+00	171	helioCardoso	2	[{"changed": {"fields": ["password"]}}]	4	3
1333	2023-10-04 16:56:52.18936+00	182	jorgeDias	2	[{"changed": {"fields": ["password"]}}]	4	3
1334	2023-10-04 17:39:37.863694+00	36	Carolina	2	[{"changed": {"fields": ["Referenciacao", "PeriodicidadeCuidado"]}}]	8	3
1335	2023-10-04 17:39:46.212028+00	37	Antonio Ventura	2	[{"changed": {"fields": ["Referenciacao", "PeriodicidadeCuidado"]}}]	8	3
1336	2023-10-04 17:48:51.288513+00	195	carolDias	2	[{"changed": {"fields": ["password"]}}]	4	3
1337	2023-10-04 17:51:44.498476+00	37	Antonio Ventura	2	[{"changed": {"fields": ["Grupo"]}}]	8	3
1338	2023-10-04 17:52:21.1587+00	36	Carolina	2	[{"changed": {"fields": ["Grupo"]}}]	8	3
1339	2023-10-04 17:53:15.416699+00	37	Antonio Ventura	2	[]	8	3
1340	2023-10-04 17:53:20.804018+00	36	Carolina	2	[{"changed": {"fields": ["Grupo"]}}]	8	3
1341	2023-10-08 16:09:42.585251+00	131	Antonio Jos├® Jesus Santos	2	[{"changed": {"fields": ["Avaliador"]}}]	20	3
1342	2023-10-08 16:09:56.069449+00	130	Helena Johanna Zixennis	2	[{"changed": {"fields": ["Avaliador"]}}]	20	3
1343	2023-10-08 16:10:12.459253+00	129	Manuela Antonio	2	[{"changed": {"fields": ["Avaliador"]}}]	20	3
1344	2023-10-08 16:10:24.971982+00	128	Silvia Cristina Amaro Adanja	2	[{"changed": {"fields": ["Avaliador"]}}]	20	3
1345	2023-10-08 16:12:51.540346+00	127	Susana Gon├ºalves Dias	2	[{"changed": {"fields": ["Avaliador"]}}]	20	3
1346	2023-10-08 16:14:50.092512+00	127	Susana Gon├ºalves Dias	2	[]	20	3
1347	2023-10-08 16:14:56.390593+00	128	Silvia Cristina Amaro Adanja	2	[]	20	3
1348	2023-10-08 16:15:47.476579+00	126	Mario Rafael Rodrigues Silva	2	[{"changed": {"fields": ["Avaliador"]}}]	20	3
1349	2023-10-08 16:15:55.363989+00	126	Mario Rafael Rodrigues Silva	2	[]	20	3
1350	2023-10-08 16:16:08.886799+00	125	Jos├® Carrusca Compton	2	[{"changed": {"fields": ["Avaliador"]}}]	20	3
1351	2023-10-08 16:16:19.464252+00	124	Vania Isabel dos Santos Matos	2	[{"changed": {"fields": ["Avaliador"]}}]	20	3
1352	2023-10-08 16:16:31.763958+00	123	Nuno Miguel Peres Santos	2	[{"changed": {"fields": ["Avaliador"]}}]	20	3
1353	2023-10-08 16:16:43.715846+00	122	Madalena Bairro Ar├¬z	2	[{"changed": {"fields": ["Avaliador"]}}]	20	3
1354	2023-10-08 16:16:56.321713+00	121	Maria Jos├® de Jesus Gon├ºalves	2	[{"changed": {"fields": ["Avaliador"]}}]	20	3
1355	2023-10-08 16:17:08.287631+00	120	Maria Ermelinda de S├í	2	[{"changed": {"fields": ["Avaliador"]}}]	20	3
1356	2023-10-08 16:24:51.988665+00	117	Maria Odete Martins Madeira	2	[{"changed": {"fields": ["Avaliador"]}}]	20	3
1357	2023-10-08 16:25:10.098555+00	119	M├írio Nicolau Pereira Caetano	2	[{"changed": {"fields": ["Avaliador"]}}]	20	3
1358	2023-10-08 16:25:17.172824+00	118	Maria do Ros├írio Nunes Mimoso	2	[{"changed": {"fields": ["Avaliador"]}}]	20	3
1359	2023-10-08 16:25:29.79456+00	117	Maria Odete Martins Madeira	2	[]	20	3
1360	2023-10-08 16:25:40.792542+00	116	Vitor Semi├úo	2	[{"changed": {"fields": ["Avaliador"]}}]	20	3
1361	2023-10-08 16:25:48.982954+00	115	Silveno Gra├ºa	2	[{"changed": {"fields": ["Avaliador"]}}]	20	3
1362	2023-10-08 16:26:03.015655+00	114	Nuno Jos├®	2	[{"changed": {"fields": ["Avaliador"]}}]	20	3
1363	2023-10-08 16:26:25.959337+00	113	Joaquim Dionisio	2	[{"changed": {"fields": ["Avaliador"]}}]	20	3
1364	2023-10-08 16:27:25.809956+00	112	Francisco Santos	2	[{"changed": {"fields": ["Avaliador"]}}]	20	3
1365	2023-10-08 16:27:38.811736+00	111	Edmundo Helena	2	[{"changed": {"fields": ["Avaliador"]}}]	20	3
1366	2023-10-08 16:27:49.145622+00	110	Manuel Gomes	2	[{"changed": {"fields": ["Avaliador"]}}]	20	3
1367	2023-10-08 16:28:00.252746+00	109	Manuel Felisberto	2	[{"changed": {"fields": ["Avaliador"]}}]	20	3
1368	2023-10-08 16:28:06.59019+00	108	Daniela Domingos	2	[{"changed": {"fields": ["Avaliador"]}}]	20	3
1369	2023-10-08 16:28:13.458457+00	107	Antonio Jose	2	[{"changed": {"fields": ["Avaliador"]}}]	20	3
1370	2023-10-08 16:28:20.697578+00	106	Am├ília Rosa	2	[{"changed": {"fields": ["Avaliador"]}}]	20	3
1371	2023-10-08 16:28:38.821051+00	105	Josefa Maria Br├ís Dias	2	[{"changed": {"fields": ["Avaliador"]}}]	20	3
1372	2023-10-08 16:28:50.895094+00	104	Ana Cristina Bandeira do Nascimento Alves Fr├Áes	2	[{"changed": {"fields": ["Avaliador"]}}]	20	3
1373	2023-10-08 16:29:03.93484+00	103	Vanda de Freitas Ferro Paix├úo	2	[{"changed": {"fields": ["Avaliador"]}}]	20	3
1374	2023-10-08 16:29:49.130752+00	102	Michelle Batista Dias	2	[{"changed": {"fields": ["Avaliador"]}}]	20	3
1375	2023-10-11 17:37:01.871397+00	245	ADEB-adm	1	[{"added": {}}]	4	3
1376	2023-10-11 17:37:06.159554+00	7	ADEB-adm	1	[{"added": {}}]	60	3
1377	2023-10-11 17:39:27.8024+00	245	ADEB-adm	2	[{"changed": {"fields": ["Groups"]}}]	4	3
1378	2023-10-11 17:52:04.890344+00	21	Telmo	3		9	3
1379	2023-10-11 17:52:27.306991+00	20	Paulo	3		9	3
1380	2023-10-11 17:52:32.127623+00	23	Tester	3		9	3
1381	2023-10-11 17:52:57.170366+00	22		3		9	3
1382	2023-10-12 10:21:32.492117+00	246	pedroS	1	[{"added": {}}]	4	3
1383	2023-10-12 10:22:36.105096+00	204	Pedro S	1	[{"added": {}}]	14	3
1384	2023-10-12 10:22:54.12114+00	38	Pedro S	1	[{"added": {}}]	8	3
1385	2023-10-12 10:27:40.992717+00	15	pedroS	1	[{"added": {}}]	59	3
1386	2023-10-12 10:27:48.560096+00	15	pedroS	2	[]	59	3
1387	2023-10-12 10:27:53.654112+00	13	carolina	2	[]	59	3
1388	2023-10-12 10:28:06.036937+00	15	pedroS	2	[{"changed": {"fields": ["Reference"]}}]	59	3
1389	2023-10-12 10:29:12.863013+00	38	Pedro S	3		8	3
1390	2023-10-12 10:31:37.406974+00	246	pedroS	2	[{"changed": {"fields": ["First name", "Last name", "Groups"]}}]	4	3
1391	2023-10-12 20:53:11.620965+00	21	Avalia├º├úo Gratuita de Risco Cardiovascular na ADEB	1	[{"added": {}}]	58	3
1392	2023-10-13 09:52:58.029163+00	246	pedroS	2	[{"changed": {"fields": ["Last name", "Email address"]}}]	4	3
1393	2023-10-16 20:16:16.43174+00	15	pedroS	2	[]	59	3
1394	2023-10-19 13:28:45.618166+00	254	avaliador-ADEB	1	[{"added": {}}]	4	3
1395	2023-10-19 13:28:52.142097+00	254	avaliador-ADEB	2	[{"changed": {"fields": ["Groups"]}}]	4	3
1396	2023-10-19 13:29:26.101004+00	250	anaCarolina	3		4	3
1397	2023-10-19 13:31:27.167901+00	254	avaliador-ADEB	3		4	3
1398	2023-10-19 13:33:16.513995+00	255	avaliadorAdeb	2	[{"changed": {"fields": ["password"]}}]	4	3
1399	2023-10-19 13:37:52.332162+00	139	Miguel Nuno Dias Morbey	2	[{"changed": {"fields": ["Avaliador"]}}]	20	3
1400	2023-10-19 13:40:35.884332+00	140	maria carmen	2	[{"changed": {"fields": ["Avaliador"]}}]	20	3
1401	2023-10-21 10:22:45.969229+00	263	giraAvaliador	1	[{"added": {}}]	4	3
1402	2023-10-21 10:23:18.112384+00	264	avaliadorGira	1	[{"added": {}}]	4	3
1403	2023-10-21 10:24:02.132082+00	264	avaliadorGira	2	[{"changed": {"fields": ["First name", "Email address", "Groups"]}}]	4	3
1404	2023-10-21 10:24:26.325857+00	263	giraAvaliador	3		4	3
1405	2023-10-21 10:25:26.72735+00	265	GIRA-adm	1	[{"added": {}}]	4	3
1406	2023-10-21 10:25:31.88582+00	8	GIRA-adm	1	[{"added": {}}]	60	3
1407	2023-10-21 10:26:34.915744+00	266	ELO-adm	1	[{"added": {}}]	4	3
1408	2023-10-21 10:26:40.2524+00	9	ELO-adm	1	[{"added": {}}]	60	3
1409	2023-10-23 12:45:56.048771+00	267	CV-adm	1	[{"added": {}}]	4	3
1410	2023-10-23 12:46:00.708928+00	10	CV-adm	1	[{"added": {}}]	60	3
1411	2023-10-23 12:46:58.325653+00	267	CV-adm	2	[{"changed": {"fields": ["Groups"]}}]	4	3
1412	2023-10-23 12:47:02.434791+00	10	CV-adm	2	[]	60	3
1413	2023-10-23 16:36:55.062863+00	22		3		10	3
1414	2023-10-23 16:36:55.107701+00	21		3		10	3
1415	2023-10-23 16:36:55.136033+00	20		3		10	3
1416	2023-10-23 17:06:30.717545+00	139	Miguel Nuno Dias Morbey	2	[{"changed": {"fields": ["Diagnosticos"]}}]	20	3
1417	2023-10-23 17:26:06.823822+00	139	Miguel Nuno Dias Morbey	2	[{"changed": {"fields": ["Diagnosticos"]}}]	20	3
1418	2023-10-31 14:44:49.60651+00	269	CRUZ-adm	1	[{"added": {}}]	4	3
1419	2023-10-31 14:47:46.491403+00	269	CRUZ-adm	2	[{"changed": {"fields": ["Groups"]}}]	4	3
1420	2023-11-06 11:08:09.298898+00	269	CRUZ-adm	3		4	3
1421	2023-11-06 11:08:24.893661+00	271	CRUZ-adm	1	[{"added": {}}]	4	3
1422	2023-11-06 11:08:42.572757+00	271	CRUZ-adm	2	[{"changed": {"fields": ["Groups"]}}]	4	3
1423	2023-11-06 11:10:27.163083+00	15	pedroS	2	[{"changed": {"fields": ["Sexo"]}}]	59	3
1424	2023-11-06 11:10:54.951314+00	11	CRUZ-adm	1	[{"added": {}}]	60	3
1425	2023-11-06 11:19:54.328252+00	16	miguelTeste	3		59	3
1426	2023-11-06 11:20:02.648516+00	14	paulo1234	3		59	3
1427	2023-11-06 11:20:19.656335+00	18	aaaa	1	[{"added": {}}]	59	3
1428	2023-11-06 11:23:33.572574+00	273	aaaa	3		4	3
1429	2023-11-06 11:23:33.581248+00	253	miguelTeste	3		4	3
1430	2023-11-06 11:23:33.586871+00	272	miguelTeste2	3		4	3
1431	2023-11-06 11:23:52.079651+00	199	telmoTeste	3		4	3
1432	2023-11-06 11:23:52.089934+00	240	tester1234	3		4	3
1433	2023-11-06 11:30:30.334453+00	245	ADEB-adm	2	[]	4	3
1434	2023-11-06 11:31:03.274113+00	274	miguelTeste	1	[{"added": {}}]	4	3
1435	2023-11-06 11:31:09.890152+00	274	miguelTeste	2	[{"changed": {"fields": ["Groups"]}}]	4	3
1436	2023-11-06 11:31:37.845876+00	274	miguelTeste	2	[{"changed": {"fields": ["Groups"]}}]	4	3
1437	2023-11-06 11:31:46.589415+00	198	miguelC	3		4	3
1438	2023-11-06 11:32:13.773053+00	220	Miguel	1	[{"added": {}}]	14	3
1439	2023-11-06 11:32:17.667325+00	19	miguelTeste	1	[{"added": {}}]	59	3
1440	2023-11-06 11:33:30.663127+00	274	miguelTeste	2	[{"changed": {"fields": ["Groups"]}}]	4	3
1441	2023-11-24 13:47:27.662488+00	265	GIRA-adm	2	[{"changed": {"fields": ["Groups"]}}]	4	3
1442	2023-11-24 13:47:59.238071+00	266	ELO-adm	2	[{"changed": {"fields": ["Groups"]}}]	4	3
1443	2023-11-24 16:48:55.155961+00	278	avaliadorGIRA	1	[{"added": {}}]	4	3
1444	2023-11-24 16:49:40.470265+00	278	avaliadorGIRA	2	[{"changed": {"fields": ["First name", "Last name", "Email address", "Groups"]}}]	4	3
1445	2023-11-24 16:49:59.903681+00	279	avaliadorELO	1	[{"added": {}}]	4	3
1446	2023-11-24 16:50:16.325776+00	279	avaliadorELO	2	[{"changed": {"fields": ["First name", "Last name", "Email address", "Groups"]}}]	4	3
1447	2023-11-24 16:50:53.305223+00	20	avaliadorELO	1	[{"added": {}}]	59	3
1448	2023-11-24 16:51:15.516383+00	224	AvaliadorELO	1	[{"added": {}}]	14	3
1449	2023-11-24 16:51:24.28522+00	20	avaliadorELO	2	[{"changed": {"fields": ["Info sensivel", "Reference"]}}]	59	3
1450	2023-11-24 16:53:51.486296+00	225	Avaliador GIRA	1	[{"added": {}}]	14	3
1451	2023-11-24 16:53:53.602593+00	21	avaliadorGIRA	1	[{"added": {}}]	59	3
1452	2023-11-24 16:54:00.752941+00	21	avaliadorGIRA	2	[{"changed": {"fields": ["Reference"]}}]	59	3
1453	2023-11-24 16:54:06.907794+00	21	avaliadorGIRA	2	[]	59	3
1454	2023-11-24 16:54:20.890801+00	21	avaliadorGIRA	2	[]	59	3
1455	2023-11-24 16:54:24.957803+00	20	avaliadorELO	2	[]	59	3
1456	2023-11-25 21:43:56.024982+00	281	testeTesterCuidador	1	[{"added": {}}]	4	3
1457	2023-11-25 21:44:55.741943+00	227	testeTester	1	[{"added": {}}]	14	3
1458	2023-11-25 21:46:02.046371+00	40	testeTester	1	[{"added": {}}]	8	3
1459	2023-11-25 21:47:51.575747+00	40	testeTester	2	[{"changed": {"fields": ["Referenciacao"]}}]	8	3
1460	2023-11-25 21:53:08.479418+00	41	Mike Nite	2	[{"changed": {"fields": ["Referenciacao", "PeriodicidadeCuidado"]}}]	8	3
1461	2023-11-25 21:53:34.784422+00	40	testeTester	2	[{"changed": {"fields": ["Avaliador"]}}]	8	3
1462	2023-12-10 09:28:47.568028+00	285	aaasdasD	3		4	3
1463	2023-12-10 09:28:47.621075+00	283	TiagoDaSilvaOCara	3		4	3
1464	2023-12-10 09:33:14.706124+00	274	miguelTeste	3		4	3
1465	2023-12-10 09:33:14.722227+00	268	pabloV	3		4	3
1466	2023-12-10 09:33:14.733595+00	270	pedroTeste	3		4	3
1467	2023-12-10 09:33:14.739368+00	284	taDa	3		4	3
1468	2023-12-10 09:33:14.744991+00	276	teste	3		4	3
1469	2023-12-10 09:33:14.750725+00	249	teste13out	3		4	3
1470	2024-01-04 21:51:09.708201+00	292	miguelTeste	1	[{"added": {}}]	4	3
1471	2024-01-04 21:51:24.930144+00	238	Miguel	1	[{"added": {}}]	14	3
1472	2024-01-04 21:52:20.990086+00	25	Miguel	1	[{"added": {}}]	9	3
1473	2024-01-07 10:59:13.22037+00	14	(COG) Sess├úo 1. Sess├úo 1	2	[{"changed": {"fields": ["Nome", "Tema", "Dinamizadores"]}}]	24	3
1474	2024-01-08 14:22:00.446413+00	15	(COG) Sess├úo 2. Sess├úo 2	2	[{"changed": {"fields": ["Nome", "Tema", "Dinamizadores"]}}]	24	3
1475	2024-01-08 15:24:28.798969+00	16	(COG) Sess├úo 3. Sess├úo 3	2	[{"changed": {"fields": ["Nome", "Tema", "Dinamizadores"]}}]	24	3
1476	2024-01-08 15:56:50.796128+00	14	(COG) Sess├úo 1. Sess├úo 1	2	[{"changed": {"fields": ["Materiais"]}}]	24	3
1477	2024-01-08 16:02:46.247691+00	14	(COG) Sess├úo 1. Sess├úo 1	2	[{"changed": {"fields": ["Materiais"]}}]	24	3
1478	2024-01-08 20:31:27.868813+00	17	(COG) Sess├úo 4. Sess├úo 4	2	[{"changed": {"fields": ["Nome", "Tema", "Dinamizadores"]}}]	24	3
1479	2024-01-08 20:32:34.806754+00	18	(COG) Sess├úo 5. Sess├úo 5	2	[{"changed": {"fields": ["Nome", "Tema", "Dinamizadores"]}}]	24	3
1480	2024-01-08 20:33:38.314129+00	19	(COG) Sess├úo 6. Sess├úo 6	2	[{"changed": {"fields": ["Nome", "Tema", "Dinamizadores"]}}]	24	3
1481	2024-01-08 20:34:36.494434+00	20	(COG) Sess├úo 7. Sess├úo 7	2	[{"changed": {"fields": ["Nome", "Tema", "Dinamizadores"]}}]	24	3
1482	2024-01-09 11:00:58.442778+00	21	(COG) Sess├úo 8. Sess├úo 8	2	[{"changed": {"fields": ["Nome", "Tema", "Dinamizadores"]}}]	24	3
1483	2024-01-09 11:05:22.182199+00	22	(COG) Sess├úo 9. Sess├úo 9	2	[{"changed": {"fields": ["Nome", "Tema", "Dinamizadores"]}}]	24	3
1484	2024-01-09 11:08:55.687948+00	23	(COG) Sess├úo 10. Sess├úo 10	2	[{"changed": {"fields": ["Nome", "Tema", "Dinamizadores"]}}]	24	3
1485	2024-01-09 11:45:23.983251+00	24	(COG) Sess├úo 11. Sess├úo 11	2	[{"changed": {"fields": ["Nome", "Tema", "Dinamizadores"]}}]	24	3
1486	2024-01-09 11:46:40.194487+00	25	(COG) Sess├úo 12. Sess├úo 12	2	[{"changed": {"fields": ["Nome", "Tema", "Dinamizadores"]}}]	24	3
1487	2024-01-09 11:47:42.145742+00	26	(COG) Sess├úo 13. Sess├úo 13	2	[{"changed": {"fields": ["Nome", "Tema", "Dinamizadores"]}}]	24	3
1488	2024-01-09 11:48:23.389472+00	27	(COG) Sess├úo 14. Sess├úo 14	2	[{"changed": {"fields": ["Nome", "Tema", "Dinamizadores"]}}]	24	3
1489	2024-01-14 00:47:29.290156+00	195	carolDias	2	[{"changed": {"fields": ["password"]}}]	4	3
1490	2024-01-14 20:15:44.705316+00	196	paulo1234	2	[{"changed": {"fields": ["password"]}}]	4	3
1491	2024-01-14 20:17:40.860336+00	298	cuidadorTeste	1	[{"added": {}}]	4	3
1492	2024-01-14 20:18:21.107302+00	298	cuidadorTeste	2	[{"changed": {"fields": ["First name", "Last name", "Email address", "Groups"]}}]	4	3
1493	2024-01-14 20:18:55.050229+00	298	cuidadorTeste	2	[{"changed": {"fields": ["Groups"]}}]	4	3
1494	2024-01-22 13:55:26.704042+00	246	pedroS	2	[{"changed": {"fields": ["Groups"]}}]	4	3
1495	2024-02-08 13:38:37.227305+00	246	pedroS	2	[{"changed": {"fields": ["Groups"]}}]	4	3
1496	2024-02-12 09:21:08.309007+00	246	pedroS	2	[{"changed": {"fields": ["Groups"]}}]	4	3
1497	2024-02-12 09:26:42.854634+00	310	miguelCTeste	1	[{"added": {}}]	4	3
1498	2024-02-12 09:27:04.682701+00	243	Miguel	1	[{"added": {}}]	14	3
1499	2024-02-12 09:27:20.676871+00	25	miguelCTeste	1	[{"added": {}}]	59	3
1500	2024-02-12 09:28:02.245644+00	25	miguelCTeste	2	[]	59	3
1501	2024-02-12 09:28:20.591528+00	310	miguelCTeste	2	[{"changed": {"fields": ["Groups"]}}]	4	3
1502	2024-02-12 09:29:51.281859+00	310	miguelCTeste	2	[{"changed": {"fields": ["Groups"]}}]	4	3
1503	2024-02-12 09:30:58.365602+00	310	miguelCTeste	2	[{"changed": {"fields": ["Groups"]}}]	4	3
1504	2024-02-12 09:35:41.300468+00	12	miguelCTeste	1	[{"added": {}}]	60	3
1505	2024-02-12 09:37:31.029673+00	13	pedroS	1	[{"added": {}}]	60	3
1506	2024-03-11 21:03:33.09862+00	318	pedroSNaAsmal	1	[{"added": {}}]	4	3
1507	2024-03-11 21:03:38.190616+00	14	pedroSNaAsmal	1	[{"added": {}}]	60	3
1508	2024-03-11 21:05:37.830309+00	318	pedroSNaAsmal	2	[{"changed": {"fields": ["First name", "Last name", "Groups"]}}]	4	3
1509	2024-03-14 10:30:43.190117+00	337	miguelCardosoCuidador	1	[{"added": {}}]	4	3
1510	2024-03-14 10:31:04.729866+00	337	miguelCardosoCuidador	2	[{"changed": {"fields": ["Groups"]}}]	4	3
1511	2024-03-14 10:32:40.38592+00	337	miguelCardosoCuidador	2	[{"changed": {"fields": ["User permissions"]}}]	4	3
1512	2024-03-14 10:36:38.531197+00	291	tiagoTomas	2	[{"changed": {"fields": ["password"]}}]	4	3
1513	2024-03-18 17:28:23.854639+00	342	CRINABEL-adm	1	[{"added": {}}]	4	3
1514	2024-03-18 17:29:11.882074+00	11	CRINABEL	1	[{"added": {}}]	23	3
1515	2024-03-18 17:29:22.317019+00	15	CRINABEL-adm	1	[{"added": {}}]	60	3
1516	2024-03-21 11:47:31.409612+00	342	CRINABEL-adm	2	[{"changed": {"fields": ["Groups"]}}]	4	3
1517	2024-03-21 11:47:47.159481+00	265	GIRA-adm	2	[{"changed": {"fields": ["Groups"]}}]	4	3
1518	2024-03-21 11:48:05.695764+00	245	ADEB-adm	2	[{"changed": {"fields": ["Groups"]}}]	4	3
1519	2024-04-13 11:49:40.817275+00	177	Teste	3		12	3
1520	2024-04-13 11:49:40.827314+00	175	Teste	3		12	3
1521	2024-04-13 11:49:40.832786+00	172	Teste	3		12	3
1522	2024-04-13 11:49:40.838396+00	171	Teste	3		12	3
1523	2024-04-13 11:49:40.844224+00	163	Teste	3		12	3
1524	2024-04-13 11:49:40.850258+00	160	Teste	3		12	3
1525	2024-04-13 11:49:40.855666+00	159	Teste	3		12	3
1526	2024-04-13 11:49:40.861264+00	158	Teste	3		12	3
1527	2024-04-13 11:49:40.866957+00	157	Teste	3		12	3
1528	2024-04-13 11:49:40.872915+00	156	Teste	3		12	3
1529	2024-04-13 11:49:40.878549+00	155	Teste1	3		12	3
1530	2024-05-20 11:07:21.012417+00	41	Mike Nite	3		8	3
1531	2024-05-20 11:07:28.667238+00	42	Tifosi Lucio	3		8	3
1532	2024-05-20 11:07:40.812291+00	40	testeTester	3		8	3
1533	2024-05-25 12:43:30.224966+00	308	aaaa23	3		4	3
1534	2024-05-25 12:43:30.247296+00	239	antonioTeste	3		4	3
1535	2024-05-25 12:43:30.252863+00	288	cuidadorADEBTeste	3		4	3
1536	2024-05-25 12:43:30.258344+00	298	cuidadorTeste	3		4	3
1537	2024-05-25 12:43:30.264267+00	282	cuidadorTesteGIRA	3		4	3
1538	2024-05-25 12:43:30.270024+00	311	Cuidame	3		4	3
1539	2024-05-25 12:43:30.275598+00	297	dina_teste	3		4	3
1540	2024-05-25 12:43:30.281102+00	299	justtesting	3		4	3
1541	2024-05-25 12:43:30.287295+00	309	miguel4	3		4	3
1542	2024-05-25 12:43:30.292812+00	312	miguelCardosoTeste	3		4	3
1543	2024-05-25 12:43:30.298371+00	310	miguelCTeste	3		4	3
1544	2024-05-25 12:43:30.303903+00	292	miguelTeste	3		4	3
1545	2024-05-25 12:43:30.310068+00	439	teste123	3		4	3
1546	2024-05-25 12:43:30.315788+00	313	teste1234	3		4	3
1547	2024-05-25 12:43:30.32177+00	444	teste2345	3		4	3
1548	2024-05-25 12:43:30.327338+00	302	teste_8	3		4	3
1549	2024-05-25 12:43:30.332975+00	303	teste888	3		4	3
1550	2024-05-25 12:43:30.338755+00	304	teste899	3		4	3
1551	2024-05-25 12:43:30.344521+00	305	teste+9999	3		4	3
1552	2024-05-25 12:43:30.349926+00	306	teste+99999	3		4	3
1553	2024-05-25 12:43:30.355388+00	307	teste+99999999	3		4	3
1554	2024-05-25 12:43:30.3615+00	440	testeApresentacao	3		4	3
1555	2024-05-25 12:43:30.367216+00	445	testeColab	3		4	3
1556	2024-05-25 12:43:30.372638+00	438	tester123	3		4	3
1557	2024-05-25 12:43:30.378216+00	300	teste_tester	3		4	3
1558	2024-05-25 12:43:30.384482+00	319	testeTester	3		4	3
1559	2024-05-25 12:43:30.390236+00	301	teste_tester9	3		4	3
1560	2024-05-25 12:43:30.39584+00	281	testeTesterCuidador	3		4	3
1561	2024-05-25 12:43:30.401343+00	315	testeTT	3		4	3
1562	2024-05-25 12:43:30.40997+00	289	testeUtilizador	3		4	3
1563	2024-05-25 12:43:30.418129+00	316	testingPedro	3		4	3
1564	2024-05-25 12:43:30.424154+00	317	tiagoRapazote	3		4	3
1565	2024-05-25 12:43:30.429761+00	280	umTeste	3		4	3
1566	2024-05-25 13:04:42.00393+00	263	Teste Tomas	3		20	3
1567	2024-05-26 14:46:34.829962+00	178	David Jos├® Favinha Martins	3		20	3
1568	2024-05-28 08:48:53.29363+00	288	Maria da Concei├º├úo Pascoal Moreira Bastos	3		20	3
1569	2024-06-22 10:32:37.805226+00	22	MentHA Digital com a CRINABEL	1	[{"added": {}}]	58	3
1570	2024-06-26 12:03:01.186738+00	23	Projeto MentHA - Melhorar a Sa├║de Mental dos Mais Velhos	1	[{"added": {}}]	58	3
1571	2024-07-08 19:57:37.796998+00	181	Teste Video	3		12	3
1572	2024-07-08 19:57:37.877415+00	178	TesteApresentacao	3		12	3
1573	2024-07-08 19:57:37.917423+00	174	TesteGrupo	3		12	3
1574	2024-07-08 19:57:37.924166+00	170	grupo	3		12	3
1575	2024-07-08 19:57:37.929592+00	169	grupo	3		12	3
1576	2024-07-08 19:57:37.935306+00	168	aaaaa	3		12	3
1577	2024-07-08 19:57:37.941594+00	167	Grupo Teste 2	3		12	3
1578	2024-07-08 19:57:37.947041+00	166	Grupo Teste	3		12	3
1579	2024-07-08 19:57:37.952423+00	162	test	3		12	3
1580	2024-07-08 19:57:37.958503+00	161	test	3		12	3
1581	2024-07-09 08:39:08.286186+00	515	testeCuidador	1	[{"added": {}}]	4	3
1582	2024-07-09 08:39:24.138596+00	428	teste	1	[{"added": {}}]	14	3
1583	2024-07-09 08:39:58.819321+00	47	teste	1	[{"added": {}}]	8	3
1584	2024-07-09 08:48:00.322609+00	515	testeCuidador	2	[{"changed": {"fields": ["Groups", "User permissions"]}}]	4	3
1585	2024-07-15 17:17:18.114484+00	12	Sess├úo de valida├º├úo dos Prot├│tipos MentHA	2	[{"changed": {"fields": ["Imagem"]}}]	58	3
1586	2024-07-15 17:19:27.265826+00	8	Est├úo prontos os gui├Áes para experimentar prot├│tipos	2	[{"changed": {"fields": ["Imagem"]}}]	58	3
1587	2024-07-15 17:20:56.536317+00	1	MentHA Digital ganhou concurso DGS	2	[{"changed": {"fields": ["Imagem"]}}]	58	3
1588	2024-07-15 17:27:58.444233+00	1	MentHA Digital ganhou concurso DGS	2	[{"changed": {"fields": ["Imagem"]}}]	58	3
1589	2024-07-29 13:52:01.625124+00	24	Parceria com a Escola Superior de Sa├║de da Cruz Vermelha Portuguesa	1	[{"added": {}}]	58	3
1590	2024-07-29 14:00:03.941934+00	25	Sess├úo no Algarve na ASMAL	1	[{"added": {}}]	58	3
1591	2024-07-29 14:00:32.973265+00	25	MentHA Digital vai ao Algarve fazer sess├Áes de avalia├º├úo na ASMAL	2	[{"changed": {"fields": ["Titulo"]}}]	58	3
1592	2024-07-29 14:10:15.238132+00	26	Submetido relat├│rio final ├á Dire├º├úo Geral da Sa├║de	1	[{"added": {}}]	58	3
1593	2024-07-29 14:10:31.69583+00	26	Submetido relat├│rio final ├á Dire├º├úo Geral da Sa├║de	2	[]	58	3
1594	2024-07-29 14:25:09.603288+00	27	Apresentado com sucesso Trabalho Final de Curso no ├ómbito do Projeto MentHA Digital	1	[{"added": {}}]	58	3
1595	2024-07-29 14:25:53.940178+00	27	Apresentado com sucesso Trabalho Final de Curso no ├ómbito do Projeto MentHA Digital	2	[{"changed": {"fields": ["Url"]}}]	58	3
1596	2024-07-29 14:30:05.691889+00	26	Submetido relat├│rio ├á Dire├º├úo Geral da Sa├║de	2	[{"changed": {"fields": ["Titulo"]}}]	58	3
1597	2024-07-29 14:34:39.026309+00	23	Reportagem sobre o Projeto MentHA	2	[{"changed": {"fields": ["Titulo", "Texto", "Url"]}}]	58	3
1598	2024-07-29 14:36:28.903463+00	27	Trabalho Final de Curso no ├ómbito do Projeto MentHA Digital	2	[{"changed": {"fields": ["Titulo", "Texto"]}}]	58	3
1599	2025-01-29 14:30:26.803991+00	321	Tom├ís Nave 	3		20	3
1600	2025-03-16 18:39:26.622397+00	193	wefwfewfwf	3		12	3
1601	2025-03-16 18:39:26.636916+00	192	wfweffw	3		12	3
1602	2025-03-16 19:17:44.568757+00	27	(COG) Sess├úo 14. Sess├úo 14	2	[]	24	3
1603	2025-03-16 19:20:23.792131+00	20	(COG) Sess├úo 7. Sess├úo 7	2	[]	24	3
1604	2025-03-16 19:21:46.343104+00	15	(COG) Sess├úo 2. Sess├úo 2	2	[]	24	3
1605	2025-06-20 14:17:38.021027+00	277	pabloEmilio	3		4	3
1606	2025-06-20 14:17:38.024941+00	457	Pascoal_Gira	3		4	3
1607	2025-06-20 14:17:38.028348+00	321	Patr├¡ciaSofiaSilv├®rioDias	3		4	3
1608	2025-06-20 14:17:38.03214+00	393	PaulaFonseca	3		4	3
1609	2025-06-20 14:17:38.035805+00	493	paulaPalma	3		4	3
1610	2025-06-20 14:17:38.039124+00	196	paulo1234	3		4	3
1611	2025-06-20 14:17:38.042425+00	394	PauloAm├®rico	3		4	3
1612	2025-06-20 14:17:38.045962+00	293	pauloLopes	3		4	3
1613	2025-06-20 14:17:38.049448+00	377	PedroHugo	3		4	3
1614	2025-06-20 14:17:38.052594+00	259	pedroLeal	3		4	3
1615	2025-06-20 14:17:38.055564+00	477	PedroLeal	3		4	3
1616	2025-06-20 14:17:38.05908+00	398	PedroReinaldo	3		4	3
1617	2025-06-20 14:17:38.062211+00	246	pedroS	3		4	3
1618	2025-06-20 14:17:38.065589+00	458	PedroS_Gira	3		4	3
1619	2025-06-20 14:17:38.067969+00	318	pedroSNaAsmal	3		4	3
1620	2025-06-20 14:17:38.07111+00	378	PedroSotomaior	3		4	3
1621	2025-06-20 14:17:38.074108+00	379	RicardoPeres	3		4	3
1622	2025-06-20 14:17:38.077067+00	322	RosaMariaCarvalhoViegas	3		4	3
1623	2025-06-20 14:17:38.080174+00	380	RuiFonseca	3		4	3
1624	2025-06-20 14:17:38.083832+00	478	RuiNunes	3		4	3
1625	2025-06-20 14:17:38.086745+00	430	RuiPedro	3		4	3
1626	2025-06-20 14:17:38.090266+00	381	RuiVasco	3		4	3
1627	2025-06-20 14:17:38.093396+00	382	RuteSantos	3		4	3
1628	2025-06-20 14:17:38.096977+00	479	SandraAra├║jo	3		4	3
1629	2025-06-20 14:17:38.099938+00	383	SandraLonga	3		4	3
1630	2025-06-20 14:17:38.103112+00	494	sandrinaPereira	3		4	3
1631	2025-06-20 14:17:38.106639+00	497	SaraRosa	3		4	3
1632	2025-06-20 14:17:38.110201+00	384	S├®rgioMarques	3		4	3
1633	2025-06-20 14:17:38.113992+00	221	silvenoGra├ºa	3		4	3
1634	2025-06-20 14:17:38.117407+00	234	silviaAdanja	3		4	3
1635	2025-06-20 14:17:38.121766+00	431	S├¡lviaCouto	3		4	3
1636	2025-06-20 14:17:38.125516+00	332	SofiaAlexandraCostaLopes	3		4	3
1637	2025-06-20 14:17:38.129402+00	385	S├│niaAra├║jo	3		4	3
1638	2025-06-20 14:17:38.133231+00	495	soniaNascimento	3		4	3
1639	2025-06-20 14:17:38.137294+00	314	ssss	3		4	3
1640	2025-06-20 14:17:38.141286+00	233	susanaDias	3		4	3
1641	2025-06-20 14:17:38.146589+00	178	telmaMartins	3		4	3
1642	2025-06-20 14:17:38.151094+00	386	TeresaSousa	3		4	3
1643	2025-06-20 14:17:38.154796+00	515	testeCuidador	3		4	3
1644	2025-06-20 14:17:38.158927+00	514	testerTeste	3		4	3
1645	2025-06-20 14:17:38.163191+00	513	testeTestertt	3		4	3
1646	2025-06-20 14:17:38.167357+00	432	TiagoCaetano	3		4	3
1647	2025-06-20 14:17:38.17168+00	294	tiagoDinamiza	3		4	3
1648	2025-06-20 14:17:38.176455+00	433	TiagoDuarte	3		4	3
1649	2025-06-20 14:17:38.180461+00	291	tiagoTomas	3		4	3
1650	2025-06-20 14:17:38.183563+00	287	titoAlmeida	3		4	3
1651	2025-06-20 14:17:38.187877+00	434	Tom├ísAlmeida	3		4	3
1652	2025-06-20 14:17:38.192035+00	517	TomasNave	3		4	3
1653	2025-06-20 14:17:38.195518+00	512	ttPaiva	3		4	3
1654	2025-06-20 14:17:38.199032+00	174	vandaAndrade	3		4	3
1655	2025-06-20 14:17:38.203752+00	201	vandaPaixao	3		4	3
1656	2025-06-20 14:17:38.209353+00	230	vaniaMatos	3		4	3
1657	2025-06-20 14:17:38.213798+00	222	vitorSemiao	3		4	3
1658	2025-06-20 14:17:38.218551+00	435	YuriMiguel	3		4	3
1660	2025-06-20 14:19:53.807632+00	449	Abdul_Gira	3		4	3
1661	2025-06-20 14:19:53.811105+00	499	AbelAlvarenha	3		4	3
1662	2025-06-20 14:19:53.814595+00	446	Ada_Gira	3		4	3
1663	2025-06-20 14:19:53.818332+00	245	ADEB-adm	3		4	3
1664	2025-06-20 14:19:53.821849+00	194	alexandraArronches	3		4	3
1665	2025-06-20 14:19:53.824885+00	396	AlexandraPereira	3		4	3
1666	2025-06-20 14:19:53.827358+00	463	alexandraVilhena	3		4	3
1667	2025-06-20 14:19:53.830326+00	336	AlexisFranciscoMontesCangola	3		4	3
1668	2025-06-20 14:19:53.83374+00	166	almira	3		4	3
1669	2025-06-20 14:19:53.837135+00	399	AmadeuAzevedo	3		4	3
1670	2025-06-20 14:19:53.840607+00	212	amaliaRosa	3		4	3
1671	2025-06-20 14:19:53.843619+00	286	anaAlmeida	3		4	3
1672	2025-06-20 14:19:53.846764+00	360	AnabelaGomes	3		4	3
1673	2025-06-20 14:19:53.850345+00	242	anaBrito	3		4	3
1674	2025-06-20 14:19:53.853848+00	202	anaFroes	3		4	3
1675	2025-06-20 14:19:53.857572+00	358	AnaIsabelDias	3		4	3
1676	2025-06-20 14:19:53.861235+00	504	anaMachado	3		4	3
1677	2025-06-20 14:19:53.864165+00	400	AnaMargarida	3		4	3
1678	2025-06-20 14:19:53.86804+00	418	AnaMimoso	3		4	3
1679	2025-06-20 14:19:53.871543+00	447	Ananias_Gira	3		4	3
1680	2025-06-20 14:19:53.875014+00	179	anaRocha	3		4	3
1681	2025-06-20 14:19:53.878711+00	401	AnaRosa	3		4	3
1682	2025-06-20 14:19:53.88224+00	359	AnaSousa	3		4	3
1683	2025-06-20 14:19:53.885314+00	361	Andr├®Bispo	3		4	3
1684	2025-06-20 14:19:53.888445+00	402	AndreiaAlmeida	3		4	3
1685	2025-06-20 14:19:53.892018+00	403	AndreiaAlves	3		4	3
1686	2025-06-20 14:19:53.896434+00	362	AndreiaFarinha	3		4	3
1687	2025-06-20 14:19:53.900514+00	397	├éngelaVicente	3		4	3
1688	2025-06-20 14:19:53.90415+00	197	Antonio	3		4	3
1689	2025-06-20 14:19:53.908283+00	387	Ant├│nioCoutinho	3		4	3
1690	2025-06-20 14:19:53.911782+00	213	antonioJose	3		4	3
1691	2025-06-20 14:19:53.917168+00	388	Ant├│nioLu├¡s	3		4	3
1692	2025-06-20 14:19:53.920155+00	325	Ant├│nioMiguelLaneiroBajuca	3		4	3
1693	2025-06-20 14:19:53.923705+00	237	antonioSantos	3		4	3
1694	2025-06-20 14:19:53.927353+00	193	antonioSousa	3		4	3
1695	2025-06-20 14:19:53.931037+00	448	AntonioT_Gira	3		4	3
1696	2025-06-20 14:19:53.934462+00	165	ASMAL-adm	3		4	3
1697	2025-06-20 14:19:53.937581+00	255	avaliadorAdeb	3		4	3
1698	2025-06-20 14:19:53.940474+00	279	avaliadorELO	3		4	3
1699	2025-06-20 14:19:53.943494+00	264	avaliadorGira	3		4	3
1700	2025-06-20 14:19:53.946612+00	278	avaliadorGIRA	3		4	3
1701	2025-06-20 14:19:53.948979+00	404	BeatrizPaulo	3		4	3
1702	2025-06-20 14:19:53.951924+00	467	BenvindoDias	3		4	3
1703	2025-06-20 14:19:53.955463+00	176	Bernardo_Roque	3		4	3
1704	2025-06-20 14:19:53.958625+00	516	Brites	3		4	3
1705	2025-06-20 14:19:53.961663+00	405	BrunoCust├│dio	3		4	3
1706	2025-06-20 14:19:53.965124+00	363	BrunoMuge	3		4	3
1707	2025-06-20 14:19:53.967624+00	364	CarinaFerreira	3		4	3
1708	2025-06-20 14:19:53.970627+00	406	CarinaRocha	3		4	3
1709	2025-06-20 14:19:53.974145+00	365	CarlaCoelho	3		4	3
1710	2025-06-20 14:19:53.977248+00	468	CarlosAgonia	3		4	3
1711	2025-06-20 14:19:53.9802+00	407	CarlosDuarte	3		4	3
1712	2025-06-20 14:19:53.983764+00	408	CarlosJorge	3		4	3
1713	2025-06-20 14:19:53.986855+00	261	carlosRodrigues	3		4	3
1714	2025-06-20 14:19:53.989835+00	195	carolDias	3		4	3
1715	2025-06-20 14:19:53.993415+00	295	carolG	3		4	3
1716	2025-06-20 14:19:53.996525+00	167	carolina	3		4	3
1717	2025-06-20 14:19:53.999463+00	327	CarolinaIsabelMestredeMagalh├úes	3		4	3
1718	2025-06-20 14:19:54.002438+00	357	CarolinaMendes	3		4	3
1719	2025-06-20 14:19:54.004866+00	443	carolmichel	3		4	3
1720	2025-06-20 14:19:54.008011+00	409	C├ítiaOs├│rio	3		4	3
1721	2025-06-20 14:19:54.010951+00	169	claudiaFernandes	3		4	3
1722	2025-06-20 14:19:54.014517+00	330	Cl├íudiaMariaSanchesLandim	3		4	3
1723	2025-06-20 14:19:54.017586+00	328	ClaudiaSofiaMorgadinhoReis	3		4	3
1724	2025-06-20 14:19:54.020532+00	469	Concei├º├úoBastos	3		4	3
1725	2025-06-20 14:19:54.024094+00	342	CRINABEL-adm	3		4	3
1726	2025-06-20 14:19:54.027833+00	271	CRUZ-adm	3		4	3
1727	2025-06-20 14:19:54.031331+00	267	CV-adm	3		4	3
1728	2025-06-20 14:19:54.034278+00	214	danielaDomingos	3		4	3
1729	2025-06-20 14:19:54.037485+00	461	davidFernandes	3		4	3
1730	2025-06-20 14:19:54.040989+00	340	DavidJos├®FavinhaMartins	3		4	3
1731	2025-06-20 14:19:54.043968+00	410	DavidManejate	3		4	3
1732	2025-06-20 14:19:54.047719+00	460	davidMartins	3		4	3
1733	2025-06-20 14:19:54.051155+00	339	DavidMartinsFernandes	3		4	3
1734	2025-06-20 14:19:54.054137+00	323	DavidPinheiroAndrade	3		4	3
1735	2025-06-20 14:19:54.057235+00	334	DavilsonOrioneDiasBorges	3		4	3
1736	2025-06-20 14:19:54.060196+00	411	D├®boraDuarte	3		4	3
1737	2025-06-20 14:19:54.062574+00	412	DiogoMartins	3		4	3
1738	2025-06-20 14:19:54.066334+00	296	dsaads	3		4	3
1739	2025-06-20 14:19:54.069299+00	217	edmundoHelena	3		4	3
1740	2025-06-20 14:19:54.07286+00	335	EdmundoMiguelHortaBota	3		4	3
1741	2025-06-20 14:19:54.075998+00	260	elisabeteSaldanha	3		4	3
1742	2025-06-20 14:19:54.079489+00	266	ELO-adm	3		4	3
1743	2025-06-20 14:19:54.082584+00	462	elsaCravo	3		4	3
1744	2025-06-20 14:19:54.086305+00	450	Elsa_Gira	3		4	3
1745	2025-06-20 14:19:54.089718+00	326	EnioCaetanoViegas	3		4	3
1746	2025-06-20 14:19:54.093331+00	451	Evaristo_Gira	3		4	3
1747	2025-06-20 14:19:54.097044+00	509	exemplo123	3		4	3
1748	2025-06-20 14:19:54.100564+00	413	F├íbioDuarte	3		4	3
1749	2025-06-20 14:19:54.103524+00	464	fabioOliveira	3		4	3
1750	2025-06-20 14:19:54.107202+00	414	F├ítimaCardoso	3		4	3
1751	2025-06-20 14:19:54.110148+00	465	fernandaBarros	3		4	3
1752	2025-06-20 14:19:54.11318+00	172	fernandaMendonca	3		4	3
1753	2025-06-20 14:19:54.116884+00	366	FernandoJorge	3		4	3
1754	2025-06-20 14:19:54.12043+00	415	FilipaFernandes	3		4	3
1755	2025-06-20 14:19:54.123457+00	341	FilipeJos├®BaptistaPaix├úo	3		4	3
1756	2025-06-20 14:19:54.127098+00	416	FilipeMadeira	3		4	3
1757	2025-06-20 14:19:54.130037+00	466	filipePaixao	3		4	3
1758	2025-06-20 14:19:54.133587+00	452	Filomena_Gira	3		4	3
1759	2025-06-20 14:21:51.819336+00	218	franciscoSantos	3		4	3
1760	2025-06-20 14:21:51.844293+00	417	GabrielAnpasch	3		4	3
1761	2025-06-20 14:21:51.847775+00	496	GermanaFlores	3		4	3
1762	2025-06-20 14:21:51.851711+00	265	GIRA-adm	3		4	3
1763	2025-06-20 14:21:51.855555+00	419	Gon├ºaloMoura	3		4	3
1764	2025-06-20 14:21:51.85925+00	262	gracaMaria	3		4	3
1765	2025-06-20 14:21:51.86321+00	420	GuilhermeBotelho	3		4	3
1766	2025-06-20 14:21:51.86763+00	421	GuilhermeGon├ºalves	3		4	3
1767	2025-06-20 14:21:51.871903+00	470	H├®lderFerreira	3		4	3
1768	2025-06-20 14:21:51.875769+00	236	helenaZixvennis	3		4	3
1769	2025-06-20 14:21:51.879844+00	171	helioCardoso	3		4	3
1770	2025-06-20 14:21:51.883294+00	453	Henrique_Gira	3		4	3
1771	2025-06-20 14:21:51.886877+00	422	HugoFernandes	3		4	3
1772	2025-06-20 14:21:51.890772+00	423	HugoGodinho	3		4	3
1773	2025-06-20 14:21:51.8955+00	424	Hugolopes	3		4	3
1774	2025-06-20 14:21:51.900174+00	183	iranOliveira	3		4	3
1775	2025-06-20 14:21:51.90346+00	425	J├®ssicaF├®lix	3		4	3
1776	2025-06-20 14:21:51.907361+00	437	JoanaCruz	3		4	3
1777	2025-06-20 14:21:51.911557+00	436	JoanaHon├│rio	3		4	3
1778	2025-06-20 14:21:51.915741+00	367	Jo├úoBarros	3		4	3
1779	2025-06-20 14:21:51.919142+00	368	Jo├úoCarlos	3		4	3
1780	2025-06-20 14:21:51.922248+00	185	joaoChapim	3		4	3
1781	2025-06-20 14:21:51.925878+00	370	Jo├úoCruz	3		4	3
1782	2025-06-20 14:21:51.929448+00	471	Jo├úoGomes	3		4	3
1783	2025-06-20 14:21:51.933124+00	427	Jo├úoGon├ºalo	3		4	3
1784	2025-06-20 14:21:51.936623+00	389	Jo├úoGra├ºa	3		4	3
1785	2025-06-20 14:21:51.939722+00	331	Jo├úoMiguelGuerreirodaCosta	3		4	3
1786	2025-06-20 14:21:51.943942+00	395	Jo├úoPauloFradinho	3		4	3
1787	2025-06-20 14:21:51.947634+00	426	Jo├úoPedroFarinha	3		4	3
1788	2025-06-20 14:21:51.951131+00	390	Jo├úoRego	3		4	3
1789	2025-06-20 14:21:51.954696+00	369	Jo├úoSotomaior	3		4	3
1790	2025-06-20 14:21:51.958206+00	219	joaquimDionisio	3		4	3
1791	2025-06-20 14:21:51.961945+00	182	jorgeDias	3		4	3
1792	2025-06-20 14:21:51.966016+00	472	JorgeOrta	3		4	3
1793	2025-06-20 14:21:51.968993+00	243	joseAlmeida	3		4	3
1794	2025-06-20 14:21:51.972181+00	454	JoseC_Gira	3		4	3
1795	2025-06-20 14:21:51.976319+00	231	joseCompton	3		4	3
1796	2025-06-20 14:21:51.97997+00	483	josefa_Dias	3		4	3
1797	2025-06-20 14:21:51.983493+00	203	josefaDias	3		4	3
1798	2025-06-20 14:21:51.986415+00	506	joseMelo	3		4	3
1799	2025-06-20 14:21:51.990134+00	184	joseMendes	3		4	3
1800	2025-06-20 14:21:51.993069+00	428	Jos├®Pedro	3		4	3
1801	2025-06-20 14:21:51.99599+00	192	joseRofino	3		4	3
1802	2025-06-20 14:21:51.999163+00	371	JP	3		4	3
1803	2025-06-20 14:21:52.002689+00	333	KarinaNarynaNetyks	3		4	3
1804	2025-06-20 14:21:52.006384+00	484	lailaSousa	3		4	3
1805	2025-06-20 14:21:52.011163+00	455	Laura_Gira	3		4	3
1806	2025-06-20 14:21:52.014107+00	238	leilaSousa	3		4	3
1807	2025-06-20 14:21:52.016983+00	329	LeonorGon├ºalvesdaSilva	3		4	3
1808	2025-06-20 14:21:52.020165+00	391	LilianaCordeiro	3		4	3
1809	2025-06-20 14:21:52.023784+00	248	lstuder	3		4	3
1810	2025-06-20 14:21:52.027261+00	372	LuisAfonso	3		4	3
1811	2025-06-20 14:21:52.031037+00	373	Lu├¡sAssis	3		4	3
1812	2025-06-20 14:21:52.034408+00	392	Lu├¡sFradinho	3		4	3
1813	2025-06-20 14:21:52.04022+00	191	luisMalheiro	3		4	3
1814	2025-06-20 14:21:52.04415+00	175	luisPardal	3		4	3
1815	2025-06-20 14:21:52.047713+00	228	madalenaArez	3		4	3
1816	2025-06-20 14:21:52.05176+00	374	MafaldaMarques	3		4	3
1817	2025-06-20 14:21:52.056216+00	235	manuelaAntonio	3		4	3
1818	2025-06-20 14:21:52.06047+00	215	manuelFelisberto	3		4	3
1819	2025-06-20 14:21:52.064082+00	216	manuelGomes	3		4	3
1820	2025-06-20 14:21:52.068232+00	473	ManuelHomem	3		4	3
1821	2025-06-20 14:21:52.072566+00	492	manuelSantos	3		4	3
1822	2025-06-20 14:21:52.076587+00	505	marcelinoFrederico	3		4	3
1823	2025-06-20 14:21:52.080285+00	429	MarcoJustino	3		4	3
1824	2025-06-20 14:21:52.083747+00	486	mariaAntonio	3		4	3
1825	2025-06-20 14:21:52.087296+00	503	mariaBastos	3		4	3
1826	2025-06-20 14:21:52.090998+00	252	mariacarmen	3		4	3
1827	2025-06-20 14:21:52.094564+00	227	mariaGoncalves	3		4	3
1828	2025-06-20 14:21:52.100916+00	508	mariaGon├ºalves	3		4	3
1829	2025-06-20 14:21:52.105034+00	459	mariaGraca	3		4	3
1830	2025-06-20 14:21:52.10859+00	223	mariaMadeira	3		4	3
1831	2025-06-20 14:21:52.113797+00	224	mariaMimoso	3		4	3
1832	2025-06-20 14:21:52.119284+00	338	MariaOlindaMachadoRibeiro	3		4	3
1833	2025-06-20 14:21:52.12289+00	485	mariaRibeiro	3		4	3
1834	2025-06-20 14:21:52.126971+00	226	mariaSa	3		4	3
1835	2025-06-20 14:21:52.130658+00	491	mariaSoares	3		4	3
1836	2025-06-20 14:21:52.134198+00	225	marioCaetano	3		4	3
1837	2025-06-20 14:21:52.137762+00	456	Mario_Gira	3		4	3
1838	2025-06-20 14:21:52.141843+00	490	mario_Silva	3		4	3
1839	2025-06-20 14:21:52.146274+00	232	marioSilva	3		4	3
1840	2025-06-20 14:21:52.1505+00	375	MartaRosa	3		4	3
1841	2025-06-20 14:21:52.154598+00	200	michelleDias	3		4	3
1842	2025-06-20 14:21:52.158222+00	510	miguelBatista	3		4	3
1843	2025-06-20 14:21:52.164218+00	474	MiguelCardoso	3		4	3
1844	2025-06-20 14:21:52.169666+00	320	miguelCardoso2	3		4	3
1845	2025-06-20 14:21:52.17684+00	442	miguelCardoso3	3		4	3
1846	2025-06-20 14:21:52.182112+00	337	miguelCardosoCuidador	3		4	3
1847	2025-06-20 14:21:52.187273+00	251	miguelMorbey	3		4	3
1848	2025-06-20 14:21:52.191453+00	275	mikeelnite	3		4	3
1849	2025-06-20 14:21:52.196009+00	177	Mr_Roque	3		4	3
1850	2025-06-20 14:21:52.200198+00	475	NarcisoBatista	3		4	3
1851	2025-06-20 14:21:52.203835+00	476	N├®lsonSilva	3		4	3
1852	2025-06-20 14:21:52.207269+00	324	NikitaMyagkov	3		4	3
1853	2025-06-20 14:21:52.210929+00	220	nunoJose	3		4	3
1854	2025-06-20 14:21:52.214492+00	241	nunoLourenco	3		4	3
1855	2025-06-20 14:21:52.21795+00	229	nunoSantos	3		4	3
1856	2025-06-20 14:21:52.221704+00	376	NunoSotomaior	3		4	3
1857	2025-06-20 14:21:52.225213+00	498	OlgaSilva	3		4	3
1858	2025-06-20 14:21:52.228729+00	168	otavioSilva	3		4	3
1859	2025-06-20 14:30:58.135319+00	531	admin_asmal	1	[{"added": {}}]	4	3
1860	2025-06-20 14:31:15.804218+00	531	admin_asmal	2	[{"changed": {"fields": ["First name", "Last name", "Groups"]}}]	4	3
1861	2025-06-20 14:31:28.347484+00	16	admin_asmal	1	[{"added": {}}]	60	3
1862	2025-06-20 14:31:52.672312+00	526	avaliador_asmal	2	[{"changed": {"fields": ["Last name"]}}]	4	3
1863	2025-06-20 14:32:03.177298+00	522	cuidador1_asmal	2	[{"changed": {"fields": ["Last name"]}}]	4	3
1864	2025-06-20 14:32:13.579402+00	523	cuidador2_asmal	2	[{"changed": {"fields": ["Last name"]}}]	4	3
1865	2025-06-20 14:32:19.362859+00	524	cuidador3_asmal	2	[{"changed": {"fields": ["Last name"]}}]	4	3
1866	2025-06-20 14:32:24.145107+00	525	cuidador4_asmal	2	[{"changed": {"fields": ["Last name"]}}]	4	3
1867	2025-06-20 14:32:29.651243+00	529	dinamizador1_asmal	2	[{"changed": {"fields": ["Last name"]}}]	4	3
1868	2025-06-20 14:32:37.343664+00	530	dinamizador2_asmal	2	[{"changed": {"fields": ["Last name"]}}]	4	3
1869	2025-06-20 14:32:45.201354+00	527	mentor1_asmal	2	[{"changed": {"fields": ["Last name"]}}]	4	3
1870	2025-06-20 14:32:51.169821+00	528	mentor2_asmal	2	[{"changed": {"fields": ["Last name"]}}]	4	3
1871	2025-06-20 14:33:12.031149+00	518	participante1_asmal	2	[{"changed": {"fields": ["First name", "Last name"]}}]	4	3
1872	2025-06-20 14:33:33.061241+00	519	participante2_asmal	2	[{"changed": {"fields": ["First name", "Last name"]}}]	4	3
1873	2025-06-20 14:33:43.443137+00	520	participante3_asmal	2	[{"changed": {"fields": ["First name", "Last name"]}}]	4	3
1874	2025-06-20 14:34:04.126767+00	521	participante4_asmal	2	[{"changed": {"fields": ["First name", "Last name"]}}]	4	3
1875	2025-06-20 14:34:47.882595+00	322	Participante1	2	[{"changed": {"fields": ["DiagnosticoPrincipal", "Diagnosticos", "Referenciacao", "Cuidadores", "Avaliador"]}}]	20	3
1876	2025-06-20 14:35:03.243438+00	323	Participante2	2	[{"changed": {"fields": ["DiagnosticoPrincipal", "Diagnosticos", "Referenciacao", "Cuidadores"]}}]	20	3
1877	2025-06-20 14:35:26.290758+00	324	Participante3	2	[{"changed": {"fields": ["DiagnosticoPrincipal", "Diagnosticos", "Referenciacao", "Cuidadores", "Avaliador"]}}]	20	3
1878	2025-06-20 14:35:31.547649+00	323	Participante2	2	[{"changed": {"fields": ["Avaliador"]}}]	20	3
1879	2025-06-20 14:35:48.781245+00	325	Participante4	2	[{"changed": {"fields": ["DiagnosticoPrincipal", "Diagnosticos", "Referenciacao", "Cuidadores", "Avaliador"]}}]	20	3
1880	2025-06-20 14:36:13.987959+00	48	Cuidador1	2	[{"changed": {"fields": ["Avaliador", "Referenciacao", "DiagnosticoPrincipal", "Diagnosticos", "PeriodicidadeCuidado"]}}]	8	3
1881	2025-06-20 14:36:29.005211+00	49	Cuidador2	2	[{"changed": {"fields": ["Avaliador", "Referenciacao", "DiagnosticoPrincipal", "Diagnosticos", "PeriodicidadeCuidado"]}}]	8	3
1882	2025-06-20 14:36:45.718057+00	50	Cuidador3	2	[{"changed": {"fields": ["Avaliador", "Referenciacao", "DiagnosticoPrincipal", "Diagnosticos", "PeriodicidadeCuidado"]}}]	8	3
1883	2025-06-20 14:37:09.624469+00	51	Cuidador4	2	[{"changed": {"fields": ["Avaliador", "Referenciacao", "DiagnosticoPrincipal", "Diagnosticos", "PeriodicidadeCuidado"]}}]	8	3
1884	2025-06-20 14:37:58.784701+00	194	TesteCogFinal	3		12	3
1885	2025-06-20 14:37:58.795253+00	191	TesteCareFinal	3		12	3
1886	2025-06-20 14:37:58.798598+00	190	Consult├│rio 1	3		12	3
1887	2025-06-20 14:37:58.801556+00	189	Tom├ís Nave 	3		12	3
1888	2025-06-20 14:37:58.804512+00	188	teste2025	3		12	3
1889	2025-06-20 14:37:58.807623+00	187	Lar	3		12	3
1890	2025-06-20 14:37:58.81119+00	186	1	3		12	3
1891	2025-06-20 14:37:58.814132+00	185	teste	3		12	3
1892	2025-06-20 14:37:58.817302+00	184	Grupo Teste	3		12	3
1893	2025-06-20 14:37:58.820291+00	183	GrupoTesteApresenta├º├úo	3		12	3
1894	2025-06-20 14:37:58.822725+00	182	Teste Video	3		12	3
1895	2025-06-20 14:37:58.826567+00	180	dasdas	3		12	3
1896	2025-06-20 14:37:58.830193+00	179	TesteApresentacao	3		12	3
1897	2025-06-20 14:37:58.834272+00	176	Grupo Ant├│nio	3		12	3
1898	2025-06-20 14:37:58.837394+00	173	Apresenta├º├úo	3		12	3
1899	2025-06-20 14:37:58.841326+00	165	asmal	3		12	3
1900	2025-06-20 14:37:58.846466+00	164	Grupo Filtragem	3		12	3
1901	2025-06-20 14:37:58.849942+00	154	T├│	3		12	3
1902	2025-06-20 14:37:58.854066+00	153	Mentha-CARE Test Group	3		12	3
1903	2025-06-20 14:37:58.857183+00	152	Mentha-CARE Test Group	3		12	3
1904	2025-06-20 14:37:58.860759+00	151	Mentha-COG	3		12	3
1905	2025-06-20 14:37:58.863717+00	150	GrupoTeste	3		12	3
1906	2025-06-20 14:37:58.867402+00	148	ASMAL FARO	3		12	3
\.


--
-- Data for Name: django_content_type; Type: TABLE DATA; Schema: public; Owner: leda
--

COPY public.django_content_type (id, app_label, model) FROM stdin;
24	diario	sessao
25	diario	sessaodogrupo
26	diario	resposta
27	diario	questionario
28	diario	presenca
29	diario	partilhagrupo
30	diario	partilha
31	diario	notagrupo
64	diario	cuidador_diagnosticos
65	diario	cuidador_grupo
66	diario	dinamizadorconvidado_grupo
67	diario	exercicio_sessao
32	diario	nota
33	diario	informacoesgrupo
34	diario	informacoes
35	diario	infoparte
68	diario	colaborador
36	diario	facilitador
37	diario	escolha
38	diario	documents
62	diario	parte_atividades
63	diario	exercicio_partes_do_exercicio
1	admin	logentry
2	auth	permission
3	auth	group
4	auth	user
5	contenttypes	contenttype
17	diario	parte
18	diario	parte_exercicio
19	diario	partegrupo
39	diario	avaliacaosessao
40	diario	avaliacaoparticipante
41	protocolo	answer
42	protocolo	area
43	protocolo	dimension
44	protocolo	part
45	protocolo	partedoutilizador
46	protocolo	possibleanswer
47	protocolo	protocol
48	protocolo	questionimage
6	sessions	session
7	diario	atividade
8	diario	cuidador
59	diario	avaliador
60	diario	administrador
61	diario	respostas
9	diario	dinamizadorconvidado
10	diario	doenca
11	diario	exercicio
12	diario	grupo
13	diario	imagem
14	diario	informacaosensivel
15	diario	mentor
16	diario	opcao
49	protocolo	textinputanswer
50	protocolo	section
51	protocolo	risk
52	protocolo	resolution
53	protocolo	report
54	protocolo	question
55	protocolo	multiplechoicescheckbox
56	protocolo	instrument
57	mentha	contacto
58	mentha	noticia
20	diario	participante
21	diario	pergunta
22	diario	pergunta_exercicio
23	diario	reference
\.


--
-- Data for Name: django_migrations; Type: TABLE DATA; Schema: public; Owner: leda
--

COPY public.django_migrations (id, app, name, applied) FROM stdin;
1	contenttypes	0001_initial	2023-06-20 12:34:30.331452+00
2	auth	0001_initial	2023-06-20 12:34:30.764098+00
3	admin	0001_initial	2023-06-20 12:34:30.861587+00
4	admin	0002_logentry_remove_auto_add	2023-06-20 12:34:30.873623+00
5	admin	0003_logentry_add_action_flag_choices	2023-06-20 12:34:30.884385+00
6	contenttypes	0002_remove_content_type_name	2023-06-20 12:34:30.912717+00
7	auth	0002_alter_permission_name_max_length	2023-06-20 12:34:30.925636+00
8	auth	0003_alter_user_email_max_length	2023-06-20 12:34:30.935793+00
9	auth	0004_alter_user_username_opts	2023-06-20 12:34:30.947452+00
10	auth	0005_alter_user_last_login_null	2023-06-20 12:34:30.958754+00
11	auth	0006_require_contenttypes_0002	2023-06-20 12:34:30.963984+00
12	auth	0007_alter_validators_add_error_messages	2023-06-20 12:34:30.980476+00
13	auth	0008_alter_user_username_max_length	2023-06-20 12:34:31.018798+00
14	auth	0009_alter_user_last_name_max_length	2023-06-20 12:34:31.033445+00
15	auth	0010_alter_group_name_max_length	2023-06-20 12:34:31.047751+00
16	auth	0011_update_proxy_permissions	2023-06-20 12:34:31.06139+00
17	auth	0012_alter_user_first_name_max_length	2023-06-20 12:34:31.073345+00
18	diario	0001_initial	2023-06-20 12:34:36.437551+00
19	mentha	0001_initial	2023-06-20 12:34:36.622085+00
20	protocolo	0001_initial	2023-06-20 12:34:38.663724+00
21	sessions	0001_initial	2023-06-20 12:34:38.754183+00
22	diario	0002_rename_descri├º├úo_parte_descricao	2023-06-20 14:20:25.752318+00
23	diario	0002_avaliador_administrador	2023-07-08 02:47:20.865619+00
24	diario	0002_remove_cuidador_idade_and_more	2023-07-11 11:20:03.858405+00
25	diario	0002_administrador_avaliacaoparticipante_avaliacaosessao_and_more	2023-07-11 16:29:21.037365+00
26	diario	0003_administrador_avaliacaoparticipante_avaliacaosessao_and_more	2023-07-11 16:57:22.058644+00
27	diario	0004_partilhagrupo_ficheiro_partilhagrupo_imagem	2023-07-11 16:57:38.684824+00
28	mentha	0002_auto_20220508_0031	2023-07-13 11:05:34.428137+00
29	mentha	0003_auto_20220508_0048	2023-07-13 11:05:34.437463+00
30	mentha	0004_auto_20220511_1546	2023-07-13 11:05:34.442933+00
31	mentha	0005_rename_mensagem_noticia_texto	2023-07-13 11:05:34.448878+00
32	mentha	0006_auto_20220511_1845	2023-07-13 11:05:34.454555+00
33	mentha	0007_alter_noticia_url	2023-07-13 11:05:34.460057+00
34	mentha	0008_alter_noticia_imagem	2023-07-13 11:05:34.465827+00
35	mentha	0009_alter_noticia_titulo	2023-07-13 11:05:34.471678+00
36	mentha	0010_alter_noticia_titulo	2023-07-13 11:05:34.477248+00
37	mentha	0011_alter_noticia_titulo	2023-07-13 11:05:34.482972+00
38	protocolo	0002_remove_risk_pat_risk_pat2	2023-07-13 11:16:39.234104+00
39	protocolo	0003_remove_risk_pat2	2023-07-13 11:16:57.409471+00
40	protocolo	0004_remove_risk_pat_risk_pat2	2023-07-13 11:45:21.896999+00
41	protocolo	0005_remove_risk_pat2	2023-07-13 11:45:21.920572+00
42	protocolo	0002_remove_risk_pat_risk_pat_id	2023-07-13 11:49:11.747844+00
43	protocolo	0002_risk_horas_jejum	2023-07-14 09:27:52.826575+00
44	protocolo	0003_risk_cholhdl_risk_ldl_risk_tg_alter_risk_pat_id	2023-07-17 14:18:35.525704+00
45	protocolo	0004_remove_risk_cholhdl_remove_risk_ldl_remove_risk_tg	2023-07-17 14:22:40.719992+00
46	protocolo	0005_risk_cholhdl_risk_ldl_risk_tg	2023-07-17 14:22:53.839004+00
47	protocolo	0002_risk_batimentos	2023-07-17 14:42:25.528535+00
48	protocolo	0003_remove_risk_batimentos_remove_risk_cholhdl_and_more	2023-07-17 14:44:51.427683+00
49	diario	0002_alter_doenca_nome	2023-07-17 14:45:03.115238+00
50	protocolo	0002_remove_risk_cholhdl_remove_risk_ldl_remove_risk_tg_and_more	2023-07-17 14:48:31.11734+00
51	protocolo	0002_remove_risk_batimentos_remove_risk_cholhdl_and_more	2023-07-17 15:00:43.020672+00
52	protocolo	0003_risk_batimentos_risk_cholhdl_risk_ldl_risk_tg	2023-07-17 15:01:27.088341+00
53	protocolo	0004_remove_risk_batimentos_risk_batimentos2_and_more	2023-07-17 17:56:52.969211+00
54	protocolo	0004_remove_risk_cholhdl_remove_risk_ldl_remove_risk_tg_and_more	2023-07-17 18:04:45.798823+00
55	protocolo	0002_remove_risk_batimentos_remove_risk_batimentos2_and_more	2023-07-17 18:10:47.561982+00
56	protocolo	0004_remove_risk_batimentos_remove_risk_cholhdl_and_more	2023-07-17 18:15:06.29732+00
57	protocolo	0005_rename_ac_gnosias_quotation_report_ac_abstracao_verbal_quotation_and_more	2023-07-20 19:55:47.088162+00
58	diario	0003_remove_avaliacaosessao_sessao_grupo_and_more	2023-08-03 16:43:37.351912+00
59	protocolo	0006_alter_area_options_alter_dimension_options_and_more	2023-08-03 16:43:37.759941+00
60	diario	0002_remove_cuidador_avaliador	2023-08-05 14:40:13.245788+00
61	diario	0003_cuidador_avaliador	2023-08-05 14:40:26.101937+00
62	diario	0004_avaliador_data_entrada_avaliador_info_sensivel_and_more	2023-09-06 14:23:46.974745+00
63	diario	0005_remove_informacoes_participante_and_more	2023-09-13 14:00:23.780229+00
64	diario	0002_delete_partilhagrupo	2023-09-13 14:49:41.144469+00
65	diario	0004_avaliacaosessao_avaliacaoparticipante	2023-09-13 15:04:41.825958+00
66	diario	0005_remove_grupo_diagnostico	2023-09-22 10:01:11.177881+00
67	diario	0006_partilhagrupo	2023-09-22 10:01:26.635464+00
68	protocolo	0007_alter_risk_cholhdl	2023-09-22 16:53:23.612775+00
69	diario	0007_colaborador	2023-10-31 13:47:45.566532+00
70	diario	0008_delete_colaborador	2023-10-31 13:47:45.582637+00
71	protocolo	0008_risk_doenca_cognitiva_risk_eag_risk_ifcc_risk_ngsp_and_more	2024-01-30 22:50:20.493872+00
72	diario	0009_alter_informacaosensivel_telemovel_colaborador	2024-02-04 15:33:44.330769+00
73	diario	0010_participante_dadoscuidador	2024-02-27 12:08:39.779536+00
74	protocolo	0009_remove_risk_eag_remove_risk_ifcc_remove_risk_ngsp_and_more	2024-02-27 12:08:40.042811+00
75	diario	0011_remove_participante_dadoscuidador	2024-02-27 21:41:58.391533+00
76	protocolo	0010_remove_risk_eag_hba1_remove_risk_ifcc_hba1_and_more	2024-02-27 21:41:58.491923+00
77	protocolo	0011_remove_risk_eag_remove_risk_ifcc_remove_risk_ngsp_and_more	2024-03-01 13:58:14.307738+00
78	diario	0012_participante_dadoscuidador	2024-03-10 22:32:37.107547+00
79	diario	0013_cuidador_comorbilidades_and_more	2024-03-16 14:31:56.067864+00
80	protocolo	0012_alter_risk_fumador_and_more	2024-04-15 13:29:35.8703+00
81	protocolo	0013_risk_pat_id_v2	2024-05-18 13:39:40.17644+00
82	protocolo	0014_risk_pressao_arterial_diastolica	2024-06-02 13:03:39.570099+00
\.


--
-- Data for Name: django_session; Type: TABLE DATA; Schema: public; Owner: leda
--

COPY public.django_session (session_key, session_data, expire_date) FROM stdin;
7nalrups3569cw3blvutwxhiep4wk47x	.eJxVjMsOwiAQRf-FtSHA8HTp3m8gAwNSNTQp7cr479qkC93ec859sYjb2uI2yhInYmcG7PS7JcyP0ndAd-y3mee5r8uU-K7wgw5-nak8L4f7d9BwtG_thDBAVgkK5AFUFg4RQIeqbHZSKwsyuQJQERM4Cq5K472QRhk0VbP3B7OVNqg:1qC5DU:Q2XhIyiDwH-XvnmFouMqFlWyurRL1ttA5uAHeDK62wE	2023-07-05 21:18:16.822546+00
8rud7y38enzwjhe2rvkp8zb1g2u06lf9	.eJxVjEEOwiAQRe_C2hCHQgGX7nsGMjCDVA0kpV0Z765NutDtf-_9lwi4rSVsnZcwk7gIexan3zFienDdCd2x3ppMra7LHOWuyIN2OTXi5_Vw_w4K9vKtFRB6TWaIPuXRgWdmoBFYRzMAZGeVw2yUJ0CbNdpBK5fIJg3RK8ji_QEOGzgQ:1qBeiP:FGlPU9k6ZrIiWpbkObpMirX5ieDUO8zrJCj-RTsQeHU	2023-07-04 17:00:25.247288+00
404ljzle6l9foledgcgd2uwohl92t2sw	.eJxVjMsOwiAQRf-FtSHA8HTp3m8gAwNSNTQp7cr479qkC93ec859sYjb2uI2yhInYmcG7PS7JcyP0ndAd-y3mee5r8uU-K7wgw5-nak8L4f7d9BwtG_thDBAVgkK5AFUFg4RQIeqbHZSKwsyuQJQERM4Cq5K472QRhk0VbP3B7OVNqg:1qCe0i:CBPxmQohqKd716ghVRbD7MEsrYRijMllz93g-eaUJNI	2023-07-07 10:27:24.939652+00
wf84rbj92v5a80kvywii4pmkyprlg1jm	.eJxVjMsOwiAQRf-FtSHA8HTp3m8gAwNSNTQp7cr479qkC93ec859sYjb2uI2yhInYmcG7PS7JcyP0ndAd-y3mee5r8uU-K7wgw5-nak8L4f7d9BwtG_thDBAVgkK5AFUFg4RQIeqbHZSKwsyuQJQERM4Cq5K472QRhk0VbP3B7OVNqg:1qIsFe:MR8VO_jkM4LkYZhIsLMlYj3TfujQ-LiME9y2mLnLodo	2023-07-24 14:52:34.787018+00
m6z0dlkqvt6r9rtuf1emzngi70kfpxc0	.eJxVjDsOwjAQBe_iGllef9Y2JT1nsNY_HECOFCcV4u4QKQW0b2beiwXa1ha2UZYwZXZmICw7_a6R0qP0HeU79dvM09zXZYp8V_hBB7_OuTwvh_t30Gi0b-2dK0S16CilQPRSRHBeKI1QyUEGhQqT0s4QogNTtZJS6yRsJmMLsfcHBws3FQ:1qJy1E:Dq5c7QKMYvvKr9dV92M9XUMH9aUNItVzjlwuM1kWc1k	2023-07-27 15:14:12.44281+00
vzsqz7q0gqcw34xfc6he6rxq34mip5ae	.eJxVjMsOwiAQRf-FtSHA8HTp3m8gAwNSNTQp7cr479qkC93ec859sYjb2uI2yhInYmcG7PS7JcyP0ndAd-y3mee5r8uU-K7wgw5-nak8L4f7d9BwtG_thDBAVgkK5AFUFg4RQIeqbHZSKwsyuQJQERM4Cq5K472QRhk0VbP3B7OVNqg:1qD7W2:Dd4rI2cHyu_icoU5Uo2nEzBKBFj9Wurp6BAM7rnZdqg	2023-07-08 17:57:42.32769+00
zm3d07kq51y5ebt08ccig5dfu3j5tp4q	.eJxVjMsOwiAQRf-FtSHA8HTp3m8gAwNSNTQp7cr479qkC93ec859sYjb2uI2yhInYmcG7PS7JcyP0ndAd-y3mee5r8uU-K7wgw5-nak8L4f7d9BwtG_thDBAVgkK5AFUFg4RQIeqbHZSKwsyuQJQERM4Cq5K472QRhk0VbP3B7OVNqg:1qGJjY:p4Y4NEL2OCsyAmPSGcYJhTypfwph673mqGJOG7BL1kQ	2023-07-17 13:36:52.880386+00
lbfxlyc9bxbp5jznwxktm3ro4n3vi6pf	.eJxVjMsOwiAQRf-FtSEIHR4u3fsNzcAMUjWQlHZl_HdD0oVu7znnvsWM-1bmvfM6LyQuwilx-h0jpifXQeiB9d5kanVblyiHIg_a5a0Rv66H-3dQsJdRh2wdZtA6Ibgc0GuOzhBMJgVCVGQmna0mxRognr1S5LxVAMA2eRafLxkNOA4:1qJfTj:6I_TSSFGx1E7udTxPVnR-RbWcU3JgLlrZxjN1hT9e_U	2023-07-26 19:26:23.2757+00
yc9ogobjlw3r28aybuym59gwhyci8c5e	.eJxVjDsOwjAQBe_iGlk2izeYkj5niPbjJQGUSHFSIe4OkVJA-2bmvVxH69J3ay1zN6i7uObkDr8jkzzKuBG903ibvEzjMg_sN8XvtPp20vK87u7fQU-1_9aB1KKwgRSGjJghcQTVUo5olNXsbA0IBlaICaNhyGwCiaiRpNm9P0JTOWE:1qE9X8:cFRpqSixdFF3lc2LJvrxpM9Y6LTRU1AaoENVUv72chc	2023-07-11 14:19:06.135374+00
tdat78m0wlx07t343yimj5tukxp53wew	.eJxVjMsOwiAQRf-FtSHA8HTp3m8gAwNSNTQp7cr479qkC93ec859sYjb2uI2yhInYmcG7PS7JcyP0ndAd-y3mee5r8uU-K7wgw5-nak8L4f7d9BwtG_thDBAVgkK5AFUFg4RQIeqbHZSKwsyuQJQERM4Cq5K472QRhk0VbP3B7OVNqg:1qEbMa:jfDIq33atTJJ-geBJP3DHmx49-DG0m6bPYDWWKTUDWQ	2023-07-12 20:02:04.425197+00
k2fuwvw025xluhxz70d95tkwx2xawz68	.eJxVjEEOwiAQRe_C2pDSAgMu3XsGMjCMVA0kpV0Z765NutDtf-_9lwi4rSVsPS9hJnEWkzj9bhHTI9cd0B3rrcnU6rrMUe6KPGiX10b5eTncv4OCvXxr8IpMdiP4CWKy7BFBpaQZLANS0jgSZAXEPESrMgHToKMxxk3I7MT7A_ytON8:1qLLIY:8yBaAQeZnNSqtLGX2OfDq7Wqbh0IC6HBWZOlwrcNISo	2023-07-31 10:17:46.269824+00
5qqasrn5ygf75jf6xn6em9tmh360chwi	.eJxVjEsOAiEQBe_C2hBoaT4u3XsG0jQoowaSYWZlvLtOMgvdvqp6LxFpXWpcR5njlMVJaAPi8Lsm4kdpG8p3arcuubdlnpLcFLnTIS89l-d5d_8OKo36ra0C0gwWssOiEmsFXgd0Rh2JnMHE3lmvvCUMIXDRV00IChOUzJi8eH8AAAE3aw:1qMUvn:ViOX2zkyElp2PA69k8DKLzWt6q-LASzeeSM9_dVuJlQ	2023-08-03 14:47:03.254419+00
fugm9jj3yaads2az5n9l7w6044ty3m9k	.eJxVjMsOwiAQRf-FtSHA8HTp3m8gAwNSNTQp7cr479qkC93ec859sYjb2uI2yhInYmcG7PS7JcyP0ndAd-y3mee5r8uU-K7wgw5-nak8L4f7d9BwtG_thDBAVgkK5AFUFg4RQIeqbHZSKwsyuQJQERM4Cq5K472QRhk0VbP3B7OVNqg:1qBzPs:iyw_cTGpoop2Jz4PpPH-RJDjn59RZbIuxR58bcUd6vU	2023-07-05 15:06:40.703263+00
4mwi4drhcwqzlpw1bdjjb2wmfz20yoaf	.eJxVjMsOwiAQRf-FtSEwvAaX7v0GAmWQqoGktCvjv2uTLnR7zzn3xULc1hq2QUuYMzszNOz0O6Y4PajtJN9ju3U-9bYuc-K7wg86-LVnel4O9--gxlG_tQDjJBjKniQ45SMWABuFRCI0UugE3jivtFDZe7QiF5QaklZFW22RvT_PcDY_:1qOgdn:8OtsQ2OG2sBsPhVgrQpjQfSODSee01RudzqTKIcOKxk	2023-08-09 15:41:31.367814+00
svexfrbf7knjdda34sugqt8v93faacd1	.eJxVjEEOwiAQRe_C2pDSAgMu3XsGMjCMVA0kpV0Z765NutDtf-_9lwi4rSVsPS9hJnEWkzj9bhHTI9cd0B3rrcnU6rrMUe6KPGiX10b5eTncv4OCvXxr8IpMdiP4CWKy7BFBpaQZLANS0jgSZAXEPESrMgHToKMxxk3I7MT7A_ytON8:1qOk5g:3SPxCHe4GDA7UsKRvm0NlIuUPbaSkm3SLTOXlpo99w8	2023-08-09 19:22:32.464741+00
5rec88e9w1bdjv5yvh0l2tc053g8w3no	.eJxVjMsOwiAQRf-FtSEIHR4u3fsNzcAMUjWQlHZl_HdD0oVu7znnvsWM-1bmvfM6LyQuwilx-h0jpifXQeiB9d5kanVblyiHIg_a5a0Rv66H-3dQsJdRh2wdZtA6Ibgc0GuOzhBMJgVCVGQmna0mxRognr1S5LxVAMA2eRafLxkNOA4:1qJuJf:gEPiaWxpveoD16J4NBTeyn5qcj5tfWYv1KyxzFZMNm0	2023-07-27 11:16:59.889358+00
gqle77wjvtxf4m1rlfq3a31e1f5cs2km	.eJxVjMsOwiAQRf-FtSEwvAaX7v0GAmWQqoGktCvjv2uTLnR7zzn3xULc1hq2QUuYMzszNOz0O6Y4PajtJN9ju3U-9bYuc-K7wg86-LVnel4O9--gxlG_tQDjJBjKniQ45SMWABuFRCI0UugE3jivtFDZe7QiF5QaklZFW22RvT_PcDY_:1qJuQ2:9FyKo4ok3FkyY3LV6jlQh2fOaICZqTAZerTsRT490qo	2023-07-27 11:23:34.422293+00
nlc4147o02sbh23gs56e6arzmsq7e0qv	.eJxVjMsOwiAQRf-FtSEwvAaX7v0GAmWQqoGktCvjv2uTLnR7zzn3xULc1hq2QUuYMzszNOz0O6Y4PajtJN9ju3U-9bYuc-K7wg86-LVnel4O9--gxlG_tQDjJBjKniQ45SMWABuFRCI0UugE3jivtFDZe7QiF5QaklZFW22RvT_PcDY_:1qJuRT:7QBkhJjIOLm54wIzV-i6t438spCCNOE9FZmrf59wqps	2023-07-27 11:25:03.52114+00
tydhqu8xd70l04sgtfhb4hod5jmdy4s9	.eJxVjMsOwiAQRf-FtSEwvAaX7v0GAmWQqoGktCvjv2uTLnR7zzn3xULc1hq2QUuYMzszNOz0O6Y4PajtJN9ju3U-9bYuc-K7wg86-LVnel4O9--gxlG_tQDjJBjKniQ45SMWABuFRCI0UugE3jivtFDZe7QiF5QaklZFW22RvT_PcDY_:1qJcP0:hfzIKAZo9zPGTOf5ITMJnAvpXzFmWO3Ck9ab64V9cVg	2023-07-26 16:09:18.224168+00
vgst11s5eubwkhl6yt0mgcyu9lvm4mid	.eJxVjEEOwiAQRe_C2pDSAgMu3XsGMjCMVA0kpV0Z765NutDtf-_9lwi4rSVsPS9hJnEWkzj9bhHTI9cd0B3rrcnU6rrMUe6KPGiX10b5eTncv4OCvXxr8IpMdiP4CWKy7BFBpaQZLANS0jgSZAXEPESrMgHToKMxxk3I7MT7A_ytON8:1qJcaE:Fc2E7JEZZUrM8rSoPm8ubCwNRHt1toZwcWIFXti9VqA	2023-07-26 16:20:54.900401+00
1s7s5r1ihcdsu711gjeqwpui0m1zvg21	.eJxVjMsOwiAQRf-FtSHA8HTp3m8gAwNSNTQp7cr479qkC93ec859sYjb2uI2yhInYmcG7PS7JcyP0ndAd-y3mee5r8uU-K7wgw5-nak8L4f7d9BwtG_thDBAVgkK5AFUFg4RQIeqbHZSKwsyuQJQERM4Cq5K472QRhk0VbP3B7OVNqg:1qBnH0:1QOGnc4Epe3pyc4fdaP6Mgf8AXzGqLqnjPQkT5ljtDc	2023-07-05 02:08:42.226829+00
ff54zk3d0an23gco2xxlb9au80z58yuu	.eJxVjEEOwiAQRe_C2pDSAgMu3XsGMjCMVA0kpV0Z765NutDtf-_9lwi4rSVsPS9hJnEWkzj9bhHTI9cd0B3rrcnU6rrMUe6KPGiX10b5eTncv4OCvXxr8IpMdiP4CWKy7BFBpaQZLANS0jgSZAXEPESrMgHToKMxxk3I7MT7A_ytON8:1qMaOw:9JL2xQ7XdAyc8hDHFYoWTcimMhsQh1liZcMs_37ENDo	2023-08-03 20:37:30.11302+00
f5t3uvcq8nsrorgpkeak945ev165c6la	.eJxVjDsOwjAQBe_iGlk2izeYkj5niPbjJQGUSHFSIe4OkVJA-2bmvVxH69J3ay1zN6i7uObkDr8jkzzKuBG903ibvEzjMg_sN8XvtPp20vK87u7fQU-1_9aB1KKwgRSGjJghcQTVUo5olNXsbA0IBlaICaNhyGwCiaiRpNm9P0JTOWE:1qJJ6l:AjWVuOINW7YtmyhiVvFmh5cSXdY2GCMYcYKDyMYLnWY	2023-07-25 19:33:11.123309+00
b69j9pjrng0hz5m1andye4nuz8omtga0	.eJxVjEEOwiAQRe_C2pDSAgMu3XsGMjCMVA0kpV0Z765NutDtf-_9lwi4rSVsPS9hJnEWkzj9bhHTI9cd0B3rrcnU6rrMUe6KPGiX10b5eTncv4OCvXxr8IpMdiP4CWKy7BFBpaQZLANS0jgSZAXEPESrMgHToKMxxk3I7MT7A_ytON8:1qP9dj:UK4hHtZjFzMzC3RFzNJcbm3RTUPUQviABZN_tudxSE0	2023-08-10 22:39:23.744526+00
3emnhvttvratajnougmegvp8ofgaao53	.eJxVjDsOwjAQBe_iGlnxL44p6XMGa9e7xgHkSHFSIe5OIqWAdmbee4sI21ri1niJE4mrUNaLyy9FSE-uh6IH1Pss01zXZUJ5JPK0TY4z8et2tn8HBVrZ18kF65nMwBmZveodBeyy1VpbrXakMuXOe61cQjOAyx5MbwiC0cjBis8XQxs4og:1qXPwB:PghTErFZAXjB9CajkAfU2ge8u3kCEFSfK8MIoo59J00	2023-09-02 17:40:35.829837+00
w1foomnnzt3dye9lp9vbc6e8dxrtdv6l	.eJxVjEEOwiAQRe_C2pDSAgMu3XsGMjCMVA0kpV0Z765NutDtf-_9lwi4rSVsPS9hJnEWkzj9bhHTI9cd0B3rrcnU6rrMUe6KPGiX10b5eTncv4OCvXxr8IpMdiP4CWKy7BFBpaQZLANS0jgSZAXEPESrMgHToKMxxk3I7MT7A_ytON8:1r6W8V:tFfkqNa06WksVVge6OnCnvWN7bQr8ed9fUW1XtMWE7w	2023-12-08 13:22:23.543005+00
nmh2yaeyofwhxqfm7oxh69kyy6nprxcb	.eJxVjEEOwiAQRe_C2hBGyjC4dO8ZCAOjVA1NSrsy3l2bdKHb_977LxXTutS4dpnjWNRJATp1-F055Ye0DZV7ardJ56kt88h6U_ROu75MRZ7n3f07qKnXb20EjEfIgBCYKDs8krFp4MJANl8xAAoBi-EkyIIuDN4LiQFrrffq_QERkTd_:1qnJCN:cs6ZuClbfnPmNmUVeo8WVQ3Yvf3zMuDF3jyJgDOE3HE	2023-10-16 13:42:59.066293+00
6zwtslk1sdd9l0ovww8wkt7apjenygij	.eJxVjjsOwyAQRO9CHSEWlo9TpvcZEJ8lOImwZOwqyt1jSy6Sdt6b0byZD9ta_dZp8VNmVwbGsstvGkN6UjtQfoR2n3ma27pMkR8KP2nn45zpdTvdv4Eaet3bWkkoaJUAis4goaOcLJiMWpSgLZZhEGAigVH7CadJK2URURpMhST7fAEGbzb8:1qnJL6:yi2xijY3DU9M0eOXubjgwdASIw1JTUrsE0ldbt9JDtU	2023-10-16 13:52:00.317278+00
btqflka3m0rn2zwehmis12mneqbuu6io	.eJxVjEEOwiAQRe_C2pDSAgMu3XsGMjCMVA0kpV0Z765NutDtf-_9lwi4rSVsPS9hJnEWkzj9bhHTI9cd0B3rrcnU6rrMUe6KPGiX10b5eTncv4OCvXxr8IpMdiP4CWKy7BFBpaQZLANS0jgSZAXEPESrMgHToKMxxk3I7MT7A_ytON8:1qKF2g:bs9LKKVlUVlYeWN4Aer0_go4u2E4Z_806B3zeNhx4Dc	2023-07-28 09:24:50.607706+00
mjoxudy3wtxtfr1rlb82r73g1l2z7eom	.eJxVjEEOwiAQRe_C2pDSAgMu3XsGMjCMVA0kpV0Z765NutDtf-_9lwi4rSVsPS9hJnEWkzj9bhHTI9cd0B3rrcnU6rrMUe6KPGiX10b5eTncv4OCvXxr8IpMdiP4CWKy7BFBpaQZLANS0jgSZAXEPESrMgHToKMxxk3I7MT7A_ytON8:1qOkGk:fca4n4-n_8XA86oDWQmnEExDKf2KroUvnpjMwZoLMEU	2023-08-09 19:33:58.218005+00
whsljn98x3nzmpvwol7fkl15785oxcqj	.eJxVjEEOwiAQRe_C2pDSAgMu3XsGMjCMVA0kpV0Z765NutDtf-_9lwi4rSVsPS9hJnEWkzj9bhHTI9cd0B3rrcnU6rrMUe6KPGiX10b5eTncv4OCvXxr8IpMdiP4CWKy7BFBpaQZLANS0jgSZAXEPESrMgHToKMxxk3I7MT7A_ytON8:1qMT1h:OzyoY-qRr2lr_sPpffApMOZs0K6yRgrTEfVWchGtJoU	2023-08-03 12:45:01.655238+00
4g83wes6noxug7jmo1y15jjysux0vc3g	.eJxVjEEOwiAQRe_C2pDSAgMu3XsGMjCMVA0kpV0Z765NutDtf-_9lwi4rSVsPS9hJnEWkzj9bhHTI9cd0B3rrcnU6rrMUe6KPGiX10b5eTncv4OCvXxr8IpMdiP4CWKy7BFBpaQZLANS0jgSZAXEPESrMgHToKMxxk3I7MT7A_ytON8:1qL8Hb:KTGjgpt-Yqz9YPJPngMrceXHy5gIR0fESINMHLsXhtc	2023-07-30 20:23:55.959181+00
4lssjgovzjdoq6tomly8o82n5emm5fsd	.eJxVjEEOwiAQRe_C2pDSAgMu3XsGMjCMVA0kpV0Z765NutDtf-_9lwi4rSVsPS9hJnEWkzj9bhHTI9cd0B3rrcnU6rrMUe6KPGiX10b5eTncv4OCvXxr8IpMdiP4CWKy7BFBpaQZLANS0jgSZAXEPESrMgHToKMxxk3I7MT7A_ytON8:1qSLzD:ocgXFxpZyZS-eJw_5sMZWMY1gwo012brNizFYYdnn2U	2023-08-19 18:26:47.447323+00
kz6qmif4364mg17w5qywb74s6wxcjmdo	.eJxVjEEOwiAQRe_C2hBGyjC4dO8ZCAOjVA1NSrsy3l2bdKHb_977LxXTutS4dpnjWNRJATp1-F055Ye0DZV7ardJ56kt88h6U_ROu75MRZ7n3f07qKnXb20EjEfIgBCYKDs8krFp4MJANl8xAAoBi-EkyIIuDN4LiQFrrffq_QERkTd_:1qjeTC:pFzwlAMNX4NnjMvfB_PaiEEf0sw--LsPVa8zT3e-qnw	2023-10-06 11:37:14.077498+00
6bmuqwju7mqonjfrvqmalu2mvkas5q2s	.eJxVjMsOwiAQAP-FsyEsj7J49O43NLuAUjWQlPZk_HdD0oNeZybzFjPtW5n3ntd5SeIswKI4_VKm-Mx1qPSgem8ytrqtC8uRyMN2eW0pvy5H-zco1MsYe-204htx0hwhoMlWKW1sMIBoMSTwlnyYQGGOQU-RHQVwKrFFAC8-XwUQNuc:1qXPxA:jd_RqYVgtKo3O34u7BUPBdCP8oMCtuSLypFV7x74mcs	2023-09-02 17:41:36.371861+00
iiskeee975cssx5teboou6l385gmjg1q	.eJxVjEEOwiAQRe_C2pDSAgMu3XsGMjCMVA0kpV0Z765NutDtf-_9lwi4rSVsPS9hJnEWkzj9bhHTI9cd0B3rrcnU6rrMUe6KPGiX10b5eTncv4OCvXxr8IpMdiP4CWKy7BFBpaQZLANS0jgSZAXEPESrMgHToKMxxk3I7MT7A_ytON8:1qgQyH:uCjcm3hVL8cV8_kavB-DFGIj22Mh3PkVqc-DLciNgLo	2023-09-27 14:36:01.623403+00
ywppedq233lwqrfhpv39ubcyhcgzuv3p	.eJxVjEEOwiAQRe_C2pDSAgMu3XsGMjCMVA0kpV0Z765NutDtf-_9lwi4rSVsPS9hJnEWkzj9bhHTI9cd0B3rrcnU6rrMUe6KPGiX10b5eTncv4OCvXxr8IpMdiP4CWKy7BFBpaQZLANS0jgSZAXEPESrMgHToKMxxk3I7MT7A_ytON8:1quyBJ:HOk0TYVx6RyzdVSmSVKkymJBX97f8xBO-tTJMI8DOCk	2023-11-06 16:53:33.930224+00
6zkzogdrgxh92yfywefsz3kvp8qpzcqn	.eJxVjEEOwiAQRe_C2hBGyjC4dO8ZCAOjVA1NSrsy3l2bdKHb_977LxXTutS4dpnjWNRJATp1-F055Ye0DZV7ardJ56kt88h6U_ROu75MRZ7n3f07qKnXb20EjEfIgBCYKDs8krFp4MJANl8xAAoBi-EkyIIuDN4LiQFrrffq_QERkTd_:1qqs3Z:c3-hS8-mKB4YMm6-FrZPIyVkUOWUy9TVKiloB3PA_kM	2023-10-26 09:32:37.918488+00
b598j6dykdj3kl6p4rzvxu7w2kn7o7jl	.eJxVjEEOwiAQRe_C2pDSAgMu3XsGMjCMVA0kpV0Z765NutDtf-_9lwi4rSVsPS9hJnEWkzj9bhHTI9cd0B3rrcnU6rrMUe6KPGiX10b5eTncv4OCvXxr8IpMdiP4CWKy7BFBpaQZLANS0jgSZAXEPESrMgHToKMxxk3I7MT7A_ytON8:1qJtl4:0j4S7inb5Z-B02bCanZ_neuFHEpEgQfGR9HPspF8GRg	2023-07-27 10:41:14.791149+00
tub964ijfcpdszamqbplhw4siko72ygh	.eJxVjEEOwiAQRe_C2pDSAgMu3XsGMjCMVA0kpV0Z765NutDtf-_9lwi4rSVsPS9hJnEWkzj9bhHTI9cd0B3rrcnU6rrMUe6KPGiX10b5eTncv4OCvXxr8IpMdiP4CWKy7BFBpaQZLANS0jgSZAXEPESrMgHToKMxxk3I7MT7A_ytON8:1qSdRQ:0Lty_dhaeZElhCL8hzd-x-XKyGm4gXmTNZfZ7IrpjPg	2023-08-20 13:05:04.910798+00
b5dgiz4qjopsh2kt4eb300e95rftg7hp	.eJxVjEEOwiAQRe_C2pDSAgMu3XsGMjCMVA0kpV0Z765NutDtf-_9lwi4rSVsPS9hJnEWkzj9bhHTI9cd0B3rrcnU6rrMUe6KPGiX10b5eTncv4OCvXxr8IpMdiP4CWKy7BFBpaQZLANS0jgSZAXEPESrMgHToKMxxk3I7MT7A_ytON8:1qWXMX:eHu5s4zYWhIKxAFMJBI6WNBTN5c2GMD6a2lIvja3FvA	2023-08-31 07:24:09.373388+00
droqjg0kvkrwmvpn2yoy95ga2ozl7ote	.eJxVjEEOwiAQRe_C2pDSAgMu3XsGMjCMVA0kpV0Z765NutDtf-_9lwi4rSVsPS9hJnEWkzj9bhHTI9cd0B3rrcnU6rrMUe6KPGiX10b5eTncv4OCvXxr8IpMdiP4CWKy7BFBpaQZLANS0jgSZAXEPESrMgHToKMxxk3I7MT7A_ytON8:1qgp1s:15IGj_RP3__WHnaYhTv6Y7tzXirFX2sT61qeYifPOjY	2023-09-28 16:17:20.987002+00
vd051vwb2zh77ntzrw4u7sdd5poms5bj	.eJxVjEEOwiAQRe_C2pDSAgMu3XsGMjCMVA0kpV0Z765NutDtf-_9lwi4rSVsPS9hJnEWkzj9bhHTI9cd0B3rrcnU6rrMUe6KPGiX10b5eTncv4OCvXxr8IpMdiP4CWKy7BFBpaQZLANS0jgSZAXEPESrMgHToKMxxk3I7MT7A_ytON8:1qh5A3:MWFQ0MHPt3FQpZ2l_3AJ4Go6QXhj5foCAjh1dmTzHB8	2023-09-29 09:30:51.112656+00
ftnm8gsk7pqhdxda9ag80pydlq40m810	.eJxVjEEOwiAQRe_C2pDSAgMu3XsGMjCMVA0kpV0Z765NutDtf-_9lwi4rSVsPS9hJnEWkzj9bhHTI9cd0B3rrcnU6rrMUe6KPGiX10b5eTncv4OCvXxr8IpMdiP4CWKy7BFBpaQZLANS0jgSZAXEPESrMgHToKMxxk3I7MT7A_ytON8:1qh5VM:Q8pQslOArIrjDahmsbvVJ5Tq2EQDRyM9QO8f-UCg6oo	2023-09-29 09:52:52.316896+00
16fj6pake6c20jd9uvqkluzde42cnwba	.eJxVjEEOwiAQRe_C2pDSAgMu3XsGMjCMVA0kpV0Z765NutDtf-_9lwi4rSVsPS9hJnEWkzj9bhHTI9cd0B3rrcnU6rrMUe6KPGiX10b5eTncv4OCvXxr8IpMdiP4CWKy7BFBpaQZLANS0jgSZAXEPESrMgHToKMxxk3I7MT7A_ytON8:1qv0A4:CUx7stTnCiwi-f9nq3t_ft7DczZxvaPuDNLclS6FdBU	2023-11-06 19:00:24.382809+00
q0t4kozta7te3s4j1vg1ngov7u4yy6tq	.eJxVjEEOwiAQRe_C2pDSAgMu3XsGMjCMVA0kpV0Z765NutDtf-_9lwi4rSVsPS9hJnEWkzj9bhHTI9cd0B3rrcnU6rrMUe6KPGiX10b5eTncv4OCvXxr8IpMdiP4CWKy7BFBpaQZLANS0jgSZAXEPESrMgHToKMxxk3I7MT7A_ytON8:1qqvlu:_wM7xLoBO_CiCLRSIeDYMbx2U2-4ykOPGiYJrUVXwBE	2023-10-26 13:30:38.514969+00
pz8sxdcyr44tzabohbhcdut7y9wmyl0c	.eJxVjEEOwiAQRe_C2pDSAgMu3XsGMjCMVA0kpV0Z765NutDtf-_9lwi4rSVsPS9hJnEWkzj9bhHTI9cd0B3rrcnU6rrMUe6KPGiX10b5eTncv4OCvXxr8IpMdiP4CWKy7BFBpaQZLANS0jgSZAXEPESrMgHToKMxxk3I7MT7A_ytON8:1qia6S:PsF27dP23SDiKgAIYPDweg2Qg3f0FVBK0mRWBW6q8kU	2023-10-03 12:45:20.002858+00
221r4xsgpod6ansl3zdx9tfr266a0slt	.eJxVjEEOwiAQRe_C2hBgGC0u3fcMZIYBqZo2Ke3KeHfbpAvd_vfef6tI61Lj2vIcB1FX5RDV6XdlSs887kgeNN4nnaZxmQfWu6IP2nQ_SX7dDvfvoFKrW32xJjGkM3BwEogzGXZMghDE-wLGlmw7TOJD8M4g48YdMAQoXbGoPl88Sjgl:1qzzT7:NmC0SmpS3atyjskzNQ8qjRllEhVEs5-bqkma3BOJJ5k	2023-11-20 13:16:41.435205+00
q44x2ojt34grfdn7hpout9n0lguxp7wq	.eJxVjEEOwiAQRe_C2hBGyjC4dO8ZCAOjVA1NSrsy3l2bdKHb_977LxXTutS4dpnjWNRJATp1-F055Ye0DZV7ardJ56kt88h6U_ROu75MRZ7n3f07qKnXb20EjEfIgBCYKDs8krFp4MJANl8xAAoBi-EkyIIuDN4LiQFrrffq_QERkTd_:1qk3Ar:zYnk8WDYg9nHP9_PrxYOis4jRg8ovCuUb3DETJNKRyo	2023-10-07 13:59:57.47306+00
5m6uvwg33w350uxrlxaotb9z6f4jv7bo	.eJxVjEEOwiAQRe_C2pDSAgMu3XsGMjCMVA0kpV0Z765NutDtf-_9lwi4rSVsPS9hJnEWkzj9bhHTI9cd0B3rrcnU6rrMUe6KPGiX10b5eTncv4OCvXxr8IpMdiP4CWKy7BFBpaQZLANS0jgSZAXEPESrMgHToKMxxk3I7MT7A_ytON8:1qjL4K:tBQ0rHMkxaEXVUZijM_w_45PWEJFOSUVzvDaba8aIEA	2023-10-05 14:54:16.956306+00
h972dq0af2s2o0e06lwdzus33q3f4o6p	.eJxVjEEOwiAQRe_C2pDSAgMu3XsGMjCMVA0kpV0Z765NutDtf-_9lwi4rSVsPS9hJnEWkzj9bhHTI9cd0B3rrcnU6rrMUe6KPGiX10b5eTncv4OCvXxr8IpMdiP4CWKy7BFBpaQZLANS0jgSZAXEPESrMgHToKMxxk3I7MT7A_ytON8:1qo5zP:5s4yO9gaV4lX22g-TQ4TmS8W-EBYIo8cEMh4RXluyls	2023-10-18 17:48:51.307696+00
heclgx3v5qg8gdgazj3xqtwxabmo1dfb	.eJxVjMsOwiAURP-FtSEXuEB16d5vILyuVA0kpV0Z_12adKHLmXNm3sz5bS1u63lxc2IXJrRmp982-PjMdUfp4eu98djqusyB7wo_aOe3lvLrerh_B8X3MtZA6gyTgoQBLVnlyQdpKEMkGcyIGixgMjYCDU8IRI1GWZIUIKeJfb4oejf8:1qdvke:5vNLu_E06ec4KIBD88ClfpgzQf-KlJMTos4QMKsORuM	2023-09-20 16:51:36.582296+00
obv92417g6nrlr8fogghmpa8vg2fwfdq	.eJxVjEEOwiAQRe_C2pDSAgMu3XsGMjCMVA0kpV0Z765NutDtf-_9lwi4rSVsPS9hJnEWkzj9bhHTI9cd0B3rrcnU6rrMUe6KPGiX10b5eTncv4OCvXxr8IpMdiP4CWKy7BFBpaQZLANS0jgSZAXEPESrMgHToKMxxk3I7MT7A_ytON8:1qtqwj:WdX0Y4V4_OaFsvFgS4Vt_ha4uBh_UOgEmhSLwN6flpQ	2023-11-03 14:57:53.566648+00
84xcnqixj1jb4kuya49uz7ly18ppsukl	.eJxVjEEOwiAQRe_C2pDSAgMu3XsGMjCMVA0kpV0Z765NutDtf-_9lwi4rSVsPS9hJnEWkzj9bhHTI9cd0B3rrcnU6rrMUe6KPGiX10b5eTncv4OCvXxr8IpMdiP4CWKy7BFBpaQZLANS0jgSZAXEPESrMgHToKMxxk3I7MT7A_ytON8:1qLnLl:jjkwG4vqKHO6GGQ5EzJiIki-BmaittS76RYyDWhG420	2023-08-01 16:14:57.397294+00
x0fd0j7j43tz9eipdhi6aygxafmp9cut	.eJxVjEEOwiAQRe_C2pDSAgMu3XsGMjCMVA0kpV0Z765NutDtf-_9lwi4rSVsPS9hJnEWkzj9bhHTI9cd0B3rrcnU6rrMUe6KPGiX10b5eTncv4OCvXxr8IpMdiP4CWKy7BFBpaQZLANS0jgSZAXEPESrMgHToKMxxk3I7MT7A_ytON8:1qNyl6:dx9NUYQkAQSBaPH3rtJWDIMI153kGO--8ewCq-Jc-mE	2023-08-07 16:50:08.914978+00
cctbwv2x83h0d57f8nj15sjpmrb4qvo8	.eJxVjEEOwiAQRe_C2pDSAgMu3XsGMjCMVA0kpV0Z765NutDtf-_9lwi4rSVsPS9hJnEWkzj9bhHTI9cd0B3rrcnU6rrMUe6KPGiX10b5eTncv4OCvXxr8IpMdiP4CWKy7BFBpaQZLANS0jgSZAXEPESrMgHToKMxxk3I7MT7A_ytON8:1qLRX1:BKHbCe7mNStezmZk0UQSBNa1gnnR3_08fj6uje9ihwU	2023-07-31 16:57:07.176378+00
o6505esssuylk2509ehrn1k008q563jr	.eJxVjMsOwiAQRf-FtSEwvAaX7v0GAmWQqoGktCvjv2uTLnR7zzn3xULc1hq2QUuYMzszNOz0O6Y4PajtJN9ju3U-9bYuc-K7wg86-LVnel4O9--gxlG_tQDjJBjKniQ45SMWABuFRCI0UugE3jivtFDZe7QiF5QaklZFW22RvT_PcDY_:1qMAkT:-AWzb1m7vTBcDpqGdVZmKkgX5UzhErp66hx8C1gOtTo	2023-08-02 17:14:01.164443+00
raqh6eg0j40ofwb0vfbp8eiowo24tmmm	.eJxVjEEOwiAQRe_C2hAQOhSX7nsGMsyAVA0kpV0Z765NutDtf-_9lwi4rSVsPS1hZnER2ntx-l0j0iPVHfEd661JanVd5ih3RR60y6lxel4P9--gYC_fOuVMZ8WZXTQEFMdoKfoEMPicCLN24EZgx2B5UAa1UQ40WuWUsUYb8f4AbUg4cg:1qo45p:Egkbn5Dga6x40FbiSlI2rrxZSob5GB0uPYoNlXrb8sk	2023-10-18 15:47:21.120699+00
bhpew7o9hrb67l3ije7epai7anws9c7x	.eJxVjEEOwiAQRe_C2hBGyjC4dO8ZCAOjVA1NSrsy3l2bdKHb_977LxXTutS4dpnjWNRJATp1-F055Ye0DZV7ardJ56kt88h6U_ROu75MRZ7n3f07qKnXb20EjEfIgBCYKDs8krFp4MJANl8xAAoBi-EkyIIuDN4LiQFrrffq_QERkTd_:1qje6c:qBaE7X4Aiq2Yu1iYEAKoKlhAXiElQxlaR8VPPwXy5u8	2023-10-06 11:13:54.105375+00
fh2sagvshfd3q8sy6ib3qbjk24ggx0ej	.eJxVjEEOwiAQRe_C2pDSAgMu3XsGMjCMVA0kpV0Z765NutDtf-_9lwi4rSVsPS9hJnEWkzj9bhHTI9cd0B3rrcnU6rrMUe6KPGiX10b5eTncv4OCvXxr8IpMdiP4CWKy7BFBpaQZLANS0jgSZAXEPESrMgHToKMxxk3I7MT7A_ytON8:1qKGRz:Y_oGxuS6zhTQQ02B1w72r6RKxKANo90p8ZhjajVLHOg	2023-07-28 10:55:03.175652+00
ixr3is60wxamoxj0wsbasa45pzxpooob	.eJxVjDsOwjAQBe_iGllef9Y2JT1nsNY_HECOFCcV4u4QKQW0b2beiwXa1ha2UZYwZXZmICw7_a6R0qP0HeU79dvM09zXZYp8V_hBB7_OuTwvh_t30Gi0b-2dK0S16CilQPRSRHBeKI1QyUEGhQqT0s4QogNTtZJS6yRsJmMLsfcHBws3FQ:1qKGU2:in-oCv3HRc_vYWaVcgqMRFZ0_5P_H0dzd5qiL_Fz01Y	2023-07-28 10:57:10.794389+00
hz6czar222n8er9mwk1ais0gqg3yb6qu	.eJxVjMsOwiAQRf-FtSEwvAaX7v0GAmWQqoGktCvjv2uTLnR7zzn3xULc1hq2QUuYMzszNOz0O6Y4PajtJN9ju3U-9bYuc-K7wg86-LVnel4O9--gxlG_tQDjJBjKniQ45SMWABuFRCI0UugE3jivtFDZe7QiF5QaklZFW22RvT_PcDY_:1qJuRU:7pLTgWZdrXVwFsP6Bf7mv6vDbFFNipC9mIYWFuTVuOY	2023-07-27 11:25:04.674952+00
8edwo4sx1px04qu24dfbyylbb0pvfg6t	.eJxVjEEOwiAQRe_C2pDSAgMu3XsGMjCMVA0kpV0Z765NutDtf-_9lwi4rSVsPS9hJnEWkzj9bhHTI9cd0B3rrcnU6rrMUe6KPGiX10b5eTncv4OCvXxr8IpMdiP4CWKy7BFBpaQZLANS0jgSZAXEPESrMgHToKMxxk3I7MT7A_ytON8:1qLky2:jeZBirmmToDhVeXO6ojwxDoYn0ksxnbMZv0-tSOiI0A	2023-08-01 13:42:18.239057+00
5f6w8oyy8bii9xz2igx9a61qcjtfesu6	.eJxVjEEOwiAQRe_C2pDSAgMu3XsGMjCMVA0kpV0Z765NutDtf-_9lwi4rSVsPS9hJnEWkzj9bhHTI9cd0B3rrcnU6rrMUe6KPGiX10b5eTncv4OCvXxr8IpMdiP4CWKy7BFBpaQZLANS0jgSZAXEPESrMgHToKMxxk3I7MT7A_ytON8:1qMcNv:qeNk2Z3E0F-HiBijFdP6T69aqMwET7Kev0SCDrNbWmg	2023-08-03 22:44:35.725192+00
2g9aqps0iw9f8m9l75fwq6cbxqxpktp9	.eJxVjEEOwiAQRe_C2pDSAgMu3XsGMjCMVA0kpV0Z765NutDtf-_9lwi4rSVsPS9hJnEWkzj9bhHTI9cd0B3rrcnU6rrMUe6KPGiX10b5eTncv4OCvXxr8IpMdiP4CWKy7BFBpaQZLANS0jgSZAXEPESrMgHToKMxxk3I7MT7A_ytON8:1qPUCY:Gn-uCOo9TEkZLB2Gx0zPIUX5V0dBOjcG_1Q1IVEDs3k	2023-08-11 20:36:42.130376+00
etpeho8qqlok50ajmi3n64pc2rop801x	.eJxVjEEOwiAQRe_C2pDSAgMu3XsGMjCMVA0kpV0Z765NutDtf-_9lwi4rSVsPS9hJnEWkzj9bhHTI9cd0B3rrcnU6rrMUe6KPGiX10b5eTncv4OCvXxr8IpMdiP4CWKy7BFBpaQZLANS0jgSZAXEPESrMgHToKMxxk3I7MT7A_ytON8:1qRs5g:oxV9xQY2AaBmEmtHgshX1rxg9qrM7LZNNyIvwwhJ9kE	2023-08-18 10:31:28.509966+00
fjua6fcoiaw79jxpn3vqkcoywv2ta3uw	.eJxVjEEOwiAQRe_C2pDSAgMu3XsGMjCMVA0kpV0Z765NutDtf-_9lwi4rSVsPS9hJnEWkzj9bhHTI9cd0B3rrcnU6rrMUe6KPGiX10b5eTncv4OCvXxr8IpMdiP4CWKy7BFBpaQZLANS0jgSZAXEPESrMgHToKMxxk3I7MT7A_ytON8:1qMPtl:qr3L3yY702jWFxOsQL8vaHxQaxJFcAw2vFz-9WChe9c	2023-08-03 09:24:37.719946+00
4nslmaf1z3bv6qg7v01kbg2fag3bc0xt	.eJxVjEEOwiAQRe_C2pDSAgMu3XsGMjCMVA0kpV0Z765NutDtf-_9lwi4rSVsPS9hJnEWkzj9bhHTI9cd0B3rrcnU6rrMUe6KPGiX10b5eTncv4OCvXxr8IpMdiP4CWKy7BFBpaQZLANS0jgSZAXEPESrMgHToKMxxk3I7MT7A_ytON8:1qM5TQ:VW6VsnNoQBchhLscm11BcA7JPc76opx-c4KqQM_cgUU	2023-08-02 11:36:04.293836+00
alt3c1z2torenkddn88big80w3hc4eqa	.eJxVjEEOwiAQRe_C2pDSAgMu3XsGMjCMVA0kpV0Z765NutDtf-_9lwi4rSVsPS9hJnEWkzj9bhHTI9cd0B3rrcnU6rrMUe6KPGiX10b5eTncv4OCvXxr8IpMdiP4CWKy7BFBpaQZLANS0jgSZAXEPESrMgHToKMxxk3I7MT7A_ytON8:1qRejI:o3biRHtktfrI8mSkin8Oti0AiQF8h-QG0ZQIodzB5ak	2023-08-17 20:15:28.979845+00
q7ctrrte24459f5uakbdc21isecuw9qc	.eJxVjEEOwiAQRe_C2pDSAgMu3XsGMjCMVA0kpV0Z765NutDtf-_9lwi4rSVsPS9hJnEWkzj9bhHTI9cd0B3rrcnU6rrMUe6KPGiX10b5eTncv4OCvXxr8IpMdiP4CWKy7BFBpaQZLANS0jgSZAXEPESrMgHToKMxxk3I7MT7A_ytON8:1qgp4R:i8HcfgaiAjm3Sik6WCNCydWy2hmlGkJqLN2XHHmfkpg	2023-09-28 16:19:59.899764+00
d3db918d3ezhu8si94o330ar0tbdg54j	.eJxVjEEOwiAQRe_C2pDSAgMu3XsGMjCMVA0kpV0Z765NutDtf-_9lwi4rSVsPS9hJnEWkzj9bhHTI9cd0B3rrcnU6rrMUe6KPGiX10b5eTncv4OCvXxr8IpMdiP4CWKy7BFBpaQZLANS0jgSZAXEPESrMgHToKMxxk3I7MT7A_ytON8:1qh5Ao:w2yRl9I1UT0iKDPF6YPTX5V4UlrDvC8bEPqoZ6T8NJ0	2023-09-29 09:31:38.334766+00
71nrvcgwup16s9cn8db4cou12ip5becv	.eJxVjEEOwiAQRe_C2pDSAgMu3XsGMjCMVA0kpV0Z765NutDtf-_9lwi4rSVsPS9hJnEWkzj9bhHTI9cd0B3rrcnU6rrMUe6KPGiX10b5eTncv4OCvXxr8IpMdiP4CWKy7BFBpaQZLANS0jgSZAXEPESrMgHToKMxxk3I7MT7A_ytON8:1qr2XS:OoosVrM8SNkcUZkjJzJ0FuebCawPg3LojbiyvyLPUi8	2023-10-26 20:44:10.937172+00
dqqhxonmceyrwob7uugke72jwjrs0guy	.eJxVjEEOwiAQRe_C2hBGyjC4dO8ZCAOjVA1NSrsy3l2bdKHb_977LxXTutS4dpnjWNRJATp1-F055Ye0DZV7ardJ56kt88h6U_ROu75MRZ7n3f07qKnXb20EjEfIgBCYKDs8krFp4MJANl8xAAoBi-EkyIIuDN4LiQFrrffq_QERkTd_:1qk4H0:baocg_DgWfJXyf1CTABObc3W7Ffsn_5HJzu_8LMox0g	2023-10-07 15:10:22.882427+00
1yyz8ots2ci2qcnxzh2emyxpof5aphqt	.eJxVjEEOwiAQRe_C2pDSAgMu3XsGMjCMVA0kpV0Z765NutDtf-_9lwi4rSVsPS9hJnEWkzj9bhHTI9cd0B3rrcnU6rrMUe6KPGiX10b5eTncv4OCvXxr8IpMdiP4CWKy7BFBpaQZLANS0jgSZAXEPESrMgHToKMxxk3I7MT7A_ytON8:1qiEst:RglGbaHucvZ5zISu_HYCWXKVBQY4UR3J8IjOLZyF1O8	2023-10-02 14:05:55.755116+00
h842vlnon4pglsllqwlv4wt7i9wejxv0	.eJxVjDEOAiEQRe9CbQgw4IilvWcgwwCyaiBZdivj3XWTLbT9773_EoHWpYZ15DlMSZyFsU4cftdI_MhtQ-lO7dYl97bMU5SbInc65LWn_Lzs7t9BpVG_NSpQwLFoRkZNPqE7MRi02dmiokdQBsDaYgonSiUjoo9wNC56pTOL9wcf4zgM:1qreGK:3BwmTkn-S535uWuSFI5Sl1EgfuSdOjIrEX4WR58M5FA	2023-10-28 13:01:00.490896+00
18j1h7ddqlny427mhxtvoamf4067eule	.eJxVjjsOwyAQRO9CHSEWlo9TpvcZEJ8lOImwZOwqyt1jSy6Sdt6b0byZD9ta_dZp8VNmVwbGsstvGkN6UjtQfoR2n3ma27pMkR8KP2nn45zpdTvdv4Eaet3bWkkoaJUAis4goaOcLJiMWpSgLZZhEGAigVH7CadJK2URURpMhST7fAEGbzb8:1qo5zo:fzufFnKhCmrqaRmSfrHJNtFXkH6gUvtoaHwSbGEt7-0	2023-10-18 17:49:16.501893+00
c95l60jadfee6ob6idikq3slsavgh69i	.eJxVjjsOwyAQRO9CHSEWlo9TpvcZEJ8lOImwZOwqyt1jSy6Sdt6b0byZD9ta_dZp8VNmVwbGsstvGkN6UjtQfoR2n3ma27pMkR8KP2nn45zpdTvdv4Eaet3bWkkoaJUAis4goaOcLJiMWpSgLZZhEGAigVH7CadJK2URURpMhST7fAEGbzb8:1qqcds:-lQ9dIdNBE8vdeDim2u1BaN1LBgHbt9TgzZNtrUNXxc	2023-10-25 17:05:04.874766+00
616ixvh68mpv2lvluls8z3knt58hckhi	.eJxVjDEOwjAMRe-SGUVWkzgKIztniOzYoQXUSk07VdwdReoA63_v_cNk2rcx703XPIm5msGjufyuTOWlc0fypPmx2LLM2zqx7Yo9abP3RfR9O92_g5Ha2GtQrYShOmXvAZJIDFB9ZFRGcKow1OCpDAgSEnOIsUSsziVVSmg-X02HONU:1qwJNY:OvmCiDM7HMoFiG3Cyh2h4C6lwTfRbN_lb2qFwna6dyU	2023-11-10 09:43:44.181413+00
p2s9dqsnr7cvp77s5gptqtwlevhw1cuc	.eJxVjMsOwiAUBf-FtSFAgYJL934DOeVepGpo0sfK-O_apAvdnpk5L5GwrTVtC89pJHEW2ntx-l0H5Ae3HdEd7TbJPLV1Hge5K_Kgi7xOxM_L4f4dVCz1WzvLtqDAFuuLgYbiQD2yytGhhFic0RkhOsUEROcJljh36NgMyvXi_QFg-TmF:1qqclK:aeMfs90G9yzG7KyRznIfbx1favdF_G8Hbm2QpN2F7RU	2023-10-25 17:12:46.298384+00
brc48blc60ae1addq57j198njcxqnc6y	.eJxVjEEOwiAQRe_C2pDSAgMu3XsGMjCMVA0kpV0Z765NutDtf-_9lwi4rSVsPS9hJnEWkzj9bhHTI9cd0B3rrcnU6rrMUe6KPGiX10b5eTncv4OCvXxr8IpMdiP4CWKy7BFBpaQZLANS0jgSZAXEPESrMgHToKMxxk3I7MT7A_ytON8:1rWefL:JhBoQ2ym9B4ygcvqMm5yoGYPzxvfpmaJwgBfKPzBGg4	2024-02-18 15:44:19.209221+00
aqbtlx45xp7umy8p5kykupewci3kxxm8	.eJxVjEEOwiAQRe_C2pDSAgMu3XsGMjCMVA0kpV0Z765NutDtf-_9lwi4rSVsPS9hJnEWkzj9bhHTI9cd0B3rrcnU6rrMUe6KPGiX10b5eTncv4OCvXxr8IpMdiP4CWKy7BFBpaQZLANS0jgSZAXEPESrMgHToKMxxk3I7MT7A_ytON8:1qtSWO:sEAxzNqqXVXAEzQb2YVLsBCnPw3ZJV151EXCo8schLA	2023-11-02 12:53:04.794311+00
uurdfcvp6gmzrrvxggwsdcxgenk1ay5f	.eJxVjMEOwiAQRP-FsyGwwlI8evcbCLCLVA1NSnsy_rtt0oMmc5r3Zt4ixHWpYe08h5HERQBacfptU8xPbjuiR2z3SeapLfOY5K7Ig3Z5m4hf18P9O6ix122teOCM2hWwmEA7Bd4CbdEIhKWA8ZkNYXSYM0XLCuxgAYtRisifxecLHpg33Q:1ruw98:fbEpXSRJi9MdtJLt13DjsHdHDnOT0m-ehEGho9x5SCs	2024-04-25 15:15:26.842401+00
mjvrujxj1obxsoag1pgv2ebh6y7idy4l	.eJxVjEEOwiAQRe_C2pDSAgMu3XsGMjCMVA0kpV0Z765NutDtf-_9lwi4rSVsPS9hJnEWkzj9bhHTI9cd0B3rrcnU6rrMUe6KPGiX10b5eTncv4OCvXxr8IpMdiP4CWKy7BFBpaQZLANS0jgSZAXEPESrMgHToKMxxk3I7MT7A_ytON8:1qxowH:oCPe39EPTk1TQV4TQ0n6QTehAyNHHkfz9QYrtrpQ7dA	2023-11-14 13:37:49.490439+00
zvdv7va3sonzxu6ha7vhtzz5gxxuungq	.eJxVjEEOwiAQRe_C2pDSAgMu3XsGMjCMVA0kpV0Z765NutDtf-_9lwi4rSVsPS9hJnEWkzj9bhHTI9cd0B3rrcnU6rrMUe6KPGiX10b5eTncv4OCvXxr8IpMdiP4CWKy7BFBpaQZLANS0jgSZAXEPESrMgHToKMxxk3I7MT7A_ytON8:1qxowW:O5V4--MlOgF5gKlKC4tZAajgZBVhB9Ef8C8znSQbOig	2023-11-14 13:38:04.644013+00
evic4gqonky97w6g82be41vu7jyccvjv	.eJxVjEEOwiAQRe_C2pDSAgMu3XsGMjCMVA0kpV0Z765NutDtf-_9lwi4rSVsPS9hJnEWkzj9bhHTI9cd0B3rrcnU6rrMUe6KPGiX10b5eTncv4OCvXxr8IpMdiP4CWKy7BFBpaQZLANS0jgSZAXEPESrMgHToKMxxk3I7MT7A_ytON8:1qqdMw:fFIIdaqdnspNSqDYk_gYztM16oo1xkQYDldd2g3WHbw	2023-10-25 17:51:38.901817+00
snny264ead4cvwn48fr7zbjnjpqvpw8s	.eJxVjEEOwiAQRe_C2hBgGC0u3fcMZIYBqZo2Ke3KeHfbpAvd_vfef6tI61Lj2vIcB1FX5RDV6XdlSs887kgeNN4nnaZxmQfWu6IP2nQ_SX7dDvfvoFKrW32xJjGkM3BwEogzGXZMghDE-wLGlmw7TOJD8M4g48YdMAQoXbGoPl88Sjgl:1qtqxJ:hAaUjIEoSw_cCK84KT4_A99rSKPpunu4igwf0Orq0Sk	2023-11-03 14:58:29.534207+00
kk0axx7rue6ksnkf58erna2d1ak0qyr3	.eJxVjEEOwiAQRe_C2pDSAgMu3XsGMjCMVA0kpV0Z765NutDtf-_9lwi4rSVsPS9hJnEWkzj9bhHTI9cd0B3rrcnU6rrMUe6KPGiX10b5eTncv4OCvXxr8IpMdiP4CWKy7BFBpaQZLANS0jgSZAXEPESrMgHToKMxxk3I7MT7A_ytON8:1rMPxx:DddfeRO2ehzkl6S29zgooBmMkT1Hz8ovDz3XiW1rpL0	2024-01-21 10:01:13.088783+00
72nmekt52khd6ha4up6auizpozgzw11t	.eJxVjMEOwiAQRP-FsyGwwlI8evcbCLCLVA1NSnsy_rtt0oMmc5r3Zt4ixHWpYe08h5HERQBacfptU8xPbjuiR2z3SeapLfOY5K7Ig3Z5m4hf18P9O6ix122teOCM2hWwmEA7Bd4CbdEIhKWA8ZkNYXSYM0XLCuxgAYtRisifxecLHpg33Q:1s6WrA:-uqQrgXF7zkanJxHp1oNFRm0KFj-_vujIxoxuUVwF38	2024-05-27 14:40:48.566147+00
mq7xr6akzz36eklshnu7yfyhbspbfgm2	.eJxVjjsOwyAQRO9CHSEWlo9TpvcZEJ8lOImwZOwqyt1jSy6Sdt6b0byZD9ta_dZp8VNmVwbGsstvGkN6UjtQfoR2n3ma27pMkR8KP2nn45zpdTvdv4Eaet3bWkkoaJUAis4goaOcLJiMWpSgLZZhEGAigVH7CadJK2URURpMhST7fAEGbzb8:1rkP4n:TkveAvPFha4QpuUhi-r25kOtXAKiMOfNb3yKJqQnOe8	2024-03-27 13:55:25.388814+00
kotwr56esvscw0d5tfbiouocmk5zrmep	.eJxVjEEOwiAQRe_C2hBgGC0u3fcMZIYBqZo2Ke3KeHfbpAvd_vfef6tI61Lj2vIcB1FX5RDV6XdlSs887kgeNN4nnaZxmQfWu6IP2nQ_SX7dDvfvoFKrW32xJjGkM3BwEogzGXZMghDE-wLGlmw7TOJD8M4g48YdMAQoXbGoPl88Sjgl:1r7Lpe:ItovHqcssqznM89YN5qS8LH9LwRLzumtLrkvfMHx69s	2023-12-10 20:34:22.617564+00
5fr71x2prhg4slglg4sw23lelm9z2ush	.eJxVjMsOwiAQAP-FsyHbpQXq0bvfQGB3K1UDSR8n478rSQ96nZnMS4W4bznsqyxhZnVW6Lw6_dIU6SGlKb7HcquaatmWOemW6MOu-lpZnpej_RvkuOY2RhgGMSN4YrQsKJBcPwJY0wknQifJgyOaoiWDPPW2t-5b-M4Ceq_eHx-NN4U:1r7Y1e:uULBP-CmQbFt9r8kDy_jsQ7Rz35TmdbGw1kf7VdJSAs	2023-12-11 09:35:34.524345+00
t40avmscjd58fde54kwkvf1vzml6k8j8	.eJxVjEEOwiAQRe_C2hBgGC0u3fcMZIYBqZo2Ke3KeHfbpAvd_vfef6tI61Lj2vIcB1FX5RDV6XdlSs887kgeNN4nnaZxmQfWu6IP2nQ_SX7dDvfvoFKrW32xJjGkM3BwEogzGXZMghDE-wLGlmw7TOJD8M4g48YdMAQoXbGoPl88Sjgl:1qvzZV:cQLDn-MJ6JO1n4asvA8G3IDnbj3kq0vb_cJKqTwyvFU	2023-11-09 12:34:45.00805+00
4obojeld6ke3ynvrkzs9gxzl8r9w3dij	.eJxVjjsOwyAQRO9CHSEWlo9TpvcZEJ8lOImwZOwqyt1jSy6Sdt6b0byZD9ta_dZp8VNmVwbGsstvGkN6UjtQfoR2n3ma27pMkR8KP2nn45zpdTvdv4Eaet3bWkkoaJUAis4goaOcLJiMWpSgLZZhEGAigVH7CadJK2URURpMhST7fAEGbzb8:1rCcic:29fgO1FPs1MObp_bNo6COIWlgW8oq-a8VgPk_iRSn98	2023-12-25 09:36:54.351347+00
7v4adwqn9xyl9c34nwbgsj8nt5ii1v4j	.eJxVjjsOwyAQRO9CHSEWlo9TpvcZEJ8lOImwZOwqyt1jSy6Sdt6b0byZD9ta_dZp8VNmVwbGsstvGkN6UjtQfoR2n3ma27pMkR8KP2nn45zpdTvdv4Eaet3bWkkoaJUAis4goaOcLJiMWpSgLZZhEGAigVH7CadJK2URURpMhST7fAEGbzb8:1r2vmS:RW-jUoKAWcYOIYOQpFVGLdictE82R38tLYLYRUawPkI	2023-11-28 15:56:48.299523+00
r9l3p8m8wxbvya1l51x228sonritegle	.eJxVjEEOwiAQRe_C2hBGyjC4dO8ZCAOjVA1NSrsy3l2bdKHb_977LxXTutS4dpnjWNRJATp1-F055Ye0DZV7ardJ56kt88h6U_ROu75MRZ7n3f07qKnXb20EjEfIgBCYKDs8krFp4MJANl8xAAoBi-EkyIIuDN4LiQFrrffq_QERkTd_:1rCddR:IJuEZZg1i_7vbsCnKPc9S3fHJ2Nyj-KWnI4sLTuwgxM	2023-12-25 10:35:37.835929+00
0zbmh4a1w6iqoeiz5wjlyhcle47pv207	.eJxVjjsOwyAQRO9CHSEWlo9TpvcZEJ8lOImwZOwqyt1jSy6Sdt6b0byZD9ta_dZp8VNmVwbGsstvGkN6UjtQfoR2n3ma27pMkR8KP2nn45zpdTvdv4Eaet3bWkkoaJUAis4goaOcLJiMWpSgLZZhEGAigVH7CadJK2URURpMhST7fAEGbzb8:1rDBtj:uUpbrzmclgBfK5BIrBPlzdIqm-HrIOCNPjk_EPRJ0uY	2023-12-26 23:10:43.614202+00
k187gq5ji2dkt1xa1ohrln4r5144d7m1	.eJxVjEEOwiAQRe_C2pDSAgMu3XsGMjCMVA0kpV0Z765NutDtf-_9lwi4rSVsPS9hJnEWkzj9bhHTI9cd0B3rrcnU6rrMUe6KPGiX10b5eTncv4OCvXxr8IpMdiP4CWKy7BFBpaQZLANS0jgSZAXEPESrMgHToKMxxk3I7MT7A_ytON8:1rkn9z:AWqUEj9N0bERLdQjuB9SKri1Zj00lgV2hKNFLMCRGI0	2024-03-28 15:38:23.014506+00
jpunxqlo47bb6oe9n3bvm9ts0v1cxv9i	.eJxVjEEOwiAQRe_C2pDSAgMu3XsGMjCMVA0kpV0Z765NutDtf-_9lwi4rSVsPS9hJnEWkzj9bhHTI9cd0B3rrcnU6rrMUe6KPGiX10b5eTncv4OCvXxr8IpMdiP4CWKy7BFBpaQZLANS0jgSZAXEPESrMgHToKMxxk3I7MT7A_ytON8:1rFkQ0:ZIAhs4szHk-wdjpLKW5jtok8OkM5231GdoumJ368dGA	2024-01-03 00:26:36.466029+00
1lhrgdkzj3g8fp04vzoaqanlrobx76gy	.eJxVjEEOwiAQRe_C2pDSAgMu3XsGMjCMVA0kpV0Z765NutDtf-_9lwi4rSVsPS9hJnEWkzj9bhHTI9cd0B3rrcnU6rrMUe6KPGiX10b5eTncv4OCvXxr8IpMdiP4CWKy7BFBpaQZLANS0jgSZAXEPESrMgHToKMxxk3I7MT7A_ytON8:1rRun2:7_vESRyRBUYVkNdgQZzAOYmyRT4o2TyixgY0cwl1bhA	2024-02-05 13:56:40.332806+00
6d0iz52282nqkdxjnvly7sqsmrct593e	.eJxVjEEOwiAQRe_C2pDSAgMu3XsGMjCMVA0kpV0Z765NutDtf-_9lwi4rSVsPS9hJnEWkzj9bhHTI9cd0B3rrcnU6rrMUe6KPGiX10b5eTncv4OCvXxr8IpMdiP4CWKy7BFBpaQZLANS0jgSZAXEPESrMgHToKMxxk3I7MT7A_ytON8:1rLVHm:eJG1dwEVIsikxifJo3QeyR0jVf3ipyz677khYOQN1jc	2024-01-18 21:29:54.404259+00
52k9fjgq3nyce72lhz89n1qln1pe60nf	.eJxVjEEOwiAQRe_C2pDSAgMu3XsGMjCMVA0kpV0Z765NutDtf-_9lwi4rSVsPS9hJnEWkzj9bhHTI9cd0B3rrcnU6rrMUe6KPGiX10b5eTncv4OCvXxr8IpMdiP4CWKy7BFBpaQZLANS0jgSZAXEPESrMgHToKMxxk3I7MT7A_ytON8:1rbja5:8xI_rxNx0eGUOu9LrSniQz9lMub2ck0SxQ4TxcccptU	2024-03-03 15:59:53.385975+00
x91rqeq4vf6enwpoteb9fezsb0rpd6x1	.eJxVjEEOwiAQRe_C2pDSAgMu3XsGMjCMVA0kpV0Z765NutDtf-_9lwi4rSVsPS9hJnEWkzj9bhHTI9cd0B3rrcnU6rrMUe6KPGiX10b5eTncv4OCvXxr8IpMdiP4CWKy7BFBpaQZLANS0jgSZAXEPESrMgHToKMxxk3I7MT7A_ytON8:1rebtf:qabUoQg-kp_QXqMDVsVw7sXYlt2AESe8ucW_AoKK91w	2024-03-11 14:23:59.583402+00
uffjs8xd1ystk4dllc7awtmsficeeovr	.eJxVjDEOAiEQRe9CbQgw4IilvWcgwwCyaiBZdivj3XWTLbT9773_EoHWpYZ15DlMSZyFsU4cftdI_MhtQ-lO7dYl97bMU5SbInc65LWn_Lzs7t9BpVG_NSpQwLFoRkZNPqE7MRi02dmiokdQBsDaYgonSiUjoo9wNC56pTOL9wcf4zgM:1qr2nx:5lhDsuKTiZ85ViQs-_X9Ugg2fsyN6SpieAXY2yWBc8w	2023-10-26 21:01:13.867968+00
htlklpnq396apdpu32oqpa8k4qmhdg9r	.eJxVjjsOwyAQRO9CHSEWlo9TpvcZEJ8lOImwZOwqyt1jSy6Sdt6b0byZD9ta_dZp8VNmVwbGsstvGkN6UjtQfoR2n3ma27pMkR8KP2nn45zpdTvdv4Eaet3bWkkoaJUAis4goaOcLJiMWpSgLZZhEGAigVH7CadJK2URURpMhST7fAEGbzb8:1rk02l:-VOReZg4NmNqHTDstH6z-SeoRWnhcZ0P765EnfqVh4Y	2024-03-26 11:11:39.367207+00
skq8feb4k5f0w2rnjl6crgbg3zcs1eir	.eJxVjEEOgjAURO_StWlKp7bFpXvOQH77PxY1kFBYGe-uJCx0O--9eametrX0W5WlH1ldFJxVp981UX7ItCO-03SbdZ6ndRmT3hV90Kq7meV5Pdy_g0K1fOtEwNC6LE4aL60XeNOCvLdDboIJMUIIARmWGexyiHz2DgY2UGqg3h8nJjeq:1sBzEZ:P_U51FAaXjxWhGBct872kUlWJiaDvULv6-Zn8PFI3lc	2024-06-11 15:59:31.055774+00
ixx64if2s079ydqyabq6g7emt6ge4k4g	.eJxVjEEOwiAQRe_C2hBgGC0u3fcMZIYBqZo2Ke3KeHfbpAvd_vfef6tI61Lj2vIcB1FX5RDV6XdlSs887kgeNN4nnaZxmQfWu6IP2nQ_SX7dDvfvoFKrW32xJjGkM3BwEogzGXZMghDE-wLGlmw7TOJD8M4g48YdMAQoXbGoPl88Sjgl:1qwKNJ:rFOkUnXf0ZaVtHbjBLEForjvxcIME7-V3wRHnSEFzzg	2023-11-10 10:47:33.227223+00
b2on03kss0ncjax5z3vkiih06d4svo7x	.eJxVjDEOAiEQRe9CbQgw4IilvWcgwwCyaiBZdivj3XWTLbT9773_EoHWpYZ15DlMSZyFsU4cftdI_MhtQ-lO7dYl97bMU5SbInc65LWn_Lzs7t9BpVG_NSpQwLFoRkZNPqE7MRi02dmiokdQBsDaYgonSiUjoo9wNC56pTOL9wcf4zgM:1sQRtT:kzR63hhm_iTMpZXQW8KAMG04Ktfadeg6RWQNfL6T1Aw	2024-07-21 13:25:31.218144+00
jgefxbf07bwluzq79j0wwn4jikliam0d	.eJxVjEEOgjAURO_StWlKp7bFpXvOQH77PxY1kFBYGe-uJCx0O--9eametrX0W5WlH1ldFJxVp981UX7ItCO-03SbdZ6ndRmT3hV90Kq7meV5Pdy_g0K1fOtEwNC6LE4aL60XeNOCvLdDboIJMUIIARmWGexyiHz2DgY2UGqg3h8nJjeq:1s5UfW:GpSxp5m6CDXXYszS1skgX7L4i63wqHoOwue1Cyvjx_Y	2024-05-24 18:08:30.506173+00
7dcoxfu3yu8lqtcy9zu0r1yvpdlmdz7z	.eJxVjMEOwiAQRP-FsyGwwlI8evcbCLCLVA1NSnsy_rtt0oMmc5r3Zt4ixHWpYe08h5HERQBacfptU8xPbjuiR2z3SeapLfOY5K7Ig3Z5m4hf18P9O6ix122teOCM2hWwmEA7Bd4CbdEIhKWA8ZkNYXSYM0XLCuxgAYtRisifxecLHpg33Q:1r6ZS0:nVefYv7v-Ri0LhXk9ieDNw-omfw1hU3f6JTqnYrSVm0	2023-12-08 16:54:44.775264+00
vd306cgvb7jz8jxzgy7mmfq92bmqci78	.eJxVjDEOAiEQRe9CbQgw4IilvWcgwwCyaiBZdivj3XWTLbT9773_EoHWpYZ15DlMSZyFsU4cftdI_MhtQ-lO7dYl97bMU5SbInc65LWn_Lzs7t9BpVG_NSpQwLFoRkZNPqE7MRi02dmiokdQBsDaYgonSiUjoo9wNC56pTOL9wcf4zgM:1sRAZl:Wu4wCFm0hiAynldbYhFo0N7grGn-OANG3zFNR7mKIYo	2024-07-23 13:08:09.481353+00
rjzrzh0b4urm2no880h5k9813wczxbi3	.eJxVjEEOwiAQRe_C2hBgGC0u3fcMZIYBqZo2Ke3KeHfbpAvd_vfef6tI61Lj2vIcB1FX5RDV6XdlSs887kgeNN4nnaZxmQfWu6IP2nQ_SX7dDvfvoFKrW32xJjGkM3BwEogzGXZMghDE-wLGlmw7TOJD8M4g48YdMAQoXbGoPl88Sjgl:1qtT9X:HENqNC9aNQQYUjjFQXg7ktOsFEDXd65jiCZnIqe1ikk	2023-11-02 13:33:31.816427+00
m7x9dn86600ed07in0q2elvj04riyiky	.eJxVjEEOwiAQRe_C2pDSAgMu3XsGMjCMVA0kpV0Z765NutDtf-_9lwi4rSVsPS9hJnEWkzj9bhHTI9cd0B3rrcnU6rrMUe6KPGiX10b5eTncv4OCvXxr8IpMdiP4CWKy7BFBpaQZLANS0jgSZAXEPESrMgHToKMxxk3I7MT7A_ytON8:1s8Kk7:-uyx4Ev_1drRqDHJyyXEz6gGIA63R_To49jMcXpkY4s	2024-06-01 14:08:59.163812+00
lpccwnq7h6jm89os1f3m4m8yvfz2jzow	.eJxVjEEOwiAQRe_C2pDSAgMu3XsGMjCMVA0kpV0Z765NutDtf-_9lwi4rSVsPS9hJnEWkzj9bhHTI9cd0B3rrcnU6rrMUe6KPGiX10b5eTncv4OCvXxr8IpMdiP4CWKy7BFBpaQZLANS0jgSZAXEPESrMgHToKMxxk3I7MT7A_ytON8:1tItPp:S7uNf1LVQSIlpTnIyFlfuB1C_1JEUrCzAkvKKvfA6lw	2024-12-18 17:43:57.681977+00
x1ajkalpxd7u1wqjvti4jkcqvepzph14	.eJxVjEEOwiAQRe_C2pDSAgMu3XsGMjCMVA0kpV0Z765NutDtf-_9lwi4rSVsPS9hJnEWkzj9bhHTI9cd0B3rrcnU6rrMUe6KPGiX10b5eTncv4OCvXxr8IpMdiP4CWKy7BFBpaQZLANS0jgSZAXEPESrMgHToKMxxk3I7MT7A_ytON8:1rZSd9:FCsE4EQW5M2dRMUxcRyDW5hme-nycn-plwPEiUsvmCI	2024-02-26 09:29:39.177026+00
b49y18q4o1nqq68jzm9gty7oq1srbzt9	.eJxVjEEOwiAQRe_C2pDSAgMu3XsGMjCMVA0kpV0Z765NutDtf-_9lwi4rSVsPS9hJnEWkzj9bhHTI9cd0B3rrcnU6rrMUe6KPGiX10b5eTncv4OCvXxr8IpMdiP4CWKy7BFBpaQZLANS0jgSZAXEPESrMgHToKMxxk3I7MT7A_ytON8:1rnff8:TmLibJkfDG45d1wfc4ddH8vI45LEh8bvayP0CqFlQ94	2024-04-05 14:14:26.6612+00
yh77sxkx91er6pr7lkc01zvp4y96jssi	.eJxVjjsOwyAQRO9CHSEWlo9TpvcZEJ8lOImwZOwqyt1jSy6Sdt6b0byZD9ta_dZp8VNmVwbGsstvGkN6UjtQfoR2n3ma27pMkR8KP2nn45zpdTvdv4Eaet3bWkkoaJUAis4goaOcLJiMWpSgLZZhEGAigVH7CadJK2URURpMhST7fAEGbzb8:1ronO1:EF23XshC36OIU8ybqzdl4a3X7mRPr9Kn2IusRB5_jKE	2024-04-08 16:41:25.487384+00
lcrmafiq32141js2z04b4kt5mwh0p1m2	.eJxVjEEOwiAQRe_C2pDSAgMu3XsGMjCMVA0kpV0Z765NutDtf-_9lwi4rSVsPS9hJnEWkzj9bhHTI9cd0B3rrcnU6rrMUe6KPGiX10b5eTncv4OCvXxr8IpMdiP4CWKy7BFBpaQZLANS0jgSZAXEPESrMgHToKMxxk3I7MT7A_ytON8:1r2E3J:T4B-wzUp2D3YBBzJzSKDzykcqrC5_7o2rxplIdlEFfQ	2023-11-26 17:15:17.507779+00
xcatl6on3jj70vqzykre59mebjdffz7x	.eJxVjDEOwjAMRe-SGUVWkzgKIztniOzYoQXUSk07VdwdReoA63_v_cNk2rcx703XPIm5msGjufyuTOWlc0fypPmx2LLM2zqx7Yo9abP3RfR9O92_g5Ha2GtQrYShOmXvAZJIDFB9ZFRGcKow1OCpDAgSEnOIsUSsziVVSmg-X02HONU:1rZSkx:yGwmeTOjG111vk4CDBpjAt4alvmPn2fozx43w22HcOU	2024-02-26 09:37:43.272139+00
iat35rcbzzibvv562jxdtchqv78gkedd	.eJxVjEEOgjAURO_StWlKp7bFpXvOQH77PxY1kFBYGe-uJCx0O--9eametrX0W5WlH1ldFJxVp981UX7ItCO-03SbdZ6ndRmT3hV90Kq7meV5Pdy_g0K1fOtEwNC6LE4aL60XeNOCvLdDboIJMUIIARmWGexyiHz2DgY2UGqg3h8nJjeq:1sABvO:bJ6rC2OAiQ8XnBUf-WyPrk-Mb1KzErS7uHBEs2ZCJHk	2024-06-06 17:08:18.342359+00
5wfvwh77eok380t5tmlshpy2iqclhmk9	.eJxVjEEOwiAQRe_C2pDSAgMu3XsGMjCMVA0kpV0Z765NutDtf-_9lwi4rSVsPS9hJnEWkzj9bhHTI9cd0B3rrcnU6rrMUe6KPGiX10b5eTncv4OCvXxr8IpMdiP4CWKy7BFBpaQZLANS0jgSZAXEPESrMgHToKMxxk3I7MT7A_ytON8:1rT4gz:O_xIjjCkg0fGRQPpm1L-V1g3aDKlztlQ_-i0RGKnnj4	2024-02-08 18:43:13.040464+00
ux65yuf1m3s6bk92zbvsjljqxhu289ng	.eJxVjEEOwiAQRe_C2pDSAgMu3XsGMjCMVA0kpV0Z765NutDtf-_9lwi4rSVsPS9hJnEWkzj9bhHTI9cd0B3rrcnU6rrMUe6KPGiX10b5eTncv4OCvXxr8IpMdiP4CWKy7BFBpaQZLANS0jgSZAXEPESrMgHToKMxxk3I7MT7A_ytON8:1rknGi:K-UQvnesLlnke0aBTdzubG4ES5_YQ9strWzxGygmgJs	2024-03-28 15:45:20.14221+00
kl5bdk646au01zcl9j7dhftepxedbg34	.eJxVjMsOwiAUBf-FtSFAgYJL934DOeVepGpo0sfK-O_apAvdnpk5L5GwrTVtC89pJHEW2ntx-l0H5Ae3HdEd7TbJPLV1Hge5K_Kgi7xOxM_L4f4dVCz1WzvLtqDAFuuLgYbiQD2yytGhhFic0RkhOsUEROcJljh36NgMyvXi_QFg-TmF:1rIRTE:Qk6kEW2QSb9JXpDa7XM1Wx27r47GHCrAX3D3aqC_Gi4	2024-01-10 10:49:04.836171+00
guisozxncoc5tphcz9t14aycz17xfh0n	.eJxVjEEOgjAURO_StWlKp7bFpXvOQH77PxY1kFBYGe-uJCx0O--9eametrX0W5WlH1ldFJxVp981UX7ItCO-03SbdZ6ndRmT3hV90Kq7meV5Pdy_g0K1fOtEwNC6LE4aL60XeNOCvLdDboIJMUIIARmWGexyiHz2DgY2UGqg3h8nJjeq:1ry6zs:HnQn5FePmORz76kPAEFx72gau9qxdX_QbpYzyyComcM	2024-05-04 09:27:00.686836+00
0t85ak5jlydkbhnuaairoe9df3buxcer	.eJxVjEEOwiAQRe_C2hBGyjC4dO8ZCAOjVA1NSrsy3l2bdKHb_977LxXTutS4dpnjWNRJATp1-F055Ye0DZV7ardJ56kt88h6U_ROu75MRZ7n3f07qKnXb20EjEfIgBCYKDs8krFp4MJANl8xAAoBi-EkyIIuDN4LiQFrrffq_QERkTd_:1rmG7K:RI50aP9U0WDyoyzc95caxWdNaVs0c4_dbqXhPNVxDmM	2024-04-01 16:45:42.563183+00
bdba8qj2odlwthoixq5ms041pbds76n8	.eJxVjEEOwiAQRe_C2pDSAgMu3XsGMjCMVA0kpV0Z765NutDtf-_9lwi4rSVsPS9hJnEWkzj9bhHTI9cd0B3rrcnU6rrMUe6KPGiX10b5eTncv4OCvXxr8IpMdiP4CWKy7BFBpaQZLANS0jgSZAXEPESrMgHToKMxxk3I7MT7A_ytON8:1s1Yld:hSPYGit52ccoxWFlNoLJznb_FMWYnZ8JNK16mdGAcGk	2024-05-13 21:42:33.457606+00
veoebzewic2abyxl740yldftl68qa1ib	.eJxVjEEOwiAQRe_C2pDSAgMu3XsGMjCMVA0kpV0Z765NutDtf-_9lwi4rSVsPS9hJnEWkzj9bhHTI9cd0B3rrcnU6rrMUe6KPGiX10b5eTncv4OCvXxr8IpMdiP4CWKy7BFBpaQZLANS0jgSZAXEPESrMgHToKMxxk3I7MT7A_ytON8:1sBEbf:2bZ6fg_Ym2Z_MnrBZuSPKtFP6hlYw0LsDrt6L2pAPSI	2024-06-09 14:12:15.420817+00
scic8tsxglxvorw6wqccrct188i2ex5k	.eJxVjMEOwiAQRP-FsyGwwlI8evcbCLCLVA1NSnsy_rtt0oMmc5r3Zt4ixHWpYe08h5HERQBacfptU8xPbjuiR2z3SeapLfOY5K7Ig3Z5m4hf18P9O6ix122teOCM2hWwmEA7Bd4CbdEIhKWA8ZkNYXSYM0XLCuxgAYtRisifxecLHpg33Q:1ruw7D:qqpB-xnR8AZ2shAIkgiWJvmQ6jKYAREeXiYPm1tsc08	2024-04-25 15:13:27.346049+00
cxoxpivc7uawurk9wxrttuyyim82m70l	.eJxVjMEOwiAQRP-FsyGwwlI8evcbCLCLVA1NSnsy_rtt0oMmc5r3Zt4ixHWpYe08h5HERQBacfptU8xPbjuiR2z3SeapLfOY5K7Ig3Z5m4hf18P9O6ix122teOCM2hWwmEA7Bd4CbdEIhKWA8ZkNYXSYM0XLCuxgAYtRisifxecLHpg33Q:1sBuHj:JDKk7pKoJjbOHny6GoIEOji4RDXYu_ZKqoT7DJciGqg	2024-06-11 10:42:27.034786+00
309qv1tn3pndxvvmt0qqtq33gnvlecoe	.eJxVjEEOwiAQRe_C2pDSAgMu3XsGMjCMVA0kpV0Z765NutDtf-_9lwi4rSVsPS9hJnEWkzj9bhHTI9cd0B3rrcnU6rrMUe6KPGiX10b5eTncv4OCvXxr8IpMdiP4CWKy7BFBpaQZLANS0jgSZAXEPESrMgHToKMxxk3I7MT7A_ytON8:1tfj1K:wMFA8eVgNA4j9teZkEFImyAloJNpUu2CdfAVw_Uaevo	2025-02-19 17:17:02.59109+00
92joztvf3u9nenpg7mhnii3bcnhuage4	.eJxVjjsOwyAQRO9CHSEWlo9TpvcZEJ8lOImwZOwqyt1jSy6Sdt6b0byZD9ta_dZp8VNmVwbGsstvGkN6UjtQfoR2n3ma27pMkR8KP2nn45zpdTvdv4Eaet3bWkkoaJUAis4goaOcLJiMWpSgLZZhEGAigVH7CadJK2URURpMhST7fAEGbzb8:1qxmNC:RFDnJsK4wZ9maY8qrd6dDC6IGUIMmxdL8NAO67oa5PQ	2023-11-14 10:53:26.019731+00
1opvh6ua06h1lr6ayo6c9rwxuy54d7xd	.eJxVjjsOwyAQRO9CHSEWlo9TpvcZEJ8lOImwZOwqyt1jSy6Sdt6b0byZD9ta_dZp8VNmVwbGsstvGkN6UjtQfoR2n3ma27pMkR8KP2nn45zpdTvdv4Eaet3bWkkoaJUAis4goaOcLJiMWpSgLZZhEGAigVH7CadJK2URURpMhST7fAEGbzb8:1qxpFl:YFQLu4AGB4TQQSbznDlzIoIv_x-Bt9Dl55wAi9I97a0	2023-11-14 13:57:57.36099+00
rh8muk5t2xpifd8hwqutn171k982afu7	.eJxVjDEOAiEQRe9CbQgw4IilvWcgwwCyaiBZdivj3XWTLbT9773_EoHWpYZ15DlMSZyFsU4cftdI_MhtQ-lO7dYl97bMU5SbInc65LWn_Lzs7t9BpVG_NSpQwLFoRkZNPqE7MRi02dmiokdQBsDaYgonSiUjoo9wNC56pTOL9wcf4zgM:1r6WQK:habgVLT9-T_iGZPlNZ9pyCvT_5wB9lWpUIsAKfDYp2U	2023-12-08 13:40:48.95177+00
yubdvi8f41s6mnbgdwfmv2kv4prvzo5w	.eJxVjEEOwiAQRe_C2pDSAgMu3XsGMjCMVA0kpV0Z765NutDtf-_9lwi4rSVsPS9hJnEWkzj9bhHTI9cd0B3rrcnU6rrMUe6KPGiX10b5eTncv4OCvXxr8IpMdiP4CWKy7BFBpaQZLANS0jgSZAXEPESrMgHToKMxxk3I7MT7A_ytON8:1qtQiM:lgmgRbuPR60aQ9P-lk3W3l_JR6fKE17J8IxOvneqLgQ	2023-11-02 10:57:18.340756+00
6n49t9970pidrewrpdqu4u5xehv5euv5	.eJxVjEEOwiAQRe_C2pDSAgMu3XsGMjCMVA0kpV0Z765NutDtf-_9lwi4rSVsPS9hJnEWkzj9bhHTI9cd0B3rrcnU6rrMUe6KPGiX10b5eTncv4OCvXxr8IpMdiP4CWKy7BFBpaQZLANS0jgSZAXEPESrMgHToKMxxk3I7MT7A_ytON8:1rvw4E:aJ9OP1iIf08cWhx6EyjToEkMUxnamCjrQq8If1hE_po	2024-04-28 09:22:30.554009+00
vw822n8byruhxf16o99jap46crkz2cm8	.eJxVjEEOwiAQRe_C2pDSAgMu3XsGMjCMVA0kpV0Z765NutDtf-_9lwi4rSVsPS9hJnEWkzj9bhHTI9cd0B3rrcnU6rrMUe6KPGiX10b5eTncv4OCvXxr8IpMdiP4CWKy7BFBpaQZLANS0jgSZAXEPESrMgHToKMxxk3I7MT7A_ytON8:1sE7J6:8l8CM-6JZJPJn208RbWxRNg17S-eyYWdg8A9Gh2sAYQ	2024-06-17 13:01:00.860445+00
d2dx1bw3e8m547qhlb1a5qp4av40mwxm	.eJxVjDEOwjAMRe-SGUVWkzgKIztniOzYoQXUSk07VdwdReoA63_v_cNk2rcx703XPIm5msGjufyuTOWlc0fypPmx2LLM2zqx7Yo9abP3RfR9O92_g5Ha2GtQrYShOmXvAZJIDFB9ZFRGcKow1OCpDAgSEnOIsUSsziVVSmg-X02HONU:1qtUPz:V51Ca0jek3q9icH7oiGkiXl8zTEgAKzO_t3-mmrXAKY	2023-11-02 14:54:35.148243+00
pwap4u122rk7wcigknixc1tvjdnu8bte	.eJxVjEEOwiAQRe_C2pDSAgMu3XsGMjCMVA0kpV0Z765NutDtf-_9lwi4rSVsPS9hJnEWkzj9bhHTI9cd0B3rrcnU6rrMUe6KPGiX10b5eTncv4OCvXxr8IpMdiP4CWKy7BFBpaQZLANS0jgSZAXEPESrMgHToKMxxk3I7MT7A_ytON8:1rw5oX:g8bTlAhDLLygVH5d2YXwQ17GcSQ1mNHSOxok7QJ_mN4	2024-04-28 19:46:57.538638+00
xhd8y2ruc2w0tixen7rnrq0dbb2j24gv	.eJxVjEEOwiAQRe_C2pDSAgMu3XsGMjCMVA0kpV0Z765NutDtf-_9lwi4rSVsPS9hJnEWkzj9bhHTI9cd0B3rrcnU6rrMUe6KPGiX10b5eTncv4OCvXxr8IpMdiP4CWKy7BFBpaQZLANS0jgSZAXEPESrMgHToKMxxk3I7MT7A_ytON8:1s90qt:X5d_JmahhQtDGP0QomKV5kw7ldgnMMf6E0dT2_9gXxo	2024-06-03 11:06:47.067575+00
cq9apr1p4sh2eisgj94djs0xcpe7vzx5	.eJxVjEEOgjAURO_StWlKp7bFpXvOQH77PxY1kFBYGe-uJCx0O--9eametrX0W5WlH1ldFJxVp981UX7ItCO-03SbdZ6ndRmT3hV90Kq7meV5Pdy_g0K1fOtEwNC6LE4aL60XeNOCvLdDboIJMUIIARmWGexyiHz2DgY2UGqg3h8nJjeq:1rpYYY:jZbFdbeb5Zfe3bJky9vkczyYGWBJN4_A4I6xShWUaj8	2024-04-10 19:03:26.885615+00
ezt3z3z9et4pwwvnsqlchcwxmthzv01f	.eJxVjjsOwyAQRO9CHSEWlo9TpvcZEJ8lOImwZOwqyt1jSy6Sdt6b0byZD9ta_dZp8VNmVwbGsstvGkN6UjtQfoR2n3ma27pMkR8KP2nn45zpdTvdv4Eaet3bWkkoaJUAis4goaOcLJiMWpSgLZZhEGAigVH7CadJK2URURpMhST7fAEGbzb8:1quz4q:NWQeChv3ZWRTJBDcVFKhqJEH2L85z2hTbULmdmoDf6c	2023-11-06 17:50:56.318144+00
w6kynm0g6ut2tt1ihvlvr4uos1ywxn2p	.eJxVjEEOwiAQRe_C2pDSAgMu3XsGMjCMVA0kpV0Z765NutDtf-_9lwi4rSVsPS9hJnEWkzj9bhHTI9cd0B3rrcnU6rrMUe6KPGiX10b5eTncv4OCvXxr8IpMdiP4CWKy7BFBpaQZLANS0jgSZAXEPESrMgHToKMxxk3I7MT7A_ytON8:1rCfmE:4d8vWbomEANxBEoJVvBQB6j8wwWNubvp-ci7zlRmntY	2023-12-25 12:52:50.554428+00
b43o9q53roe6j0t7d9cy03qwsbnn22r8	.eJxVjEEOwiAQRe_C2pDSAgMu3XsGMjCMVA0kpV0Z765NutDtf-_9lwi4rSVsPS9hJnEWkzj9bhHTI9cd0B3rrcnU6rrMUe6KPGiX10b5eTncv4OCvXxr8IpMdiP4CWKy7BFBpaQZLANS0jgSZAXEPESrMgHToKMxxk3I7MT7A_ytON8:1rFA3i:2M_zBgEeWVkZpVXsqJrEdwGV4w5WNy4qe0bWBnAMTtE	2024-01-01 09:37:10.748051+00
k3agbba3sw61luq6bolu3e20zro35efx	.eJxVjEEOwiAQRe_C2pDSAgMu3XsGMjCMVA0kpV0Z765NutDtf-_9lwi4rSVsPS9hJnEWkzj9bhHTI9cd0B3rrcnU6rrMUe6KPGiX10b5eTncv4OCvXxr8IpMdiP4CWKy7BFBpaQZLANS0jgSZAXEPESrMgHToKMxxk3I7MT7A_ytON8:1rRume:y7aU8XB4m1DNa8bjcGYYffji4Ou2TXRrw6N2ey7ac98	2024-02-05 13:56:16.309553+00
u2vq4ehbwed9tzshz4cfvopebvoikx8v	.eJxVjEEOwiAQRe_C2pDSAgMu3XsGMjCMVA0kpV0Z765NutDtf-_9lwi4rSVsPS9hJnEWkzj9bhHTI9cd0B3rrcnU6rrMUe6KPGiX10b5eTncv4OCvXxr8IpMdiP4CWKy7BFBpaQZLANS0jgSZAXEPESrMgHToKMxxk3I7MT7A_ytON8:1rFC2s:KqOIky6b7j9cz5WmsVR718rQo6Pqco8pAXhnFDEi_gI	2024-01-01 11:44:26.464106+00
0fcib9ktfrausou61pjxkjf1oqyd57q7	.eJxVjEEOwiAQRe_C2pDSAgMu3XsGMjCMVA0kpV0Z765NutDtf-_9lwi4rSVsPS9hJnEWkzj9bhHTI9cd0B3rrcnU6rrMUe6KPGiX10b5eTncv4OCvXxr8IpMdiP4CWKy7BFBpaQZLANS0jgSZAXEPESrMgHToKMxxk3I7MT7A_ytON8:1rf1IM:UTWZm_CtqWodi0obpAhsb0Z2LMNb9tASou56GV4qX8A	2024-03-12 17:31:10.879976+00
npnl0b4iq8rrx6y7vn6l4ht1d7rkb8no	.eJxVjEEOwiAQRe_C2pDSAgMu3XsGMjCMVA0kpV0Z765NutDtf-_9lwi4rSVsPS9hJnEWkzj9bhHTI9cd0B3rrcnU6rrMUe6KPGiX10b5eTncv4OCvXxr8IpMdiP4CWKy7BFBpaQZLANS0jgSZAXEPESrMgHToKMxxk3I7MT7A_ytON8:1rfK8z:PUOlPzRqQ4kbIXlAR5D3-Q6PUBDywKRKZ-ThprkBQxw	2024-03-13 13:38:45.3068+00
2t11bnyhzt70it3sefnig18etraaaqby	.eJxVjEEOwiAQRe_C2pDSAgMu3XsGMjCMVA0kpV0Z765NutDtf-_9lwi4rSVsPS9hJnEWkzj9bhHTI9cd0B3rrcnU6rrMUe6KPGiX10b5eTncv4OCvXxr8IpMdiP4CWKy7BFBpaQZLANS0jgSZAXEPESrMgHToKMxxk3I7MT7A_ytON8:1rs6cc:WnLwGjchqx_gHRgwB6R6ENivw9mUgTySo74y-yQUOeo	2024-04-17 19:50:10.935202+00
2znbpinpvl02irum3067teogkihjecvx	.eJxVjjsOwyAQRO9CHSEWlo9TpvcZEJ8lOImwZOwqyt1jSy6Sdt6b0byZD9ta_dZp8VNmVwbGsstvGkN6UjtQfoR2n3ma27pMkR8KP2nn45zpdTvdv4Eaet3bWkkoaJUAis4goaOcLJiMWpSgLZZhEGAigVH7CadJK2URURpMhST7fAEGbzb8:1rwkTz:E12lyUccB7nnrH843Xdb69ohoZ85H4g2ivhZzaWcm94	2024-04-30 15:12:27.315313+00
nrbisd2q6dkl26zfaj6wm9uqky003to8	.eJxVjEEOwiAQRe_C2pDSAgMu3XsGMjCMVA0kpV0Z765NutDtf-_9lwi4rSVsPS9hJnEWkzj9bhHTI9cd0B3rrcnU6rrMUe6KPGiX10b5eTncv4OCvXxr8IpMdiP4CWKy7BFBpaQZLANS0jgSZAXEPESrMgHToKMxxk3I7MT7A_ytON8:1rTMWx:cDkBbrlaPIyyjm6jiPRD7dhZlVR5kl9eGptpXCxqZgA	2024-02-09 13:46:03.952737+00
5z4vfpxn3o657s1tdopa8hkx1rcupxm1	.eJxVjEEOwiAQRe_C2pDSAgMu3XsGMjCMVA0kpV0Z765NutDtf-_9lwi4rSVsPS9hJnEWkzj9bhHTI9cd0B3rrcnU6rrMUe6KPGiX10b5eTncv4OCvXxr8IpMdiP4CWKy7BFBpaQZLANS0jgSZAXEPESrMgHToKMxxk3I7MT7A_ytON8:1rmGej:68NUsM6pF1WlJLBbCmo6lHweYOyhNuSFL9yY806T0FM	2024-04-01 17:20:13.460657+00
yoihx807dc5udbubcx1yqz7911s511u4	.eJxVjjsOwyAQRO9CHSEWlo9TpvcZEJ8lOImwZOwqyt1jSy6Sdt6b0byZD9ta_dZp8VNmVwbGsstvGkN6UjtQfoR2n3ma27pMkR8KP2nn45zpdTvdv4Eaet3bWkkoaJUAis4goaOcLJiMWpSgLZZhEGAigVH7CadJK2URURpMhST7fAEGbzb8:1rVrC8:16exp_Zh3-mKCo_XycKEElV-6xkJJYMzEeenhkHK4BU	2024-02-16 10:54:52.252028+00
9ljho8ubbhxp6a5phjgj0nhz3dr5vtig	.eJxVjMEOwiAQRP-FsyGwwlI8evcbCLCLVA1NSnsy_rtt0oMmc5r3Zt4ixHWpYe08h5HERQBacfptU8xPbjuiR2z3SeapLfOY5K7Ig3Z5m4hf18P9O6ix122teOCM2hWwmEA7Bd4CbdEIhKWA8ZkNYXSYM0XLCuxgAYtRisifxecLHpg33Q:1ruw7I:3gm2LY9RhXQpORB_DXHk5858vD7FbtIS3hHEkUguyFI	2024-04-25 15:13:32.363285+00
wm81dqhb0ulk9ajm6efu0akc284z50zg	.eJxVjEEOgjAURO_StWlKp7bFpXvOQH77PxY1kFBYGe-uJCx0O--9eametrX0W5WlH1ldFJxVp981UX7ItCO-03SbdZ6ndRmT3hV90Kq7meV5Pdy_g0K1fOtEwNC6LE4aL60XeNOCvLdDboIJMUIIARmWGexyiHz2DgY2UGqg3h8nJjeq:1rzcvn:QxamgG9WcDiZQ7Lg6govfY9wNXd_Nn5_G_z7jayU2n0	2024-05-08 13:45:03.158299+00
f30afjkiq5lw1cs6xa6o0x6npg14ayq9	.eJxVjEEOwiAQRe_C2pDSAgMu3XsGMjCMVA0kpV0Z765NutDtf-_9lwi4rSVsPS9hJnEWkzj9bhHTI9cd0B3rrcnU6rrMUe6KPGiX10b5eTncv4OCvXxr8IpMdiP4CWKy7BFBpaQZLANS0jgSZAXEPESrMgHToKMxxk3I7MT7A_ytON8:1s4Mtq:H3P2Ihr_wiz6i6Q8XKf17eXR_CWBjUJNejmecogfFPk	2024-05-21 15:38:38.830765+00
2wosyaazgrdubac7u9lbn31c5y1o52ht	.eJxVjEEOwiAQRe_C2pDSAgMu3XsGMjCMVA0kpV0Z765NutDtf-_9lwi4rSVsPS9hJnEWkzj9bhHTI9cd0B3rrcnU6rrMUe6KPGiX10b5eTncv4OCvXxr8IpMdiP4CWKy7BFBpaQZLANS0jgSZAXEPESrMgHToKMxxk3I7MT7A_ytON8:1tfj8m:a1rI9y2F-CJ23xzfzWXbkgOCb-1H09U0mjl1wvd-Tqs	2025-02-19 17:24:44.97564+00
5jzyjeag0hglgfnoza5dc7mdzq1qzrz1	.eJxVjEEOwiAQRe_C2pDSAgMu3XsGMjCMVA0kpV0Z765NutDtf-_9lwi4rSVsPS9hJnEWkzj9bhHTI9cd0B3rrcnU6rrMUe6KPGiX10b5eTncv4OCvXxr8IpMdiP4CWKy7BFBpaQZLANS0jgSZAXEPESrMgHToKMxxk3I7MT7A_ytON8:1sTPHR:J7CYDwOY_XX_4WZL_G9H66k7btLacfjg3lFTiBn-1RU	2024-07-29 17:14:29.361986+00
rn2qi353xf8shoxniovoup3wp4h8i0p6	.eJxVjjsOwyAQRO9CHSEWlo9TpvcZEJ8lOImwZOwqyt1jSy6Sdt6b0byZD9ta_dZp8VNmVwbGsstvGkN6UjtQfoR2n3ma27pMkR8KP2nn45zpdTvdv4Eaet3bWkkoaJUAis4goaOcLJiMWpSgLZZhEGAigVH7CadJK2URURpMhST7fAEGbzb8:1sE5aO:6__0Z5J8mfm50CZU3-WkKVTepXaU6K3dwnzcf_2NH2g	2024-06-17 11:10:44.453819+00
37n340z7ml9es2e9uhce7d2i1km0hdji	.eJxVjEEOwiAQRe_C2pDSAgMu3XsGMjCMVA0kpV0Z765NutDtf-_9lwi4rSVsPS9hJnEWkzj9bhHTI9cd0B3rrcnU6rrMUe6KPGiX10b5eTncv4OCvXxr8IpMdiP4CWKy7BFBpaQZLANS0jgSZAXEPESrMgHToKMxxk3I7MT7A_ytON8:1sE7hj:Ua83edOroFoRPBh5xVcmRQ6PduLm4UDeE-XGLNGmwG8	2024-06-17 13:26:27.525515+00
i0w2mwjuwy2s8o6co3ivyev0m3sy3bkp	.eJxVjDEOwjAMRe-SGUVWkzgKIztniOzYoQXUSk07VdwdReoA63_v_cNk2rcx703XPIm5msGjufyuTOWlc0fypPmx2LLM2zqx7Yo9abP3RfR9O92_g5Ha2GtQrYShOmXvAZJIDFB9ZFRGcKow1OCpDAgSEnOIsUSsziVVSmg-X02HONU:1t6UFy:jwB2L7j_wXDAuQoW4rwvMWrIrxAG94dT5Swx-PtvEUA	2024-11-14 12:26:30.487972+00
m4zcdlai8gyxe9bjei2eqhrkcev2xtpm	.eJxVjEEOgjAURO_StWlKp7bFpXvOQH77PxY1kFBYGe-uJCx0O--9eametrX0W5WlH1ldFJxVp981UX7ItCO-03SbdZ6ndRmT3hV90Kq7meV5Pdy_g0K1fOtEwNC6LE4aL60XeNOCvLdDboIJMUIIARmWGexyiHz2DgY2UGqg3h8nJjeq:1tSHAQ:THrtfrUWFDb9O30ju0y94Z8bNLURtVnbjg_6GCZr_bs	2025-01-13 14:54:50.607021+00
pd7pvlcxubcp68ueydnj7fc19045zq4g	.eJxVjEEOwiAQRe_C2pDSAgMu3XsGMjCMVA0kpV0Z765NutDtf-_9lwi4rSVsPS9hJnEWkzj9bhHTI9cd0B3rrcnU6rrMUe6KPGiX10b5eTncv4OCvXxr8IpMdiP4CWKy7BFBpaQZLANS0jgSZAXEPESrMgHToKMxxk3I7MT7A_ytON8:1ttt2r:4BJOazxiZ4Pl8tl_qiNyptOsnjDu8r8gc0nPKnCIdBY	2025-03-30 18:49:09.823497+00
nwuqnkgfmyuelj7zy07b75hivd5o7hi1	.eJxVjEEOwiAQRe_C2pDSAgMu3XsGMjCMVA0kpV0Z765NutDtf-_9lwi4rSVsPS9hJnEWkzj9bhHTI9cd0B3rrcnU6rrMUe6KPGiX10b5eTncv4OCvXxr8IpMdiP4CWKy7BFBpaQZLANS0jgSZAXEPESrMgHToKMxxk3I7MT7A_ytON8:1tg1Kj:PxgWDb8A6TmMunPHjRiywlkDAqP6Z3UAv2E0t4p7WyY	2025-02-20 12:50:17.747373+00
n3gp4cxad0iir7gcxwwhqrjd7ismh9uo	.eJxVjEEOwiAQRe_C2pDSAgMu3XsGMjCMVA0kpV0Z765NutDtf-_9lwi4rSVsPS9hJnEWkzj9bhHTI9cd0B3rrcnU6rrMUe6KPGiX10b5eTncv4OCvXxr8IpMdiP4CWKy7BFBpaQZLANS0jgSZAXEPESrMgHToKMxxk3I7MT7A_ytON8:1tuIMf:7EWNFQ0UJpJoK_BXGlHIi8W8eGOu7yKiq9BM_pOX-SY	2025-03-31 21:51:17.545853+00
g0x8vy5igh0alfuzbes52b5ibu44w4h8	.eJxVjEEOgjAURO_StWlKp7bFpXvOQH77PxY1kFBYGe-uJCx0O--9eametrX0W5WlH1ldFJxVp981UX7ItCO-03SbdZ6ndRmT3hV90Kq7meV5Pdy_g0K1fOtEwNC6LE4aL60XeNOCvLdDboIJMUIIARmWGexyiHz2DgY2UGqg3h8nJjeq:1sUN0L:utljYQwe9hxru9mHGEYd_11Ps3JiD8b5yD7QeXvPkRA	2024-08-01 09:00:49.140818+00
1g14q1ujpukmuhb5dw7wr6836x8uy4my	.eJxVjEEOgjAURO_StWlKp7bFpXvOQH77PxY1kFBYGe-uJCx0O--9eametrX0W5WlH1ldFJxVp981UX7ItCO-03SbdZ6ndRmT3hV90Kq7meV5Pdy_g0K1fOtEwNC6LE4aL60XeNOCvLdDboIJMUIIARmWGexyiHz2DgY2UGqg3h8nJjeq:1sxoAf:z9HmhcoZeO3_ETadQvNHTKSUgUIJ56ZUqCGZwtlT0hQ	2024-10-21 13:53:09.023948+00
85618e6uoevzku9eea2lditaus6767e0	.eJxVjEEOwiAQRe_C2pDSAgMu3XsGMjCMVA0kpV0Z765NutDtf-_9lwi4rSVsPS9hJnEWkzj9bhHTI9cd0B3rrcnU6rrMUe6KPGiX10b5eTncv4OCvXxr8IpMdiP4CWKy7BFBpaQZLANS0jgSZAXEPESrMgHToKMxxk3I7MT7A_ytON8:1t6bti:HnmbUN379g6eZPxIu4n1F7R5ZDExo3kMrVmoVuolCaU	2024-11-14 20:36:02.048649+00
h8huow3jqovjfb719xczdla1vjrkx853	.eJxVjEEOwiAQRe_C2pDSAgMu3XsGMjCMVA0kpV0Z765NutDtf-_9lwi4rSVsPS9hJnEWkzj9bhHTI9cd0B3rrcnU6rrMUe6KPGiX10b5eTncv4OCvXxr8IpMdiP4CWKy7BFBpaQZLANS0jgSZAXEPESrMgHToKMxxk3I7MT7A_ytON8:1tTj44:0AXKP5INnBSlQGaARWTYTkxk1yAIFt4kU7P952WYCcg	2025-01-17 14:54:16.539864+00
v7y8ipyda4wzo2yq6mmy5z9vqf4qa7cl	.eJxVjEEOwiAQRe_C2pDSAgMu3XsGMjCMVA0kpV0Z765NutDtf-_9lwi4rSVsPS9hJnEWkzj9bhHTI9cd0B3rrcnU6rrMUe6KPGiX10b5eTncv4OCvXxr8IpMdiP4CWKy7BFBpaQZLANS0jgSZAXEPESrMgHToKMxxk3I7MT7A_ytON8:1tnjHK:jieyJ5rxwKpqtVZjmWy5zgIWH-hmyfbkH2TVJhR4LI0	2025-03-13 19:10:38.317942+00
r3xkimtvmv3zztxknr003s7b9ig2bl3x	.eJxVjEEOwiAQRe_C2pDSAgMu3XsGMjCMVA0kpV0Z765NutDtf-_9lwi4rSVsPS9hJnEWkzj9bhHTI9cd0B3rrcnU6rrMUe6KPGiX10b5eTncv4OCvXxr8IpMdiP4CWKy7BFBpaQZLANS0jgSZAXEPESrMgHToKMxxk3I7MT7A_ytON8:1sVwDJ:97p_aeJuFuWRJOXrduS2sumUAJQ70cQ5MFGvPYmHFHM	2024-08-05 16:48:41.013355+00
ttdr380cmf36y51zjzarqylvh14euivc	.eJxVjEEOwiAQRe_C2hBGyjC4dO8ZCAOjVA1NSrsy3l2bdKHb_977LxXTutS4dpnjWNRJATp1-F055Ye0DZV7ardJ56kt88h6U_ROu75MRZ7n3f07qKnXb20EjEfIgBCYKDs8krFp4MJANl8xAAoBi-EkyIIuDN4LiQFrrffq_QERkTd_:1sEtTM:89R6y6SuDvlB5JsYK-liVg3u0ltqXVu1Uu5zFGhtDZs	2024-06-19 16:26:48.436659+00
wg7gzhy3ezflefcu4vuqu61cp47blaw4	.eJxVjEEOgjAURO_StWlKp7bFpXvOQH77PxY1kFBYGe-uJCx0O--9eametrX0W5WlH1ldFJxVp981UX7ItCO-03SbdZ6ndRmT3hV90Kq7meV5Pdy_g0K1fOtEwNC6LE4aL60XeNOCvLdDboIJMUIIARmWGexyiHz2DgY2UGqg3h8nJjeq:1ssIcs:L9RbarFIciONXCDhzUQoixM09-p5iEHAt_984tGSCCo	2024-10-06 09:11:30.099625+00
7r1ybmzoprul04tbs2jj3kk75h2n5d31	.eJxVjEEOwiAQRe_C2pDSAgMu3XsGMjCMVA0kpV0Z765NutDtf-_9lwi4rSVsPS9hJnEWkzj9bhHTI9cd0B3rrcnU6rrMUe6KPGiX10b5eTncv4OCvXxr8IpMdiP4CWKy7BFBpaQZLANS0jgSZAXEPESrMgHToKMxxk3I7MT7A_ytON8:1tvH5b:5a2dXRTg70JNf3KZ3FUG_-GwLFeperNWcW7mo4LbyWg	2025-04-03 14:41:43.70084+00
tt3154jv5lq3vpaqjj0lw6o1wzo01e05	.eJxVjEEOwiAQRe_C2pDSAgMu3XsGMjCMVA0kpV0Z765NutDtf-_9lwi4rSVsPS9hJnEWkzj9bhHTI9cd0B3rrcnU6rrMUe6KPGiX10b5eTncv4OCvXxr8IpMdiP4CWKy7BFBpaQZLANS0jgSZAXEPESrMgHToKMxxk3I7MT7A_ytON8:1sNIKQ:SwAlxIqytJMaMa3ng4DSuX209bDu1lj2vgpgOk8VarQ	2024-07-12 20:36:18.281462+00
rbtctifgmo5tt3x8xpety06isog9xvil	.eJxVjEEOwiAQRe_C2pDSAgMu3XsGMjCMVA0kpV0Z765NutDtf-_9lwi4rSVsPS9hJnEWkzj9bhHTI9cd0B3rrcnU6rrMUe6KPGiX10b5eTncv4OCvXxr8IpMdiP4CWKy7BFBpaQZLANS0jgSZAXEPESrMgHToKMxxk3I7MT7A_ytON8:1t6sow:BkrQMXYyqY1MbI78lO18KTF2UfsUk9Vv9koUnKM2cSA	2024-11-15 14:40:14.247482+00
5obtwf7snxama2x607j5fam0ojvopas6	.eJxVjEEOwiAQRe_C2pDSAgMu3XsGMjCMVA0kpV0Z765NutDtf-_9lwi4rSVsPS9hJnEWkzj9bhHTI9cd0B3rrcnU6rrMUe6KPGiX10b5eTncv4OCvXxr8IpMdiP4CWKy7BFBpaQZLANS0jgSZAXEPESrMgHToKMxxk3I7MT7A_ytON8:1tcVED:oEhtidQ60-O0PY6fHMBh__1WbjtT9smd_un2vkMysaI	2025-02-10 19:57:01.423733+00
mcb10tmj39rz4he75npucv6d2prlgf7b	.eJxVjEEOwiAQRe_C2pDSAgMu3XsGMjCMVA0kpV0Z765NutDtf-_9lwi4rSVsPS9hJnEWkzj9bhHTI9cd0B3rrcnU6rrMUe6KPGiX10b5eTncv4OCvXxr8IpMdiP4CWKy7BFBpaQZLANS0jgSZAXEPESrMgHToKMxxk3I7MT7A_ytON8:1tpqU2:cxNToj0yTtqKbi12axZg4RRwrHItBQPIUFs1jcRqdcM	2025-03-19 15:16:30.080564+00
qokiapopm20ot7qk34jh6lhplq1z40c1	.eJxVjEEOwiAQRe_C2pDSAgMu3XsGMjCMVA0kpV0Z765NutDtf-_9lwi4rSVsPS9hJnEWkzj9bhHTI9cd0B3rrcnU6rrMUe6KPGiX10b5eTncv4OCvXxr8IpMdiP4CWKy7BFBpaQZLANS0jgSZAXEPESrMgHToKMxxk3I7MT7A_ytON8:1sQuUe:BVz-iznKszYryrZGLmIgJyi1G-uT7nTh8xyCgG7YMLY	2024-07-22 19:57:48.31923+00
nvqluxqgul8nw2qtcyb5ueyjnnmlnm8w	.eJxVjEEOwiAQRe_C2pDSAgMu3XsGMjCMVA0kpV0Z765NutDtf-_9lwi4rSVsPS9hJnEWkzj9bhHTI9cd0B3rrcnU6rrMUe6KPGiX10b5eTncv4OCvXxr8IpMdiP4CWKy7BFBpaQZLANS0jgSZAXEPESrMgHToKMxxk3I7MT7A_ytON8:1sYQcd:YE5wC8oJ-Wmp3DrTdzelFJqRpPkfy4Ev1iDu4jFK_tg	2024-08-12 13:41:07.74461+00
ndj1hp131x01rj8xwmuscjendzyu4mg0	.eJxVjEEOwiAQRe_C2hBGyjC4dO8ZCAOjVA1NSrsy3l2bdKHb_977LxXTutS4dpnjWNRJATp1-F055Ye0DZV7ardJ56kt88h6U_ROu75MRZ7n3f07qKnXb20EjEfIgBCYKDs8krFp4MJANl8xAAoBi-EkyIIuDN4LiQFrrffq_QERkTd_:1szeo0:lqsOFWwGVwksYIusiFwaX5whUwB4DG70Iu8VkdX0q9E	2024-10-26 16:17:24.791997+00
wmqaz2i2a79b4xskj9r4zfybrgyi1ebz	.eJxVjEEOgjAURO_StWlKp7bFpXvOQH77PxY1kFBYGe-uJCx0O--9eametrX0W5WlH1ldFJxVp981UX7ItCO-03SbdZ6ndRmT3hV90Kq7meV5Pdy_g0K1fOtEwNC6LE4aL60XeNOCvLdDboIJMUIIARmWGexyiHz2DgY2UGqg3h8nJjeq:1t7tCu:bBtI_kshWv0Fo4xiYDM8Tu2iYHnaBz7PHjsivOC4LYw	2024-11-18 09:17:08.629042+00
bwh1n3fyc9uwb6kshuf978mn4d8q7fwx	.eJxVjDEOwjAMRe-SGUVWkzgKIztniOzYoQXUSk07VdwdReoA63_v_cNk2rcx703XPIm5msGjufyuTOWlc0fypPmx2LLM2zqx7Yo9abP3RfR9O92_g5Ha2GtQrYShOmXvAZJIDFB9ZFRGcKow1OCpDAgSEnOIsUSsziVVSmg-X02HONU:1t922x:1FIfr6bnvfePZrv3L4TAWprU82oCDBAeq2zh1n147Zs	2024-11-21 12:55:35.920093+00
g8qpfqdbdjxlzdwf887dg1jvaoj1yue7	.eJxVjEEOwiAQRe_C2pDSAgMu3XsGMjCMVA0kpV0Z765NutDtf-_9lwi4rSVsPS9hJnEWkzj9bhHTI9cd0B3rrcnU6rrMUe6KPGiX10b5eTncv4OCvXxr8IpMdiP4CWKy7BFBpaQZLANS0jgSZAXEPESrMgHToKMxxk3I7MT7A_ytON8:1tdA2G:07S7R9knhgkNxzff8f3HVs6w2vmIzU3ZEfRd4Ac-Cq8	2025-02-12 15:31:24.767935+00
l7s1jzg6a0wknqvbc5gphhcvky8awyb2	.eJxVjEEOwiAQRe_C2pDSAgMu3XsGMjCMVA0kpV0Z765NutDtf-_9lwi4rSVsPS9hJnEWkzj9bhHTI9cd0B3rrcnU6rrMUe6KPGiX10b5eTncv4OCvXxr8IpMdiP4CWKy7BFBpaQZLANS0jgSZAXEPESrMgHToKMxxk3I7MT7A_ytON8:1sR8la:N1jcD9PFO1vjFUobNm4aqpk1_jgZ2u3zDe7YvZVm-wg	2024-07-23 11:12:14.302967+00
jsw7v13js4urrq82xjj6k9zuo4v82v00	.eJxVjEEOwiAQRe_C2pDSAgMu3XsGMjCMVA0kpV0Z765NutDtf-_9lwi4rSVsPS9hJnEWkzj9bhHTI9cd0B3rrcnU6rrMUe6KPGiX10b5eTncv4OCvXxr8IpMdiP4CWKy7BFBpaQZLANS0jgSZAXEPESrMgHToKMxxk3I7MT7A_ytON8:1suC48:onX8PaFsJph9DICKqPkmvAdBm33dBVjTRb9wqjwLS78	2024-10-11 14:35:28.723297+00
4tj9p68493ckys4lv1rmc1769w6qmp7t	.eJxVjEEOgjAURO_StWlKp7bFpXvOQH77PxY1kFBYGe-uJCx0O--9eametrX0W5WlH1ldFJxVp981UX7ItCO-03SbdZ6ndRmT3hV90Kq7meV5Pdy_g0K1fOtEwNC6LE4aL60XeNOCvLdDboIJMUIIARmWGexyiHz2DgY2UGqg3h8nJjeq:1sMohq:Aw04u6eXd53rI66I1f1OVv-u2nBbr6skq_3-ZcrsYNg	2024-07-11 12:58:30.37785+00
677jylfv01ien4fbxqq9dj6nyk31z69h	.eJxVjEEOwiAQRe_C2pDSAgMu3XsGMjCMVA0kpV0Z765NutDtf-_9lwi4rSVsPS9hJnEWkzj9bhHTI9cd0B3rrcnU6rrMUe6KPGiX10b5eTncv4OCvXxr8IpMdiP4CWKy7BFBpaQZLANS0jgSZAXEPESrMgHToKMxxk3I7MT7A_ytON8:1tg3N1:kpdcznSG1UT8V25-PbvoMKQ1s_XBM4G8zZdAykBoM-c	2025-02-20 15:00:47.641792+00
uqu1sssctofh7r6l8zh5u0bxw53ityhs	.eJxVjEEOwiAQRe_C2pDSAgMu3XsGMjCMVA0kpV0Z765NutDtf-_9lwi4rSVsPS9hJnEWkzj9bhHTI9cd0B3rrcnU6rrMUe6KPGiX10b5eTncv4OCvXxr8IpMdiP4CWKy7BFBpaQZLANS0jgSZAXEPESrMgHToKMxxk3I7MT7A_ytON8:1t1kQk:axTXZz1VEgCbm1SC4mO1lEWe-UuVfbkBIhKQFexEjx4	2024-11-01 10:42:02.279642+00
ytpeik85f3b1y5z4v3fq8d0tlg2f32ho	.eJxVjEEOwiAQRe_C2pDSAgMu3XsGMjCMVA0kpV0Z765NutDtf-_9lwi4rSVsPS9hJnEWkzj9bhHTI9cd0B3rrcnU6rrMUe6KPGiX10b5eTncv4OCvXxr8IpMdiP4CWKy7BFBpaQZLANS0jgSZAXEPESrMgHToKMxxk3I7MT7A_ytON8:1tAqJE:egrXQYSANx-P9xJN-Log4D4GpYzVQ9JjoYJJlUmowC4	2024-11-26 12:47:52.049922+00
wv14k8mvjwxm81umm0iyg558oc0axum1	.eJxVjEEOwiAQRe_C2pDSAgMu3XsGMjCMVA0kpV0Z765NutDtf-_9lwi4rSVsPS9hJnEWkzj9bhHTI9cd0B3rrcnU6rrMUe6KPGiX10b5eTncv4OCvXxr8IpMdiP4CWKy7BFBpaQZLANS0jgSZAXEPESrMgHToKMxxk3I7MT7A_ytON8:1sPivs:s-ZtpVTQlxbLRauVFieOJmNhm5jcQ7cR7WVAEKD8i7I	2024-07-19 13:25:00.472339+00
ca1artc5o8ldncti4q8jwnmiwk1973yd	.eJxVjEEOwiAQRe_C2pDSAgMu3XsGMjCMVA0kpV0Z765NutDtf-_9lwi4rSVsPS9hJnEWkzj9bhHTI9cd0B3rrcnU6rrMUe6KPGiX10b5eTncv4OCvXxr8IpMdiP4CWKy7BFBpaQZLANS0jgSZAXEPESrMgHToKMxxk3I7MT7A_ytON8:1tuaSP:lrc3U2bdpFf49_10WuxID-nYTXyTt0mL-bASco7zXnc	2025-04-01 17:10:25.473776+00
yvfuucg6jvp53nhm5ggbqdop8ol3b29e	.eJxVjEEOwiAQRe_C2pDSAgMu3XsGMjCMVA0kpV0Z765NutDtf-_9lwi4rSVsPS9hJnEWkzj9bhHTI9cd0B3rrcnU6rrMUe6KPGiX10b5eTncv4OCvXxr8IpMdiP4CWKy7BFBpaQZLANS0jgSZAXEPESrMgHToKMxxk3I7MT7A_ytON8:1sBtjn:QP-2GM3R0PgtZc2e4WWt1MYexnGF_szd-CQ-rD5dr3E	2024-06-11 10:07:23.935303+00
zklvat97rj96oijknk9qr2r726uwnid8	.eJxVjEEOwiAQRe_C2pDSAgMu3XsGMjCMVA0kpV0Z765NutDtf-_9lwi4rSVsPS9hJnEWkzj9bhHTI9cd0B3rrcnU6rrMUe6KPGiX10b5eTncv4OCvXxr8IpMdiP4CWKy7BFBpaQZLANS0jgSZAXEPESrMgHToKMxxk3I7MT7A_ytON8:1tqDzP:9JarEMBpUNMcS_6w_J2hgoRw6-8N72g9-1j5TpOCIdE	2025-03-20 16:22:27.91142+00
zi8xg4cjwi61485b5p80sm822qeia6bn	.eJxVjEEOgjAURO_StWlKp7bFpXvOQH77PxY1kFBYGe-uJCx0O--9eametrX0W5WlH1ldFJxVp981UX7ItCO-03SbdZ6ndRmT3hV90Kq7meV5Pdy_g0K1fOtEwNC6LE4aL60XeNOCvLdDboIJMUIIARmWGexyiHz2DgY2UGqg3h8nJjeq:1sy6Rh:6amjQagMeiM5nRLnOIhjhjPAkwk1WPa53T_N1-fWNOs	2024-10-22 09:23:57.926625+00
q71v75dxzlcq3dkfutob3ds57uwp0hw9	.eJxVjEEOgjAURO_StWlKp7bFpXvOQH77PxY1kFBYGe-uJCx0O--9eametrX0W5WlH1ldFJxVp981UX7ItCO-03SbdZ6ndRmT3hV90Kq7meV5Pdy_g0K1fOtEwNC6LE4aL60XeNOCvLdDboIJMUIIARmWGexyiHz2DgY2UGqg3h8nJjeq:1sMojP:ObEFONtpVWRH5qyONI1Dt_jYbDQsK3MAow_riAXwbjI	2024-07-11 13:00:07.453763+00
wmb1pjnb78khdczd74pr10sv2bx4qqgh	.eJxVjEEOwiAQRe_C2pDSAgMu3XsGMjCMVA0kpV0Z765NutDtf-_9lwi4rSVsPS9hJnEWkzj9bhHTI9cd0B3rrcnU6rrMUe6KPGiX10b5eTncv4OCvXxr8IpMdiP4CWKy7BFBpaQZLANS0jgSZAXEPESrMgHToKMxxk3I7MT7A_ytON8:1t1kON:-GZsF03lpNOSDzaRV8lV7OtGjhNkL6B_AFgE1cbVtpA	2024-11-01 10:39:35.551599+00
qx3xfr2f620hmuxjned1yfrpu4id3dcf	.eJxVjEEOwiAQRe_C2pDSAgMu3XsGMjCMVA0kpV0Z765NutDtf-_9lwi4rSVsPS9hJnEWkzj9bhHTI9cd0B3rrcnU6rrMUe6KPGiX10b5eTncv4OCvXxr8IpMdiP4CWKy7BFBpaQZLANS0jgSZAXEPESrMgHToKMxxk3I7MT7A_ytON8:1tEDe1:W4A5DFS514g8IpIfzu-6cXYuUTF-Fc5y2FjZ6fq2iOw	2024-12-05 20:19:17.743015+00
nbi9z4c3xvhos9d03550j8ne8v3qiyrz	.eJxVjEEOwiAQRe_C2pDSAgMu3XsGMjCMVA0kpV0Z765NutDtf-_9lwi4rSVsPS9hJnEWkzj9bhHTI9cd0B3rrcnU6rrMUe6KPGiX10b5eTncv4OCvXxr8IpMdiP4CWKy7BFBpaQZLANS0jgSZAXEPESrMgHToKMxxk3I7MT7A_ytON8:1tfJvK:rMMdS4VmQETYcj1p5ihNw00vKz0O5heRYQVutjoNmvc	2025-02-18 14:29:10.261835+00
v1ebwz6jvmfofa4d8jyrvag28e3yqj9r	.eJxVjDsOwjAQBe_iGlneOP5R0nMGy7te4wBypDipEHeHSCmgfTPzXiKmba1x67zEKYuz0OL0u2GiB7cd5Htqt1nS3NZlQrkr8qBdXufMz8vh_h3U1Ou3Bjt4b5ENFCpWs_MBxqICFFUgK8hOo8kDog7E3loaizMhkbM-EKAT7w_YAje_:1uScd7:qCGtLn6fo5y23RzYgn62Kf-GUV1mlnnlWoDCyaAGKIk	2025-07-04 14:22:09.302504+00
\.


--
-- Data for Name: mentha_contacto; Type: TABLE DATA; Schema: public; Owner: leda
--

COPY public.mentha_contacto (id, nome, email, telefone, referenciacao, distrito, assunto, mensagem, data) FROM stdin;
\.


--
-- Data for Name: mentha_noticia; Type: TABLE DATA; Schema: public; Owner: leda
--

COPY public.mentha_noticia (id, titulo, texto, data, url, imagem) FROM stdin;
5	Prot├│tipos interativos prontos	Foram desenvolvidos 3 prot├│tipos interativos das aplica├º├Áes a produzir. Ser├úo usados para validar as intera├º├Áes e funcionalidades pensadas.\r\nSer├úo usados numa sess├úo de valida├º├úo de usabilidade destes por profissionais das ├íreas vindos dos diferentes parceiros do projeto.\r\nCom base no feedback recolhido, ser├úo validadas funcionalidades e feitas adapta├º├Áes ou integradas novas funcionalidades para que as aplica├º├Áes v├úo ao encontro das necessidades do p├║blico alvo.	2022-04-22	\N	mentha/noticias/prototipo_care.jpg
9	Desenho de casos de uso das aplica├º├Áes e modela├º├úo conclus├Áes	Foi encerrado o desenho de casos de uso e diagramas das vß▓®as atividades que estas contemplam, permitindo uma especifica├º├úo detalhada do que serßá®mplementado. \r\n\r\nA modela├º├úo dos dados, com identifica├º├úo das entidades necessß▓®as e suas rela├º├Áes foi feita, permitindo a sua implementa├º├úo em bases de dados adequadas.	2022-04-07	\N	mentha/noticias/diagrama_atividades.png
10	Defesa de projetos	Foram defendidos dois trabalhos finais de curso, das licenciaturas em Engenharia Inform├ítica e Inform├ítica de Gest├úo da Universidade Lus├│fona, no ├ómbito do MentHA Digital:\r\n\r\n* In├¬s Rocha e Jo├úo Pedro Santos, MentHA CARE \r\n* Nuno Rasteiro, Protocolo MentHA\r\n\r\nOs projetos foram muito apreciados pelo j├║ri, tendo sido <b>classificados entre os 5 melhores trabalhos do ano</b>. Est├úo todos de parab├®ns. Os relat├│rios encontram-se dispon├¡veis no link em baixo.	2022-09-21	https://informatica.ulusofona.pt/defesas/trabalhos-finais-de-curso/	
3	Levantamento e an├ílise de requisitos	Foi realizado um levantamento detalhado de requisitos funcionais e n├úo-funcionais pela equipa de desenvolvimento, com o apoio de especialistas das ├íreas tecnol├│gicas e sociais. \r\n\r\nDesta forma as aplica├º├Áes a desenvolver integrar├úo funcionalidades que v├úo ao encontro das necessidades do p├║blico alvo explorando as tecnologias mais avan├ºadas na ├írea.\r\n\r\nEm termos t├®cnicos, estes requisitos permitir├úo desenhar casos de usos e diagramas de atividades, assim como pensar na modela├º├úo da base de dados que dar├í suporte ├ás aplica├º├Áes.	2022-03-24	\N	mentha/noticias/requisitos.png
2	Reuni├úo de apresenta├º├úo aos Parceiros	Foi realizada uma reuni├úo de apresenta├º├úo do MentHA Digital com todos os parceiros do projeto. \r\n\r\nForam apresentados os objetivos e solu├º├Áes a desenvolver. O projeto ir├í arrancar em mar├ºo, tendo j├í sido delineado um cronograma de terafas a realizar que envolvem os v├írios parceiros nas diferentes fases do projeto.	2022-02-22	\N	
11	5 novos colaboradores do MentHA Digital	O MentHA Digital conta com 5 novos colaboradores: Alexandre Godinho, Bernardo Roque, Rodrigo Eira, Tiago James e Tiago Silva. Desenvolver├úo <b>3 novos trabalhos finais de curso</b> em torno do Protocolo MentHA, MentHA CARE e MentHA COG. O objetivo ser├í validar com os parceiros os prot├│tipos j├í desenvolvidos, identificar requisitos de melhoria e implement├í-las. \r\n\r\nO Nuno Rasteiro, que fez trabalho final de curso em torno do Protocolo MentHA e se licenciou em set'22, continua a trabalhar como investigador no projeto MentHA. Est├í a integrar as v├írias aplica├º├Áes desenvolvidas.	2022-11-06	\N	
8	Est├úo prontos os gui├Áes para experimentar prot├│tipos	Foram criados 3 gui├Áes para o p├║blico alvo poder experimentar os 3 prot├│tipos interativos que j├í foram criados.\r\n\r\nSer├í realizada uma sess├úo com colaboradores dos v├írios parceiros do Projeto MentHA, para experimentar os prot├│tipos e darem o seu feedback. \r\n\r\nCom base num gui├úo de tarefas, experimentar├úo todas as funcionalidades dos prot├│tipos, permitindo-lhes aferir as funcionalidades propostas, e permitindo-nos recolher o seu valioso feedback, por forma a construirmos com os parceiros estas aplica├º├Áes. Pretende-se aprimorar a acessibilidade e usabilidade destas aplica├º├Áes.	2022-05-05	\N	mentha/noticias/Guiao_tarefas.png
1	MentHA Digital ganhou concurso DGS	O Projeto Mentha Digital da Universidade Lus├│fona ficou em 1┬║ lugar num concurso da Dire├º├úo Geral da Sa├║de (DGS) a financiamento p├║blico, no ├ómbito do Programa Nacional para a Sa├║de Mental. \r\n\r\nUma equipa de investigadores e alunos de Engenharia Inform├ítica e Inform├ítica de Gest├úo do DEISI-COPELABS far├í o desenvolvimento de um conjunto de aplica├º├Áes para treino cognitivo de adultos mais velhos com dem├¬ncia assim como um programa psico-educativo para seus cuidadores.	2022-01-06	\N	mentha/noticias/Screenshot_2024-07-15_at_18.24.29.png
7	Desenvolvimento das aplica├º├Áes em bom andamento	A equipa de desenvolvimento encontra-se a trabalhar arduamente no desenvolvimento dos prototipos funcionais. \r\n\r\nEst├úo a ser integradas nas aplica├º├Áes v├írias funcionalidades que ajudar├úo a melhorar o bem-estar e a qualidade de vida de adultos mais velhos com patologia mental cr├│nica e dos seus cuidadores formais e informais.	2022-05-11	\N	mentha/noticias/mentha-devops.jpg
4	Question├írio de viabilidade e pertin├¬ncia	Foi elaborado um inqu├®rito de avalia├º├úo de pertin├¬ncia sobre as interven├º├Áes ├á dist├óncia na ├írea do envelhecimento e da sa├║de mental.\r\n\r\nEste inqu├®rito pretende conhecer a opini├úo da popula├º├úo em geral, incluindo as principais partes interessadas (pessoas com experi├¬ncias de sa├║de mental, cuidadores informais e formais) e, com base nos resultados, promover iniciativas que facilitem o acesso remoto a interven├º├Áes no ├ómbito da sa├║de mental dos adultos mais velhos.	2022-04-21	https://docs.google.com/forms/d/1MM2N4n7lNTwsJQkwHeX6BOp48S3aLe3KLhRh02qFzM4/edit?urp=gmail_link	mentha/noticias/questionario_pertinencia.png
17	MentHA Digital na ADEB	A equipa do projeto MentHA esteve no dia 18 de julho na ADEB - Associa├º├úo de Apoio aos Doentes Depressivos e Bipolares. Reunimos com a equipa de t├®cnicos da ADEB assim como utentes e cuidadores. Foram apresentadas e demonstradas as aplica├º├Áes MentHA CARE, MentHA COG e MentHA Eval. Em esp├¡rito de co-constru├º├úo, recebemos valiosos feedbacks que estamos a integrar de forma a que sejam aplica├º├Áes que satisfa├ºam as necessidades dos seus utentes finais.	2023-07-18	\N	mentha/noticias/ADEB.png
14	Apresenta├º├úo de trabalhos finais de curso desenvolvidos no ├ómbito do MentHA Digital	Foram apresentados dois trabalhos finais de curso, das licenciaturas em Engenharia Inform├ítica e Inform├ítica de Gest├úo da Universidade Lus├│fona, desenvolvidos no ├ómbito do MentHA Digital:\r\n\r\n* Tiago Silva e Rodrigo Eira, MentHA CARE \r\n* Bernardo Roque e Alexandre Godinho, Protocolo MentHA e MentHA Risk\r\n\r\nOs projetos foram muito apreciados pelo j├║ri, tendo obtido excelentes classifica├º├Áes, fruto do bom trabalho realizado ao longo deste ano. Est├úo todos de parab├®ns.	2023-07-03	\N	mentha/noticias/defesa_de_TFCs_2023.07.jpeg
13	Projeto MentHA Digital Premiado com Bolsa de Investiga├º├úo Akira 2022 da SPA	O projeto MentHA RISK foi premiado com a "Bolsa de Investiga├º├úo Akira 2022", promovida pela Sociedade Portuguesa de Aterosclerose (SPA) e com o apoio da Daiichi Sankyo. Este projeto, integrado no MentHA Digital, visa a avalia├º├úo do risco cardiovascular em adultos mais velhos com patologia mental cr├│nia. O pr├®mio foi entregue numa cerim├│nia na Sociedade Portuguesa de Aterosclerose, com a presen├ºa do Jornal NewsPharma.	2022-09-12	https://spaterosclerose.org/noticias/item/435-bolsa-de-investigacao-akira-2022-ferramenta-de-promocao-a-investigacao-cientifica.html	mentha/noticias/mentha_risk.jpg
19	MentHA Digital no XII Semin├írio de Gerontologia	A equipa do MentHA Digital esteve no XII Semin├írio de Gerontologia da Universidade Lus├│fona a partilhar a sua experi├¬ncia e desafios que tem encontrado. Foi um valioso momento de reflex├úo sobre estrat├®gias para prevenir e retardar perdas cognitivas e melhorar o bem-estar de adultos mais velhos com dem├¬cia e dos seus cuidadores.	2023-06-16	https://fb.watch/lV-ev7KqpH/?mibextid=2Rb1fB	mentha/noticias/seminario.png
18	GIRA recebe equipa do MentHA Digital	A equipa do projeto MentHA esteve no dia 19 de julho numa resid├¬ncia da GIRA - Grupo de Interven├º├úo e Reabilita├º├úo Ativa. Reunimos com a equipa de t├®cnicos da GIRA assim como utentes e cuidadores. Foram apresentadas e demonstradas as aplica├º├Áes MentHA CARE, MentHA COG e MentHA Eval. Em esp├¡rito de co-constru├º├úo, recebemos valiosos feedbacks que estamos a integrar de forma a que sejam aplica├º├Áes que satisfa├ºam as necessidades dos seus utentes finais.	2023-07-19	\N	mentha/noticias/GIRA.png
16	Roche Sistemas de Diagn├│sticos estabelece protocolo e patroc├¡nio com MentHA Digital	Em 2022 ganh├ímos um pr├®mio da Associa├º├úo de Aterosclerose para, de forma inovadora, estudar o risco cardiovascular de adultos mais velhos com doen├ºa ou defici├¬ncia mental e perturba├º├úo neurocognitiva. \r\n\r\nPara a realiza├º├úo deste estudo estabelecemos um protocolo com a Roche Sistemas de Diagn├│sticos, tendo recebido um patroc├¡nio de equipamento de medida (ÔÇ£point of care") que nos foi emprestado durante 6 meses para fazermos as medidas, assim como  dispositivos/reagentes para o c├ílculo deste risco. \r\n\r\nPara al├®m dos aparelhos ser├úo disponibilizados os reagentes necess├írios e a forma├º├úo dos profissionais que far├úo a recolha nos locais onde se encontram os participantes.	2023-02-06	\N	mentha/noticias/Point_of_care_da_Roche.jpeg
20	DGS estende apoio ao MentHA Digital por mais 6 meses	A DGS aprovou a extens├úo do seu apoio ao projeto MentHA Digital por mais seis meses, at├® julho. Permitir├í terminar uma parte das investiga├º├Áes em curso e desenvolvimentos.\r\n\r\nestamos a trabalhar ativamente com os nossos parceiros no desenvolvimento de programas e ferramentas que sejam ├║teis para melhorar o bem-estar de adultos mais velhos com dem├¬ncia e dos seus cuidadores. O projeto entretanto tem tido apoio de outras institui├º├Áes, e estabelecimento de novos protocolos para garantir a sua continuidade.	2023-02-28	\N	mentha/noticias/DGS.png
12	Sess├úo de valida├º├úo dos Prot├│tipos MentHA	Os parceiros do projeto MentHA Digital - Mental Health and Ageing participaram numa sess├úo de experimenta├º├úo e valida├º├úo dos Prot├│tipos MentHA que contou com <b>19 participantes</b>.\r\n\r\n\r\nNeste encontro foram apresentados os tr├¬s prot├│tipos interativos desenvolvidos das aplica├º├Áes web:\r\n\r\n1. Programa de treino cognitivo - MentHA COG\r\n2. Avalia├º├úo neuropsicol├│gica - Protocolo MentHA\r\n3. Programa psicoeducativo para cuidadores - MentHA CARE\r\n\r\nCada participante teve depois oportunidade de interagir com cada um dos prot├│tipos aplicacionais, auxiliado por um gui├úo de tarefas que permitiu explorar todas as funcionalidades desenvolvidas. No gui├úo cada participante registou o sucesso de cada passo assim como deu sugest├Áes de melhoria. \r\n\r\nA sess├úo correu muito bem, tendo havido feedbacks muito positivos. Temos todos os parceiros implicados na co-cria├º├úo e implementa├º├úo das diferentes aplica├º├Áes, devidamente validadas para os diferentes contextos. Este trabalho beneficiar├í da partilha de experi├¬ncias e dos conhecimento das diferentes partes interessadas, refor├ºando este desafio, indiscutivelmente  estimulante e gratificante suas diferentes variantes: humana, acad├®mica, cl├¡nica e tecnol├│gica.	2022-06-02	\N	mentha/noticias/285634740_10216205906818889_4374820038972196398_n.jpg
24	Parceria com a Escola Superior de Sa├║de da Cruz Vermelha Portuguesa	Foi estabelecida uma parceria entre o Projeto MentHA e a Escola Superior de Sa├║de (ESS) da Cruz Vermelha Portuguesa, no apoio ├á avalia├º├úo do risco cardiovascular em pessoas com mais de 40 anos e com doen├ºa mental associada.  Em abril, a ├ürea de Ensino de Enfermagem da ESS CVP Lisboa ir├í apoiar o Projeto MentHA na institui├º├úo CRINABEL, em Lisboa, com as Professoras Gra├ºa Moraes Rocha, In├¬s Bento e Maria Pires, juntamente com as estudantes do 4┬║ ano do curso de enfermagem Joana Ars├®nio e Maria Santos.	2024-03-10	https://www.esscvp.eu/ess-cvp-lisboa-estabelece-parceria-com-o-projeto-mentha/	mentha/noticias/ESS_CVP.jpg
15	ASMAL no Algarve recebe equipa do MentHA Digital	Entre os dias 12 e 14 de julho estivemos no Algarve na semana passada tr├¬s dias, na ASMAL - Associa├º├úo de Sa├║de Mental do Algarve, os coordenadores Pedro Santos e L├║cio Studer assim como quatro investigadores do COPELABS, Bernardo Roque, Nuno Rasteiro, Rodrigo Eira e Tiago Silva, tendo testado a aplica├º├úo em tr├¬s centros da ASMAL (Faro, Almancil e Loul├®) e interagido e recolhido dados de 54 utentes. Correu muit├¡ssimo bem!\r\n\r\nEsta desloca├º├úo ao ÔÇ£terrenoÔÇØ, no Algarve, contou j├í com a aplica├º├úo de um dos programas, o MentHA Risk - avalia├º├úo do risco de AVC em adultos mais velhos com doen├ºa mental. Tivemos no primeiro dia a colabora├º├úo de um t├®cnico da Roche que  trabalhar com a equipa alargada e dar forma├º├úo a uma equipa da Cruz Vermelha Portuguesa (entidade parceira do MentHA Digital), para utiliza├º├úo dos equipamentos e materiais disponibilizados. A equipa do projeto MentHA deu forma├º├úo aos diferentes profissionais dos centros da ASMAL, que tamb├®m acompanharam a avalia├º├úo de risco cardiovascular dos seus utentes. Foram apresentadas as aplica├º├Áes desenvolvidas, MentHA Eval, MentHA-COG e MentHA-CARE. Estas foram experimentadas pelos t├®cnicos assim como por cuidadores e participantes. \r\n\r\nFoi uma experi├¬ncia muito gratificante e inesquec├¡vel, para todos os participantes. Os t├®cnicos da ASMAL ficaram muito bem impressionados e entusiasmados com a grande utilidade e apoio que a aplica├º├Áes desenvolvidas podem dar ao seu trabalho di├írio.	2023-07-14	\N	mentha/noticias/asmal.jpeg
21	Avalia├º├úo Gratuita de Risco Cardiovascular na ADEB	O Projeto MentHA - Mental Health and Aging e a ADEB - Associa├º├úo de Apoio aos Doentes Depressivos e Bipolares promovem no pr├│ximo s├íbado, 14 de outubro, uma Sess├úo de Preven├º├úo e Avalia├º├úo de Risco Cardiovascular em pessoas com mais de 40 anos e doen├ºa neuropsiqui├ítrica: perturba├º├úo bipolar, esquizofrenia, defici├¬ncia intelectual, dem├¬ncia.\r\n\r\nNo final da semana em que se comemora mais um Dia Mundial para a Sa├║de Mental, este ano com o tema "Nossas Mentes, Nossos DireitosÔÇØ (Our minds, our rights) o M├®dico Internista Francisco Ara├║jo - Coordenador do Departamento de Medicina Interna do Hospital dos Lus├¡adas de Lisboa - dinamizar├í uma sess├úo de sensibiliza├º├úo sobre o Risco Cardiovascular no contexto da sa├║de mental.\r\n\r\nA avalia├º├úo de risco cardiovascular ser├í disponibilizada de forma individualizada e gratuita, com apoio de uma equipa da Escola Superior de Sa├║de da Cruz Vermelha Portuguesa e da Roche Sistemas de Diagn├│stico, no ├ómbito do programa MentHA Risk, financiado pela Direc├º├úo Geral da Sa├║de e pela Sociedade Portuguesa de Aterosclerose. \r\n\r\nAs doen├ºas cardiovasculares (DCV) s├úo respons├íveis pela morte de cerca de 25% das pessoas com esquizofrenia e de 33% das pessoas com doen├ºa bipolar (Nielsen et al. 2020). Alguns estudos recentes sugerem os portugueses s├úo mais afetados por dem├¬ncia vascular do que por Alzheimer (Ruano et al., 2019) e que os indiv├¡duos com defici├¬ncia intelectual apresentam riscos acrescidos de DCV de in├¡cio precoce, em particular, de doen├ºa cerebrovascular, acidente vascular cerebral, insufici├¬ncia card├¡aca e trombose venosa profunda (Wang et al., 2023).	2023-10-14	https://www.adeb.pt	mentha/noticias/participe-mentha-risk-avaliacao-de-risco-cardiovascular.jpeg
22	MentHA Digital com a CRINABEL	Dia 16 de abril de 2024 o MentHA e a Crinabel reuniram-se pela primeira vez. A sess├úo foi um sucesso e pretende-se fortalecer esta parceria.	2024-04-16	https://www.crinabel.pt/a-nossa-historia	
25	MentHA Digital vai ao Algarve fazer sess├Áes de avalia├º├úo na ASMAL	O Projeto MentHA Digital foi tr├¬s dias ao Algarve fazer uma segunda sess├úo para aplica├º├úo das v├írias aplica├º├Áes. Com apoio da CVP, delega├º├úo do Algave, foi feita a avalia├º├úo de 45 pessoas, avalia├º├úo neuro-psicol├│gica assim como do risco de acidente cardiovascular.	2024-02-14	https://asmal.org.pt/asmal/	mentha/noticias/asmal.png
23	Reportagem sobre o Projeto MentHA	O MentHA teve uma reportagem feita pela equipa de ocmunica├º├úo da Universidade Lus├│fona, entre 16 e 19 de abril, nas sess├Áes de aplica├º├úo das ferramentas do MentHA Digital na CRINABEL, uma cooperativa com estatuto de utilidade p├║blica sem fins lucrativos criada para apoio ├á reabilita├º├úo de jovens e adultos com atraso no desenvolvimento.	2024-05-27	https://www.youtube.com/watch?v=xOG0dOYjQLA	mentha/noticias/Captura_de_ecr├ú_2024-06-26_130248.png
26	Submetido relat├│rio ├á Dire├º├úo Geral da Sa├║de	Foi submetido ├á Dire├º├úo Geral de Sa├║de o relat├│rio final da componente do Projeto MentHA que foi financiada pela DGS. \r\n\r\nFoi co-desenvolvido um estudo de viabilidade e pertin├¬ncia de Plataforma Digital Para Adultos Mais Velhos com Problemas de Sa├║de Mental atrav├®s da elabora├º├úo e implementa├º├úo de "Question├írio de Avalia├º├úo de Pertin├¬ncia" e participa├º├úo de representantes das diferentes partes interessadas (pessoas com doen├ºa ou defici├¬ncia mental, cuidadores formais e informais, representantes de parceiros e membros da sociedade civil).\r\n\r\nFoi co-criada a Plataforma "MentHA DIGITAL" (com participa├º├úo e envolvimento de todos os parceiros) para promo├º├úo da (i) Cidadania em Sa├║de, (ii) Equidade e Acesso, (iii) Pol├¡ticas Saud├íveis e (iv) Bem-estar e da qualidade de vida de adultos com patologia mental cr├│nica, em diferentes contextos de vida.\r\n\r\nForam co-criadas as aplica├º├Áes MentHA COG, MentHA CARE, MentHA RISK e Protocolo de Avalia├º├úo MentHA.\r\n\r\nForam realizadas diferentes sess├Áes de experimenta├º├úo e valida├º├úo das aplica├º├Áes (presenciais e remotas) com representantes das entidades parceiras\r\n\r\nForam incluidos novos parceiros, e de val├¬ncias complementares, para refor├ºo dos objetivos do projeto e melhoria dos cuidados de sa├║de mental (bio-psico-socias) centrados na pessoa, refor├ºando, nomeadamente, a componente biom├®dica do projeto: avalia├º├úo de risco cardiovascular e risco de diabetes;\r\n\r\nUm dos pontos fortes foi o potencial de sustentabilidade e reconhecimento social, com o Pr├®mio de "Bolsa de Investiga├º├úo Akira 2022ÔÇØ, promovida pela Sociedade Portuguesa de Aterosclerose - SPA e da Daiichi Sankyo, assim como apoio da Roche Sistemas de Diagn├│sticos.	2024-07-15	\N	mentha/noticias/dgs.png
27	Trabalho Final de Curso no ├ómbito do Projeto MentHA Digital	Foi apresentado com sucesso a conclus├úo do Trabalho Final de Curso de Miguel Cardoso e Ant├│nio Ventura desenvolvido no ├ómbito do Projeto MentHA Digital. Decorreu entre setembro 2023 e julho 2024. O objetivo foi melhorar alguams ocmponentes das aplica├º├Áes MentHA Eval, RISK, CARE, COG. Focou-se no levantamento de requisitos com as v├írias entidades parceiras. ├Ç medida que os parceiros utilizam a aplica├º├úo, recebem feedback e posteriormente procedem ├á melhoria das aplica├º├Áes. As muitas sess├Áes com institui├º├Áes parceiras do projeto realizadas foram importantes para a melhoria das aplica├º├Áes, sendo dada a devida prioridade aos requisitos consoante os pedidos feitos pelas mesmas.	2024-07-09	https://informatica.ulusofona.pt/tfcs-dissertacoes-teses/	mentha/noticias/mentha_e_ess.jpg
\.


--
-- Data for Name: protocolo_answer; Type: TABLE DATA; Schema: public; Owner: leda
--

COPY public.protocolo_answer (id, text_answer, submitted_answer, quotation, notes, multiple_choice_answer_id, question_id, resolution_id) FROM stdin;
\.


--
-- Data for Name: protocolo_area; Type: TABLE DATA; Schema: public; Owner: leda
--

COPY public.protocolo_area (id, name, description, "order") FROM stdin;
24	Personalidade	\N	6
25	Ansiedade e Depress├úo	\N	7
26	Cogni├º├úo	\N	8
27	Estadio de Deteriora├º├úo	\N	9
28	Consci├¬ncia, Humor e Comportamento	\N	1
29	Coopera├º├úo dada na entrevista	\N	2
30	Rela├º├úo com o Avaliador	\N	3
32	Estado de  ├énimo	\N	4
33	Ansiedade e Depress├úo	\N	5
34	Cogni├º├úo	\N	6
35	Consci├¬ncia, Humor e Comportamento	\N	1
73	Ansiedade e Depress¤Ço	\N	6
74	Sobrecarga do Cuidador	\N	7
75	Rede de Apoio Social	\N	8
78	Question├írio Sociodemogr├ífico	\N	1
77	Question├írio Sociodemogr├ífico (Cuidador)	\N	0
49	Consci├¬ncia, Humor e Comportamento	\N	1
50	Coopera├º├úo dada na entrevista	\N	2
51	Rela├º├úo com o Avaliador	\N	3
55	Ansiedade e Depress├úo	\N	5
36	Coopera├º├úo dada na entrevista	\N	2
37	Rela├º├úo com o Avaliador	\N	3
58	Estrat├®gias de Coping	\N	8
59	Consci├¬ncia, Humor e Comportamento	\N	1
60	Coopera├º├úo dada na entrevista	\N	2
39	Estado de  ├énimo	\N	4
40	Ansiedade e Depress├úo	\N	5
41	Cogni├º├úo	\N	6
46	None	\N	1
47	MentHA-Risk-area	\N	0
53	Personalidade	\N	4
61	Rela├º├úo com o Avaliador	\N	3
67	Estrat├®gias de Coping	\N	7
68	Consci├¬ncia, Humor e Comportamento	\N	1
56	Sobrecarga do Cuidador	\N	6
57	Rede de Apoio Social	\N	7
64	Ansiedade e Depress¤Ço	\N	4
65	Sobrecarga do Cuidador	\N	5
66	Rede de Apoio Social	\N	6
69	Coopera├º├úo dada na entrevista	\N	2
70	Rela├º├úo com o Avaliador	\N	3
71	Avalia├º├úo Psicol├│gica	\N	4
76	Estrat├®gias de Coping	\N	9
1	Consci├¬ncia, Humor e Comportamento	\N	1
2	Coopera├º├úo dada na entrevista	\N	2
3	Rela├º├úo com o Avaliador	\N	3
5	Psicossintomatologia	\N	5
6	Cogni├º├úo	\N	6
7	Estado de  ├énimo	\N	7
8	Ansiedade e Depress├úo	\N	8
9	Estadio de Deteriora├º├úo	\N	9
10	Funcionalidade	\N	4
11	Funcionalidade	\N	5
12	Psicossintomatologia	\N	6
13	Cogni├º├úo	\N	7
14	Consci├¬ncia, Humor e Comportamento	\N	2
15	Coopera├º├úo dada na entrevista	\N	3
16	Rela├º├úo com o Avaliador	\N	4
18	Consci├¬cia, Humor e Comportamento	\N	1
19	Coopera├º├úo dada na entrevista	\N	2
20	Rela├º├úo com o Avaliador	\N	3
22	Estado de  ├énimo	\N	4
23	Funcionalidade	\N	5
72	Funcionalidade	\N	5
\.


--
-- Data for Name: protocolo_area_part; Type: TABLE DATA; Schema: public; Owner: leda
--

COPY public.protocolo_area_part (id, area_id, part_id) FROM stdin;
87	1	5
88	2	5
89	3	5
91	5	5
92	6	5
93	7	5
94	8	5
95	9	5
96	10	5
97	11	1
98	12	1
99	13	1
100	14	1
101	15	1
102	16	1
104	18	2
105	19	2
106	20	2
108	22	2
109	23	2
110	24	2
111	25	2
112	26	2
113	27	2
114	28	3
115	29	3
116	30	3
118	32	3
119	33	3
120	34	3
121	35	4
122	36	4
123	37	4
125	39	4
126	40	4
127	41	4
128	46	9
129	47	9
131	49	10
132	50	10
133	51	10
134	53	10
135	55	10
136	56	10
137	57	10
138	58	10
139	59	11
140	60	11
141	61	11
142	64	11
143	65	11
144	66	11
145	67	11
146	68	12
147	69	12
148	70	12
149	71	12
150	72	12
151	73	12
152	74	12
153	75	12
154	76	12
155	77	13
156	78	14
\.


--
-- Data for Name: protocolo_dimension; Type: TABLE DATA; Schema: public; Owner: leda
--

COPY public.protocolo_dimension (id, name, description, "order", instrument_id) FROM stdin;
10	Mem├│ria	\N	2	4
11	Flu├¬ncia	\N	3	4
12	Linguagem	\N	4	4
14	Visuo-Espacial	\N	5	4
17	Aten├º├úo e Orienta├º├úo	\N	1	5
18	Mem├│ria	\N	2	5
19	Linguagem	\N	3	5
20	Visuo-Espacial	\N	5	5
21	Mem├│ria Visual Imediata - Figuras de Weschler	\N	1	6
22	Mem├│ria Diferida	\N	2	6
23	Trail Making Test - Parte A	\N	3	6
24	Trail Making Test - Parte B	\N	4	6
25	Gnosia - (Autotopognosia) Orienta├º├úo Direita Esquerda	\N	6	6
26	Prov├®rbios	\N	7	6
27	Token Test - Compreens├úo de ordens verbais (vers├úo breve)	\N	8	6
28	Atribui├º├úo de Estadio	\N	1	8
29	Question├írios	\N	2	8
30	Consci├¬ncia	\N	1	10
31	Atividade Motora	\N	2	10
32	Humor	\N	3	10
33	None	\N	0	11
34	None	\N	0	12
35	None	\N	0	13
36	None	\N	0	14
40	Fumar	Fumar	40	18
1	Atividades Corporais		1	1
2	Atividades Motoras		2	1
3	Atividades Sensoriais		3	1
4	Atividades Mentais		4	1
41	MentHA-Risk-dimension	\N	0	19
42	None	\N	0	20
43	None	\N	1	21
44	None	\N	1	22
45	None	\N	0	23
46	None	\N	1	24
5	None	\N	1	3
6	PANAS	\N	1	9
7	None	\N	1	2
8	None	\N	0	7
9	Aten├º├úo e Orienta├º├úo	\N	1	4
\.


--
-- Data for Name: protocolo_instrument; Type: TABLE DATA; Schema: public; Owner: leda
--

COPY public.protocolo_instrument (id, name, description, "order", tooltip) FROM stdin;
1	ABVD - MDA	\N	1	
2	AIVD	\N	2	
3	BSI	\N	1	
5	MMSE	\N	2	
6	├üreas Complementares	\N	3	
7	HADS	\N	1	
8	GDS	\N	1	
9	PANAS	\N	1	
10	None	\N	0	
11	None	\N	0	
12	None	\N	0	
13	NEO-FFI 20	\N	1	
14	None	\N	0	
15	None	\N	1	
16	Fumadores	\N	1	
17	None	\N	1	
18	None	\N	2	
19	MentHA-Risk-instrument	\N	0	
20	QASCI	\N	1	
21	Brief COPE	\N	1	
22	Lubben	\N	1	
23	None	\N	0	
24	None	\N	1	
4	ACE-R	\N	1	Mais de 70 anos de idade e menos de 6 anos de escolaridade\t\t\t\t\r\n\r\n|                | &nbsp; &nbsp; &nbsp; M &nbsp; &nbsp; &nbsp;     | &nbsp; &nbsp; &nbsp; DP &nbsp; &nbsp; &nbsp;  | &nbsp; &nbsp; &nbsp;  1DP &nbsp; &nbsp; &nbsp; | &nbsp; &nbsp; &nbsp;  1,5DP &nbsp; &nbsp; &nbsp; | &nbsp; &nbsp; &nbsp;  2DP &nbsp; &nbsp; &nbsp;  |\r\n|:-------------- | :-------------: | :-------------: | :-------------: | :-------------: | :-------------: |\r\n| Total          | 86,03 | 7,23 | 78,8 | 75,2  | 71,6 |\r\n| Aten├º├úo        | 16,62 | 1,58 | 15,0 | 14,3  | 13,5 |\r\n| Mem├│ria        | 23,12 | 2,39 | 20,5 | 19,2  | 17,9 |\r\n| Flu├¬ncia       | 9,09  | 1,48 | 7,6  | 6,9   | 6,1  |\r\n| Linguagem      | 24,85 | 1,86 | 23,0 | 22,1  | 21,1 |\r\n| Visuoespaccial | 12,35 | 2,56 | 9,8  | 8,5   | 7,2  |
\.


--
-- Data for Name: protocolo_instrument_area; Type: TABLE DATA; Schema: public; Owner: leda
--

COPY public.protocolo_instrument_area (id, instrument_id, area_id) FROM stdin;
101	1	10
102	1	11
103	2	10
104	2	23
105	3	12
106	3	5
107	4	13
108	4	6
109	5	13
110	5	6
111	6	41
112	6	26
113	6	34
114	6	6
115	7	8
116	7	25
117	7	40
118	7	33
119	8	9
120	8	27
121	9	32
122	9	39
123	9	22
124	9	7
125	10	1
126	10	35
127	10	14
128	10	18
129	10	28
130	11	2
131	11	36
132	11	15
133	11	19
134	11	29
135	12	3
136	12	37
137	12	16
138	12	20
139	12	30
140	13	24
146	15	46
147	16	46
148	17	46
149	18	46
150	19	47
152	20	56
153	20	65
154	20	74
155	21	58
156	21	67
157	21	76
158	22	57
159	22	66
160	22	75
161	23	77
162	24	78
\.


--
-- Data for Name: protocolo_multiplechoicescheckbox; Type: TABLE DATA; Schema: public; Owner: leda
--

COPY public.protocolo_multiplechoicescheckbox (id, name, description, "order", answer_id, choice_id) FROM stdin;
\.


--
-- Data for Name: protocolo_part; Type: TABLE DATA; Schema: public; Owner: leda
--

COPY public.protocolo_part (id, name, description, "order", part_number, protocol_id, caderno_estimulos) FROM stdin;
1	Rastreio	\N	2	2	1	caderno_estimulos/MentHA_Parte_1_Caderno_estimulos_Vfy3cfU.pdf
2	0 meses	\N	3	3	1	caderno_estimulos/MentHA_Parte_2_Caderno_estimulos_X5ljhmK.pdf
3	2 meses	\N	4	4	1	caderno_estimulos/MentHA_Parte_3_Caderno_estimulos_Y5mex7K.pdf
4	4 meses	\N	5	5	1	caderno_estimulos/MentHA_Parte_4_Caderno_estimulos_CT9VqyX.pdf
5	6 meses	\N	6	6	1	caderno_estimulos/MentHA_Parte_5_Caderno_estimulos_zHx5M5o.pdf
6	Teste Livre	\N	7	7	1	caderno_estimulos/MentHA_Parte_5_Caderno_estimulos_bedxiPp.pdf
9	MentHA-Risk	\N	7	7	1	
14	Question├írio Sociodemogr├ífico	\N	1	1	1	
13	Question├írio Sociodemogr├ífico (Cuidador)	\N	0	0	1	
10	0 meses	Avalia├º├úo Cuidador	1	1	1	
11	2 meses	Avalia├º├úo Cuidador	2	2	1	
12	6 meses	Avalia├º├úo Cuidador	3	3	1	
\.


--
-- Data for Name: protocolo_partedoutilizador; Type: TABLE DATA; Schema: public; Owner: leda
--

COPY public.protocolo_partedoutilizador (id, data, "time", concluido, part_id, participante_id, cuidador_id) FROM stdin;
\.


--
-- Data for Name: protocolo_possibleanswer; Type: TABLE DATA; Schema: public; Owner: leda
--

COPY public.protocolo_possibleanswer (id, name, description, "order", quotation, image) FROM stdin;
4	Nunca	\N	1	0	
5	Poucas Vezes	\N	2	1	
6	Algumas Vezes	\N	3	2	
7	Muitas Vezes	\N	4	3	
8	Muit├¡ssimas vezes	\N	5	4	
9	Efetua-se normalmente	\N	1	0	
106	Muitas vezes	\N	3	1	
124	De vez em quando	\N	2	2	
150	Nome do candidato presidencial portugu╬®s assassinado pela PIDE nos anos 60	\N	4	1	
21	M├í	\N	2	1	
52	Necessita que lhe preparem e sirvam as refei├º├Áes	\N	4	0	
55	Realiza tarefas ligeiras, mas n├úo pode manter um n├¡vel adequado de limpeza	\N	3	1	
142	Pra├ºa	\N	3	1	
170	... a que est├í associada ╬▒ monarquia.	\N	1	1	
183	Rel├│gio	\N	2	1	possible_answers_images/relogio.png
202	Com a sua m├úo esquerda aponte para o seu joelho direito	\N	4	2	
226	Diminui├º├úo de desempenho em ocupa├º├Áes laborais de maior exig├¬ncia, e em situa├º├Áes sociais.	3	9	0	
246	N├úo precisam de aux├¡lio para os cuidados de higiene, nem para as refei├º├Áes, mas podem ter dificuldade na escolha da roupa adequada para vestir.	5 - 2	5	0	
94	De vez em quando	\N	3	1	
95	Quase sempre	\N	4	0	
96	Quase sempre	\N	1	3	
97	Muitas vezes	\N	2	2	
98	Por vezes	\N	3	1	
208	Toque em qualquer quadrado	\N	2	1	
209	Toque em qualquer c├¡rculo pequeno	\N	3	2	
210	Toque no c├¡rculo pequeno e amarelo	\N	4	3	
212	Toque num c├¡rculo pequeno verde e no quadrado grande vermelho	\N	6	5	
213	Esquecimento do local onde colocou objectos familiares.	2	1	0	
214	Esquecimento de nomes antes bem conhecidos.	2	2	0	
259	Incontinente.	7	2	0	
215	Sem d├®fice de mem├│ria objectivo durante a entrevista cl├¡nica.	2	3	0	
35	Apatia ou agressividade	\N	3	2	
32	Perturba├º├Áes (minor): teimosia, emotividade, lamenta├º├úo	\N	2	1	
41	Utiliza o telefone por iniciativa pr├│pria	\N	1	1	
42	├ë capaz de marcar bem alguns n├║meros familiares	\N	2	1	
43	├ë capaz de pedir para telefonar, mas n├úo ├® capaz de marcar	\N	3	1	
44	N├úo ├® capaz de usar o telefone	\N	4	0	
45	Realiza todas as compras necess├írias independentemente	\N	1	1	
48	├ë totalmente incapaz de comprar	\N	4	0	
49	Organiza, prepara e serve as refei├º├Áes sozinho e adequadamente	\N	1	1	
50	Prepara adequadamente as refei├º├Áes se se fornecem os alimentos	\N	2	1	
51	Prepara, aquece e serve as refei├º├Áes, mas n├úo segue uma dieta adequada	\N	3	1	
10	Necessita de ajuda parcial ou de apoio	\N	2	1	
11	Necessidade total de ajuda	\N	3	2	
14	Poss├¡vel no exterior ou em casa	\N	1	0	
15	Limitado ao domic├¡lio	\N	2	1	
16	Limitado ╬▒ cama	\N	3	2	
18	Dificuldade em falar	\N	2	1	
20	Normal	\N	1	0	
24	Faz a sua higiene normalmente	\N	1	0	
25	Necessita de ajuda parcial	\N	2	1	
26	Necessita de ajuda total	\N	3	2	
1	Alimenta-se normalmente		0	0	
36	Nada ou muito ligeiramente	\N	1	1	
37	Um pouco	\N	2	2	
38	Moderadamente	\N	3	3	
39	Bastante	\N	4	4	
40	Extremamente	\N	5	5	
46	Realiza independentemente pequenas compras	\N	2	0	
47	Necessita de ir acompanhado para fazer qualquer compra	\N	3	0	
283	Boa	\N	1	0	
2	Necessita parcialmente de aux├¡lio ou de alimenta├º├úo	\N	2	1	
3	Necessidade total de ajuda humana ou de alimenta├º├úo	\N	3	2	
12	Necesita de ajuda humana ou t├®cnica	\N	2	1	
13	Necessidade de uma cadeira de rodas ou impossibilidade de desloca├º├úo	\N	3	2	
19	Dificuldade na compreenss├úo ou afasia	\N	3	2	
22	Muito m├í ou cegueira	+\\-	3	2	
23	Muito m├í ou surdez	\N	3	2	
27	Mic├º├úo e defeca├º├úo normal	\N	1	0	
30	Esquecimentos mais ou menos frequentes	\N	2	1	
34	Tristeza ou irritabilidade	\N	2	1	
28	Incontin├¬ncia urin├íria e fecal ocasional	\N	2	1	
17	Express├úo verbal perfeita	\N	1	0	
29	Incontin├¬ncia urin├íria e fecal permanente (alg├ília ou doente ostomizado)	\N	3	2	
31	Esquecimentos muito frequentes ou amn├®sia	\N	3	2	
33	Perturba├º├Áes (major): agita├º├úo, desorienta├º├úo, fuga	\N	3	2	
54	Realiza tarefas ligeiras, como lavar pratos ou fazer a cama	\N	2	1	
57	N├úo participa em nenhuma tarefa dom├®stica	\N	5	0	
59	Lava sozinho pequenas pe├ºas de roupa	\N	2	1	
58	Lava sozinho toda a sua roupa	\N	1	1	
61	Viaja sozinho em transporte p├║blico ou conduz o seu pr├│prio carro	\N	1	1	
60	A lavagem da roupa tem de ser feita por terceiros	\N	3	0	
62	├ë capaz de apanhar um t├íxi, mas n├úo usa outro transporte	\N	2	1	
63	Viaja em transportes p├║blicos quando vai acompanhado	\N	3	1	
64	S├│ utiliza o t├íxi ou o autom├│vel com ajuda de terceiros	\N	4	0	
65	N├úo viaja	\N	5	0	
66	├ë capaz de tomar a medica├º├úo ╬▒ hora e dose corretas	\N	1	1	
67	Toma a medica├º├úo se a dose ├® preparada previamente	\N	2	0	
68	N├úo ├® capaz de administrar a sua medica├º├úo	\N	3	0	
70	Realiza as compras di├írias, mas necessita de ajuda em grandes compras e no banco	\N	2	1	
69	Encarrega-se de assuntos financeiros sozinho	\N	1	1	
77	N├úo tanto agora	\N	2	2	
71	Incapaz de manusear o dinheiro	\N	3	0	
72	Quase sempre	\N	1	3	
73	Muitas vezes	\N	2	2	
74	Por vezes	\N	3	1	
75	Nunca	\N	4	0	
76	Tanto como antes	\N	1	3	
78	S├│ um pouco	\N	3	1	
81	Sim, mas n├úo muito forte	\N	2	2	
79	Quase nada	\N	4	0	
80	Sim e muito forte	\N	1	3	
85	N├úo tanto como antes	\N	2	2	
109	N├úo dou a aten├º├úo que devia	\N	2	2	
83	De modo algum	\N	4	0	
84	Tanto como antes	\N	1	3	
82	Um pouco, mas n├úo me aflige	\N	3	1	
86	Muito menos agora	\N	3	1	
87	Nunca	\N	4	0	
88	A maior parte do tempo	\N	1	3	
89	Muitas vezes	\N	2	2	
90	Por vezes	\N	3	1	
91	Quase nunca	\N	4	0	
92	Nunca	\N	1	3	
93	Poucas vezes	\N	2	2	
99	Nunca	\N	4	0	
100	Quase sempre	\N	1	3	
101	Muitas vezes	\N	2	2	
102	Por vezes	\N	3	1	
103	Nunca	\N	4	0	
104	Nunca	\N	1	3	
105	Por vezes	\N	2	2	
107	Quase sempre	\N	4	0	
108	Completamente	\N	1	3	
114	N├úo muito	\N	3	1	
110	Talvez cuide menos que antes	\N	3	1	
111	Tenho o mesmo interesse de sempre	\N	4	0	
112	Muito	\N	1	3	
113	Bastante	\N	2	2	
117	N├úo tanto como antes	\N	2	2	
115	Nada	\N	4	0	
116	Tanto como antes	\N	1	3	
128	Dia do M├¬s	\N	2	1	
118	Bastante menos agora	\N	3	1	
119	Quase nunca	\N	4	0	
120	Muitas vezes	\N	1	3	
121	Bastantes vezes	\N	2	2	
122	Por vezes	\N	3	1	
123	Nunca	\N	4	0	
125	Poucas vezes	\N	3	1	
126	Quase nunca	\N	4	0	
127	Dia da Semana	\N	1	1	
129	M├¬s	\N	3	1	
131	Esta├º├úo do Ano	\N	5	1	
130	Ano	\N	4	1	
137	Lim├úo	\N	1	1	
132	Edif├¡cio	\N	1	1	
133	Piso/Andar	\N	2	1	
134	Localidade	\N	3	1	
135	Distrito	\N	4	1	
136	Pa├¡s	\N	5	1	
140	Jo├úo	\N	1	1	
138	Chave	\N	2	1	
139	Bola	\N	3	1	
144	n┬║ 53	\N	5	1	
141	Macedo	\N	2	1	
143	Infante	\N	4	1	
151	Ano em que se deu a revolu├º├úo do 25 de Abril	\N	5	1	
145	Trancoso	\N	6	1	
146	Guarda	\N	7	1	
147	Nome do atual primeiro-ministro	\N	1	1	
148	Nome do primeiro rei de Portugal	\N	2	1	
149	Nome do atual presidente dos EUA	\N	3	1	
153	Pegou com a m├úo direita	\N	1	1	
152	Realizou a tarefa com sucesso	\N	1	1	
156	Hipop├│tamo	\N	1	0	
154	Dobrou a folha ao meio	\N	2	1	
155	Colocou a folha no colo	\N	3	1	
160	Primeira subtra├º├úo correta	\N	1	1	
157	Excentricidade	\N	2	0	
158	Inintelig├¡vel	\N	3	0	
159	Estat├¡stica	\N	4	0	
161	Segunda subtra├º├úo correta	\N	2	1	
162	Terceira subtra├º├úo correta	\N	3	1	
163	Quarta subtra├º├úo correta	\N	4	1	
164	Quinta subtra├º├úo correta	\N	5	1	
165	O	\N	1	1	
53	Mant├®m a casa sozinho ou com ajuda ocasional (trabalhos pesados)	\N	1	1	
56	Necessita de ajuda em todas as tarefas dom├®sticas	\N	4	0	
167	N	\N	3	1	
168	U	\N	4	1	
169	M	\N	5	1	
172	... a que est├í associada ao deserto.	\N	3	1	
173	... a que est├í relacionada com a navega├º├úo	\N	4	1	
186	├éncora	\N	5	1	possible_answers_images/ancora.png
174	8	\N	1	1	
175	10	\N	2	1	
176	7	\N	3	1	
177	9	\N	4	1	
178	R	\N	1	1	
179	M	\N	2	1	
180	A	\N	3	1	
181	T	\N	4	1	
182	Lapiz	\N	1	1	possible_answers_images/lapiz.png
184	Girafa	\N	3	1	possible_answers_images/girafa.png
185	Pinguim	\N	4	1	possible_answers_images/penguin.png
194	Jo├úo Macedo	\N	1	1	
187	Camelo	\N	6	1	possible_answers_images/Camelo.png
188	Trompete	\N	7	1	possible_answers_images/trompete.png
189	Urso	\N	8	1	possible_answers_images/Urso.png
190	Barril	\N	9	1	possible_answers_images/Barril.png
191	Coroa	\N	10	1	possible_answers_images/COROA.png
192	Crocodilo	\N	11	1	possible_answers_images/crocodilo.png
195	Pra├ºa do Infante	\N	2	1	
193	Acorde├úo	\N	12	1	possible_answers_images/acordeao.png
199	Mostre-me a sua m├úo esquerda	\N	1	1	
196	53	\N	3	1	
197	Trancoso	\N	4	1	
198	Guarda	\N	5	1	
200	Mostre-me o seu p├® direito	\N	2	1	
201	Com a sua m├úo direita aponte para o meu ombro direito	\N	3	2	
207	Toque em qualquer pe├ºa verde	\N	1	1	
203	Amarelo	\N	1	1	
204	Verde	\N	2	1	
205	Branco	\N	3	1	
206	Vermelho	\N	4	1	
216	Sem  d├®fice objectivo no emprego ou em ocasi├Áes sociais.	2	4	0	
211	Toque num quadrado grande e num c├¡rculo branco	\N	5	4	
217	Preocupa├º├úo leg├¡tima em rela├º├úo aos sintomas.	2	5	0	
219	Os colegas d├úo-se conta do desempenho relativamente pobre do paciente.	3	2	0	
218	O paciente pode ter-se perdido quando viajava para um local desconhecido.	3	1	0	
220	As dificuldades em encontrar palavras e/ou nomes tornam-se evidentes para as pessoas mais pr├│ximas.	3	3	0	
222	O paciente pode apresentar facilidade diminu├¡da em recordar os nomes de pessoas a quem ├® apresentado.	3	5	0	
221	O paciente pode ler um texto, ou um livro, e reter relativamente pouco.	3	4	0	
224	Os testes cl├¡nicos podem evidenciar d├®fice de concentra├º├úo.	3	7	0	
223	O paciente pode ter perdido, ou colocado em local errado, um objecto de valor.	3	6	0	
225	D├®fice de mem├│ria objectivo, evidente s├│ no decurso duma entrevista intensiva.	3	8	0	
227	O paciente come├ºa a manifestar denega├º├úo.	3	10	0	
229	Decr├®scimo no conhecimento de acontecimentos correntes e recentes.	4	1	0	
228	Ansiedade ligeira a moderada que acompanha frequentemente os  sintomas.	3	11	0	
230	Pode apresentar algum d├®fice de mem├│ria na sua pr├│pria hist├│ria pessoal.	4	2	0	
231	D├®fice de concentra├º├úo evidenciado nas subtra├º├Áes seriadas.	4	3	0	
232	Diminui├º├úo da capacidade para viajar, gerir as finan├ºas, etc	4	4	0	
233	Orienta├º├úo no tempo e no espa├ºo.	4 - 2	1	0	
234	Orienta├º├úo no tempo e no espa├ºo.	4 - 2	2	0	
237	A denega├º├úo ├® o mecanismo de defesa dominante	4 - 2	5	0	
235	Capacidade de viajar para locais conhecidos.	4 - 2	3	0	
236	Incapacidade para executar tarefas complexas.	4 - 3	2	0	
238	Embotamento dos afectos e desist├¬ncia em situa├º├Áes de desafio	4 - 2	6	0	
239	Do seu endere├ºo, ou do seu n├║mero de telefone, que tem desde h├í muitos anos.	5	1	0	
240	Dos nomes dos seus familiares mais pr├│ximos (tais como os seus netos).	5	2	0	
241	Do nome do liceu (escola secund├íria), ou da faculdade em que se formou.	5	3	0	
242	Apresenta frequentemente alguma desorienta├º├úo relativamente ao tempo (data, dia da semana, esta├º├úo do ano, etc), ou  ao local.	5 - 2	1	0	
243	Uma pessoa escolarizada pode ter alguma dificuldade na subtra├º├úo em s├®ries de 4 em 40, ou de 2 em 20.	5 - 2	2	0	
244	As pessoas neste n├¡vel ret├®m a lembran├ºa dos factos mais importantes relativamente a si pr├│prios, e a outros.	5 - 2	3	0	
245	Sabem  invariavelmente os seus pr├│prios nomes, e conhecem, geralmente, os nomes do conjuge e dos filhos.	5 - 2	4	0	
247	Podem de todo n├úo se aperceber de todos os acontecimentos e experi├¬ncias recentes das suas vidas.	6	1	0	
248	Ret├®m alguma no├º├úo do que os rodeia, do ano, da esta├º├úo do ano, etc.	6	2	0	
249	Podem ter dificuldade em contar de 1 at├® 10, em ordem decrescente, e por vezes em ordem crescente.	6	3	0	
251	Necessitar├úo de assist├¬ncia para viajar, mas poder├úo, ocasionalmente, ser capazes de viajar para locais  conhecidos.	6 - 2	2	0	
250	Podem ficar incontinentes.	6 - 2	1	0	
252	O ritmo diurno encontra-se frequentemente alterado.	6 - 3	1	0	
171	... a que ├® um r├®ptil.	\N	2	1	
166	D	\N	2	1	
253	Lembram-se quase sempre do seu pr├│prio nome.	6 - 3	2	0	
254	Comportamento delirante, isto ├®, o paciente pode acusar o seu c├┤njuge de ser uma pessoa impostora; pode falar para  figuras imagin├írias ├á sua volta, ou para a sua pr├│pria imagem reflectida no espelho.	6 - 4	1	0	
285	M├í	\N	3	0	
300	N├úo	\N	1	1	
303	├Çs vezes	\N	3	3	
306	Nunca fa├ºo isto	\N	1	1	
307	Fa├ºo isto por vezes	\N	2	2	
264	Sem Decl├¡nio Cognitivo	\N	1	1	
265	Decl├¡nio Cognitivo Muito Ligeiro	\N	2	2	
266	Decl├¡nio Cognitivo Ligeiro	\N	3	3	
267	Decl├¡nio Cognitivo Moderado	\N	4	4	
268	Decl├¡nio Cognitivo Moderadamente Grave	\N	5	5	
282	Euforia	\N	6	0	
308	Em m├®dia, ├® isto que fa├ºo	\N	3	3	
286	Simpatia	\N	1	0	
287	Indiferente	\N	2	0	
288	Hostil	\N	3	0	
289	Discordo Fortemente	\N	1	0	
290	Discordo	\N	2	1	
291	Neutro	\N	3	2	
292	Concordo	\N	4	3	
293	Concordo Fortemente	\N	5	4	
294	Discordo Fortemente	\N	1	4	
295	Discordo	\N	2	3	
255	Comportamento delirante, isto ├®, o paciente pode acusar o seu c├┤njuge de ser uma pessoa impostora; pode falar para figuras imagin├írias ├á sua volta, ou para a sua pr├│pria imagem reflectida no espelho.	6 - 4	2	0	
256	Podem ocorrer: sintomas de ansiedade, de agita├º├úo e mesmo um comportamento violento antes inexistente.	6 - 4	3	0	
257	Abulia cognitiva, isto ├®, perda da for├ºa de vontade, por o indiv├¡duo n├úo conseguir manter um pensamento at├® completar uma a├º├úo	6 - 4	4	0	
258	Na fase inicial deste n├¡vel as palavras e as frases s├úo faladas, mas o discurso ├® muito limitado. Mais tarde deixa de haver discurso - apenas sons grunhidos.	7	1	0	
260	Requer assist├¬ncia na higiene e na alimenta├º├úo.	7	3	0	
261	As compet├¬ncias psicomotoras b├ísicas (como por ex. a capacidade de andar) v├úo sendo perdidas com a progress├úo deste n├¡vel.	7	4	0	
262	O  c├®rebro parece n├úo ser mais capaz de comandar o corpo.	7	5	0	
263	Presen├ºa frequente de sinais e sintomas neurol├│gicos difusos  e corticais.	7	7	0	
275	Hipercin├®tico	\N	2	0	
276	Hipocin├®tico	\N	3	0	
281	Depress├úo	\N	5	0	
284	Razo├ível	\N	2	0	
309	Fa├ºo quase sempre isto	\N	4	4	
269	Decl├¡nio Cognitivo Grave	\N	6	6	
270	Decl├¡nio Cognitivo Muito Grave	\N	7	7	
271	Vigil	\N	1	0	
272	Sonolento	\N	2	0	
273	Flutuante	\N	3	0	
274	Normal	\N	1	0	
277	Adaptado	\N	1	0	
278	Inadaptado	\N	2	0	
279	Flutuante	\N	3	0	
296	Neutro	\N	3	2	
297	Concordo	\N	4	1	
298	Concordo Fortemente	\N	5	0	
299	Sim	\N	1	1	
301	Nunca	\N	1	1	
302	Raramente	\N	2	2	
304	Quase sempre	\N	4	4	
305	Sempre	\N	5	5	
280	Apatia	\N	4	0	
310	0	\N	1	0	
311	1	\N	2	1	
312	2	\N	3	2	
313	3 ou 4	\N	4	3	
314	5 a 8	\N	5	4	
315	9 e mais	\N	6	5	
\.


--
-- Data for Name: protocolo_protocol; Type: TABLE DATA; Schema: public; Owner: leda
--

COPY public.protocolo_protocol (id, name, description, "order") FROM stdin;
1	Protocolo de Avalia├º├úo MentHA	\N	1
\.


--
-- Data for Name: protocolo_question; Type: TABLE DATA; Schema: public; Owner: leda
--

COPY public.protocolo_question (id, name, description, "order", question_type, instruction, quotation_max, quotation_min, pdf_page, section_id) FROM stdin;
9	Dores sobre o cora├º├úo ou o peito	\N	7	3		4	0	33	4
10	Medo na rua ou pra├ºas p├║blicas	\N	8	3		4	0	33	4
51	Sentir-se t├úo desassossegado que n├úo consegue manter-se sentado quieto	\N	49	3		4	0	33	4
24	Sentir-se inferior aos outros	\N	22	3		4	0	33	4
25	Vontade de vomitar ou mal-estar do est├┤mago	\N	23	1		4	0	33	4
26	Impress├úo de que os outros o costumam observar ou falar de si	\N	24	3		4	0	33	4
27	Dificuldade em adormecer	\N	25	3		4	0	33	4
28	Sentir necessidade de verificar v├írias vezes o que faz	\N	26	3		4	0	33	4
29	Dificuldade em tomar decis├º├Áes	\N	27	3		4	0	33	4
30	Medo de viajar de autocarro, de comboio ou de metro	\N	28	3		4	0	33	4
31	Sensa├º├úo de que falta o ar	\N	29	3		4	0	33	4
32	Calafrios ou afrontamentos	\N	30	3		4	0	33	4
33	Ter de evitar certas coisas, lugares ou actividades por lhe causarem medo	\N	31	3		4	0	33	4
34	Sensa├º├úo de vazio na cabe├ºa	\N	32	3		4	0	33	4
35	Sensa├ºao de anestesia (encorti├ºamento ou formigueiro) no corpo	\N	33	3		4	0	33	4
36	Ter a ideia que deveria ser castigado pelos seus pecados	\N	34	3		4	0	33	4
37	Sentir-se sem esperan├ºa perante o futuro	\N	35	3		4	0	33	4
38	Ter dificuldade em se concentrar	\N	36	3		4	0	33	4
39	Falta de for├ºas em partes do corpo	\N	37	3		4	0	33	4
40	Sentir-se em estado de tens├úo ou afli├º├úo	\N	38	3		4	0	33	4
41	Pensamentos sobre a morte ou que vai morrer	\N	39	3		4	0	33	4
42	Ter impulso de bater, ofender ou ferir algu├®m	\N	40	3		4	0	33	4
43	Ter vontade de destruir ou partir coisas	\N	41	3		4	0	33	4
44	Sentir-se embara├ºado junto de pessoas	\N	42	3		4	0	33	4
45	Sentir-se mal no meio das multid├Áes como lojas, cinemas ou assembleias	\N	43	3		4	0	33	4
46	Grande dificuldade em sentir-se "pr├│ximo" de outra pessoa	\N	44	3		4	0	33	4
47	Ter ataques de terror ou p├ónico	\N	45	3		4	0	33	4
48	Entrar facilmente em discuss├úo	\N	46	3		4	0	33	4
49	Sentir-se nervoso quando tem que ficar sozinho	\N	47	3		4	0	33	4
50	Sentir que as outras pessoas n├úo d├úo o devido valor ao seu trabalho ou ├ás suas capacidades	\N	48	3		4	0	33	4
52	Sentir que n├úo tem valor	\N	50	3		4	0	33	4
53	Ter a impress├úo que, se deixasse, as outras pessoas se aproveitariam de si	\N	51	1		4	0	33	4
54	Ter sentimentos de culpa	\N	52	3		4	0	33	4
55	Ter a impress├úo que alguma coisa n├úo regula bem na sua cabe├ºa	\N	53	3		4	0	33	4
57	Desloca├º├úo	No domic├¡lio ou no exterior	2	1	Agora vou perguntar-lhe sobre o seu funcionamento no dia-a-dia.	2	0	12	6
58	Espa├ºo de vida	+\\- ajuda humana ou t├®cnica	0	1	Agora vou perguntar-lhe sobre o seu funcionamento no dia-a-dia.	2	0	12	7
23	Sentir que as outras pessoas n├úo s├úo amigas ou n├úo gostam de si	\N	21	3		4	0	33	4
56	Transfer├¬ncia	(subir ou descer da cama)	1	1	Agora vou perguntar-lhe sobre o seu funcionamento no dia-a-dia.	2	0	12	5
5	Ter a impress├úo que as outras pessoas podem controlar os seus pensamentos	\N	3	3		4	0	33	4
59	Fala	\N	1	1	Agora vou perguntar-lhe sobre o seu funcionamento no dia-a-dia. N├úo perguntar, responder de acordo com as respostas dadas anteriormente.	2	0	12	8
8	Aborrecer-se ou irritar-se facilmente	\N	6	3		4	0	33	4
6	Ter a ideia que os outros s├úo culpados pela maioria dos seus problemas	\N	4	3		4	0	33	4
7	Dificuldade em lembrar-se de coisas passadas ou recentes	\N	5	3		4	0	33	4
11	Pensamentos de acabar com a vida	\N	9	3		4	0	33	4
13	Perder o apetite	\N	11	3		4	0	33	4
12	Sentir que n├úo pode confiar na maioria das pessoas	\N	10	3		4	0	33	4
14	Ter um medo s├║bito sem raz├úo para isso	\N	12	3		4	0	33	4
15	Ter impulsos que n├úo se podem controlar	\N	13	3		4	0	33	4
16	Sentir-se sozinho mesmo quando est├í com mais pessoas	\N	14	3		4	0	33	4
17	Dificuldade em fazer qualquer trabalho	\N	15	3		4	0	33	4
18	Sentir-se sozinho	\N	16	3		4	0	33	4
19	Sentir-se triste	\N	17	3		4	0	33	4
20	N├úo ter interesse por nada	\N	18	3		4	0	33	4
21	Sentir-se atemorizado	\N	19	2		4	0	33	4
22	Sentir-se facilmente ofendido nos seus sentimentos	\N	20	3		4	0	33	4
4	Desmaios ou tonturas	\N	2	3		4	0	33	4
81	Lavagem da roupa	\N	5	1	No caso dos homens n├úo se contabilizam a prepara├º├úo das refei├º├Áes, as tarefas dom├®sticas e a lavagem da roupa	1	0	37	19
84	Responsabilidade de assuntos financeiros	\N	8	1	No caso dos homens n├úo se contabilizam a prepara├º├úo das refei├º├Áes, as tarefas dom├®sticas e a lavagem da roupa	1	0	37	22
103	Evoca├º├úo Diferida (Intervalo Curto)	\N	2	4	Perguntar: "Quais foram as palavras que eu lhe pedi para repetir e ficar?"	3	0	17	47
232	Uso ├ílcool ou outras drogas (comprimidos, etc.) para me ajudar a ultrapassar os problemas	\N	11	3		4	0	0	115
101	Letra P	\N	0	5	Dizer: "Durante um minuto, diga as palavras que se consegue lembrar e que comecem pela letra P. N├úo pode dizer nomes de pessoas (ex: "Paulo"), nem de lugares (ex: "Portalegre"), nem diminutivos (ex: "Paulinho"). Tem alguma d├║vida?"\r\n\r\nCaso n├úo subsidam d├║vidas, dizer: "Pode come├ºar." e acionar o cron├│metro.	7	0	19	42
78	Fazer compras	\N	2	1	No caso dos homens n├úo se contabilizam a prepara├º├úo das refei├º├Áes, as tarefas dom├®sticas e a lavagem da roupa	1	0	37	16
72	Ativo/a	\N	6	3		5	0	36	14
92	Sinto-me mais lento/a, como se fizesse as coisas mais devagar	\N	8	3		5	0	39	37
96	Penso com prazer nas coisas que podem acontecer no futuro	\N	12	3		5	0	39	37
102	Mem├│ria	\N	1	4	Dizer "Vou dizer-lhe tr├¬s palavras que quero que repita. As palavras s├úo: lim├úo, chave, bola." \r\n\r\nDepois do examinador as repetir, dizer: "Tente fixar estas palavras porque vou pedir-lhe para as dizer mais tarde".\r\n\r\n(Repetir at├® 3 vezes, se necess├írio).\r\n\r\nRegistar o n├║mero de ensaios na caixa dos apontamentos.	3	0	15	64
88	Sou capaz de rir e ver o lado divertido das coisas	\N	4	3		5	0	39	37
61	Audi├º├úo	\N	3	1	Agora vou perguntar-lhe sobre o seu funcionamento no dia-a-dia.	2	0	12	10
97	De repente, tenho sensa├º├Áes de p├ónico:	\N	13	3		5	0	39	37
62	Higiene	\N	2	1	Agora vou perguntar-lhe sobre o seu funcionamento no dia-a-dia.	2	0	12	2
65	Comportamento	\N	2	1	Agora vou perguntar-lhe sobre o seu funcionamento no dia-a-dia.	2	0	12	12
66	Humor	\N	0	1	Agora vou perguntar-lhe sobre o seu funcionamento no dia-a-dia.	2	0	12	13
73	Assustado/a	\N	7	3		5	0	36	14
74	Culpado/a	\N	8	3		5	0	36	14
77	Utiliza├º├úo do telefone	\N	1	1	No caso dos homens n├úo se contabilizam a prepara├º├úo das refei├º├Áes, as tarefas dom├®sticas e a lavagem da roupa	1	0	37	15
79	Prepara├º├úo das refei├º├Áes	\N	3	1	No caso dos homens n├úo se contabilizam a prepara├º├úo das refei├º├Áes, as tarefas dom├®sticas e a lavagem da roupa	1	0	37	17
75	Determinado/a	\N	9	3		5	0	36	14
63	Elimina├º├úo	\N	0	1	Agora vou perguntar-lhe sobre o seu funcionamento no dia-a-dia.	2	0	12	3
99	Orienta├º├úo Temporal	\N	1	4	Perguntar sobre os temas abaixo.\r\n\r\nSe o Participante acertar, carregar na checkbox.	5	0	14	39
86	Ainda sinto prazer nas coisas de que costumava gostar	\N	2	3		5	0	39	37
87	Tenho uma sensa├º├úo de medo, como se algo terr├¡vel estivesse para acontecer	\N	3	3		5	0	39	37
82	Utiliza├º├úo de meios de transporte	\N	6	1	No caso dos homens n├úo se contabilizam a prepara├º├úo das refei├º├Áes, as tarefas dom├®sticas e a lavagem da roupa	1	0	37	20
83	Manejo da medica├º├úo	\N	0	1	No caso dos homens n├úo se contabilizam a prepara├º├úo das refei├º├Áes, as tarefas dom├®sticas e a lavagem da roupa	1	0	37	21
93	Fico de tal forma apreensivo/a (com medo), que at├® sinto um aperto no est├┤mago	\N	9	3		5	0	39	37
64	Mem├│ria	\N	0	1	Agora vou perguntar-lhe sobre o seu funcionamento no dia-a-dia. N├úo perguntar, preencher com base nas perguntas realizadas anteriormente.	2	0	12	11
80	Tarefas dom├®sticas	\N	4	1	No caso dos homens n├úo se contabilizam a prepara├º├úo das refei├º├Áes, as tarefas dom├®sticas e a lavagem da roupa	1	0	37	18
98	Sou capaz de apreciar um bom livro ou um programa de ru├¡dio ou televis├úo	\N	14	3		5	0	39	37
68	Nervoso/a	\N	2	3		5	0	36	14
100	Orienta├º├úo Espacial	\N	2	4	Perguntar sobre os temas abaixo.\r\n\r\nSe o Participante acertar, carregar na checkbox.	5	0	14	41
89	Tenho a cabe├ºa cheia de preocupa├º├Áes	\N	5	3		5	0	39	37
90	Sinto-me animado/a	\N	6	3		5	0	39	37
91	Sou capaz de estar descontraidamente sentado/a e sentir-me relaxado/a	\N	7	3		5	0	39	37
69	Entusiasmado/a	\N	3	3		5	0	36	14
76	Atormentado/a	\N	10	3		5	0	36	14
94	Perdi o interesse em cuidar do meu aspecto f├¡sico	\N	10	3		5	0	39	37
95	Sinto-me de tal forma inquieto/a que n├úo consigo estar parado/a	\N	11	3		5	0	39	37
70	Amedrontado/a	\N	4	3		5	0	36	14
71	Inspirado/a	\N	5	3		5	0	36	14
120	Percep├º├úo (Pontos)	\N	0	4	Apresente ao examinando a imagem de aux├¡lio (Folha Estimulo 8).\r\n\r\nDizer: "Sem apontar, diga quantos pontos v├¬ em cada quadrado.".	4	0	29	65
123	Nomea├º├úo	\N	5	6	Apresentar ao examinando a Folha de Est├¡mulo 2. Perguntar, ├á medida que aponta para cada uma das imagens: "O que ├® isto?".	12	0	23	54
109	Escrita	\N	3	4	Pedir ao examinando para escrever uma frase.\r\n\r\nDizer: "Escreva uma frase.". Virar a folha e permitir que o examinando escreva a frase no verso.	1	0	22	50
107	Compreens├úo (Cart├úo)	\N	1	4	Dizer: "Vou mostrar-lhe um cart├úo. Leia e fa├ºa o que est├í escrito no cart├úo."\r\n\r\nMostrar a imagem de suporte (Folha Estimulo 1).	1	0	21	48
110	Repeti├º├úo I	\N	1	4	Dizer: "Repita as seguintes palavras" .\r\n\r\n(Ler uma palavra de cada vez, esperando pela repeti├º├úo do sujeito):	2	0	22	51
111	Repeti├º├úo II	\N	0	4	Dizer: "Repita, por favor, o que vou dizer: 'Acima, atr├ís e abaixo'.".	1	0	23	52
132	Compreens├úo (Etapas)	\N	0	4	Dizer "Vou dar-lhe uma folha de papel. Pegue na folha de papel com a sua m├úo direita, dobre a folha ao meio e coloque a folha no seu colo."	3	0	22	77
115	Aten├º├úo e Concentra├º├úo (Soletrar)	\N	1	4	Aplicar esta tarefa apenas se o examinando cometer algum erro na tarefa de C├ílculo.\r\n\r\nPedir para soletrar a palavra ╬ô├ç┬úMUNDO". Dizer: ╬ô├ç┬úDiga, letra a letra, a palavra MUNDO". \r\n\r\nDepois, pedir para soletrar a mesma palavra de tr├ís para a frente. Dizer: ╬ô├ç┬úAgora diga, letra a letra, a palavra MUNDO, mas ao contr├írio".	5	0	16	57
114	Aten├º├úo e Concentra├º├úo (C├ílculo)	\N	0	4	Perguntar: ╬ô├ç┬úQuanto ├® 100 menos 7?". \r\n\r\nDepois de o examinando ter respondido, dizer: ╬ô├ç┬úAgora, ao n├║mero encontrado, volte a subtrair 7". \r\n\r\nSe o examinando cometer algum erro, continuar a tarefa. Registar e verificar as respostas subsequentes.\r\n\r\nCarrega na checkbox das subtra├º├Áes que o examinando respondeu corretamente.	5	0	16	40
116	Compreens├úo (Figuras)	\N	1	4	Considerando as figuras apresentadas na imagem de auxilio, dizer: "Destas figuras aponte..."\r\n\r\nMarcar a checkbox dos itens que o examinando responder corretamente.	4	0	24	55
118	Capacidade Visuo-Espacial (Cubo)	\N	0	2	Apresentar ao examinando a primeira imagem de auxilio (Folha Estimulo 6) e dizer: "Copie este desenho.".\r\n\r\nCotar de acordo com a segunda iamgem de auxilio.	2	0	26	59
129	Aten├º├úo e Concentra├º├úo (Soletrar)	\N	5	4	Aplicar esta tarefa apenas se o examinando cometer algum erro na tarefa de C├ílculo.\r\n\r\nPedir para soletrar a palavra "MUNDO". Dizer: "Diga, letra a letra, a palavra MUNDO". \r\n\r\nDepois, pedir para soletrar a mesma palavra de tr├ís para a frente. Dizer: "Agora diga, letra a letra, a palavra MUNDO, mas ao contr├írio".	5	0	16	72
117	Capacidade Visuo-Espacial (Pent├ígonos)	\N	1	2	Apresentar ao examinando a primeira imagem de auxilio (Folha Estimulo 5) e dizer: "Copie este desenho.".\r\n\r\nCotar de acordo com a segunda imagem de auxilio.	1	0	25	58
121	Evoca├º├úo Diferida (Intervalo Longo)	\N	0	4	Dizer: "Diga o nome e a morada que aprendeu h├í pouco.".	7	0	30	62
130	Evoca├º├úo Diferida (Intervalo Curto)	\N	0	4	Perguntar: "Quais foram as palavras que eu lhe pedi para repetir e fixar?".	3	0	17	73
125	Orienta├º├úo (Temporal)	\N	0	4	Perguntar sobre os temas abaixo.\r\n\r\nSe o Participante acertar, carregar na checkbox.	5	0	14	68
127	Mem├│ria	\N	0	4		3	0	15	70
131	Compreens├úo (Cart├úo)	\N	0	2	Dizer: "Vou mostrar-lhe um cart├úo. Leia e fa├ºa o que est├í escrito no cart├úo."\r\n\r\nMostrar a imagem de suporte (Folha Estimulo 1).	1	0	21	76
133	Repeti├º├úo III	\N	0	4	Dizer: "Repita, por favor, o que vou dizer: 'Nem mas, nem meio mas'.".	1	0	0	79
105	Mem├│ria Retr├│grada	\N	4	4	Carregar na checkbox referente aos itens que o examinando responde corretamente.	4	0	18	46
106	Categoria "Animais"	\N	2	5	Dizer: "Agora, come├ºando por qualquer letra, diga TODOS os nomes de animais que se consiga lembrar. Tem um minuto. Tem alguma d├║vida?".\r\n\r\nCaso n├úo subsistam d├║vidas, dizer: "Pode come├ºar." e accionar o cron├│metro.	7	0	20	43
119	Capacidade Visuo-Espacial (Rel├│gio)	\N	3	2	Forne├ºa ao examinando a pagina 7 e dizer: "Desenhe o mostrador de um rel├│gio redondo, com os n├║meros todos.". \r\n\r\nUma vez terminada esta tarefa, pedir: "Agora, coloque os ponteiros a marcar 11h10m.".	5	0	27	60
108	Compreens├úo (Etapas)	\N	1	4	Dizer "Vou dar-lhe uma folha de papel. Pegue na folha de papel com a sua m├úo direita, dobre a folha ao meio e coloque a folha no seu colo."	3	0	22	49
112	Repeti├º├úo III	\N	0	4	Dizer: "Repita, por favor, o que vou dizer: 'Nem mas, nem meio mas'.".	1	0	23	53
126	Orienta├º├úo (Espacial)	\N	0	4	Perguntar sobre os temas abaixo.\r\n\r\nSe o Participante acertar, carregar na checkbox.	5	0	14	69
134	Nomea├º├úo	\N	0	6	Apresentar ao examinando a Folha de Est├¡mulo 2. Perguntar, ├á medida que aponta para cada uma das imagens: "O que ├® isto?".	2	0	23	80
113	Leitura	\N	4	1	Apresentar ao examinador a Imagem de Suporte (Folha Estimulo 3).\r\n\r\nDizer: "Leia, em voz alta, as seguintes palavras.".	1	0	25	56
122	Percep├º├úo (Letras)	\N	2	4	Apresentar ao examinando a imagem de aux├¡lio (Folha Estimulo 9). \r\n\r\nDizer: "Diga qual a letra que est├í apresentada em cada quadrado.".	4	0	29	66
136	Escrita	\N	0	4	Pedir ao examinando para escrever uma frase.\r\n\r\nDizer: "Escreva uma frase.". Virar a folha e permitir que o examinando escreva a frase no verso.	1	0	22	78
139	Desenho B	\N	0	2	Depois de ter conclu├¡do o desenho A, abre-se mostrar o desenho B e diz-se: Agora vou mostra-lhe um novo desenho. Tal como h├í pouco quero que fixe o desenho para depois desenhar aqui. Est├í pronto? \r\n\r\nMostrar o Desenho B e cronometrar o tempo. Passados os 10 segundos, dizer: \r\n\r\nAgora fa├ºa o desenho. N├úo se preocupe com os seus dotes de artista, desenhe apenas o melhor que conseguir. \r\n\r\nSe o sujeito disser que n├úo se recorda, diz-se : Desenhe aquilo que se recorda, o melhor que conseguir.	2	0	43	83
145	Desenho D	\N	0	2	H├í pouco mostrei-lhe algumas p├íginas com desenhos. Observou os desenhos e em seguida, desenhou-os \r\nnestas folhas. Agora, quero que os volte a desenhar. N├úo tem de os desenhar pela mesma ordem em que os \r\nfez antes. Se havia apenas um desenho numa p├ígina, fa├ºa esse desenho. Se havia dois desenhos numa \r\np├ígina, fa├ºa os dois desenhos, tal como se recorda. Agora fa├ºa um dos desenhos aqui. \r\nSe o sujeito disser que n├úo se recorda dos desenhos, o examinador deve estimul├í-lo a realizar a tarefa \r\ndizendo qualquer coisa como: "Cada p├ígina tinha um ou mais desenhos" ou "tente, pelo menos, recordar-se \r\nde um dos desenhos". \r\n \r\nQuando o sujeito tiver terminado um desenho, diz-se: "Agora fa├ºa outro dos desenhos aqui".	2	0	43	90
141	Desenho E	\N	0	2	Depois de ter conclu├¡do o desenho D, abre-se mostrar o desenho E e diz-se: Agora vou mostra-lhe um novo desenho. Tal como h├í pouco quero que fixe o desenho para depois desenhar aqui. Est├í pronto? \r\n\r\nMostrar o Desenho E e cronometrar o tempo. Passados os 10 segundos, dizer: \r\n\r\nAgora fa├ºa o desenho. N├úo se preocupe com os seus dotes de artista, desenhe apenas o melhor que conseguir. \r\n\r\nSe o sujeito disser que n├úo se recorda, diz-se : Desenhe aquilo que se recorda, o melhor que conseguir.	2	0	43	86
144	Desenho C	\N	0	2	H├í pouco mostrei-lhe algumas p├íginas com desenhos. Observou os desenhos e em seguida, desenhou-os \r\nnestas folhas. Agora, quero que os volte a desenhar. N├úo tem de os desenhar pela mesma ordem em que os \r\nfez antes. Se havia apenas um desenho numa p├ígina, fa├ºa esse desenho. Se havia dois desenhos numa \r\np├ígina, fa├ºa os dois desenhos, tal como se recorda. Agora fa├ºa um dos desenhos aqui. \r\nSe o sujeito disser que n├úo se recorda dos desenhos, o examinador deve estimul├í-lo a realizar a tarefa \r\ndizendo qualquer coisa como: "Cada p├ígina tinha um ou mais desenhos" ou "tente, pelo menos, recordar-se \r\nde um dos desenhos". \r\n \r\nQuando o sujeito tiver terminado um desenho, diz-se: "Agora fa├ºa outro dos desenhos aqui".	2	0	43	89
233	Tento analisar a situa├º├úo de maneira diferente, de forma a torn├í-la mais positiva	\N	12	3		4	0	0	115
234	Fa├ºo cr├¡ticas a mim pr├│prio	\N	13	3		4	0	0	115
146	Desenho E	\N	0	2	H├í pouco mostrei-lhe algumas p├íginas com desenhos. Observou os desenhos e em seguida, desenhou-os \r\nnestas folhas. Agora, quero que os volte a desenhar. N├úo tem de os desenhar pela mesma ordem em que os \r\nfez antes. Se havia apenas um desenho numa p├ígina, fa├ºa esse desenho. Se havia dois desenhos numa \r\np├ígina, fa├ºa os dois desenhos, tal como se recorda. Agora fa├ºa um dos desenhos aqui. \r\nSe o sujeito disser que n├úo se recorda dos desenhos, o examinador deve estimul├í-lo a realizar a tarefa \r\ndizendo qualquer coisa como: "Cada p├ígina tinha um ou mais desenhos" ou "tente, pelo menos, recordar-se \r\nde um dos desenhos". \r\n \r\nQuando o sujeito tiver terminado um desenho, diz-se: "Agora fa├ºa outro dos desenhos aqui".	2	0	43	91
143	Desenho B	\N	0	2	H├í pouco mostrei-lhe algumas p├íginas com desenhos. Observou os desenhos e em seguida, desenhou-os \r\nnestas folhas. Agora, quero que os volte a desenhar. N├úo tem de os desenhar pela mesma ordem em que os \r\nfez antes. Se havia apenas um desenho numa p├ígina, fa├ºa esse desenho. Se havia dois desenhos numa \r\np├ígina, fa├ºa os dois desenhos, tal como se recorda. Agora fa├ºa um dos desenhos aqui. \r\nSe o sujeito disser que n├úo se recorda dos desenhos, o examinador deve estimul├í-lo a realizar a tarefa \r\ndizendo qualquer coisa como: "Cada p├ígina tinha um ou mais desenhos" ou "tente, pelo menos, recordar-se \r\nde um dos desenhos". \r\n \r\nQuando o sujeito tiver terminado um desenho, diz-se: "Agora fa├ºa outro dos desenhos aqui".	2	0	43	88
142	Desenho A	\N	0	2	H├í pouco mostrei-lhe algumas p├íginas com desenhos. Observou os desenhos e em seguida, desenhou-os \r\nnestas folhas. Agora, quero que os volte a desenhar. N├úo tem de os desenhar pela mesma ordem em que os \r\nfez antes. Se havia apenas um desenho numa p├ígina, fa├ºa esse desenho. Se havia dois desenhos numa \r\np├ígina, fa├ºa os dois desenhos, tal como se recorda. Agora fa├ºa um dos desenhos aqui. \r\nSe o sujeito disser que n├úo se recorda dos desenhos, o examinador deve estimul├í-lo a realizar a tarefa \r\ndizendo qualquer coisa como: "Cada p├ígina tinha um ou mais desenhos" ou "tente, pelo menos, recordar-se \r\nde um dos desenhos". \r\n \r\nQuando o sujeito tiver terminado um desenho, diz-se: "Agora fa├ºa outro dos desenhos aqui".	2	0	43	87
138	Desenho C	\N	0	2	Depois de ter conclu├¡do o desenho B, abre-se mostrar o desenho C e diz-se: \r\n\r\nAgora vou mostra-lhe um novo desenho. Tal como h├í pouco quero que fixe o desenho para depois desenhar aqui. Est├í pronto? \r\n\r\nMostrar o Desenho C e cronometrar o tempo. Passados os 10 segundos, dizer: \r\nAgora fa├ºa o desenho. N├úo se preocupe com os seus dotes de artista, desenhe apenas o melhor que conseguir. \r\n\r\nSe o sujeito disser que n├úo se recorda, diz-se : Desenhe aquilo que se recorda, o melhor que conseguir.	2	0	43	84
140	Desenho D	\N	0	2	Depois de ter conclu├¡do o desenho C, abre-se mostrar o desenho D e diz-se: Agora vou mostra-lhe um novo desenho. Tal como h├í pouco quero que fixe o desenho para depois desenhar aqui. Est├í pronto? \r\n\r\nMostrar o Desenho D e cronometrar o tempo. Passados os 10 segundos, dizer: \r\n\r\nAgora fa├ºa o desenho. N├úo se preocupe com os seus dotes de artista, desenhe apenas o melhor que conseguir. \r\n\r\nSe o sujeito disser que n├úo se recorda, diz-se : Desenhe aquilo que se recorda, o melhor que conseguir.	2	0	43	85
152	Prov├®rbio A	\N	0	2	Vou dizer-lhe uns prov├®rbios populares que gostaria que me explicasse o que querem dizer, qual a \r\nmensagem. \r\n\r\n\r\n"Gr├úo a gr├úo enche a galinha o papo."\r\n\r\n\r\n__Cota├º├úo__\r\nClassificar 0, 1, 2, 3 de acordo com o grau de abstrac├º├úo.	3	0	51	97
153	Prov├®rbio B	\N	0	2	Vou dizer-lhe uns prov├®rbios populares que gostaria que me explicasse o que querem dizer, qual a \r\nmensagem. \r\n\r\n\r\n"O Sol quando nasce ├® para todos".\r\n\r\n\r\n__Cota├º├úo__\r\nClassificar 0, 1, 2, 3 de acordo com o grau de abstrac├º├úo.	3	0	51	98
154	Prov├®rbio C	\N	0	2	Vou dizer-lhe uns prov├®rbios populares que gostaria que me explicasse o que querem dizer, qual a \r\nmensagem. \r\n\r\n\r\n"Quem tem telhados de vidro n├úo deve atirar pedras ao do vizinho".\r\n\r\n\r\n__Cota├º├úo__\r\nClassificar 0, 1, 2, 3 de acordo com o grau de abstrac├º├úo.	3	0	51	99
151	Gnosia - (Autotopognosia) Orienta├º├úo Direita Esquerda	\N	0	4		6	0	50	96
155	Nomea├º├úo de Cores	\N	0	4	Nomeie (diga-me o nome) a cor que eu vou indicar.	4	0	52	100
156	Ordens	\N	0	5	Aponte para as cores que lhe vou dizer respeitando exatamente a mesma ordem.	17	0	0	101
157	Respondente #1	\N	0	8	Marque os sintomas que se aplicam ao participante.	0	0	55	103
158	Respondente #2	\N	0	8	Marque os sintomas que se aplicam ao participante.	0	0	55	104
159	Respondente #3	\N	0	8	Marque os sintomas que se aplicam ao participante.	0	0	55	105
160	Atribui├º├úo de Estadio	\N	0	9	Destinado ├á tomada de decis├úo do examinador para atribui├º├úo de estadio de deteoriora├º├úo. \r\nEscolha o n├¡vel global mais apropriado, de acordo com a cogni├º├úo e fun├º├úo.	7	0	55	102
161	Aten├º├úo e Concentra├º├úo (C├ílculo)	\N	0	4	Perguntar: "Quanto ├® 100 menos 7?". \r\n\r\nDepois de o examinando ter respondido, dizer: "Agora, ao n├║mero encontrado, volte a subtrair 7". \r\n\r\nSe o examinando cometer algum erro, continuar a tarefa. Registar e verificar as respostas subsequentes.\r\n\r\nCarrega na checkbox das subtra├º├Áes que o examinando respondeu corretamente.	5	0	16	71
162	Consci├¬ncia	\N	0	4	Carregue nas checkboxes que melhor descrevem o Participante.	0	0	0	106
163	Atividade Motora	\N	0	4	Carregue nas checkboxes que melhor descrevem o Participante.	0	0	0	107
164	Humor	\N	0	4	Carregue nas checkboxes que melhor descrevem o Participante.	0	0	0	108
165	Coopera├º├úo dada na entrevista	\N	0	1	Escolha a op├º├úo que melhor descreve a situa├º├úo.	0	0	0	109
60	Vis├úo	+\\- corre├º├úo	2	1	Agora vou perguntar-lhe sobre o seu funcionamento no dia-a-dia.	2	0	12	9
67	Interessado/a	Este question├írio consiste num conjunto de sentimentos e emo├º├Áes.	1	3	Ou├ºa com aten├º├úo, cada item e indique a resposta correta no espa├ºo ├á frente de cada palavra.	5	0	36	14
183	Sou dominador(a), cheio(a) de for├ºa e combativo(a).	\N	17	3		4	0	0	111
85	Sinto-me tenso/a ou nervoso/a	\N	1	3	Este question├írio foi constru├¡do para ajudar a saber como se sente. \r\n\r\nPedimos-lhe que leia cada uma das perguntas e fa├ºa uma cruz (X) no espa├ºo anterior ├á resposta que melhor descreve a forma como se tem sentido na ├║ltima semana. \r\n\r\nN├úo demore muito tempo a pensar nas respostas. \r\n\r\nA sua rea├º├úo imediata a cada quest├úo ser├í provavelmente mais correta do que uma resposta muito ponderada.	5	0	39	37
235	Tento encontrar uma estrat├®gia que me ajude no que tenho que fazer	\N	14	3		4	0	0	115
124	Reconhecimento	\N	0	7	Esta tarefa deve ser aplicada apenas no caso do examinando n├úo ter conseguido evocar um ou mais itens. Se todos os itens tiverem sido evocados, n├úo aplicar esta tarefas e atribuir uma pontua├º├úo de 5 pontos.\r\n\r\nOs itens evocados devem ser assinalados. Depois testar os itens n├úo evocados, dizendo:\r\n\r\n"Vou dar-lhe algumas pistas: o nome/n├║mero era x, y ou z ?".	5	0	30	67
175	A minha primeira reac├º├úo ├® confiar nas pessoas	\N	9	3		4	0	0	111
166	Rela├º├úo com o Avaliador	\N	0	1	Escolha a op├º├úo que melhor descreve a situa├º├úo.	0	0	0	110
135	Capacidade Visuo-Espacial (Pent├ígonos)	\N	0	2	Apresentar ao examinando a primeira imagem de auxilio (Folha Estimulo 5) e dizer: "Copie este desenho.".\r\n\r\nCotar de acordo com a segunda imagem de auxilio.	1	0	25	81
176	Sou uma pessoa muito competente.	\N	10	3		4	0	0	111
184	N├úo dou grande import├óncia ├ás coisas de arte e da beleza	\N	18	3		4	0	0	111
177	Raramente me sinto s├│ ou abatido	\N	11	3		4	0	0	111
137	Desenho A	\N	1	2	Vou mostra-lhe alguns desenhos, um de cada vez. Vai ter 10 segundos para olhar para cada desenho. \r\n\r\nDepois vou tir├í-lo da sua vista e vou pedir-lhe que desenhe nesta folha. N├úo comece a desenhar enquanto eu n├úo lhe pedir para o fazer. Est├í Pronto? \r\n\r\nMostrar o Desenho A e cronometrar o tempo. Passados os 10 segundos, dizer: \r\nAgora fa├ºa o desenho. N├úo se preocupe com os seus dotes de artista, desenhe apenas o melhor que conseguir. \r\n\r\nSe o sujeito disser que n├úo se recorda, diz-se : Desenhe aquilo que se recorda, o melhor que conseguir. \r\n\r\nO sujeito pode apagar ou fazer as correc├º├Áes no desenho.	2	0	43	82
185	Tendo a ser descrente ou a duvidar das boas inten├º├Áes dos outros	\N	19	3		4	0	0	111
186	Sou uma pessoa aplicada, conseguindo sempre realizar o meu trabalho.	\N	20	3		4	0	0	111
189	MentHA-Risk	\N	1	12		100	0	0	113
1	Alimenta├º├úo	\N	1	1	Agora vou perguntar-lhe sobre o seu funcionamento no dia-a-dia.	2	0	12	1
3	Nervosismo ou tens├úo interior	Se sair desta p├ígina antes de submeter, o progresso n├úo ser├í gravado.	1	3	Assinale, num dos espa├ºos ├á direita de cada sintoma, aquele que melhor descreve o GRAU EM QUE CADA PROBLEMA O AFECTOU DURANTE A ├ÜLTIMA SEMANA. \r\n\r\nPara cada problema ou sintoma marque apenas um espa├ºo com uma cruz. \r\n\r\nN├úo deixe nenhuma pergunta por responder. \r\n\r\nA seguir encontra-se uma lista de problemas ou sintomas que por vezes as pessoas apresentam.	4	0	33	4
104	Mem├│ria Anter├│grada	\N	3	4	Dizer: "Vou dizer-lhe um nome e uma morada e gostaria que repetisse depois de mim. Vamos fazer isto 3 vezes, para que possa aprender. Mais tarde, irei perguntar-lhe novamente este nome e esta morada. Tem alguma d├║vida?".\r\n\r\nCaso n├úo subsistam d├║vidas dizer: "A morada ├® esta: Jo├úo Macedo; Pra├ºa do Infante; n┬║ 53; Tracoso; Guarda".	7	0	17	45
168	Sou uma pessoa alegre e bem disposta	\N	2	3		4	0	38	111
169	A poesia pouco ou nada me diz	\N	3	3		4	0	0	111
170	Tendo a pensar o melhor acerca das pessoas	\N	4	3		4	0	0	111
171	Sou eficiente e eficaz no meu trabalho	\N	5	3		4	0	0	111
172	Sinto-me, muitas vezes, desamparado(a), desejando que algu├®m resolva os meus problemas por mim	\N	6	3		4	0	0	111
173	Muitas vezes, sinto-me a rebentar de energia.	\N	7	3		4	0	0	111
178	Sou uma pessoa muito activa.	\N	12	3		4	0	0	111
174	As vezes ao ler poesia e ao olhar para uma obra de arte, sinto um arrepio de emo├º├úo.	\N	8	3		4	0	0	111
179	Acho as discuss├Áes filos├│ficas aborrecidas.	\N	13	3		4	0	0	111
180	Algumas pessoas consideram-me frio(a) e calculista.	\N	14	3		4	0	0	111
181	Esfor├ºo-me por ser excelente em tudo o que fa├ºo.	\N	15	3		4	0	0	111
182	Houve alturas em que experimentei ressentimento e amargura.	\N	16	3		4	0	0	111
199	Sente que a vida lhe pregou uma partida?	\N	10	3		5	0	0	114
197	Os planos que tinha feito para esta fase da vida t├¬m sido alterados em virtude de estar a tomar conta do seu familiar?	\N	8	3		5	0	0	114
198	Acha que se dedica demasiado tempo a cuidar do seu familiar e que o tempo ├® insuficiente para si?	\N	9	3		5	0	0	114
200	├ë dif├¡cil planear o futuro dado que as necessidades do seu familiar n├úo se podem prever?	\N	11	3		5	0	0	114
202	Evita convidar amigos para sua casa, por causa dos problemas do seu familiar?	\N	13	3		5	0	0	114
201	Tomar conta do seu familiar d├í-lhe a sensa├º├úo de estar preso(a)?	\N	12	3		5	0	0	114
205	Tem sentido dificuldades econÔëñmicas por estar a cuidar do seu familiar?	\N	16	3		5	0	0	114
203	A sua vida social (p.ex. f├®rias, conviver, com familiares e amigos) tem siso prejudicada por estar a cuidar do seu familiar?	\N	14	3		5	0	0	114
204	Sente-se s├│ e isolado(a) por estar a cuidar do seu familiar?	\N	15	3		5	0	0	114
206	Sente que o seu futuro econ├│mico ├® incerto, por estar a cuidar do seu familiar?	\N	17	3		5	0	0	114
147	Trail Making Test - Parte A - Treino	\N	0	10	Dizer: \r\n\r\n\r\n"Nesta p├ígina encontram-se alguns n├║meros. Comece no n├║mero "1" e desenhe uma linha entre o "1" e o "2", o "2" e o "3", o "3 e o "4" e a├¡ por diante por esta ordem (apontar com o l├ípis do "1" para o ╬ô├ç┬ú2", para o "3" e para o "4"), at├® chegar ao fim. Desenhe as linhas o mais r├ípido que puder. Pronto? Come├ºar!"\r\n\r\n\r\n__Crit├®rios de Interrup├º├úo__\r\n\r\n* Caso o examinado n├úo consiga compreender as instru├º├Áes, repetir este procedimento at├® um \r\nm├íximo de duas vezes. \r\n* Quando o indiv├¡duo n├úo ├® capaz de realizar esta condi├º├úo de treino (isto ├®, se fizer mais de 2 \r\nerros), o teste n├úo deve ser administrado.	0	0	45	92
236	Procuro o conforto e compreens├úo de algu├®m	\N	15	3		4	0	0	115
237	Desisto de me esfor├ºar para lidar com a situa├º├úo	\N	16	3		4	0	0	115
238	Procuro algo positivo em tudo o que est├í a acontecer	\N	17	3		4	0	0	115
239	Enfrento a situa├º├úo levando-a para a brincadeira	\N	18	3		4	0	0	115
148	Trail Making Test - Parte A - Teste	\N	0	10	Dizer :\r\n\r\n\r\n"Esta p├ígina ├® como a anterior, apenas tem mais n├║meros. Novamente, comece no n├║mero "1" e desenhe uma linha entre o "1 e o "2", o "2" e o "3", o "3" e o "4" e a├¡ por diante por esta ordem (apontar com o l├ípis do "1" para o "2", para o "3" e para" o "4" at├® chegar ao fim. Desenhe as linhas, o mais r├ípido que conseguir. Procure n├úo levantar o l├ípis do papel. Tem alguma d├║vida? Caso n├úo haja d├║vidas, dizer: Pode come├ºar!" Accione o cronometro.\r\n\r\n__Crit├®rio de Interrup├º├úo__\r\n* O teste deve ser descontinuado ap├│s 240 segundos ou ap├│s 4 erros. Exceptuam-se os casos em que o examinado se encontra a menos de 3 c├¡rculos do final, em que deve ser permitida a finaliza├º├úo da prova.	60	0	45	93
167	Raramente estou triste ou deprimido(a)	\N	1	3	Para cada afirma├º├úo, indique-me a op├º├úo que melhor corresponde ├á sua opini├úo. N├úo existem respostas certas nem erradas. Responda ╬ô├ç┬úDiscordo fortemente" se discordar fortemente dela. Responda ╬ô├ç┬úDiscordo" se a afirma├º├úo for, na maior parte das vezes, falsa ou se discordar. Responda ╬ô├ç┬úNeutro" se a afirma├º├úo for igualmente falsa e verdadeira, se n├úo se decidir ou se a sua posi├º├úo perante o que foi dito ├® completamente neutra. Responda ╬ô├ç┬úConcordo" se a frase for, na maior parte das vezes, verdadeira ou se concordar com ela. Responda ╬ô├ç┬úConcordo fortemente" se a frase for definitivamente verdadeira ou se concordar fortemente com ela.	4	0	38	111
191	Considera que, tomar conta do seu familiar ├® psicologicamente dif├¡cil?	\N	2	3		5	0	0	114
193	Entra em conflito consigo pr├│pria por estar a tomar conta do seu familiar?	\N	4	3		5	0	0	114
194	Pensa que o seu estado de sa├║de tem piorado por estar a cuidar do seu familiar?	\N	5	3		5	0	0	114
195	Cuidar do seu familiar tem exigido um grande esfor├ºo f├¡sico?	\N	6	3		5	0	0	114
190	Sente vontade de fugir da situa¤ä¤Ço em que se encontra?	Se sair desta p├ƒgina antes de submeter, o progresso n¤Ço ser├ƒ gravado.	1	3		5	0	0	114
192	Sente-se cansado(a) e esgotada(a) por estar a cuidar do seu familiar?	\N	3	3		5	0	0	114
196	Sente que perdeu o controlo da sua vida desde que o seu familiar adoeceu?	\N	7	3		5	0	0	114
149	Trail Making Test - Parte B - Treino	\N	0	10	Dizer:\r\n\r\n\r\n"Nesta p├ígina encontram-se alguns n├║meros e letras. Comece no n├║mero "1" e desenhe uma linha entre o "1" e o "A", o "A" e o "2", o "2" e o "B", o "B" e o "3"," " e o "C", e a├¡ por diante por esta ordem (apontar com o l├ípis do "1", para o "A", para o "2", para o "B", para o "3" e para o "C", at├® chegar ao fim. \r\nLembre-se que primeiro tem um n├║mero (apontar para o "1"), depois uma letra (apontar para o A), depois um n├║mero (apontar para o "2") depois uma letra (apontar para o "B"), sempre assim at├® ao FIM. Desenhe as linhas o mais r├ípido que puder. Procure n├úo levantar o l├ípis do papel. Tem alguma duvida? Pode come├ºar!".\r\n\r\n\r\n__Crit├®rios de Interrup├º├úo__\r\n\r\n* Caso o examinado n├úo consiga compreender as instru├º├Áes, repetir este procedimento at├® um m├íximo de duas vezes. \r\n* Quando o indiv├¡duo n├úo ├® capaz de realizar esta condi├º├úo de treino (isto ├®, se fizer mais de 2 erros), o teste n├úo deve ser administrado.	0	0	45	94
150	Trail Making Test - Parte B - Teste	\N	0	10	Dizer: \r\n\r\n\r\n"Esta p├ígina ├® como a que acabou de fazer, apenas tem mais n├║meros e mais letras. Tem de fazer o mesmo \r\nque fez agora. Comece no numero "1" (apontar) e desenhe uma linha do "1" at├® ├á letra "A" (apontar), do "A" ao "2" (apontar), do "2" ao "B" (apontar), do "B" ao "3" (apontar) do "3" ao "C" (apontar), sempre assim at├® chegar ao FIM (apontar). \r\n\r\n\r\nLembre-se que primeiro tem um n├║mero (apontar para o "1"), depois uma letra (apontar para o "A"), depois um n├║mero (apontar para o "2") depois uma letra (apontar para o "B"), sempre assim at├® ao FIM. Desenhe as linhas o mais r├ípido que puder. Procure n├úo levantar o l├ípis do papel. Tem alguma duvida? Pode Come├ºar!" - acionar o cronometro.\r\n\r\n\r\n__Crit├®rio de Interrup├º├úo__\r\n\r\n* O teste deve ser descontinuado ap├│s 360 segundos ou ap├│s 4 erros. Exceptuam-se os casos em que o examinado se encontra a menos de 3 c├¡rculos do final, em que deve ser permitida a finaliza├º├úo da prova	60	0	45	95
207	J├í se sentiu ofendido(a) e zangado(a) com o comportamento do seu familiar?	\N	18	3		5	0	0	114
211	Sente que n¤Ço tem tanta privacidade como gostaria, por estar a cuidar do seu familiar?	\N	22	3		5	0	0	114
212	Consegue fazer a maioria das coisas de que necessita, apesar do tempo que gasta a tomar conta do seu familiar?	\N	23	3		5	0	0	114
213	Sente-se com capacidade para continuar a tomar conta do seu familiar?	\N	24	3		5	0	0	114
218	O seu familiar mostra gratid├úo pelo que est├í a fazer por ele?	\N	29	3		5	0	0	114
215	A fam├¡lia (que n¤Ço vive consigo) reconhece o trabalho que tem, em cuidar do seu familiar?	\N	26	3		5	0	0	114
216	Sente-se apoiado(a) pelos seus familiares?	\N	27	3		5	0	0	114
217	Sente-se bem por estar a tomar conta do seu familiar?	\N	28	3		5	0	0	114
220	Sente-se mais pr├│ximo(a) do seu familiar por estar a cuidar dele?	\N	31	3		5	0	0	114
219	Fica satisfeito(a) quando o seu familiar mostra agrado por pequenas coisas (como mimos)?	\N	30	3		5	0	0	114
222	Refugio-me noutras atividades para me abstrair da situa├º├úo	\N	1	3		4	0	0	115
221	Cuidar do seu familiar tem vindo a aumentar a sua auto-estima, fazendo-o(a) sentir-se uma pessoa especial, com mais valor?	\N	32	3		5	0	0	114
223	Concentro os meus esfor├ºos para fazer alguma coisa que me permita enfrentar a situa├º├úo	\N	2	3		4	0	0	115
224	Tenho dito para mim pr├│prio(a): "Isto n├úo ├® verdade"	\N	3	3		4	0	0	115
225	Refugio-me no ├ílcool ou noutras drogas (comprimidos, etc.) para me sentir melhor	\N	4	3		4	0	0	115
226	Procuro apoio emocional de algu├®m (fam├¡lia, amigos)	\N	5	3		4	0	0	115
228	Tomo medidas para tentar melhorar a minha situa├º├úo	\N	7	3		4	0	0	115
227	Simplesmente desisto de tentar lidar com isto	\N	6	3		4	0	0	115
231	Pe├ºo conselhos e ajuda a outras pessoas para enfrentar melhor a situa├º├úo	\N	10	3		4	0	0	115
229	Recuso-me a acreditar que isto esteja a acontecer comigo	\N	8	3		4	0	0	115
230	Fico aborrecido e expresso os meus sentimentos	\N	9	3		4	0	0	115
240	Fa├ºo outras coisas para pensar menos na situa├º├úo, tal como ir ao cinema, ver TV, ler, sonhar, ou ir ├ás compras	\N	19	3		4	0	0	115
241	Tento aceitar as coisas tal como est├úo a acontecer	\N	20	3		4	0	0	115
243	Tento encontrar conforto na minha religi├úo ou cren├ºa espiritual	\N	22	3		4	0	0	115
242	Sinto e expresso os meus sentimentos de aborrecimento	\N	21	3		4	0	0	115
244	Pe├ºo conselhos e ajuda a pessoas que passaram pelo mesmo	\N	23	3		4	0	0	115
245	Tento aprender a viver com a situa├º├úo	\N	24	3		4	0	0	115
246	Penso muito sobre a melhor forma de lidar com a situa├º├úo	\N	25	3		4	0	0	115
247	Culpo-me pelo que est├í a acontecer	\N	26	3		4	0	0	115
249	Enfrento a situa├º├úo com sentido de humor	\N	28	3		4	0	0	115
248	Rezo ou medito	\N	27	3		4	0	0	115
250	Quantos familiares v├¬ ou fala pelo menos uma vez por m├¬s?	\N	1	3	**FAMÔòÉLIA:** Considerando as pessoas de quem ╬ÿ familiar por nascimento, casamento, ado¤ä¤Ço, etc.\r\n\r\n**AMIGOS:** Considerando todos os seus amigos, incluindo aqueles que vivem na sua vizinhan¤äa.	5	0	0	116
256	Question├írio Sociodemogr├ífico (Cuidador)	Cuidador	0	13		0	0	0	117
252	Com quantos familiares se sente ├á vontade para falar sobre assuntos pessoais?	\N	3	3		5	0	0	116
208	J├í se sentiu embara├ºado(a) com o comportamento do seu familiar?	\N	19	3		5	0	0	114
254	De quantos amigos se sente pr├│ximo de tal forma que possa ligar-lhes a pedir ajuda?	\N	5	3		5	0	0	116
214	Considera que tem conhecimentos e experi├¬ncia para cuidar do seu familiar?	\N	25	3		5	0	0	114
251	De quantos familiares se sente pr├│ximo de tal forma que possa ligar-lhes para pedir ajuda?	\N	2	3		5	0	0	116
187	Question├írio Sociodemogr├ífico	\N	0	11		0	0	0	118
253	Quantos amigos v├¬ ou fala pelo menos uma vez por m├¬s?	\N	4	3		5	0	0	116
209	Sente que o seu familiar o(a) solicita demasiado para situa├º├Áes desnecess├írias?	\N	20	3		5	0	0	114
255	Com quantos amigos se sente ├á vontade para falar sobre assuntos pessoais?	\N	6	3		5	0	0	116
210	Sente-se manipulado(a) pelo seu familiar?	\N	21	3		5	0	0	114
\.


--
-- Data for Name: protocolo_question_helping_images; Type: TABLE DATA; Schema: public; Owner: leda
--

COPY public.protocolo_question_helping_images (id, question_id, questionimage_id) FROM stdin;
55	107	2
56	116	3
57	117	4
58	117	5
59	118	6
60	118	7
61	120	8
62	122	9
63	123	3
64	131	2
65	135	4
66	135	5
67	137	10
68	138	12
69	139	11
70	140	13
71	141	14
72	142	10
73	143	11
74	144	12
75	145	13
76	147	15
77	148	16
78	149	17
79	150	18
80	155	19
81	156	19
82	134	3
83	113	21
\.


--
-- Data for Name: protocolo_question_possible_answers; Type: TABLE DATA; Schema: public; Owner: leda
--

COPY public.protocolo_question_possible_answers (id, question_id, possibleanswer_id) FROM stdin;
1701	1	1
1702	1	2
1703	1	3
1704	3	4
1705	3	5
1706	3	6
1707	3	7
1708	3	8
1709	4	4
1710	4	5
1711	4	6
1712	4	7
1713	4	8
1714	5	4
1715	5	5
1716	5	6
1717	5	7
1718	5	8
1719	6	4
1720	6	5
1721	6	6
1722	6	7
1723	6	8
1724	7	4
1725	7	5
1726	7	6
1727	7	7
1728	7	8
1729	8	4
1730	8	5
1731	8	6
1732	8	7
1733	8	8
1734	9	4
1735	9	5
1736	9	6
1737	9	7
1738	9	8
1739	10	4
1740	10	5
1741	10	6
1742	10	7
1743	10	8
1744	11	4
1745	11	5
1746	11	6
1747	11	7
1748	11	8
1749	12	4
1750	12	5
1751	12	6
1752	12	7
1753	12	8
1754	13	4
1755	13	5
1756	13	6
1757	13	7
1758	13	8
1759	14	4
1760	14	5
1761	14	6
1762	14	7
1763	14	8
1764	15	4
1765	15	5
1766	15	6
1767	15	7
1768	15	8
1769	16	4
1770	16	5
1771	16	6
1772	16	7
1773	16	8
1774	17	4
1775	17	5
1776	17	6
1777	17	7
1778	17	8
1779	18	4
1780	18	5
1781	18	6
1782	18	7
1783	18	8
1784	19	4
1785	19	5
1786	19	6
1787	19	7
1788	19	8
1789	20	4
1790	20	5
1791	20	6
1792	20	7
1793	20	8
1794	21	4
1795	21	5
1796	21	6
1797	21	7
1798	21	8
1799	22	4
1800	22	5
1801	22	6
1802	22	7
1803	22	8
1804	23	4
1805	23	5
1806	23	6
1807	23	7
1808	23	8
1809	24	4
1810	24	5
1811	24	6
1812	24	7
1813	24	8
1814	25	4
1815	25	5
1816	25	6
1817	25	7
1818	25	8
1819	26	4
1820	26	5
1821	26	6
1822	26	7
1823	26	8
1824	27	4
1825	27	5
1826	27	6
1827	27	7
1828	27	8
1829	28	4
1830	28	5
1831	28	6
1832	28	7
1833	28	8
1834	29	4
1835	29	5
1836	29	6
1837	29	7
1838	29	8
1839	30	4
1840	30	5
1841	30	6
1842	30	7
1843	30	8
1844	31	4
1845	31	5
1846	31	6
1847	31	7
1848	31	8
1849	32	4
1850	32	5
1851	32	6
1852	32	7
1853	32	8
1854	33	4
1855	33	5
1856	33	6
1857	33	7
1858	33	8
1859	34	4
1860	34	5
1861	34	6
1862	34	7
1863	34	8
1864	35	4
1865	35	5
1866	35	6
1867	35	7
1868	35	8
1869	36	4
1870	36	5
1871	36	6
1872	36	7
1873	36	8
1874	37	4
1875	37	5
1876	37	6
1877	37	7
1878	37	8
1879	38	4
1880	38	5
1881	38	6
1882	38	7
1883	38	8
1884	39	4
1885	39	5
1886	39	6
1887	39	7
1888	39	8
1889	40	4
1890	40	5
1891	40	6
1892	40	7
1893	40	8
1894	41	4
1895	41	5
1896	41	6
1897	41	7
1898	41	8
1899	42	4
1900	42	5
1901	42	6
1902	42	7
1903	42	8
1904	43	4
1905	43	5
1906	43	6
1907	43	7
1908	43	8
1909	44	4
1910	44	5
1911	44	6
1912	44	7
1913	44	8
1914	45	4
1915	45	5
1916	45	6
1917	45	7
1918	45	8
1919	46	4
1920	46	5
1921	46	6
1922	46	7
1923	46	8
1924	47	4
1925	47	5
1926	47	6
1927	47	7
1928	47	8
1929	48	4
1930	48	5
1931	48	6
1932	48	7
1933	48	8
1934	49	4
1935	49	5
1936	49	6
1937	49	7
1938	49	8
1939	50	4
1940	50	5
1941	50	6
1942	50	7
1943	50	8
1944	51	4
1945	51	5
1946	51	6
1947	51	7
1948	51	8
1949	52	4
1950	52	5
1951	52	6
1952	52	7
1953	52	8
1954	53	4
1955	53	5
1956	53	6
1957	53	7
1958	53	8
1959	54	4
1960	54	5
1961	54	6
1962	54	7
1963	54	8
1964	55	4
1965	55	5
1966	55	6
1967	55	7
1968	55	8
1969	56	9
1970	56	10
1971	56	11
1972	57	9
1973	57	12
1974	57	13
1975	58	16
1976	58	14
1977	58	15
1978	59	17
1979	59	18
1980	59	19
1981	60	20
1982	60	21
1983	60	22
1984	61	20
1985	61	21
1986	61	23
1987	62	24
1988	62	25
1989	62	26
1990	63	27
1991	63	28
1992	63	29
1993	64	20
1994	64	30
1995	64	31
1996	65	32
1997	65	33
1998	65	20
1999	66	34
2000	66	35
2001	66	20
2002	67	36
2003	67	37
2004	67	38
2005	67	39
2006	67	40
2007	68	36
2008	68	37
2009	68	38
2010	68	39
2011	68	40
2012	69	36
2013	69	37
2014	69	38
2015	69	39
2016	69	40
2017	70	36
2018	70	37
2019	70	38
2020	70	39
2021	70	40
2022	71	36
2023	71	37
2024	71	38
2025	71	39
2026	71	40
2027	72	36
2028	72	37
2029	72	38
2030	72	39
2031	72	40
2032	73	36
2033	73	37
2034	73	38
2035	73	39
2036	73	40
2037	74	36
2038	74	37
2039	74	38
2040	74	39
2041	74	40
2042	75	36
2043	75	37
2044	75	38
2045	75	39
2046	75	40
2047	76	36
2048	76	37
2049	76	38
2050	76	39
2051	76	40
2052	77	41
2053	77	42
2054	77	43
2055	77	44
2056	78	48
2057	78	45
2058	78	46
2059	78	47
2060	79	49
2061	79	50
2062	79	51
2063	79	52
2064	80	53
2065	80	54
2066	80	55
2067	80	56
2068	80	57
2069	81	58
2070	81	59
2071	81	60
2072	82	64
2073	82	65
2074	82	61
2075	82	62
2076	82	63
2077	83	66
2078	83	67
2079	83	68
2080	84	69
2081	84	70
2082	84	71
2083	85	72
2084	85	73
2085	85	74
2086	85	75
2087	86	76
2088	86	77
2089	86	78
2090	86	79
2091	87	80
2092	87	81
2093	87	82
2094	87	83
2095	88	84
2096	88	85
2097	88	86
2098	88	87
2099	89	88
2100	89	89
2101	89	90
2102	89	91
2103	90	92
2104	90	93
2105	90	94
2106	90	95
2107	91	96
2108	91	97
2109	91	98
2110	91	99
2111	92	100
2112	92	101
2113	92	102
2114	92	103
2115	93	104
2116	93	105
2117	93	106
2118	93	107
2119	94	108
2120	94	109
2121	94	110
2122	94	111
2123	95	112
2124	95	113
2125	95	114
2126	95	115
2127	96	116
2128	96	117
2129	96	118
2130	96	119
2131	97	120
2132	97	121
2133	97	122
2134	97	123
2135	98	120
2136	98	124
2137	98	125
2138	98	126
2139	99	128
2140	99	129
2141	99	130
2142	99	131
2143	99	127
2144	100	132
2145	100	133
2146	100	134
2147	100	135
2148	100	136
2149	102	137
2150	102	138
2151	102	139
2152	103	137
2153	103	138
2154	103	139
2155	104	140
2156	104	141
2157	104	142
2158	104	143
2159	104	144
2160	104	145
2161	104	146
2162	105	147
2163	105	148
2164	105	149
2165	105	150
2166	105	151
2167	107	152
2168	108	153
2169	108	154
2170	108	155
2171	109	152
2172	110	156
2173	110	157
2174	110	158
2175	110	159
2176	111	152
2177	112	152
2178	113	152
2179	114	160
2180	114	161
2181	114	162
2182	114	163
2183	114	164
2184	115	165
2185	115	166
2186	115	167
2187	115	168
2188	115	169
2189	116	170
2190	116	171
2191	116	172
2192	116	173
2193	120	176
2194	120	177
2195	120	174
2196	120	175
2197	121	140
2198	121	141
2199	121	142
2200	121	143
2201	121	144
2202	121	145
2203	121	146
2204	122	178
2205	122	179
2206	122	180
2207	122	181
2208	123	192
2209	123	193
2210	123	182
2211	123	183
2212	123	184
2213	123	185
2214	123	186
2215	123	187
2216	123	188
2217	123	189
2218	123	190
2219	123	191
2220	124	194
2221	124	195
2222	124	196
2223	124	197
2224	124	198
2225	125	128
2226	125	129
2227	125	130
2228	125	131
2229	125	127
2230	126	132
2231	126	133
2232	126	134
2233	126	135
2234	126	136
2235	127	137
2236	127	138
2237	127	139
2238	129	165
2239	129	166
2240	129	167
2241	129	168
2242	129	169
2243	130	137
2244	130	138
2245	130	139
2246	132	153
2247	132	154
2248	132	155
2249	133	152
2250	134	182
2251	134	183
2252	136	152
2253	151	200
2254	151	201
2255	151	202
2256	151	199
2257	155	203
2258	155	204
2259	155	205
2260	155	206
2261	156	207
2262	156	208
2263	156	209
2264	156	210
2265	156	211
2266	156	212
2267	157	256
2268	157	257
2269	157	258
2270	157	259
2271	157	260
2272	157	261
2273	157	262
2274	157	263
2275	157	213
2276	157	214
2277	157	215
2278	157	216
2279	157	217
2280	157	218
2281	157	219
2282	157	220
2283	157	221
2284	157	222
2285	157	223
2286	157	224
2287	157	225
2288	157	226
2289	157	227
2290	157	228
2291	157	229
2292	157	230
2293	157	231
2294	157	232
2295	157	233
2296	157	234
2297	157	235
2298	157	236
2299	157	237
2300	157	238
2301	157	239
2302	157	240
2303	157	241
2304	157	242
2305	157	243
2306	157	244
2307	157	245
2308	157	246
2309	157	247
2310	157	248
2311	157	249
2312	157	250
2313	157	251
2314	157	252
2315	157	253
2316	157	254
2317	157	255
2318	158	256
2319	158	257
2320	158	258
2321	158	259
2322	158	260
2323	158	261
2324	158	262
2325	158	263
2326	158	213
2327	158	214
2328	158	215
2329	158	216
2330	158	217
2331	158	218
2332	158	219
2333	158	220
2334	158	221
2335	158	222
2336	158	223
2337	158	224
2338	158	225
2339	158	226
2340	158	227
2341	158	228
2342	158	229
2343	158	230
2344	158	231
2345	158	232
2346	158	233
2347	158	234
2348	158	235
2349	158	236
2350	158	237
2351	158	238
2352	158	239
2353	158	240
2354	158	241
2355	158	242
2356	158	243
2357	158	244
2358	158	245
2359	158	246
2360	158	247
2361	158	248
2362	158	249
2363	158	250
2364	158	251
2365	158	252
2366	158	253
2367	158	254
2368	158	255
2369	159	256
2370	159	257
2371	159	258
2372	159	259
2373	159	260
2374	159	261
2375	159	262
2376	159	263
2377	159	213
2378	159	214
2379	159	215
2380	159	216
2381	159	217
2382	159	218
2383	159	219
2384	159	220
2385	159	221
2386	159	222
2387	159	223
2388	159	224
2389	159	225
2390	159	226
2391	159	227
2392	159	228
2393	159	229
2394	159	230
2395	159	231
2396	159	232
2397	159	233
2398	159	234
2399	159	235
2400	159	236
2401	159	237
2402	159	238
2403	159	239
2404	159	240
2405	159	241
2406	159	242
2407	159	243
2408	159	244
2409	159	245
2410	159	246
2411	159	247
2412	159	248
2413	159	249
2414	159	250
2415	159	251
2416	159	252
2417	159	253
2418	159	254
2419	159	255
2420	160	264
2421	160	265
2422	160	266
2423	160	267
2424	160	268
2425	160	269
2426	160	270
2427	161	160
2428	161	161
2429	161	162
2430	161	163
2431	161	164
2432	162	272
2433	162	273
2434	162	271
2435	163	274
2436	163	275
2437	163	276
2438	164	277
2439	164	278
2440	164	279
2441	164	280
2442	164	281
2443	164	282
2444	165	283
2445	165	284
2446	165	285
2447	166	288
2448	166	286
2449	166	287
2450	167	294
2451	167	295
2452	167	296
2453	167	297
2454	167	298
2455	168	289
2456	168	290
2457	168	291
2458	168	292
2459	168	293
2460	169	294
2461	169	295
2462	169	296
2463	169	297
2464	169	298
2465	170	289
2466	170	290
2467	170	291
2468	170	292
2469	170	293
2470	171	289
2471	171	290
2472	171	291
2473	171	292
2474	171	293
2475	172	289
2476	172	290
2477	172	291
2478	172	292
2479	172	293
2480	173	289
2481	173	290
2482	173	291
2483	173	292
2484	173	293
2485	174	289
2486	174	290
2487	174	291
2488	174	292
2489	174	293
2490	175	289
2491	175	290
2492	175	291
2493	175	292
2494	175	293
2495	176	289
2496	176	290
2497	176	291
2498	176	292
2499	176	293
2500	177	294
2501	177	295
2502	177	296
2503	177	297
2504	177	298
2505	178	289
2506	178	290
2507	178	291
2508	178	292
2509	178	293
2510	179	294
2511	179	295
2512	179	296
2513	179	297
2514	179	298
2515	180	294
2516	180	295
2517	180	296
2518	180	297
2519	180	298
2520	181	289
2521	181	290
2522	181	291
2523	181	292
2524	181	293
2525	182	289
2526	182	290
2527	182	291
2528	182	292
2529	182	293
2530	183	289
2531	183	290
2532	183	291
2533	183	292
2534	183	293
2535	184	294
2536	184	295
2537	184	296
2538	184	297
2539	184	298
2540	185	294
2541	185	295
2542	185	296
2543	185	297
2544	185	298
2545	186	289
2546	186	290
2547	186	291
2548	186	292
2549	186	293
2550	189	1
2859	190	301
2860	190	302
2861	190	303
2862	190	304
2863	190	305
2864	191	301
2865	191	302
2866	191	303
2867	191	304
2868	191	305
2869	192	301
2870	192	302
2871	192	303
2872	192	304
2873	192	305
2874	193	301
2875	193	302
2876	193	303
2877	193	304
2878	193	305
2879	194	301
2880	194	302
2881	194	303
2882	194	304
2883	194	305
2884	195	301
2885	195	302
2886	195	303
2887	195	304
2888	195	305
2889	196	301
2890	196	302
2891	196	303
2892	196	304
2893	196	305
2894	197	301
2895	197	302
2896	197	303
2897	197	304
2898	197	305
2899	198	301
2900	198	302
2901	198	303
2902	198	304
2903	198	305
2904	199	301
2905	199	302
2906	199	303
2907	199	304
2908	199	305
2909	200	301
2910	200	302
2911	200	303
2912	200	304
2913	200	305
2914	201	301
2915	201	302
2916	201	303
2917	201	304
2918	201	305
2919	202	301
2920	202	302
2921	202	303
2922	202	304
2923	202	305
2924	203	301
2925	203	302
2926	203	303
2927	203	304
2928	203	305
2929	204	301
2930	204	302
2931	204	303
2932	204	304
2933	204	305
2934	205	301
2935	205	302
2936	205	303
2937	205	304
2938	205	305
2939	206	301
2940	206	302
2941	206	303
2942	206	304
2943	206	305
2944	207	301
2945	207	302
2946	207	303
2947	207	304
2948	207	305
2949	208	301
2950	208	302
2951	208	303
2952	208	304
2953	208	305
2954	209	301
2955	209	302
2956	209	303
2957	209	304
2958	209	305
2959	210	301
2960	210	302
2961	210	303
2962	210	304
2963	210	305
2964	211	301
2965	211	302
2966	211	303
2967	211	304
2968	211	305
2969	212	301
2970	212	302
2971	212	303
2972	212	304
2973	212	305
2974	213	301
2975	213	302
2976	213	303
2977	213	304
2978	213	305
2979	214	301
2980	214	302
2981	214	303
2982	214	304
2983	214	305
2984	215	301
2985	215	302
2986	215	303
2987	215	304
2988	215	305
2989	216	301
2990	216	302
2991	216	303
2992	216	304
2993	216	305
2994	217	301
2995	217	302
2996	217	303
2997	217	304
2998	217	305
2999	218	301
3000	218	302
3001	218	303
3002	218	304
3003	218	305
3004	219	301
3005	219	302
3006	219	303
3007	219	304
3008	219	305
3009	220	301
3010	220	302
3011	220	303
3012	220	304
3013	220	305
3014	221	301
3015	221	302
3016	221	303
3017	221	304
3018	221	305
3019	222	306
3020	222	307
3021	222	308
3022	222	309
3023	223	306
3024	223	307
3025	223	308
3026	223	309
3027	224	306
3028	224	307
3029	224	308
3030	224	309
3031	225	306
3032	225	307
3033	225	308
3034	225	309
3035	226	306
3036	226	307
3037	226	308
3038	226	309
3039	227	306
3040	227	307
3041	227	308
3042	227	309
3043	228	306
3044	228	307
3045	228	308
3046	228	309
3047	229	306
3048	229	307
3049	229	308
3050	229	309
3051	230	306
3052	230	307
3053	230	308
3054	230	309
3055	231	306
3056	231	307
3057	231	308
3058	231	309
3059	232	306
3060	232	307
3061	232	308
3062	232	309
3063	233	306
3064	233	307
3065	233	308
3066	233	309
3067	234	306
3068	234	307
3069	234	308
3070	234	309
3071	235	306
3072	235	307
3073	235	308
3074	235	309
3075	236	306
3076	236	307
3077	236	308
3078	236	309
3079	237	306
3080	237	307
3081	237	308
3082	237	309
3083	238	306
3084	238	307
3085	238	308
3086	238	309
3087	239	306
3088	239	307
3089	239	308
3090	239	309
3091	240	306
3092	240	307
3093	240	308
3094	240	309
3095	241	306
3096	241	307
3097	241	308
3098	241	309
3099	242	306
3100	242	307
3101	242	308
3102	242	309
3103	243	306
3104	243	307
3105	243	308
3106	243	309
3107	244	306
3108	244	307
3109	244	308
3110	244	309
3111	245	306
3112	245	307
3113	245	308
3114	245	309
3115	246	306
3116	246	307
3117	246	308
3118	246	309
3119	247	306
3120	247	307
3121	247	308
3122	247	309
3123	248	306
3124	248	307
3125	248	308
3126	248	309
3127	249	306
3128	249	307
3129	249	308
3130	249	309
3131	250	310
3132	250	311
3133	250	312
3134	250	313
3135	250	314
3136	250	315
3137	251	310
3138	251	311
3139	251	312
3140	251	313
3141	251	314
3142	251	315
3143	252	310
3144	252	311
3145	252	312
3146	252	313
3147	252	314
3148	252	315
3149	253	310
3150	253	311
3151	253	312
3152	253	313
3153	253	314
3154	253	315
3155	254	310
3156	254	311
3157	254	312
3158	254	313
3159	254	314
3160	254	315
3161	255	310
3162	255	311
3163	255	312
3164	255	313
3165	255	314
3166	255	315
\.


--
-- Data for Name: protocolo_questionimage; Type: TABLE DATA; Schema: public; Owner: leda
--

COPY public.protocolo_questionimage (id, name, description, image) FROM stdin;
6	Cubo		helping_images/cubo.PNG
7	Cubo (Cota├º├úo)		helping_images/cuboscotacao.PNG
8	Folha de Estimulos 8		helping_images/estimulos8.PNG
9	Folha de Estimulos 9		helping_images/estimulos9.PNG
10	Desenho A		helping_images/DesenhoA.PNG
11	Desenho B		helping_images/DesenhoB.PNG
12	Desenho C		helping_images/DesenhoC.PNG
13	Desenho D		helping_images/DesenhoD.PNG
14	Desenho E		helping_images/DesenhoE.PNG
15	TMT A - Treino		helping_images/TMT_A_TESTE.PNG
16	TMT A - Teste		helping_images/TMT_A_EX.PNG
17	TMT B - Treino		helping_images/TMT_B_TESTE.PNG
18	TMT B - Teste		helping_images/TMT_B_EX.PNG
19	Token Test		helping_images/token.PNG
1	teste		helping_images/8fbba68001aaf2493bab544101d9edaa.jpg
4	Pent├ígonos		helping_images/pentagonos.PNG
20	estimulos1		helping_images/estimulos1.PNG
3	Folha de Estimulos 2		helping_images/estimulos2.PNG
2	Folha de Estimulos 1		helping_images/estimulos1_MWk2sKK.PNG
21	Folha de Estimulos 3		helping_images/estimulos3.png
5	Pent├ígonos (Cota├º├úo)		helping_images/pentagonoscotacao.PNG
\.


--
-- Data for Name: protocolo_report; Type: TABLE DATA; Schema: public; Owner: leda
--

COPY public.protocolo_report (id, abvd_evaluation, abvd_atividades_corporais_quotation, abvd_atividades_motoras_quotation, abvd_atividades_sensoriais_quotation, abvd_atividades_mentais_quotation, aivd_evaluation, aivd_utilizacao_telefone_quotation, aivd_fazer_compras_quotation, aivd_preparacao_refeicoes_quotation, aivd_tarefas_domesticas_quotation, aivd_lavar_roupa_quotation, aivd_utilizar_transportes_quotation, aivd_manejo_mediacao_quotation, aivd_responsabilidades_financeiras_quotation, bsi_igs, bsi_tsp, bsi_isp, bsi_somatizacao, bsi_obssessivo_compulsivo, bsi_depressao, bsi_sensibilidade_interpessoal, bsi_ansiedade, bsi_hostilidade, bsi_ansiedade_fobica, bsi_paranoide, bsi_psicoticismo, acer_evaluation, acer_atencao_orientacao_quotation, acer_memoria_quotation, acer_fluencia_quotation, acer_linguagem_quotation, acer_visuo_espacial_quotation, mmse_evaluation, mmse_atencao_orientacao_quotation, mmse_memoria_quotation, mmse_lingua_quotation, mmse_visuo_espacial_quotation, ac_memoria_visual_imediata_quotation, ac_memoria_diferida_quotation, ac_atencao_mantida_quotation, ac_compreensao_instrucoes_quotation, ac_abstracao_verbal_quotation, ac_atencao_dividida_quotation, ac_orientacao_esq_dir_quotation, panas_interessado, panas_nervoso, panas_entusiasmado, panas_amedrontado, panas_inspirado, panas_ativo, panas_assustado, panas_culpado, panas_determinado, panas_atormentado, hads_estado_ansiedade_evaluation, hads_estado_ansiedade_quotation, hads_estado_depressao_evaluation, hads_estado_depressao_quotation, gds_nivel, gds_text, resolution_id, word, json) FROM stdin;
\.


--
-- Data for Name: protocolo_resolution; Type: TABLE DATA; Schema: public; Owner: leda
--

COPY public.protocolo_resolution (id, date, statistics, doctor_id, part_id, patient_id, cuidador_id) FROM stdin;
\.


--
-- Data for Name: protocolo_risk; Type: TABLE DATA; Schema: public; Owner: leda
--

COPY public.protocolo_risk (id, idade, sexo, peso, altura, imc, pressao_arterial, colestrol_total, colestrol_hdl, colestrol_nao_hdl, hemoglobina_gliciada, fumador, diabetes, anos_diabetes, avc, enfarte, doenca_rins, doenca_pernas, hipercolestrol, data_atual, comentario2, comentario, risco_de_enfarte, relatorio, relatorio_word, concluido, "parteDoUtilizador_id", pat_id, horas_jejum, batimentos, cholhdl, ldl, tg, doenca_cognitiva, pre_diabetico, recomendacoes, eag_hba1, ifcc_hba1, ngsp_hba1, pergunta_cardiovascular, pat_id_v2, pressao_arterial_diastolica) FROM stdin;
183	47	Feminino	85	175	0	44	175	0	0	0	\N	t	0	f	f	f	f	f	2024-03-13			0			f	\N	0	4	0	98	142	100	f	f		68.3	20	4	Alto	0	0
156	47	Feminino	98	178	0	44	444	0	0	0	\N	t	0	f	f	f	f	f	2024-03-01			0			f	\N	0	4	0	44	444	44	f	f		89.6	49.6	49.5	Alto	0	0
224	0	Masculino	66.2	165	0	169	259	0	0	0	\N	t	0	f	f	f	f	f	2024-03-14			0			f	\N	0	0	0	5.1	171	186	f	f		0	0	0	Alto	0	0
161	47	Feminino	44	178	0	44	125	0	0	0	\N	t	0	f	f	f	f	f	2024-03-10			0			f	\N	0	44	0	445	126	68	f	f		68.4	122	14	Alto	0	0
166	47	Feminino	44	178	0	44	125	0	0	0	\N	t	0	f	f	f	f	f	2024-03-10			0			f	\N	0	44	0	445	126	68	f	f		69.66	1122.5	11.55	Alto	0	0
151	47	Feminino	98	178	0	44	444	0	0	0	\N	t	0	f	f	f	f	f	2024-03-01			0			f	\N	0	4	0	44	444	44	f	f		48.6	44	49.5	Alto	0	0
346	53	Masculino	68.3	174	0	105	170	0	0	0	\N	t	0	f	f	f	f	f	2024-04-16			0			f	\N	0	2	0	3.4	101	94	f	f		0	32	5.1	N├úo se sabe	0	0
254	69	Feminino	106	159	0	122	173	0	0	0	\N	t	0	f	f	f	f	f	2024-03-14			0			f	\N	0	0	0	3.1	79	189	f	f		0	41	5.9	Alto	0	0
259	61	Feminino	105	163	0	114	165	0	0	0	\N	t	0	f	f	f	f	f	2024-03-14			0			f	\N	0	1	0	3.7	83	187	f	f		0	45	6.2	Alto	0	0
229	66	Masculino	72.1	167	0	137	168	0	0	0	\N	t	0	f	f	f	f	f	2024-03-14			0			f	\N	0	1	0	4.1	91	182	f	f		0	32	5.1	Alto	0	0
239	58	Feminino	88.4	153	0	136	158	0	0	0	\N	t	0	f	f	f	f	f	2024-03-14			0			f	\N	0	0	0	2.4	24	344	f	f		0	0	0	Alto	0	0
244	78	Masculino	87	170	0	187	108	0	0	0	\N	t	0	f	f	f	f	f	2024-03-14			0			f	\N	0	0	0	3	51	106	f	f		0	38	5.6	Alto	0	0
249	65	Masculino	78.4	174	0	118	98	0	0	0	\N	t	0	f	f	f	f	f	2024-03-14			0			f	\N	0	0	0	3.2	32	177	f	f		0	46	6.4	Alto	0	0
278	64	Feminino	63	156	0	115	174	0	0	0	\N	t	0	f	f	f	f	f	2024-03-14			0			f	\N	0	0	0	3.1	53	325	f	f		0	31	5	Alto	0	0
287	56	Masculino	91.6	173	0	91	178	0	0	0	\N	t	0	f	f	f	f	f	2024-03-14			0			f	\N	0	0	0	5.8	85	314	f	f		0	40	5.8	Alto	0	0
146	47	Feminino	98	178	0	44	444	0	0	0	\N	t	0	f	f	f	f	f	2024-03-01			0			f	\N	0	4	0	48.6	444	44	f	f		44	44	44	Alto	0	0
152	47	Feminino	98	178	0	44	444	0	0	0	\N	t	0	f	f	f	f	f	2024-03-01			0			f	\N	0	4	0	44	444	44	f	f		48.6	49.6	49.5	Alto	0	0
174	22	Masculino	85	154	0	145	154	0	0	0	\N	t	0	f	f	f	f	f	2024-03-12			0			f	\N	0	4	0	121	128	120	f	f		72.5	21	12	Alto	0	0
184	48	Masculino	59.3	173	0	0	142	0	0	0	\N	t	0	f	f	f	f	f	2024-03-13			0			f	\N	0	0	0	3.4	81	100	f	f		0	0	0	Alto	0	0
162	47	Feminino	44	178	0	44	125	0	0	0	\N	t	0	f	f	f	f	f	2024-03-10			0			f	\N	0	44	0	445	126	68	f	f		68.4	122	12	Alto	0	0
554	42	Feminino	84.2	165	0	97	170	0	0	0	\N	t	0	f	f	f	f	f	2024-05-27			0			f	\N	0	0	0	3.2	99	89	f	f		0	35	5.4	N├úo se sabe	0	0
559	68	Masculino	62.6	167	0	100	105	0	0	0	\N	t	0	f	f	f	f	f	2024-05-27			0			f	\N	0	3	0	2.7	50	78	f	f		0	42	6	N├úo se sabe	0	0
230	66	Masculino	72.1	167	0	137	168	0	0	0	\N	t	0	f	f	f	f	f	2024-03-14			0			f	\N	0	1	0	4.1	91	182	f	f		0	32	5.1	Alto	0	0
240	58	Feminino	90.7	153	0	153	206	0	0	0	\N	t	0	f	f	f	f	f	2024-03-14			0			f	\N	0	0	0	2.6	102	133	f	f		0	35	5.4	Alto	0	0
245	78	Masculino	87	170	0	187	108	0	0	0	\N	t	0	f	f	f	f	f	2024-03-14			0			f	\N	0	0	0	3	51	106	f	f		0	38	5.6	Alto	0	0
255	69	Feminino	110.2	159	0	124	158	0	0	0	\N	t	0	f	f	f	f	f	2024-03-14			0			f	\N	0	0	0	3.7	97	164	f	f		0	0	0	Alto	0	0
284	53	Masculino	72.5	162	0	117	255	0	0	0	\N	t	0	f	f	f	f	f	2024-03-14			0			f	\N	0	0	0	9.9	0	598	f	f		0	38	5.6	Alto	0	0
147	47	Feminino	98	178	0	44	444	0	0	0	\N	t	0	f	f	f	f	f	2024-03-01			0			f	\N	0	4	0	48.6	444	44	f	f		44	44	44	Alto	0	0
153	47	Feminino	98	178	0	44	444	0	0	0	\N	t	0	f	f	f	f	f	2024-03-01			0			f	\N	0	4	0	44	444	44	f	f		48.6	49.6	49.5	Alto	0	0
158	47	Feminino	44	178	0	44	125	0	0	0	\N	t	0	f	f	f	f	f	2024-03-01			0			f	\N	0	44	0	445	125	65	f	f		12	12	12	Alto	0	0
163	47	Feminino	44	178	0	44	125	0	0	0	\N	t	0	f	f	f	f	f	2024-03-10			0			f	\N	0	44	0	445	126	68	f	f		68.4	122	11.4	Alto	0	0
168	88	Feminino	98	175	0	144	147	0	0	0	\N	t	0	f	f	f	f	f	2024-03-11			0			f	\N	0	4	0	123	145	165	f	f		68.6	20	13	Alto	0	0
175	22	Masculino	85	154	0	145	154	0	0	0	\N	t	0	f	f	f	f	f	2024-03-12			0			f	\N	0	4	0	121	128	120	f	f		72.5	21	12	Alto	0	0
180	0	Feminino	65.4	162	0	135	116	0	0	0	\N	t	0	f	f	f	f	f	2024-03-13			0			f	\N	0	0	0	2.4	23	228	f	f		68	22	13	Alto	0	0
560	58	Masculino	97.1	180	0	130	166	0	0	0	\N	t	0	f	f	f	f	f	2024-05-27			0			f	\N	0	3	0	3.3	101	77	f	f		0	43	6.1	N├úo se sabe	0	0
231	66	Masculino	0	167	0	117	165	0	0	0	\N	t	0	f	f	f	f	f	2024-03-14			0			f	\N	0	0	0	4.4	108	99	f	f		0	0	0	Alto	0	0
215	21	Feminino	61.7	153	0	115	0	0	0	0	\N	t	0	f	f	f	f	f	2024-03-13			0			f	\N	0	1	0	0	0	0	f	f		0	31	5	Alto	0	0
565	45	Masculino	64.2	166	0	107	167	0	0	0	\N	t	0	f	f	f	f	f	2024-05-27			0			f	\N	0	3	0	2.4	82	84	f	f		0	33	5.2	N├úo se sabe	0	0
266	56	Feminino	61.5	150	0	120	121	0	0	0	\N	t	0	f	f	f	f	f	2024-03-14			0			f	\N	0	0	0	4.9	28	389	f	f		0	0	0	Alto	0	0
271	52	Feminino	86.6	161	0	140	175	0	0	0	\N	t	0	f	f	f	f	f	2024-03-14			0			f	\N	0	0	0	4.4	84	253	f	f		0	48	6.5	Alto	0	0
288	56	Masculino	91.6	173	0	91	178	0	0	0	\N	t	0	f	f	f	f	f	2024-03-14			0			f	\N	0	0	0	5.8	85	314	f	f		0	40	5.8	Alto	0	0
292	45	Masculino	96.2	180	0	146	171	0	0	0	\N	t	0	f	f	f	f	f	2024-03-14			0			f	\N	0	0	0	5	108	141	f	f		0	0	0	Alto	0	0
148	47	Feminino	98	178	0	44	444	0	0	0	\N	t	0	f	f	f	f	f	2024-03-01			0			f	\N	0	4	0	44	444	44	f	f		44	44	44	Alto	0	0
154	47	Feminino	98	178	0	44	444	0	0	0	\N	t	0	f	f	f	f	f	2024-03-01			0			f	\N	0	4	0	44	444	44	f	f		89.6	49.6	49.5	Alto	0	0
159	47	Feminino	44	178	0	44	125	0	0	0	\N	t	0	f	f	f	f	f	2024-03-09			0			f	\N	0	44	0	445	126	68	f	f		69.5	130	13	Alto	0	0
164	47	Feminino	44	178	0	44	125	0	0	0	\N	t	0	f	f	f	f	f	2024-03-10			0			f	\N	0	44	0	445	126	68	f	f		69.66	122	11.4	Alto	0	0
171	88	Feminino	98	175	0	144	147	0	0	0	\N	t	0	f	f	f	f	f	2024-03-12			0			f	\N	0	4	0	123	145	165	f	f		68.6	20	13	Alto	0	0
176	64	Feminino	66.2	153	0	130	235	0	0	0	\N	t	0	f	f	f	f	f	2024-03-12			0			f	\N	0	0	0	5.1	115	368	f	f		68.3	0	0	Alto	0	0
350	51	Masculino	76.5	169	0	144	144	0	0	0	\N	t	0	f	f	f	f	f	2024-04-16			0			f	\N	0	1	0	4.3	69	209	f	f		0	41	5.9	N├úo se sabe	0	0
186	48	Masculino	75	174	0	45	174	0	0	0	\N	t	0	f	f	f	f	f	2024-03-13			0			f	\N	0	4	0	444	147	147	f	f		68	21	13	Alto	0	0
232	66	Masculino	0	167	0	117	165	0	0	0	\N	t	0	f	f	f	f	f	2024-03-14			0			f	\N	0	0	0	4.4	108	99	f	f		0	0	0	Alto	0	0
237	0	Feminino	88.4	153	0	136	158	0	0	0	\N	t	0	f	f	f	f	f	2024-03-14			0			f	\N	0	0	0	2.4	24	344	f	f		0	0	0	Alto	0	0
262	57	Masculino	82	186	0	144	121	0	0	0	\N	t	0	f	f	f	f	f	2024-03-14			0			f	\N	0	0	0	4.4	67	137	f	f		0	0	0	Alto	0	0
267	56	Feminino	65.9	150	0	140	140	0	0	0	\N	t	0	f	f	f	f	f	2024-03-14			0			f	\N	0	0	0	7.9	0	426	f	f		0	0	0	Alto	0	0
281	47	Masculino	126.6	177	0	172	132	0	0	0	\N	t	0	f	f	f	f	f	2024-03-14			0			f	\N	0	0	0	2.6	36	225	f	f		0	0	0	Alto	0	0
289	47	Masculino	126.6	177	0	172	132	0	0	0	\N	t	0	f	f	f	f	f	2024-03-14			0			f	\N	0	0	0	2.6	36	225	f	f		0	41	5.9	Alto	0	0
149	47	Feminino	98	178	0	44	444	0	0	0	\N	t	0	f	f	f	f	f	2024-03-01			0			f	\N	0	4	0	44	444	44	f	f		44	44	44	Alto	0	0
356	55	Masculino	81.6	168	0	165	217	0	0	0	\N	t	0	f	f	f	f	f	2024-04-16			0			f	\N	0	1	0	3.1	129	88	f	f		0	35	5.3	N├úo se sabe	0	0
561	62	Masculino	60.6	172	0	125	122	0	0	0	\N	t	0	f	f	f	f	f	2024-05-27			0			f	\N	0	3	0	2.7	50	134	f	f		0	47	6.5	N├úo se sabe	0	0
566	45	Masculino	64.2	166	0	107	167	0	0	0	\N	t	0	f	f	f	f	f	2024-05-27			0			f	\N	0	3	0	2.4	82	84	f	f		0	33	5.2	N├úo se sabe	0	0
338	54	Feminino	41.2	136	0	149	0	0	0	0	\N	t	0	f	f	f	f	f	2024-04-16			0			f	\N	0	1	0	0	0	0	f	f		0	0	0	N├úo se sabe	0	0
150	47	Feminino	98	178	0	44	444	0	0	0	\N	t	0	f	f	f	f	f	2024-03-01			0			f	\N	0	4	0	44	444	44	f	f		48.6	44	44	Alto	0	0
155	47	Feminino	98	178	0	44	444	0	0	0	\N	t	0	f	f	f	f	f	2024-03-01			0			f	\N	0	4	0	44	444	44	f	f		89.6	49.6	49.5	Alto	0	0
160	47	Feminino	44	178	0	44	125	0	0	0	\N	t	0	f	f	f	f	f	2024-03-09			0			f	\N	0	44	0	445	126	68	f	f		69.5	130	14	Alto	0	0
165	47	Feminino	44	178	0	44	125	0	0	0	\N	t	0	f	f	f	f	f	2024-03-10			0			f	\N	0	44	0	445	126	68	f	f		69.66	122	11.55	Alto	0	0
339	54	Feminino	41.2	136	0	149	0	0	0	0	\N	t	0	f	f	f	f	f	2024-04-16			0			f	\N	0	1	0	0	0	0	f	f		0	0	0	N├úo se sabe	0	0
177	64	Feminino	66.2	153	0	130	235	0	0	0	\N	t	0	f	f	f	f	f	2024-03-12			0			f	\N	0	0	0	5.1	115	368	f	f		68.3	0	0	Alto	0	0
182	47	Feminino	85	175	0	44	175	0	0	0	\N	t	0	f	f	f	f	f	2024-03-13			0			f	\N	0	4	0	98	142	100	f	f		68.3	20	4	Alto	0	0
575	82	Masculino	0	0	0	110	187	0	0	0	\N	t	0	f	f	f	f	f	2024-05-27			0			f	\N	0	0	0	4.1	109	159	f	f		0	40	5.8	N├úo se sabe	0	0
228	71	Feminino	82.4	167	0	139	187	0	0	0	\N	t	0	f	f	f	f	f	2024-03-14			0			f	\N	0	0	0	7.8	108	389	f	f		0	0	0	Alto	0	0
233	66	Masculino	72.1	167	0	137	168	0	0	0	\N	t	0	f	f	f	f	f	2024-03-14			0			f	\N	0	1	0	4.1	91	182	f	f		0	32	5.1	Alto	0	0
238	0	Feminino	88.4	153	0	136	158	0	0	0	\N	t	0	f	f	f	f	f	2024-03-14			0			f	\N	0	0	0	2.4	24	344	f	f		0	0	0	Alto	0	0
243	78	Masculino	88.3	170	0	144	116	0	0	0	\N	t	0	f	f	f	f	f	2024-03-14			0			f	\N	0	1	0	2.8	53	112	f	f		0	0	0	Alto	0	0
248	65	Masculino	73.7	174	0	114	78	0	0	0	\N	t	0	f	f	f	f	f	2024-03-14			0			f	\N	0	0	0	3.1	22	155	f	f		0	0	0	Alto	0	0
253	69	Feminino	110.2	159	0	124	158	0	0	0	\N	t	0	f	f	f	f	f	2024-03-14			0			f	\N	0	0	0	3.7	97	164	f	f		0	0	0	Alto	0	0
258	61	Feminino	110.2	163	0	126	146	0	0	0	\N	t	0	f	f	f	f	f	2024-03-14			0			f	\N	0	1	0	3.3	74	143	f	f		0	0	0	Alto	0	0
263	57	Masculino	99.3	186	0	118	159	0	0	0	\N	t	0	f	f	f	f	f	2024-03-14			0			f	\N	0	0	0	4.7	94	155	f	f		0	31	5	Alto	0	0
282	55	Masculino	0	0	0	0	208	0	0	0	\N	t	0	f	f	f	f	f	2024-03-14			0			f	\N	0	0	0	0	0	0	f	f		0	70	8.5	Alto	0	0
372	39	Feminino	83.4	153	0	137	189	0	0	0	\N	t	0	f	f	f	f	f	2024-04-19			0			f	\N	0	0	0	4	123	94	f	f		0	33	5.2	N├úo se sabe	0	0
389	40	Masculino	64.7	159	0	110	142	0	0	0	\N	t	0	f	f	f	f	f	2024-04-19			0			f	\N	0	0	0	2.5	51	173	f	f		0	30	4.9	N├úo se sabe	0	0
378	46	Feminino	65.7	159	0	126	199	0	0	0	\N	t	0	f	f	f	f	f	2024-04-19			0			f	\N	0	0	0	0	0	650	f	f		0	34	5.3	N├úo se sabe	0	0
383	55	Masculino	97.9	166	0	175	215	0	0	0	\N	t	0	f	f	f	f	f	2024-04-19			0			f	\N	0	0	0	4.5	97	345	f	f		0	35	5.3	N├úo se sabe	0	0
391	47	Masculino	71.5	152	0	120	203	0	0	0	\N	t	0	f	f	f	f	f	2024-04-19			0			f	\N	0	0	0	3.5	124	110	f	f		0	34	5.3	N├úo se sabe	0	0
397	46	Feminino	66.7	161	0	142	151	0	0	0	\N	t	0	f	f	f	f	f	2024-04-19			0			f	\N	0	0	0	2.6	62	152	f	f		0	35	5.4	N├úo se sabe	0	0
387	46	Feminino	65.7	159	0	126	199	0	0	0	\N	t	0	f	f	f	f	f	2024-04-19			0			f	\N	0	0	0	0	0	650	f	f		0	34	5.3	N├úo se sabe	0	0
406	39	Feminino	67.6	140	0	120	230	0	0	0	\N	t	0	f	f	f	f	f	2024-04-19			0			f	\N	0	0	0	3.4	119	217	f	f		0	29	4.8	N├úo se sabe	0	0
395	45	Masculino	93.6	151	0	149	144	0	0	0	\N	t	0	f	f	f	f	f	2024-04-19			0			f	\N	0	0	0	4	77	156	f	f		0	42	6	N├úo se sabe	0	0
408	47	Masculino	53	152	0	127	159	0	0	0	\N	t	0	f	f	f	f	f	2024-04-19			0			f	\N	0	0	0	4.7	87	194	f	f		0	29	4.8	N├úo se sabe	0	0
409	46	Feminino	57.7	161	0	137	214	0	0	0	\N	t	0	f	f	f	f	f	2024-04-19			0			f	\N	0	0	0	0	0	650	f	f		0	36	5.4	N├úo se sabe	0	0
340	54	Feminino	41.2	136	0	149	0	0	0	0	\N	t	0	f	f	f	f	f	2024-04-16			0			f	\N	0	1	0	0	0	0	f	f		0	0	0	N├úo se sabe	0	0
347	53	Masculino	68.3	174	0	105	170	0	0	0	\N	t	0	f	f	f	f	f	2024-04-16			0			f	\N	0	2	0	3.4	101	94	f	f		0	32	5.1	N├úo se sabe	0	0
352	54	Masculino	63.3	159	0	88	150	0	0	0	\N	t	0	f	f	f	f	f	2024-04-16			0			f	\N	0	2	0	3.5	88	96	f	f		0	30	4.9	N├úo se sabe	0	0
588	56	Masculino	0	0	0	0	208	0	0	0	\N	t	0	f	f	f	f	f	2024-05-28			0			f	\N	0	0	0	0	0	0	f	f		0	70	8.5	N├úo se sabe	0	0
373	39	Feminino	83.4	153	0	137	189	0	0	0	\N	t	0	f	f	f	f	f	2024-04-19			0			f	\N	0	0	0	4	123	94	f	f		0	33	5.2	N├úo se sabe	0	0
593	70	Masculino	0	0	0	128	159	0	0	0	\N	t	0	f	f	f	f	f	2024-05-28			0			f	\N	0	0	0	2.4	68	118	f	f		0	33	5.1	N├úo se sabe	0	0
384	48	Feminino	67.3	158	0	141	161	0	0	0	\N	t	0	f	f	f	f	f	2024-04-19			0			f	\N	0	0	0	3.2	81	146	f	f		0	35	5.3	N├úo se sabe	0	0
388	39	Feminino	67.6	140	0	120	230	0	0	0	\N	t	0	f	f	f	f	f	2024-04-19			0			f	\N	0	0	0	3.4	119	217	f	f		0	29	4.8	N├úo se sabe	0	0
390	39	Feminino	83.4	153	0	137	189	0	0	0	\N	t	0	f	f	f	f	f	2024-04-19			0			f	\N	0	0	0	4	123	94	f	f		0	33	5.2	N├úo se sabe	0	0
400	62	Masculino	92.4	173	0	159	162	0	0	0	\N	t	0	f	f	f	f	f	2024-04-19			0			f	\N	0	0	0	3.2	74	190	f	f		0	38	5.6	N├úo se sabe	0	0
405	39	Feminino	67.6	140	0	120	230	0	0	0	\N	t	0	f	f	f	f	f	2024-04-19			0			f	\N	0	0	0	3.4	119	217	f	f		0	29	4.8	N├úo se sabe	0	0
407	47	Masculino	0	152	0	127	159	0	0	0	\N	t	0	f	f	f	f	f	2024-04-19			0			f	\N	0	0	0	4.7	87	194	f	f		0	29	4.8	N├úo se sabe	0	0
300	54	Masculino	64.2	164	0	141	171	0	0	0	\N	t	0	f	f	f	f	f	2024-03-14			0			f	\N	0	0	0	4.2	87	217	f	f		0	0	0	Alto	0	0
296	56	Feminino	76.6	152	0	133	210	0	0	0	\N	t	0	f	f	f	f	f	2024-03-14			0			f	\N	0	0	0	4.5	101	310	f	f		0	41	5.9	Alto	0	0
301	54	Masculino	64.2	163	0	141	171	0	0	0	\N	t	0	f	f	f	f	f	2024-03-14			0			f	\N	0	0	0	4.2	87	217	f	f		0	0	0	Alto	0	0
348	54	Feminino	41.2	136	0	149	184	0	0	0	\N	t	0	f	f	f	f	f	2024-04-16			0			f	\N	0	1	0	2.2	83	91	f	f		0	40	5.9	N├úo se sabe	0	0
353	54	Masculino	63.3	159	0	88	150	0	0	0	\N	t	0	f	f	f	f	f	2024-04-16			0			f	\N	0	2	0	3.5	88	96	f	f		0	30	4.9	N├úo se sabe	0	0
307	53	Masculino	72.5	162	0	117	255	0	0	0	\N	t	0	f	f	f	f	f	2024-04-03			0			f	\N	0	0	0	9.9	0	598	f	f		0	38	5.6	Alto	0	0
302	47	Masculino	125.2	180	0	147	119	0	0	0	\N	t	0	f	f	f	f	f	2024-03-16			0			f	\N	0	0	0	2.3	21	228	f	f		0	0	0	Alto	0	0
303	47	Masculino	125.2	180	0	147	119	0	0	0	\N	t	0	f	f	f	f	f	2024-03-16			0			f	\N	0	0	0	2.3	21	228	f	f		0	0	0	Alto	0	0
304	47	Masculino	125.2	180	0	147	119	0	0	0	\N	t	0	f	f	f	f	f	2024-03-22			0			f	\N	0	0	0	2.3	21	228	f	f		0	0	0	Alto	0	0
305	47	Masculino	126.6	177	0	172	132	0	0	0	\N	t	0	f	f	f	f	f	2024-04-03			0			f	\N	0	0	0	2.6	36	225	f	f		0	41	5.9	Alto	0	0
309	53	Masculino	72.5	162	0	117	255	0	0	0	\N	t	0	f	f	f	f	f	2024-04-03			0			f	\N	0	4	0	9.9	0	598	f	f		0	38	5.6	Alto	0	0
306	47	Masculino	126.6	177	0	172	132	0	0	0	\N	t	0	f	f	f	f	f	2024-04-03			0			f	\N	0	0	0	2.6	36	225	f	f		0	41	5.9	Alto	0	0
311	47	Masculino	126.6	177	0	172	132	0	0	0	\N	t	0	f	f	f	f	f	2024-04-03			0			f	\N	0	0	0	2.6	36	225	f	f		0	41	5.9	Alto	0	0
308	53	Masculino	72.5	162	0	117	255	0	0	0	\N	t	0	f	f	f	f	f	2024-04-03			0			f	\N	0	4	0	9.9	0	598	f	f		0	38	5.6	Alto	0	0
310	53	Masculino	72.5	162	0	117	255	0	0	0	\N	t	0	f	f	f	f	f	2024-04-03			0			f	\N	0	4	0	9.9	0	598	f	f		0	38	5.6	Alto	0	0
314	8	Masculino	95	174	0	147	1444	0	0	0	\N	t	0	f	f	f	f	f	2024-04-13			0			f	\N	0	4	0	125	144	144	f	f		91.3	0.1	60	Alto	0	0
316	0	Masculino	0	174	0	147	144	0	0	0	\N	t	0	f	f	f	f	f	2024-04-13			0			f	\N	0	4	0	144	144	144	f	f		68.35	20.3	4.3	Alto	0	0
317	0	Masculino	0	174	0	147	144	0	0	0	\N	t	0	f	f	f	f	f	2024-04-13			0			f	\N	0	4	0	144	144	144	f	f		68.35	20.3	4.3	Alto	0	0
333	44	Masculino	47	158	0	47	444	0	0	0	\N	t	0	f	f	f	f	f	2024-04-15			0			f	\N	0	4	0	444	444	444	f	f		69	21	13	N├úo se sabe	0	0
320	0	Feminino	95	142	0	144	478	0	0	0	\N	t	0	f	f	f	f	f	2024-04-13			0			f	\N	0	4	0	44	478	478	f	f		68	20	13	Alto	0	0
321	47	Masculino	126.6	177	0	172	132	0	0	0	\N	t	0	f	f	f	f	f	2024-04-13			0			f	\N	0	4	0	2.6	36	225	f	f		0	41	5.9	Alto	0	0
322	47	Masculino	126.6	177	0	172	132	0	0	0	\N	t	0	f	f	f	f	f	2024-04-13			0			f	\N	0	4	0	2.6	36	225	f	f		0	41	5.9	Alto	0	0
323	44	Masculino	74.9	161	0	134	0	0	0	0	\N	t	0	f	f	f	f	f	2024-04-15			0			f	\N	0	0	0	0	0	0	f	f		0	34	5.2	N├úo se sabe	0	0
324	44	Masculino	74.9	161	0	134	0	0	0	0	\N	t	0	f	f	f	f	f	2024-04-15			0			f	\N	0	0	0	0	0	0	f	f		0	34	5.2	N├úo se sabe	0	0
325	44	Masculino	74.9	161	0	134	0	0	0	0	\N	t	0	f	f	f	f	f	2024-04-15			0			f	\N	0	0	0	0	0	0	f	f		0	34	5.2	N├úo se sabe	0	0
326	44	Masculino	74.9	161	0	134	0	0	0	0	\N	t	0	f	f	f	f	f	2024-04-15			0			f	\N	0	0	0	0	0	0	f	f		0	34	5.2	N├úo se sabe	0	0
327	44	Masculino	74.9	161	0	134	0	0	0	0	\N	t	0	f	f	f	f	f	2024-04-15			0			f	\N	0	0	0	0	0	0	f	f		0	34	5.2	N├úo se sabe	0	0
328	44	Masculino	74.9	161	0	134	0	0	0	0	\N	t	0	f	f	f	f	f	2024-04-15			0			f	\N	0	0	0	0	0	0	f	f		0	34	5.2	N├úo se sabe	0	0
329	44	Masculino	74.9	161	0	134	0	0	0	0	\N	t	0	f	f	f	f	f	2024-04-15			0			f	\N	0	0	0	0	0	0	f	f		0	34	5.2	N├úo se sabe	0	0
349	59	Masculino	85.4	168	0	150	179	0	0	0	\N	t	0	f	f	f	f	f	2024-04-16			0			f	\N	0	1	0	5.4	76	384	f	f		0	35	5.4	N├úo se sabe	0	0
334	44	Masculino	47	158	0	47	444	0	0	0	\N	t	0	f	f	f	f	f	2024-04-15			0			f	\N	0	4	0	444	444	444	f	f		69	21	13	N├úo se sabe	0	0
331	44	Masculino	47	158	0	47	444	0	0	0	\N	t	0	f	f	f	f	f	2024-04-15			0			f	\N	0	4	0	444	444	444	f	f		69	21	13	N├úo se sabe	0	0
332	44	Masculino	47	158	0	47	444	0	0	0	\N	t	0	f	f	f	f	f	2024-04-15			0			f	\N	0	4	0	444	444	444	f	f		69	21	13	N├úo se sabe	0	0
362	55	Feminino	60.4	148	0	112	168	0	0	0	\N	t	0	f	f	f	f	f	2024-04-16			0			f	\N	0	2	0	3.9	107	92	f	f		0	35	5.3	N├úo se sabe	0	0
371	39	Feminino	83.4	153	0	137	189	0	0	0	\N	t	0	f	f	f	f	f	2024-04-19			0			f	\N	0	0	0	4	123	94	f	f		0	33	5.2	N├úo se sabe	0	0
382	55	Masculino	97.9	166	0	175	215	0	0	0	\N	t	0	f	f	f	f	f	2024-04-19			0			f	\N	0	0	0	4.5	97	345	f	f		0	35	5.3	N├úo se sabe	0	0
622	48	Feminino	0	0	0	0	0	0	0	0	\N	t	0	f	f	f	f	f	2024-06-14			0			f	\N	0	0	0	0	0	0	f	f		0	0	0	N├úo se sabe	0	0
532	57	Masculino	98	186	0	144	121	0	0	0	\N	t	0	f	f	f	f	f	2024-05-26			0			f	\N	0	0	0	4.4	67	137	f	f		0	0	0	N├úo se sabe	0	0
562	58	Masculino	86.7	170	0	129	112	0	0	0	\N	t	0	f	f	f	f	f	2024-05-27			0			f	\N	0	3	0	3	26	244	f	f		0	46	6.4	N├úo se sabe	0	0
590	56	Masculino	97.9	165	0	123	208	0	0	0	\N	t	0	f	f	f	f	f	2024-05-28			0			f	\N	0	0	0	0	0	0	f	f		0	70	8.5	N├úo se sabe	0	0
603	64	Masculino	90.3	179	0	111	143	0	0	0	\N	t	0	f	f	f	f	f	2024-05-28			0			f	\N	0	3	0	2.4	62	114	f	f		0	37	5.5	N├úo se sabe	0	0
619	53	Feminino	77.8	161	0	141	181	0	0	0	\N	t	0	f	f	f	f	f	2024-06-03			0			f	\N	0	0	0	4.3	102	185	f	f		0	0	0	N├úo se sabe	0	0
540	65	Masculino	103.2	171	0	128	198	0	0	0	\N	t	0	f	f	f	f	f	2024-05-27			0			f	\N	0	2	0	4.6	120	180	f	f		0	37	5.5	N├úo se sabe	0	0
552	54	Masculino	75.2	165	0	140	174	0	0	0	\N	t	0	f	f	f	f	f	2024-05-27			0			f	\N	0	0	0	4.4	92	213	f	f		0	37	5.5	N├úo se sabe	0	0
563	62	Masculino	60.6	172	0	125	122	0	0	0	\N	t	0	f	f	f	f	f	2024-05-27			0			f	\N	0	3	0	2.7	50	134	f	f		0	47	6.5	N├úo se sabe	0	0
569	57	Feminino	65.9	150	0	140	140	0	0	0	\N	t	0	f	f	f	f	f	2024-05-27			0			f	\N	0	0	0	7.9	0	426	f	f		0	47	6.5	N├úo se sabe	0	0
573	69	Feminino	106	159	0	122	173	0	0	0	\N	t	0	f	f	f	f	f	2024-05-27			0			f	\N	0	0	0	3.1	79	189	f	f		0	41	5.9	N├úo se sabe	0	0
629	43	Masculino	52	156	0	106	185	0	0	0	\N	t	0	f	f	f	f	f	2024-06-27			0			f	\N	0	5	0	3.9	80	290	f	f		0	31	5	N├úo se sabe	0	0
418	55	Masculino	97.9	166	0	175	215	0	0	0	\N	t	0	f	f	f	f	f	2024-04-20			0			f	\N	0	4	0	4.5	97	345	f	f		0	35	5.3	N├úo se sabe	0	0
419	42	Feminino	87.8	159	0	125	146	0	0	0	\N	t	0	f	f	f	f	f	2024-04-20			0			f	\N	0	3	0	2.8	44	254	f	f		0	46	6.3	N├úo se sabe	0	0
410	46	Feminino	57.7	161	0	137	214	0	0	0	\N	t	0	f	f	f	f	f	2024-04-19			0			f	\N	0	0	0	0	0	650	f	f		0	36	5.4	N├úo se sabe	0	0
420	39	Feminino	83.4	153	0	137	189	0	0	0	\N	t	0	f	f	f	f	f	2024-04-20			0			f	\N	0	3	0	4	123	94	f	f		0	33	5.2	N├úo se sabe	0	0
421	62	Masculino	92.4	173	0	159	162	0	0	0	\N	t	0	f	f	f	f	f	2024-04-20			0			f	\N	0	5	0	3.2	74	190	f	f		0	38	5.6	N├úo se sabe	0	0
422	54	Feminino	68.3	162	0	154	198	0	0	0	\N	t	0	f	f	f	f	f	2024-04-20			0			f	\N	0	5	0	3.1	85	246	f	f		0	41	5.9	N├úo se sabe	0	0
411	46	Feminino	57.7	161	0	137	214	0	0	0	\N	t	0	f	f	f	f	f	2024-04-20			0			f	\N	0	6	0	0	0	650	f	f		0	36	5.4	N├úo se sabe	0	0
423	45	Masculino	93.6	151	0	149	144	0	0	0	\N	t	0	f	f	f	f	f	2024-04-20			0			f	\N	0	5	0	4	77	156	f	f		0	42	6	N├úo se sabe	0	0
424	48	Feminino	67.3	158	0	141	161	0	0	0	\N	t	0	f	f	f	f	f	2024-04-20			0			f	\N	0	4	0	3.2	81	146	f	f		0	35	5.3	N├úo se sabe	0	0
412	46	Feminino	66.7	161	0	142	151	0	0	0	\N	t	0	f	f	f	f	f	2024-04-20			0			f	\N	0	0	0	2.6	62	152	f	f		0	35	5.4	N├úo se sabe	0	0
413	46	Feminino	66.7	161	0	142	151	0	0	0	\N	t	0	f	f	f	f	f	2024-04-20			0			f	\N	0	4	0	2.6	62	152	f	f		0	35	5.4	N├úo se sabe	0	0
414	46	Feminino	65.7	159	0	126	199	0	0	0	\N	t	0	f	f	f	f	f	2024-04-20			0			f	\N	0	4	0	0	0	650	f	f		0	34	5.3	N├úo se sabe	0	0
425	58	Masculino	76.9	174	0	91	134	0	0	0	\N	t	0	f	f	f	f	f	2024-04-20			0			f	\N	0	6	0	2.5	62	95	f	f		0	35	5.4	N├úo se sabe	0	0
415	48	Feminino	48.6	150	0	111	150	0	0	0	\N	t	0	f	f	f	f	f	2024-04-20			0			f	\N	0	3	0	2.1	63	82	f	f		0	27	4.7	N├úo se sabe	0	0
426	43	Masculino	52	156	0	106	185	0	0	0	\N	t	0	f	f	f	f	f	2024-04-20			0			f	\N	0	5	0	3.9	80	290	f	f		0	31	5	N├úo se sabe	0	0
416	47	Masculino	48	152	0	127	159	0	0	0	\N	t	0	f	f	f	f	f	2024-04-20			0			f	\N	0	0	0	4.7	87	194	f	f		0	29	4.8	N├úo se sabe	0	0
417	53	Feminino	66.1	140	0	83	199	0	0	0	\N	t	0	f	f	f	f	f	2024-04-20			0			f	\N	0	5	0	3.8	88	290	f	f		0	46	6.3	N├úo se sabe	0	0
427	47	Masculino	48	152	0	127	159	0	0	0	\N	t	0	f	f	f	f	f	2024-04-20			0			f	\N	0	4	0	4.7	87	194	f	f		0	29	4.8	N├úo se sabe	0	0
428	40	Feminino	97.5	171	0	107	161	0	0	0	\N	t	0	f	f	f	f	f	2024-04-24			0			f	\N	0	0	0	3.4	87	134	f	f		0	33	5.2	N├úo se sabe	0	0
429	40	Feminino	97.5	171	0	107	161	0	0	0	\N	t	0	f	f	f	f	f	2024-04-27			0			f	\N	0	0	0	3.4	87	134	f	f		0	33	5.2	N├úo se sabe	0	0
434	46	Feminino	66.7	161	0	142	151	0	0	0	\N	t	0	f	f	f	f	f	2024-05-07			0			f	\N	0	4	0	2.6	62	152	f	f		0	35	5.4	N├úo se sabe	0	0
431	35	Feminino	76	133	0	144	144	0	0	0	\N	t	0	f	f	f	f	f	2024-04-29			0			f	\N	0	4	0	121	125	122	f	f		69	45	13	N├úo se sabe	0	0
435	53	Feminino	66.1	140	0	83	199	0	0	0	\N	t	0	f	f	f	f	f	2024-05-07			0			f	\N	0	5	0	3.8	88	290	f	f		0	46	6.3	N├úo se sabe	0	0
432	48	Feminino	77.1	156	0	146	201	0	0	0	\N	t	0	f	f	f	f	f	2024-05-07			0			f	\N	0	1	0	4.5	129	137	f	f		0	34	5.3	N├úo se sabe	0	0
433	37	Feminino	55.7	161	0	104	0	0	0	0	\N	t	0	f	f	f	f	f	2024-05-07			0			f	\N	0	1	0	0	0	0	f	f		0	31	5	N├úo se sabe	0	0
436	39	Feminino	83.4	153	0	137	189	0	0	0	\N	t	0	f	f	f	f	f	2024-05-07			0			f	\N	0	3	0	4	123	94	f	f		0	33	5.2	N├úo se sabe	0	0
437	54	Masculino	63.3	159	0	88	150	0	0	0	\N	t	0	f	f	f	f	f	2024-05-07			0			f	\N	0	2	0	3.5	88	96	f	f		0	30	4.9	N├úo se sabe	0	0
438	59	Masculino	75.2	153	0	126	0	0	0	0	\N	t	0	f	f	f	f	f	2024-05-07			0			f	\N	0	1	0	0	0	0	f	f		0	0	0	N├úo se sabe	0	0
439	37	Masculino	66.7	152	0	120	0	0	0	0	\N	t	0	f	f	f	f	f	2024-05-08			0			f	\N	0	0	0	0	0	0	f	f		0	36	5.5	N├úo se sabe	0	0
440	40	Feminino	67.6	140	0	120	230	0	0	0	\N	t	0	f	f	f	f	f	2024-05-08			0			f	\N	0	0	0	3.4	119	217	f	f		0	29	4.8	N├úo se sabe	0	0
441	48	Feminino	67.3	158	0	141	161	0	0	0	\N	t	0	f	f	f	f	f	2024-05-08			0			f	\N	0	4	0	3.2	81	146	f	f		0	35	5.3	N├úo se sabe	0	0
442	48	Feminino	67.3	158	0	141	161	0	0	0	\N	t	0	f	f	f	f	f	2024-05-08			0			f	\N	0	4	0	3.2	81	146	f	f		0	35	5.3	N├úo se sabe	0	0
443	53	Feminino	66.1	140	0	83	199	0	0	0	\N	t	0	f	f	f	f	f	2024-05-09			0			f	\N	0	5	0	3.8	88	290	f	f		0	46	6.3	N├úo se sabe	0	0
444	53	Feminino	66.1	140	0	83	199	0	0	0	\N	t	0	f	f	f	f	f	2024-05-09			0			f	\N	0	5	0	3.8	88	290	f	f		0	46	6.3	N├úo se sabe	0	0
445	54	Feminino	41.2	136	0	149	184	0	0	0	\N	t	0	f	f	f	f	f	2024-05-09			0			f	\N	0	1	0	2.2	83	91	f	f		0	40	5.9	N├úo se sabe	0	0
446	39	Feminino	83.4	153	0	137	189	0	0	0	\N	t	0	f	f	f	f	f	2024-05-09			0			f	\N	0	3	0	4	123	94	f	f		0	33	5.2	N├úo se sabe	0	0
447	48	Feminino	48.6	150	0	111	150	0	0	0	\N	t	0	f	f	f	f	f	2024-05-09			0			f	\N	0	3	0	2.1	63	82	f	f		0	27	4.7	N├úo se sabe	0	0
448	35	Feminino	76	133	0	144	144	0	0	0	\N	t	0	f	f	f	f	f	2024-05-18			0			f	\N	0	4	0	121	125	122	f	f		69	45	13	N├úo se sabe	0	0
449	35	Feminino	76	133	0	144	144	0	0	0	\N	t	0	f	f	f	f	f	2024-05-18			0			f	\N	0	4	0	121	125	122	f	f		69	45	13	N├úo se sabe	0	0
450	35	Feminino	76	133	0	144	144	0	0	0	\N	t	0	f	f	f	f	f	2024-05-18			0			f	\N	0	4	0	121	125	122	f	f		69	45	13	N├úo se sabe	0	0
451	35	Feminino	76	133	0	144	144	0	0	0	\N	t	0	f	f	f	f	f	2024-05-18			0			f	\N	0	4	0	121	125	122	f	f		69	45	13	N├úo se sabe	0	0
452	35	Feminino	76	133	0	144	144	0	0	0	\N	t	0	f	f	f	f	f	2024-05-18			0			f	\N	0	4	0	121	125	122	f	f		69	45	13	N├úo se sabe	0	0
454	65	Feminino	0	161	0	120	152	0	0	0	\N	t	0	f	f	f	f	f	2024-05-21			0			f	\N	0	2	0	3.2	85	95	f	f		0	39	5.7	N├úo se sabe	0	0
455	65	Feminino	0	161	0	120	152	0	0	0	\N	t	0	f	f	f	f	f	2024-05-21			0			f	\N	0	2	0	3.2	85	95	f	f		0	39	5.7	N├úo se sabe	0	0
456	65	Feminino	0	161	0	120	152	0	0	0	\N	t	0	f	f	f	f	f	2024-05-21			0			f	\N	0	2	0	3.2	85	95	f	f		0	39	5.7	N├úo se sabe	0	0
457	65	Feminino	0	161	0	120	152	0	0	0	\N	t	0	f	f	f	f	f	2024-05-21			0			f	\N	0	2	0	3.2	85	95	f	f		0	39	5.7	N├úo se sabe	0	0
458	65	Feminino	0	161	0	120	152	0	0	0	\N	t	0	f	f	f	f	f	2024-05-21			0			f	\N	0	2	0	3.2	85	95	f	f		68	39	5.7	N├úo se sabe	0	0
459	65	Feminino	0	161	0	120	152	0	0	0	\N	t	0	f	f	f	f	f	2024-05-21			0			f	\N	0	2	0	3.2	85	95	f	f		68	39	5.7	N├úo se sabe	0	0
460	65	Feminino	0	161	0	120	152	0	0	0	\N	t	0	f	f	f	f	f	2024-05-21			0			f	\N	0	2	0	3.2	85	95	f	f		68	39	5.7	N├úo se sabe	0	0
461	65	Feminino	0	161	0	120	152	0	0	0	\N	t	0	f	f	f	f	f	2024-05-21			0			f	\N	0	2	0	3.2	85	95	f	f		68	39	5.7	N├úo se sabe	0	0
462	65	Feminino	0	161	0	120	152	0	0	0	\N	t	0	f	f	f	f	f	2024-05-21			0			f	\N	0	2	0	3.2	85	95	f	f		68	39	5.7	N├úo se sabe	0	0
558	41	Feminino	119.6	163	0	107	135	0	0	0	\N	t	0	f	f	f	f	f	2024-05-27			0			f	\N	0	3	0	2.1	59	62	f	f		0	40	5.8	N├úo se sabe	0	0
498	55	Masculino	97.9	166	0	175	215	0	0	0	\N	t	0	f	f	f	f	f	2024-05-25			0			f	\N	0	4	0	4.5	97	345	f	f		0	35	5.3	N├úo se sabe	0	0
564	54	Masculino	78.3	171	0	121	113	0	0	0	\N	t	0	f	f	f	f	f	2024-05-27			0			f	\N	0	3	0	4.4	70	84	f	f		0	33	5.1	N├úo se sabe	0	0
499	46	Feminino	57.7	161	0	137	214	0	0	0	\N	t	0	f	f	f	f	f	2024-05-25			0			f	\N	0	6	0	0	0	650	f	f		0	36	5.4	N├úo se sabe	0	0
469	65	Feminino	86.3	161	0	120	152	0	0	0	\N	t	0	f	f	f	f	f	2024-05-21			0			f	\N	0	2	0	3.2	85	95	f	f		68	39	5.7	N├úo se sabe	0	0
475	62	Masculino	60.6	172	0	125	122	0	0	0	\N	t	0	f	f	f	f	f	2024-05-21			0			f	\N	0	0	0	2.7	50	134	f	f		0	47	6.5	N├úo se sabe	0	0
485	50	Feminino	77.4	154	0	126	196	0	0	0	\N	t	0	f	f	f	f	f	2024-05-25			0			f	\N	0	0	0	3.9	122	121	f	f		0	36	5.4	N├úo se sabe	0	0
476	54	Masculino	78.3	171	0	121	113	0	0	0	\N	t	0	f	f	f	f	f	2024-05-21			0			f	\N	0	0	0	4.4	70	84	f	f		0	33	5.1	N├úo se sabe	0	0
474	55	Masculino	82.4	178	0	137	178	0	0	0	\N	t	0	f	f	f	f	f	2024-05-21			0			f	\N	0	0	0	4.6	115	122	f	f		0	33	5.2	N├úo se sabe	0	0
486	53	Feminino	66.1	140	0	83	199	0	0	0	\N	t	0	f	f	f	f	f	2024-05-25			0			f	\N	0	5	0	3.8	88	290	f	f		0	46	6.3	N├úo se sabe	0	0
478	51	Masculino	76.5	169	0	144	144	0	0	0	\N	t	0	f	f	f	f	f	2024-05-23			0			f	\N	0	1	0	4.3	69	209	f	f		0	41	5.9	N├úo se sabe	0	0
479	64	Masculino	95.5	170	0	149	184	0	0	0	\N	t	0	f	f	f	f	f	2024-05-23			0			f	\N	0	20	0	6.1	100	268	f	f		0	46	6.4	N├úo se sabe	0	0
480	59	Masculino	85.4	168	0	150	179	0	0	0	\N	t	0	f	f	f	f	f	2024-05-23			0			f	\N	0	1	0	5.4	76	384	f	f		0	35	5.4	N├úo se sabe	0	0
487	40	Feminino	83.4	153	0	137	189	0	0	0	\N	t	0	f	f	f	f	f	2024-05-25			0			f	\N	0	3	0	4	123	94	f	f		0	33	5.2	N├úo se sabe	0	0
484	46	Feminino	66.7	161	0	142	151	0	0	0	\N	t	0	f	f	f	f	f	2024-05-25			0			f	\N	0	4	0	2.6	62	152	f	f		0	35	5.4	N├úo se sabe	0	0
488	47	Masculino	59	154	0	183	204	0	0	0	\N	t	0	f	f	f	f	f	2024-05-25			0			f	\N	0	0	0	3.4	121	115	f	f		0	31	5	N├úo se sabe	0	0
489	54	Masculino	63.3	159	0	88	150	0	0	0	\N	t	0	f	f	f	f	f	2024-05-25			0			f	\N	0	2	0	3.5	88	96	f	f		0	30	4.9	N├úo se sabe	0	0
490	59	Masculino	75.2	153	0	126	182	0	0	0	\N	t	0	f	f	f	f	f	2024-05-25			0			f	\N	0	1	0	3.6	106	128	f	f		0	37	5.5	N├úo se sabe	0	0
491	43	Masculino	52	156	0	106	185	0	0	0	\N	t	0	f	f	f	f	f	2024-05-25			0			f	\N	0	5	0	3.9	80	290	f	f		0	31	5	N├úo se sabe	0	0
492	54	Feminino	41.2	136	0	149	184	0	0	0	\N	t	0	f	f	f	f	f	2024-05-25			0			f	\N	0	1	0	2.2	83	91	f	f		0	40	5.9	N├úo se sabe	0	0
493	40	Feminino	67.6	140	0	120	230	0	0	0	\N	t	0	f	f	f	f	f	2024-05-25			0			f	\N	0	0	0	3.4	119	217	f	f		0	29	4.8	N├úo se sabe	0	0
494	53	Masculino	68.3	174	0	105	170	0	0	0	\N	t	0	f	f	f	f	f	2024-05-25			0			f	\N	0	2	0	3.4	101	94	f	f		0	32	5.1	N├úo se sabe	0	0
495	51	Masculino	76.5	169	0	144	144	0	0	0	\N	t	0	f	f	f	f	f	2024-05-25			0			f	\N	0	1	0	4.3	69	209	f	f		0	41	5.9	N├úo se sabe	0	0
496	47	Masculino	71.5	152	0	120	203	0	0	0	\N	t	0	f	f	f	f	f	2024-05-25			0			f	\N	0	0	0	3.5	124	110	f	f		0	34	5.3	N├úo se sabe	0	0
497	58	Masculino	76.9	174	0	91	134	0	0	0	\N	t	0	f	f	f	f	f	2024-05-25			0			f	\N	0	6	0	2.5	62	95	f	f		0	35	5.4	N├úo se sabe	0	0
500	46	Feminino	65.7	159	0	126	199	0	0	0	\N	t	0	f	f	f	f	f	2024-05-25			0			f	\N	0	4	0	0	0	650	f	f		0	34	5.3	N├úo se sabe	0	0
501	48	Feminino	48.6	150	0	111	150	0	0	0	\N	t	0	f	f	f	f	f	2024-05-25			0			f	\N	0	3	0	2.1	63	82	f	f		0	27	4.7	N├úo se sabe	0	0
502	40	Masculino	64.7	159	0	110	142	0	0	0	\N	t	0	f	f	f	f	f	2024-05-25			0			f	\N	0	0	0	2.5	51	173	f	f		0	30	4.9	N├úo se sabe	0	0
503	40	Masculino	64.7	159	0	110	142	0	0	0	\N	t	0	f	f	f	f	f	2024-05-25			0			f	\N	0	0	0	2.5	51	173	f	f		0	30	4.9	N├úo se sabe	0	0
504	62	Masculino	92.4	173	0	159	162	0	0	0	\N	t	0	f	f	f	f	f	2024-05-25			0			f	\N	0	5	0	3.2	74	190	f	f		0	38	5.6	N├úo se sabe	0	0
505	42	Feminino	87.8	159	0	125	146	0	0	0	\N	t	0	f	f	f	f	f	2024-05-25			0			f	\N	0	3	0	2.8	44	254	f	f		0	46	6.3	N├úo se sabe	0	0
506	54	Feminino	68.3	162	0	154	198	0	0	0	\N	t	0	f	f	f	f	f	2024-05-25			0			f	\N	0	5	0	3.1	85	246	f	f		0	41	5.9	N├úo se sabe	0	0
507	45	Masculino	93.6	151	0	149	144	0	0	0	\N	t	0	f	f	f	f	f	2024-05-25			0			f	\N	0	5	0	4	77	156	f	f		0	42	6	N├úo se sabe	0	0
508	48	Feminino	67.3	158	0	141	161	0	0	0	\N	t	0	f	f	f	f	f	2024-05-25			0			f	\N	0	4	0	3.2	81	146	f	f		0	35	5.3	N├úo se sabe	0	0
509	47	Feminino	92.2	0	0	135	0	0	0	0	\N	t	0	f	f	f	f	f	2024-05-25			0			f	\N	0	0	0	0	0	0	f	f		0	32	5.1	N├úo se sabe	0	0
510	47	Feminino	92.2	0	0	135	0	0	0	0	\N	t	0	f	f	f	f	f	2024-05-25			0			f	\N	0	0	0	0	0	0	f	f		0	32	5.1	N├úo se sabe	0	0
518	61	Feminino	105	163	0	114	165	0	0	0	\N	t	0	f	f	f	f	f	2024-05-25			0			f	\N	0	1	0	3.7	83	187	f	f		0	45	6.2	N├úo se sabe	0	0
583	54	Masculino	78.2	160	0	148	0	0	0	0	\N	t	0	f	f	f	f	f	2024-05-28			0			f	\N	0	0	0	0	0	0	f	f		0	36	5.5	N├úo se sabe	0	0
613	44	Masculino	65.6	156	0	106	231	0	0	0	\N	t	0	f	f	f	f	f	2024-06-03			0			f	\N	0	2	0	9.2	206	433	f	f		0	0	0	N├úo se sabe	0	0
630	40	Feminino	97.5	171	0	107	161	0	0	0	\N	t	0	f	f	f	f	f	2024-06-27			0			f	\N	0	0	0	3.4	87	134	f	f		0	33	5.2	N├úo se sabe	0	0
644	47	Masculino	48	152	0	127	159	0	0	0	\N	t	0	f	f	f	f	f	2024-06-27			0			f	\N	0	4	0	4.7	87	194	f	f		0	29	4.8	N├úo se sabe	0	0
631	40	Feminino	97.5	171	0	107	161	0	0	0	\N	t	0	f	f	f	f	f	2024-06-27			0			f	\N	0	0	0	3.4	87	134	f	f		0	33	5.2	N├úo se sabe	0	0
647	58	Masculino	76.9	174	0	91	134	0	0	0	\N	t	0	f	f	f	f	f	2024-06-27			0			f	\N	0	6	0	2.5	62	95	f	f		0	35	5.4	N├úo se sabe	0	0
632	48	Feminino	77.1	156	0	146	201	0	0	0	\N	t	0	f	f	f	f	f	2024-06-27			0			f	\N	0	1	0	4.5	129	137	f	f		0	34	5.3	N├úo se sabe	0	0
633	37	Feminino	55.7	161	0	104	0	0	0	0	\N	t	0	f	f	f	f	f	2024-06-27			0			f	\N	0	1	0	0	0	0	f	f		0	31	5	N├úo se sabe	0	0
634	53	Feminino	66.1	140	0	83	199	0	0	0	\N	t	0	f	f	f	f	f	2024-06-27			0			f	\N	0	5	0	3.8	88	290	f	f		0	46	6.3	N├úo se sabe	0	0
635	47	Masculino	59	154	0	183	204	0	0	0	\N	t	0	f	f	f	f	f	2024-06-27			0			f	\N	0	0	0	3.4	121	115	f	f		0	31	5	N├úo se sabe	0	0
636	40	Feminino	83.4	153	0	137	189	0	0	0	\N	t	0	f	f	f	f	f	2024-06-27			0			f	\N	0	3	0	4	123	94	f	f		0	33	5.2	N├úo se sabe	0	0
637	55	Masculino	63.3	159	0	88	150	0	0	0	\N	t	0	f	f	f	f	f	2024-06-27			0			f	\N	0	2	0	3.5	88	96	f	f		0	30	4.9	N├úo se sabe	0	0
645	42	Masculino	78.9	173	0	152	185	0	0	0	\N	t	0	f	f	f	f	f	2024-06-27			0			f	\N	0	1	0	3.1	100	128	f	f		0	38	5.6	N├úo se sabe	0	0
638	59	Masculino	75.2	153	0	126	182	0	0	0	\N	t	0	f	f	f	f	f	2024-06-27			0			f	\N	0	1	0	3.6	106	128	f	f		0	37	5.5	N├úo se sabe	0	0
639	54	Feminino	41.2	136	0	149	184	0	0	0	\N	t	0	f	f	f	f	f	2024-06-27			0			f	\N	0	1	0	2.2	83	91	f	f		0	40	5.9	N├úo se sabe	0	0
640	40	Feminino	67.6	140	0	120	230	0	0	0	\N	t	0	f	f	f	f	f	2024-06-27			0			f	\N	0	0	0	3.4	119	217	f	f		0	29	4.8	N├úo se sabe	0	0
641	35	Masculino	98.9	176	0	123	0	0	0	0	\N	t	0	f	f	f	f	f	2024-06-27			0			f	\N	0	1	0	0	0	0	f	f		0	39	5.7	N├úo se sabe	0	0
642	33	Feminino	73.3	159	0	121	0	0	0	0	\N	t	0	f	f	f	f	f	2024-06-27			0			f	\N	0	1	0	0	0	0	f	f		0	37	5.5	N├úo se sabe	0	0
643	51	Masculino	76.5	169	0	144	144	0	0	0	\N	t	0	f	f	f	f	f	2024-06-27			0			f	\N	0	1	0	4.3	69	209	f	f		0	41	5.9	N├úo se sabe	0	0
648	55	Masculino	97.9	166	0	175	215	0	0	0	\N	t	0	f	f	f	f	f	2024-06-27			0			f	\N	0	4	0	4.5	97	345	f	f		0	35	5.3	N├úo se sabe	0	0
646	47	Masculino	71.5	152	0	120	203	0	0	0	\N	t	0	f	f	f	f	f	2024-06-27			0			f	\N	0	0	0	3.5	124	110	f	f		0	34	5.3	N├úo se sabe	0	0
649	49	Feminino	48.6	150	0	111	150	0	0	0	\N	t	0	f	f	f	f	f	2024-06-27			0			f	\N	0	3	0	2.1	63	82	f	f		0	27	4.7	N├úo se sabe	0	0
650	64	Masculino	95.5	170	0	149	184	0	0	0	\N	t	0	f	f	f	f	f	2024-06-27			0			f	\N	0	20	0	6.1	100	268	f	f		0	46	6.4	N├úo se sabe	0	0
651	55	Masculino	81.6	168	0	165	217	0	0	0	\N	t	0	f	f	f	f	f	2024-06-27			0			f	\N	0	1	0	3.1	129	88	f	f		0	35	5.3	N├úo se sabe	0	0
652	40	Masculino	64.7	159	0	110	142	0	0	0	\N	t	0	f	f	f	f	f	2024-06-27			0			f	\N	0	0	0	2.5	51	173	f	f		0	30	4.9	N├úo se sabe	0	0
653	62	Masculino	92.4	173	0	159	162	0	0	0	\N	t	0	f	f	f	f	f	2024-06-27			0			f	\N	0	5	0	3.2	74	190	f	f		0	38	5.6	N├úo se sabe	0	0
654	43	Feminino	87.8	159	0	125	146	0	0	0	\N	t	0	f	f	f	f	f	2024-06-27			0			f	\N	0	3	0	2.8	44	254	f	f		0	46	6.3	N├úo se sabe	0	0
655	54	Feminino	68.3	162	0	154	198	0	0	0	\N	t	0	f	f	f	f	f	2024-06-27			0			f	\N	0	5	0	3.1	85	246	f	f		0	41	5.9	N├úo se sabe	0	0
656	45	Masculino	93.6	151	0	149	144	0	0	0	\N	t	0	f	f	f	f	f	2024-06-27			0			f	\N	0	5	0	4	77	156	f	f		0	42	6	N├úo se sabe	0	0
657	48	Feminino	67.3	158	0	141	161	0	0	0	\N	t	0	f	f	f	f	f	2024-06-27			0			f	\N	0	4	0	3.2	81	146	f	f		0	35	5.3	N├úo se sabe	0	0
658	37	Masculino	66.7	152	0	120	0	0	0	0	\N	t	0	f	f	f	f	f	2024-06-27			0			f	\N	0	0	0	0	0	0	f	f		0	36	5.5	N├úo se sabe	0	0
661	41	Feminino	75	175	0	145	33	0	0	0	\N	t	0	f	f	f	f	f	2024-06-27			0			f	\N	0	14	0	111	22	22	f	f		297.7	32	12	N├úo se sabe	0	145
662	41	Feminino	75	175	0	145	33	0	0	0	\N	t	0	f	f	f	f	f	2024-06-27			0			f	\N	0	14	0	111	22	22	f	f		871.7	32	32	N├úo se sabe	0	145
664	41	Feminino	142	144	0	14	134	0	0	0	\N	t	0	f	f	f	f	f	2024-06-27			0			f	\N	0	5	0	134	134	134	f	f		613.4	21	23	N├úo se sabe	0	21
666	43	Masculino	75	175	0	45	141	0	0	0	\N	t	0	f	f	f	f	f	2024-06-28			0			f	\N	0	7	0	478	125	321	f	f		10.7	21	2	N├úo se sabe	0	45
668	38	Masculino	75	174	0	78	144	0	0	0	\N	t	0	f	f	f	f	f	2024-06-28			0			f	\N	0	4	0	142	442	142	f	f		326.4	21	13	N├úo se sabe	0	79
671	39	Masculino	75	174	0	78	144	0	0	0	\N	t	0	f	f	f	f	f	2024-10-18			0			f	\N	0	4	0	142	442	142	f	f		326.4	21	13	N├úo se sabe	0	79
669	38	Masculino	75	174	0	78	144	0	0	0	\N	t	0	f	f	f	f	f	2024-06-28			0			f	\N	0	4	0	142	442	142	f	f		326.4	21	13	N├úo se sabe	0	79
672	39	Masculino	75	174	0	78	144	0	0	0	\N	t	0	f	f	f	f	f	2025-02-05			0			f	\N	0	4	0	142	442	142	f	f		326.4	21	13	N├úo se sabe	0	79
\.


--
-- Data for Name: protocolo_section; Type: TABLE DATA; Schema: public; Owner: leda
--

COPY public.protocolo_section (id, name, description, "order", dimension_id) FROM stdin;
80	Nomea├º├úo	\N	5	19
84	Desenho C	\N	3	21
85	Desenho D	\N	4	21
87	Desenho A	\N	1	22
88	Desenho B	\N	2	22
90	Desenho D	\N	4	22
91	Desenho E	\N	5	22
92	Trail Making Test - Parte A - Treino	\N	1	23
99	Prov├®rbio C	\N	3	26
100	Nomea├º├úo de Cores	\N	1	27
101	Ordens	\N	2	27
102	None	\N	1	28
103	Respondente #1	\N	1	29
104	Respondente #2	\N	2	29
105	Respondente #3	\N	3	29
106	None	\N	0	30
107	None	\N	0	31
108	None	\N	0	32
109	None	\N	0	33
110	None	\N	0	34
113	MentHA-Risk-section	\N	0	41
114	None	\N	1	42
115	None	\N	1	43
116	None	\N	1	44
117	None	\N	0	45
118	None	\N	1	46
6	Desloca├º├úo (no domicilio ou no exterior)	\N	2	2
10	Audi├º├úo	\N	3	3
9	Vis├úo (+ - corre├º├úo)	\N	2	3
11	Mem├│ria	\N	1	4
12	Comportamento	\N	2	4
15	Utiliza├º├úo do telefone	\N	1	7
13	Humor	\N	3	4
47	Evoca├º├úo Diferida (Intervalo Curto)	\N	1	10
65	Percep├º├úo (Pontos)	\N	3	14
86	Desenho E	\N	5	21
97	Prov├®rbio A	\N	1	26
14	None	\N	1	6
17	Prepara├º├úo das refei├º├Áes	\N	3	7
18	Tarefas dom├®sticas	\N	4	7
19	Lavagem da roupa	\N	5	7
20	Utiliza├º├úo de meios de transporte	\N	6	7
16	Fazer compras	\N	2	7
21	Manejo de medica├º├úo	\N	7	7
22	Responsabilidade de assuntos financeiros	\N	8	7
40	Aten├º├úo e Concentra├º├úo (C├ílculo)	\N	4	9
41	Orienta├º├úo (Espacial)	\N	2	9
42	Letra P	\N	1	11
95	Trail Making Test - Parte B - Teste	\N	2	24
37	None	\N	0	8
39	Orienta├º├úo (Temporal)	\N	1	9
46	Mem├│ria Retr├│grada	\N	3	10
48	Compreens├úo (Cart├úo)	\N	1	12
49	Compreens├úo (Etapas)	\N	2	12
96	None	\N	0	25
43	Categoria "Animais"	\N	2	11
45	Mem├│ria Anter├│grada	\N	2	10
50	Escrita	\N	3	12
54	Nomea├º├úo	\N	7	12
55	Compreens├úo (Figuras)	\N	8	12
62	Evoca├º├úo Diferida (Intervalo Longo)	\N	4	10
51	Repeti├º├úo I	\N	4	12
53	Repeti├º├úo III	\N	6	12
56	Leitura	\N	9	12
57	Aten├º├úo e Concentra├º├úo (Soletrar)	\N	5	9
8	Fala	\N	1	3
58	Capacidade Visuo-Espacial (Pent├ígonos)	\N	1	14
98	Prov├®rbio B	\N	2	26
52	Repeti├º├úo II	\N	5	12
59	Capacidade Visuo-Espacial (Cubo)	\N	2	14
60	Capacidade Visuo-Espacial (Rel├│gio)	\N	3	14
68	Orienta├º├úo (Temporal)	\N	1	17
69	Orienta├º├úo (Espacial)	\N	2	17
93	Trail Making Test - Parte A - Teste	\N	2	23
64	Mem├│ria	\N	3	9
66	Percep├º├úo (Letras)	\N	4	14
67	Reconhecimento	\N	5	10
70	Mem├│ria	\N	3	17
77	Compreens├úo (Etapas)	\N	2	19
94	Trail Making Test - Parte B - Treino	\N	1	24
71	Aten├º├úo e Concentra├º├úo (C├ílculo)	\N	4	17
72	Aten├º├úo e Concentra├º├úo (Soletrar)	\N	5	17
73	Evoca├º├úo Diferida (Intervalo Curto)	\N	1	18
76	Compreens├úo (Cart├úo)	\N	1	19
78	Escrita	\N	3	19
111	None	\N	0	35
79	Repeti├º├úo III	\N	4	19
81	Capacidade Visuo-Espacial (Pent├ígonos)	\N	0	20
82	Desenho A	\N	1	21
83	Desenho B	\N	2	21
89	Desenho C	\N	3	22
112	None	\N	0	36
7	Espa├ºo de vida (+/- ajuda humana ou t├®cnica)	\N	3	2
1	Alimenta├º├úo	\N	1	1
3	Elimina├º├úo	\N	3	1
2	Higiene		2	1
5	Transfer├¬ncia (subir ou descer da cama)	\N	1	2
4	None	\N	1	5
\.


--
-- Data for Name: protocolo_textinputanswer; Type: TABLE DATA; Schema: public; Owner: leda
--

COPY public.protocolo_textinputanswer (id, seconds, text, answer_id) FROM stdin;
\.


--
-- Name: auth_group_id_seq; Type: SEQUENCE SET; Schema: public; Owner: leda
--

SELECT pg_catalog.setval('public.auth_group_id_seq', 7, true);


--
-- Name: auth_group_permissions_id_seq; Type: SEQUENCE SET; Schema: public; Owner: leda
--

SELECT pg_catalog.setval('public.auth_group_permissions_id_seq', 3916, true);


--
-- Name: auth_permission_id_seq; Type: SEQUENCE SET; Schema: public; Owner: leda
--

SELECT pg_catalog.setval('public.auth_permission_id_seq', 248, true);


--
-- Name: auth_user_groups_id_seq; Type: SEQUENCE SET; Schema: public; Owner: leda
--

SELECT pg_catalog.setval('public.auth_user_groups_id_seq', 1072, true);


--
-- Name: auth_user_id_seq; Type: SEQUENCE SET; Schema: public; Owner: leda
--

SELECT pg_catalog.setval('public.auth_user_id_seq', 531, true);


--
-- Name: auth_user_user_permissions_id_seq; Type: SEQUENCE SET; Schema: public; Owner: leda
--

SELECT pg_catalog.setval('public.auth_user_user_permissions_id_seq', 15, true);


--
-- Name: diario_administrador_id_seq; Type: SEQUENCE SET; Schema: public; Owner: leda
--

SELECT pg_catalog.setval('public.diario_administrador_id_seq', 16, true);


--
-- Name: diario_atividade_id_seq; Type: SEQUENCE SET; Schema: public; Owner: leda
--

SELECT pg_catalog.setval('public.diario_atividade_id_seq', 27, true);


--
-- Name: diario_avaliacaoparticipante_id_seq; Type: SEQUENCE SET; Schema: public; Owner: leda
--

SELECT pg_catalog.setval('public.diario_avaliacaoparticipante_id_seq', 1, false);


--
-- Name: diario_avaliacaosessao_id_seq; Type: SEQUENCE SET; Schema: public; Owner: leda
--

SELECT pg_catalog.setval('public.diario_avaliacaosessao_id_seq', 1, false);


--
-- Name: diario_avaliador_id_seq; Type: SEQUENCE SET; Schema: public; Owner: leda
--

SELECT pg_catalog.setval('public.diario_avaliador_id_seq', 36, true);


--
-- Name: diario_colaborador_id_seq; Type: SEQUENCE SET; Schema: public; Owner: leda
--

SELECT pg_catalog.setval('public.diario_colaborador_id_seq', 15, true);


--
-- Name: diario_cuidador_diagnosticos_id_seq; Type: SEQUENCE SET; Schema: public; Owner: leda
--

SELECT pg_catalog.setval('public.diario_cuidador_diagnosticos_id_seq', 10, true);


--
-- Name: diario_cuidador_grupo_id_seq; Type: SEQUENCE SET; Schema: public; Owner: leda
--

SELECT pg_catalog.setval('public.diario_cuidador_grupo_id_seq', 270, true);


--
-- Name: diario_cuidador_id_seq; Type: SEQUENCE SET; Schema: public; Owner: leda
--

SELECT pg_catalog.setval('public.diario_cuidador_id_seq', 51, true);


--
-- Name: diario_dinamizadorconvidado_grupo_id_seq; Type: SEQUENCE SET; Schema: public; Owner: leda
--

SELECT pg_catalog.setval('public.diario_dinamizadorconvidado_grupo_id_seq', 91, true);


--
-- Name: diario_dinamizadorconvidado_id_seq; Type: SEQUENCE SET; Schema: public; Owner: leda
--

SELECT pg_catalog.setval('public.diario_dinamizadorconvidado_id_seq', 42, true);


--
-- Name: diario_documents_cuidador_id_seq; Type: SEQUENCE SET; Schema: public; Owner: leda
--

SELECT pg_catalog.setval('public.diario_documents_cuidador_id_seq', 1, true);


--
-- Name: diario_documents_id_seq; Type: SEQUENCE SET; Schema: public; Owner: leda
--

SELECT pg_catalog.setval('public.diario_documents_id_seq', 1, true);


--
-- Name: diario_doenca_id_seq; Type: SEQUENCE SET; Schema: public; Owner: leda
--

SELECT pg_catalog.setval('public.diario_doenca_id_seq', 29, true);


--
-- Name: diario_escolha_id_seq; Type: SEQUENCE SET; Schema: public; Owner: leda
--

SELECT pg_catalog.setval('public.diario_escolha_id_seq', 23, true);


--
-- Name: diario_exercicio_id_seq; Type: SEQUENCE SET; Schema: public; Owner: leda
--

SELECT pg_catalog.setval('public.diario_exercicio_id_seq', 38, true);


--
-- Name: diario_exercicio_partes_do_exercicio_id_seq; Type: SEQUENCE SET; Schema: public; Owner: leda
--

SELECT pg_catalog.setval('public.diario_exercicio_partes_do_exercicio_id_seq', 266, true);


--
-- Name: diario_exercicio_sessao_id_seq; Type: SEQUENCE SET; Schema: public; Owner: leda
--

SELECT pg_catalog.setval('public.diario_exercicio_sessao_id_seq', 588, true);


--
-- Name: diario_facilitador_grupo_id_seq; Type: SEQUENCE SET; Schema: public; Owner: leda
--

SELECT pg_catalog.setval('public.diario_facilitador_grupo_id_seq', 1, false);


--
-- Name: diario_facilitador_id_seq; Type: SEQUENCE SET; Schema: public; Owner: leda
--

SELECT pg_catalog.setval('public.diario_facilitador_id_seq', 1, true);


--
-- Name: diario_grupo_id_seq; Type: SEQUENCE SET; Schema: public; Owner: leda
--

SELECT pg_catalog.setval('public.diario_grupo_id_seq', 198, true);


--
-- Name: diario_imagem_id_seq; Type: SEQUENCE SET; Schema: public; Owner: leda
--

SELECT pg_catalog.setval('public.diario_imagem_id_seq', 46, true);


--
-- Name: diario_informacaosensivel_id_seq; Type: SEQUENCE SET; Schema: public; Owner: leda
--

SELECT pg_catalog.setval('public.diario_informacaosensivel_id_seq', 443, true);


--
-- Name: diario_mentor_grupo_id_seq; Type: SEQUENCE SET; Schema: public; Owner: leda
--

SELECT pg_catalog.setval('public.diario_mentor_grupo_id_seq', 17, true);


--
-- Name: diario_mentor_id_seq; Type: SEQUENCE SET; Schema: public; Owner: leda
--

SELECT pg_catalog.setval('public.diario_mentor_id_seq', 24, true);


--
-- Name: diario_nota_id_seq; Type: SEQUENCE SET; Schema: public; Owner: leda
--

SELECT pg_catalog.setval('public.diario_nota_id_seq', 9, true);


--
-- Name: diario_notagrupo_id_seq; Type: SEQUENCE SET; Schema: public; Owner: leda
--

SELECT pg_catalog.setval('public.diario_notagrupo_id_seq', 12, true);


--
-- Name: diario_opcao_id_seq; Type: SEQUENCE SET; Schema: public; Owner: leda
--

SELECT pg_catalog.setval('public.diario_opcao_id_seq', 26, true);


--
-- Name: diario_parte_atividades_id_seq; Type: SEQUENCE SET; Schema: public; Owner: leda
--

SELECT pg_catalog.setval('public.diario_parte_atividades_id_seq', 114, true);


--
-- Name: diario_parte_exercicio_id_seq; Type: SEQUENCE SET; Schema: public; Owner: leda
--

SELECT pg_catalog.setval('public.diario_parte_exercicio_id_seq', 75, true);


--
-- Name: diario_parte_exercicio_imagens_id_seq; Type: SEQUENCE SET; Schema: public; Owner: leda
--

SELECT pg_catalog.setval('public.diario_parte_exercicio_imagens_id_seq', 142, true);


--
-- Name: diario_parte_exercicio_perguntas_id_seq; Type: SEQUENCE SET; Schema: public; Owner: leda
--

SELECT pg_catalog.setval('public.diario_parte_exercicio_perguntas_id_seq', 585, true);


--
-- Name: diario_parte_id_seq; Type: SEQUENCE SET; Schema: public; Owner: leda
--

SELECT pg_catalog.setval('public.diario_parte_id_seq', 56, true);


--
-- Name: diario_parte_questionarios_id_seq; Type: SEQUENCE SET; Schema: public; Owner: leda
--

SELECT pg_catalog.setval('public.diario_parte_questionarios_id_seq', 69, true);


--
-- Name: diario_partegrupo_id_seq; Type: SEQUENCE SET; Schema: public; Owner: leda
--

SELECT pg_catalog.setval('public.diario_partegrupo_id_seq', 7693, true);


--
-- Name: diario_participante_cuidadores_id_seq; Type: SEQUENCE SET; Schema: public; Owner: leda
--

SELECT pg_catalog.setval('public.diario_participante_cuidadores_id_seq', 152, true);


--
-- Name: diario_participante_diagnosticos_id_seq; Type: SEQUENCE SET; Schema: public; Owner: leda
--

SELECT pg_catalog.setval('public.diario_participante_diagnosticos_id_seq', 231, true);


--
-- Name: diario_participante_grupo_id_seq; Type: SEQUENCE SET; Schema: public; Owner: leda
--

SELECT pg_catalog.setval('public.diario_participante_grupo_id_seq', 288, true);


--
-- Name: diario_participante_id_seq; Type: SEQUENCE SET; Schema: public; Owner: leda
--

SELECT pg_catalog.setval('public.diario_participante_id_seq', 325, true);


--
-- Name: diario_partilha_id_seq; Type: SEQUENCE SET; Schema: public; Owner: leda
--

SELECT pg_catalog.setval('public.diario_partilha_id_seq', 9, true);


--
-- Name: diario_partilhagrupo_id_seq; Type: SEQUENCE SET; Schema: public; Owner: leda
--

SELECT pg_catalog.setval('public.diario_partilhagrupo_id_seq', 1, false);


--
-- Name: diario_pergunta_exercicio_id_seq; Type: SEQUENCE SET; Schema: public; Owner: leda
--

SELECT pg_catalog.setval('public.diario_pergunta_exercicio_id_seq', 111, true);


--
-- Name: diario_pergunta_exercicio_opcoes_id_seq; Type: SEQUENCE SET; Schema: public; Owner: leda
--

SELECT pg_catalog.setval('public.diario_pergunta_exercicio_opcoes_id_seq', 101, true);


--
-- Name: diario_pergunta_id_seq; Type: SEQUENCE SET; Schema: public; Owner: leda
--

SELECT pg_catalog.setval('public.diario_pergunta_id_seq', 54, true);


--
-- Name: diario_pergunta_opcoes_id_seq; Type: SEQUENCE SET; Schema: public; Owner: leda
--

SELECT pg_catalog.setval('public.diario_pergunta_opcoes_id_seq', 1936, true);


--
-- Name: diario_presenca_id_seq; Type: SEQUENCE SET; Schema: public; Owner: leda
--

SELECT pg_catalog.setval('public.diario_presenca_id_seq', 784, true);


--
-- Name: diario_questionario_id_seq; Type: SEQUENCE SET; Schema: public; Owner: leda
--

SELECT pg_catalog.setval('public.diario_questionario_id_seq', 15, true);


--
-- Name: diario_questionario_perguntas_id_seq; Type: SEQUENCE SET; Schema: public; Owner: leda
--

SELECT pg_catalog.setval('public.diario_questionario_perguntas_id_seq', 536, true);


--
-- Name: diario_reference_id_seq; Type: SEQUENCE SET; Schema: public; Owner: leda
--

SELECT pg_catalog.setval('public.diario_reference_id_seq', 11, true);


--
-- Name: diario_resposta_id_seq; Type: SEQUENCE SET; Schema: public; Owner: leda
--

SELECT pg_catalog.setval('public.diario_resposta_id_seq', 33, true);


--
-- Name: diario_sessao_id_seq; Type: SEQUENCE SET; Schema: public; Owner: leda
--

SELECT pg_catalog.setval('public.diario_sessao_id_seq', 27, true);


--
-- Name: diario_sessaodogrupo_id_seq; Type: SEQUENCE SET; Schema: public; Owner: leda
--

SELECT pg_catalog.setval('public.diario_sessaodogrupo_id_seq', 1556, true);


--
-- Name: django_admin_log_id_seq; Type: SEQUENCE SET; Schema: public; Owner: leda
--

SELECT pg_catalog.setval('public.django_admin_log_id_seq', 1906, true);


--
-- Name: django_content_type_id_seq; Type: SEQUENCE SET; Schema: public; Owner: leda
--

SELECT pg_catalog.setval('public.django_content_type_id_seq', 68, true);


--
-- Name: django_migrations_id_seq; Type: SEQUENCE SET; Schema: public; Owner: leda
--

SELECT pg_catalog.setval('public.django_migrations_id_seq', 82, true);


--
-- Name: mentha_contacto_id_seq; Type: SEQUENCE SET; Schema: public; Owner: leda
--

SELECT pg_catalog.setval('public.mentha_contacto_id_seq', 1, false);


--
-- Name: mentha_noticia_id_seq; Type: SEQUENCE SET; Schema: public; Owner: leda
--

SELECT pg_catalog.setval('public.mentha_noticia_id_seq', 27, true);


--
-- Name: protocolo_answer_id_seq; Type: SEQUENCE SET; Schema: public; Owner: leda
--

SELECT pg_catalog.setval('public.protocolo_answer_id_seq', 938, true);


--
-- Name: protocolo_area_id_seq; Type: SEQUENCE SET; Schema: public; Owner: leda
--

SELECT pg_catalog.setval('public.protocolo_area_id_seq', 78, true);


--
-- Name: protocolo_area_part_id_seq; Type: SEQUENCE SET; Schema: public; Owner: leda
--

SELECT pg_catalog.setval('public.protocolo_area_part_id_seq', 156, true);


--
-- Name: protocolo_dimension_id_seq; Type: SEQUENCE SET; Schema: public; Owner: leda
--

SELECT pg_catalog.setval('public.protocolo_dimension_id_seq', 46, true);


--
-- Name: protocolo_instrument_area_id_seq; Type: SEQUENCE SET; Schema: public; Owner: leda
--

SELECT pg_catalog.setval('public.protocolo_instrument_area_id_seq', 162, true);


--
-- Name: protocolo_instrument_id_seq; Type: SEQUENCE SET; Schema: public; Owner: leda
--

SELECT pg_catalog.setval('public.protocolo_instrument_id_seq', 24, true);


--
-- Name: protocolo_multiplechoicescheckbox_id_seq; Type: SEQUENCE SET; Schema: public; Owner: leda
--

SELECT pg_catalog.setval('public.protocolo_multiplechoicescheckbox_id_seq', 478, true);


--
-- Name: protocolo_part_id_seq; Type: SEQUENCE SET; Schema: public; Owner: leda
--

SELECT pg_catalog.setval('public.protocolo_part_id_seq', 14, true);


--
-- Name: protocolo_partedoutilizador_id_seq; Type: SEQUENCE SET; Schema: public; Owner: leda
--

SELECT pg_catalog.setval('public.protocolo_partedoutilizador_id_seq', 826, true);


--
-- Name: protocolo_possibleanswer_id_seq; Type: SEQUENCE SET; Schema: public; Owner: leda
--

SELECT pg_catalog.setval('public.protocolo_possibleanswer_id_seq', 315, true);


--
-- Name: protocolo_protocol_id_seq; Type: SEQUENCE SET; Schema: public; Owner: leda
--

SELECT pg_catalog.setval('public.protocolo_protocol_id_seq', 1, true);


--
-- Name: protocolo_question_helping_images_id_seq; Type: SEQUENCE SET; Schema: public; Owner: leda
--

SELECT pg_catalog.setval('public.protocolo_question_helping_images_id_seq', 83, true);


--
-- Name: protocolo_question_id_seq; Type: SEQUENCE SET; Schema: public; Owner: leda
--

SELECT pg_catalog.setval('public.protocolo_question_id_seq', 256, true);


--
-- Name: protocolo_question_possible_answers_id_seq; Type: SEQUENCE SET; Schema: public; Owner: leda
--

SELECT pg_catalog.setval('public.protocolo_question_possible_answers_id_seq', 3166, true);


--
-- Name: protocolo_questionimage_id_seq; Type: SEQUENCE SET; Schema: public; Owner: leda
--

SELECT pg_catalog.setval('public.protocolo_questionimage_id_seq', 21, true);


--
-- Name: protocolo_report_id_seq; Type: SEQUENCE SET; Schema: public; Owner: leda
--

SELECT pg_catalog.setval('public.protocolo_report_id_seq', 798, true);


--
-- Name: protocolo_resolution_id_seq; Type: SEQUENCE SET; Schema: public; Owner: leda
--

SELECT pg_catalog.setval('public.protocolo_resolution_id_seq', 832, true);


--
-- Name: protocolo_risk_id_seq; Type: SEQUENCE SET; Schema: public; Owner: leda
--

SELECT pg_catalog.setval('public.protocolo_risk_id_seq', 672, true);


--
-- Name: protocolo_section_id_seq; Type: SEQUENCE SET; Schema: public; Owner: leda
--

SELECT pg_catalog.setval('public.protocolo_section_id_seq', 118, true);


--
-- Name: protocolo_textinputanswer_id_seq; Type: SEQUENCE SET; Schema: public; Owner: leda
--

SELECT pg_catalog.setval('public.protocolo_textinputanswer_id_seq', 16, true);


--
-- Name: auth_group auth_group_name_key; Type: CONSTRAINT; Schema: public; Owner: leda
--

ALTER TABLE ONLY public.auth_group
    ADD CONSTRAINT auth_group_name_key UNIQUE (name);


--
-- Name: auth_group_permissions auth_group_permissions_group_id_permission_id_0cd325b0_uniq; Type: CONSTRAINT; Schema: public; Owner: leda
--

ALTER TABLE ONLY public.auth_group_permissions
    ADD CONSTRAINT auth_group_permissions_group_id_permission_id_0cd325b0_uniq UNIQUE (group_id, permission_id);


--
-- Name: auth_group_permissions auth_group_permissions_pkey; Type: CONSTRAINT; Schema: public; Owner: leda
--

ALTER TABLE ONLY public.auth_group_permissions
    ADD CONSTRAINT auth_group_permissions_pkey PRIMARY KEY (id);


--
-- Name: auth_group auth_group_pkey; Type: CONSTRAINT; Schema: public; Owner: leda
--

ALTER TABLE ONLY public.auth_group
    ADD CONSTRAINT auth_group_pkey PRIMARY KEY (id);


--
-- Name: auth_permission auth_permission_content_type_id_codename_01ab375a_uniq; Type: CONSTRAINT; Schema: public; Owner: leda
--

ALTER TABLE ONLY public.auth_permission
    ADD CONSTRAINT auth_permission_content_type_id_codename_01ab375a_uniq UNIQUE (content_type_id, codename);


--
-- Name: auth_permission auth_permission_pkey; Type: CONSTRAINT; Schema: public; Owner: leda
--

ALTER TABLE ONLY public.auth_permission
    ADD CONSTRAINT auth_permission_pkey PRIMARY KEY (id);


--
-- Name: auth_user_groups auth_user_groups_pkey; Type: CONSTRAINT; Schema: public; Owner: leda
--

ALTER TABLE ONLY public.auth_user_groups
    ADD CONSTRAINT auth_user_groups_pkey PRIMARY KEY (id);


--
-- Name: auth_user_groups auth_user_groups_user_id_group_id_94350c0c_uniq; Type: CONSTRAINT; Schema: public; Owner: leda
--

ALTER TABLE ONLY public.auth_user_groups
    ADD CONSTRAINT auth_user_groups_user_id_group_id_94350c0c_uniq UNIQUE (user_id, group_id);


--
-- Name: auth_user auth_user_pkey; Type: CONSTRAINT; Schema: public; Owner: leda
--

ALTER TABLE ONLY public.auth_user
    ADD CONSTRAINT auth_user_pkey PRIMARY KEY (id);


--
-- Name: auth_user_user_permissions auth_user_user_permissions_pkey; Type: CONSTRAINT; Schema: public; Owner: leda
--

ALTER TABLE ONLY public.auth_user_user_permissions
    ADD CONSTRAINT auth_user_user_permissions_pkey PRIMARY KEY (id);


--
-- Name: auth_user_user_permissions auth_user_user_permissions_user_id_permission_id_14a6b632_uniq; Type: CONSTRAINT; Schema: public; Owner: leda
--

ALTER TABLE ONLY public.auth_user_user_permissions
    ADD CONSTRAINT auth_user_user_permissions_user_id_permission_id_14a6b632_uniq UNIQUE (user_id, permission_id);


--
-- Name: auth_user auth_user_username_key; Type: CONSTRAINT; Schema: public; Owner: leda
--

ALTER TABLE ONLY public.auth_user
    ADD CONSTRAINT auth_user_username_key UNIQUE (username);


--
-- Name: diario_administrador diario_administrador_pkey; Type: CONSTRAINT; Schema: public; Owner: leda
--

ALTER TABLE ONLY public.diario_administrador
    ADD CONSTRAINT diario_administrador_pkey PRIMARY KEY (id);


--
-- Name: diario_atividade diario_atividade_pkey; Type: CONSTRAINT; Schema: public; Owner: leda
--

ALTER TABLE ONLY public.diario_atividade
    ADD CONSTRAINT diario_atividade_pkey PRIMARY KEY (id);


--
-- Name: diario_avaliacaoparticipante diario_avaliacaoparticipante_pkey; Type: CONSTRAINT; Schema: public; Owner: leda
--

ALTER TABLE ONLY public.diario_avaliacaoparticipante
    ADD CONSTRAINT diario_avaliacaoparticipante_pkey PRIMARY KEY (id);


--
-- Name: diario_avaliacaosessao diario_avaliacaosessao_pkey; Type: CONSTRAINT; Schema: public; Owner: leda
--

ALTER TABLE ONLY public.diario_avaliacaosessao
    ADD CONSTRAINT diario_avaliacaosessao_pkey PRIMARY KEY (id);


--
-- Name: diario_avaliador diario_avaliador_pkey; Type: CONSTRAINT; Schema: public; Owner: leda
--

ALTER TABLE ONLY public.diario_avaliador
    ADD CONSTRAINT diario_avaliador_pkey PRIMARY KEY (id);


--
-- Name: diario_colaborador diario_colaborador_pkey; Type: CONSTRAINT; Schema: public; Owner: leda
--

ALTER TABLE ONLY public.diario_colaborador
    ADD CONSTRAINT diario_colaborador_pkey PRIMARY KEY (id);


--
-- Name: diario_cuidador_diagnosticos diario_cuidador_diagnost_cuidador_id_doenca_id_d171ed31_uniq; Type: CONSTRAINT; Schema: public; Owner: leda
--

ALTER TABLE ONLY public.diario_cuidador_diagnosticos
    ADD CONSTRAINT diario_cuidador_diagnost_cuidador_id_doenca_id_d171ed31_uniq UNIQUE (cuidador_id, doenca_id);


--
-- Name: diario_cuidador_diagnosticos diario_cuidador_diagnosticos_pkey; Type: CONSTRAINT; Schema: public; Owner: leda
--

ALTER TABLE ONLY public.diario_cuidador_diagnosticos
    ADD CONSTRAINT diario_cuidador_diagnosticos_pkey PRIMARY KEY (id);


--
-- Name: diario_cuidador_grupo diario_cuidador_grupo_cuidador_id_grupo_id_1279a206_uniq; Type: CONSTRAINT; Schema: public; Owner: leda
--

ALTER TABLE ONLY public.diario_cuidador_grupo
    ADD CONSTRAINT diario_cuidador_grupo_cuidador_id_grupo_id_1279a206_uniq UNIQUE (cuidador_id, grupo_id);


--
-- Name: diario_cuidador_grupo diario_cuidador_grupo_pkey; Type: CONSTRAINT; Schema: public; Owner: leda
--

ALTER TABLE ONLY public.diario_cuidador_grupo
    ADD CONSTRAINT diario_cuidador_grupo_pkey PRIMARY KEY (id);


--
-- Name: diario_cuidador diario_cuidador_pkey; Type: CONSTRAINT; Schema: public; Owner: leda
--

ALTER TABLE ONLY public.diario_cuidador
    ADD CONSTRAINT diario_cuidador_pkey PRIMARY KEY (id);


--
-- Name: diario_dinamizadorconvidado_grupo diario_dinamizadorconvid_dinamizadorconvidado_id__8e392e85_uniq; Type: CONSTRAINT; Schema: public; Owner: leda
--

ALTER TABLE ONLY public.diario_dinamizadorconvidado_grupo
    ADD CONSTRAINT diario_dinamizadorconvid_dinamizadorconvidado_id__8e392e85_uniq UNIQUE (dinamizadorconvidado_id, grupo_id);


--
-- Name: diario_dinamizadorconvidado_grupo diario_dinamizadorconvidado_grupo_pkey; Type: CONSTRAINT; Schema: public; Owner: leda
--

ALTER TABLE ONLY public.diario_dinamizadorconvidado_grupo
    ADD CONSTRAINT diario_dinamizadorconvidado_grupo_pkey PRIMARY KEY (id);


--
-- Name: diario_dinamizadorconvidado diario_dinamizadorconvidado_pkey; Type: CONSTRAINT; Schema: public; Owner: leda
--

ALTER TABLE ONLY public.diario_dinamizadorconvidado
    ADD CONSTRAINT diario_dinamizadorconvidado_pkey PRIMARY KEY (id);


--
-- Name: diario_documents_cuidador diario_documents_cuidado_documents_id_cuidador_id_3a50a14d_uniq; Type: CONSTRAINT; Schema: public; Owner: leda
--

ALTER TABLE ONLY public.diario_documents_cuidador
    ADD CONSTRAINT diario_documents_cuidado_documents_id_cuidador_id_3a50a14d_uniq UNIQUE (documents_id, cuidador_id);


--
-- Name: diario_documents_cuidador diario_documents_cuidador_pkey; Type: CONSTRAINT; Schema: public; Owner: leda
--

ALTER TABLE ONLY public.diario_documents_cuidador
    ADD CONSTRAINT diario_documents_cuidador_pkey PRIMARY KEY (id);


--
-- Name: diario_documents diario_documents_pkey; Type: CONSTRAINT; Schema: public; Owner: leda
--

ALTER TABLE ONLY public.diario_documents
    ADD CONSTRAINT diario_documents_pkey PRIMARY KEY (id);


--
-- Name: diario_doenca diario_doenca_pkey; Type: CONSTRAINT; Schema: public; Owner: leda
--

ALTER TABLE ONLY public.diario_doenca
    ADD CONSTRAINT diario_doenca_pkey PRIMARY KEY (id);


--
-- Name: diario_escolha diario_escolha_pkey; Type: CONSTRAINT; Schema: public; Owner: leda
--

ALTER TABLE ONLY public.diario_escolha
    ADD CONSTRAINT diario_escolha_pkey PRIMARY KEY (id);


--
-- Name: diario_exercicio_partes_do_exercicio diario_exercicio_partes__exercicio_id_parte_exerc_8607e8d8_uniq; Type: CONSTRAINT; Schema: public; Owner: leda
--

ALTER TABLE ONLY public.diario_exercicio_partes_do_exercicio
    ADD CONSTRAINT diario_exercicio_partes__exercicio_id_parte_exerc_8607e8d8_uniq UNIQUE (exercicio_id, parte_exercicio_id);


--
-- Name: diario_exercicio_partes_do_exercicio diario_exercicio_partes_do_exercicio_pkey; Type: CONSTRAINT; Schema: public; Owner: leda
--

ALTER TABLE ONLY public.diario_exercicio_partes_do_exercicio
    ADD CONSTRAINT diario_exercicio_partes_do_exercicio_pkey PRIMARY KEY (id);


--
-- Name: diario_exercicio diario_exercicio_pkey; Type: CONSTRAINT; Schema: public; Owner: leda
--

ALTER TABLE ONLY public.diario_exercicio
    ADD CONSTRAINT diario_exercicio_pkey PRIMARY KEY (id);


--
-- Name: diario_exercicio_sessao diario_exercicio_sessao_exercicio_id_sessao_id_d3057da4_uniq; Type: CONSTRAINT; Schema: public; Owner: leda
--

ALTER TABLE ONLY public.diario_exercicio_sessao
    ADD CONSTRAINT diario_exercicio_sessao_exercicio_id_sessao_id_d3057da4_uniq UNIQUE (exercicio_id, sessao_id);


--
-- Name: diario_exercicio_sessao diario_exercicio_sessao_pkey; Type: CONSTRAINT; Schema: public; Owner: leda
--

ALTER TABLE ONLY public.diario_exercicio_sessao
    ADD CONSTRAINT diario_exercicio_sessao_pkey PRIMARY KEY (id);


--
-- Name: diario_facilitador_grupo diario_facilitador_grupo_facilitador_id_grupo_id_ab1fca30_uniq; Type: CONSTRAINT; Schema: public; Owner: leda
--

ALTER TABLE ONLY public.diario_facilitador_grupo
    ADD CONSTRAINT diario_facilitador_grupo_facilitador_id_grupo_id_ab1fca30_uniq UNIQUE (facilitador_id, grupo_id);


--
-- Name: diario_facilitador_grupo diario_facilitador_grupo_pkey; Type: CONSTRAINT; Schema: public; Owner: leda
--

ALTER TABLE ONLY public.diario_facilitador_grupo
    ADD CONSTRAINT diario_facilitador_grupo_pkey PRIMARY KEY (id);


--
-- Name: diario_facilitador diario_facilitador_pkey; Type: CONSTRAINT; Schema: public; Owner: leda
--

ALTER TABLE ONLY public.diario_facilitador
    ADD CONSTRAINT diario_facilitador_pkey PRIMARY KEY (id);


--
-- Name: diario_grupo diario_grupo_pkey; Type: CONSTRAINT; Schema: public; Owner: leda
--

ALTER TABLE ONLY public.diario_grupo
    ADD CONSTRAINT diario_grupo_pkey PRIMARY KEY (id);


--
-- Name: diario_imagem diario_imagem_pkey; Type: CONSTRAINT; Schema: public; Owner: leda
--

ALTER TABLE ONLY public.diario_imagem
    ADD CONSTRAINT diario_imagem_pkey PRIMARY KEY (id);


--
-- Name: diario_informacaosensivel diario_informacaosensivel_pkey; Type: CONSTRAINT; Schema: public; Owner: leda
--

ALTER TABLE ONLY public.diario_informacaosensivel
    ADD CONSTRAINT diario_informacaosensivel_pkey PRIMARY KEY (id);


--
-- Name: diario_mentor_grupo diario_mentor_grupo_mentor_id_grupo_id_7f86e5f0_uniq; Type: CONSTRAINT; Schema: public; Owner: leda
--

ALTER TABLE ONLY public.diario_mentor_grupo
    ADD CONSTRAINT diario_mentor_grupo_mentor_id_grupo_id_7f86e5f0_uniq UNIQUE (mentor_id, grupo_id);


--
-- Name: diario_mentor_grupo diario_mentor_grupo_pkey; Type: CONSTRAINT; Schema: public; Owner: leda
--

ALTER TABLE ONLY public.diario_mentor_grupo
    ADD CONSTRAINT diario_mentor_grupo_pkey PRIMARY KEY (id);


--
-- Name: diario_mentor diario_mentor_pkey; Type: CONSTRAINT; Schema: public; Owner: leda
--

ALTER TABLE ONLY public.diario_mentor
    ADD CONSTRAINT diario_mentor_pkey PRIMARY KEY (id);


--
-- Name: diario_nota diario_nota_pkey; Type: CONSTRAINT; Schema: public; Owner: leda
--

ALTER TABLE ONLY public.diario_nota
    ADD CONSTRAINT diario_nota_pkey PRIMARY KEY (id);


--
-- Name: diario_notagrupo diario_notagrupo_pkey; Type: CONSTRAINT; Schema: public; Owner: leda
--

ALTER TABLE ONLY public.diario_notagrupo
    ADD CONSTRAINT diario_notagrupo_pkey PRIMARY KEY (id);


--
-- Name: diario_opcao diario_opcao_pkey; Type: CONSTRAINT; Schema: public; Owner: leda
--

ALTER TABLE ONLY public.diario_opcao
    ADD CONSTRAINT diario_opcao_pkey PRIMARY KEY (id);


--
-- Name: diario_parte_atividades diario_parte_atividades_parte_id_atividade_id_4afeb5fc_uniq; Type: CONSTRAINT; Schema: public; Owner: leda
--

ALTER TABLE ONLY public.diario_parte_atividades
    ADD CONSTRAINT diario_parte_atividades_parte_id_atividade_id_4afeb5fc_uniq UNIQUE (parte_id, atividade_id);


--
-- Name: diario_parte_atividades diario_parte_atividades_pkey; Type: CONSTRAINT; Schema: public; Owner: leda
--

ALTER TABLE ONLY public.diario_parte_atividades
    ADD CONSTRAINT diario_parte_atividades_pkey PRIMARY KEY (id);


--
-- Name: diario_parte_exercicio_imagens diario_parte_exercicio_i_parte_exercicio_id_image_145a63fa_uniq; Type: CONSTRAINT; Schema: public; Owner: leda
--

ALTER TABLE ONLY public.diario_parte_exercicio_imagens
    ADD CONSTRAINT diario_parte_exercicio_i_parte_exercicio_id_image_145a63fa_uniq UNIQUE (parte_exercicio_id, imagem_id);


--
-- Name: diario_parte_exercicio_imagens diario_parte_exercicio_imagens_pkey; Type: CONSTRAINT; Schema: public; Owner: leda
--

ALTER TABLE ONLY public.diario_parte_exercicio_imagens
    ADD CONSTRAINT diario_parte_exercicio_imagens_pkey PRIMARY KEY (id);


--
-- Name: diario_parte_exercicio_perguntas diario_parte_exercicio_p_parte_exercicio_id_pergu_3599d6d7_uniq; Type: CONSTRAINT; Schema: public; Owner: leda
--

ALTER TABLE ONLY public.diario_parte_exercicio_perguntas
    ADD CONSTRAINT diario_parte_exercicio_p_parte_exercicio_id_pergu_3599d6d7_uniq UNIQUE (parte_exercicio_id, pergunta_exercicio_id);


--
-- Name: diario_parte_exercicio_perguntas diario_parte_exercicio_perguntas_pkey; Type: CONSTRAINT; Schema: public; Owner: leda
--

ALTER TABLE ONLY public.diario_parte_exercicio_perguntas
    ADD CONSTRAINT diario_parte_exercicio_perguntas_pkey PRIMARY KEY (id);


--
-- Name: diario_parte_exercicio diario_parte_exercicio_pkey; Type: CONSTRAINT; Schema: public; Owner: leda
--

ALTER TABLE ONLY public.diario_parte_exercicio
    ADD CONSTRAINT diario_parte_exercicio_pkey PRIMARY KEY (id);


--
-- Name: diario_parte diario_parte_pkey; Type: CONSTRAINT; Schema: public; Owner: leda
--

ALTER TABLE ONLY public.diario_parte
    ADD CONSTRAINT diario_parte_pkey PRIMARY KEY (id);


--
-- Name: diario_parte_questionarios diario_parte_questionari_parte_id_questionario_id_5e8a7f26_uniq; Type: CONSTRAINT; Schema: public; Owner: leda
--

ALTER TABLE ONLY public.diario_parte_questionarios
    ADD CONSTRAINT diario_parte_questionari_parte_id_questionario_id_5e8a7f26_uniq UNIQUE (parte_id, questionario_id);


--
-- Name: diario_parte_questionarios diario_parte_questionarios_pkey; Type: CONSTRAINT; Schema: public; Owner: leda
--

ALTER TABLE ONLY public.diario_parte_questionarios
    ADD CONSTRAINT diario_parte_questionarios_pkey PRIMARY KEY (id);


--
-- Name: diario_partegrupo diario_partegrupo_pkey; Type: CONSTRAINT; Schema: public; Owner: leda
--

ALTER TABLE ONLY public.diario_partegrupo
    ADD CONSTRAINT diario_partegrupo_pkey PRIMARY KEY (id);


--
-- Name: diario_participante_cuidadores diario_participante_cuid_participante_id_cuidador_108b26ef_uniq; Type: CONSTRAINT; Schema: public; Owner: leda
--

ALTER TABLE ONLY public.diario_participante_cuidadores
    ADD CONSTRAINT diario_participante_cuid_participante_id_cuidador_108b26ef_uniq UNIQUE (participante_id, cuidador_id);


--
-- Name: diario_participante_cuidadores diario_participante_cuidadores_pkey; Type: CONSTRAINT; Schema: public; Owner: leda
--

ALTER TABLE ONLY public.diario_participante_cuidadores
    ADD CONSTRAINT diario_participante_cuidadores_pkey PRIMARY KEY (id);


--
-- Name: diario_participante_diagnosticos diario_participante_diag_participante_id_doenca_i_a99b88ec_uniq; Type: CONSTRAINT; Schema: public; Owner: leda
--

ALTER TABLE ONLY public.diario_participante_diagnosticos
    ADD CONSTRAINT diario_participante_diag_participante_id_doenca_i_a99b88ec_uniq UNIQUE (participante_id, doenca_id);


--
-- Name: diario_participante_diagnosticos diario_participante_diagnosticos_pkey; Type: CONSTRAINT; Schema: public; Owner: leda
--

ALTER TABLE ONLY public.diario_participante_diagnosticos
    ADD CONSTRAINT diario_participante_diagnosticos_pkey PRIMARY KEY (id);


--
-- Name: diario_participante_grupo diario_participante_grup_participante_id_grupo_id_a7f36ab7_uniq; Type: CONSTRAINT; Schema: public; Owner: leda
--

ALTER TABLE ONLY public.diario_participante_grupo
    ADD CONSTRAINT diario_participante_grup_participante_id_grupo_id_a7f36ab7_uniq UNIQUE (participante_id, grupo_id);


--
-- Name: diario_participante_grupo diario_participante_grupo_pkey; Type: CONSTRAINT; Schema: public; Owner: leda
--

ALTER TABLE ONLY public.diario_participante_grupo
    ADD CONSTRAINT diario_participante_grupo_pkey PRIMARY KEY (id);


--
-- Name: diario_participante diario_participante_pkey; Type: CONSTRAINT; Schema: public; Owner: leda
--

ALTER TABLE ONLY public.diario_participante
    ADD CONSTRAINT diario_participante_pkey PRIMARY KEY (id);


--
-- Name: diario_partilha diario_partilha_pkey; Type: CONSTRAINT; Schema: public; Owner: leda
--

ALTER TABLE ONLY public.diario_partilha
    ADD CONSTRAINT diario_partilha_pkey PRIMARY KEY (id);


--
-- Name: diario_partilhagrupo diario_partilhagrupo_pkey; Type: CONSTRAINT; Schema: public; Owner: leda
--

ALTER TABLE ONLY public.diario_partilhagrupo
    ADD CONSTRAINT diario_partilhagrupo_pkey PRIMARY KEY (id);


--
-- Name: diario_pergunta_exercicio_opcoes diario_pergunta_exercici_pergunta_exercicio_id_op_0403c588_uniq; Type: CONSTRAINT; Schema: public; Owner: leda
--

ALTER TABLE ONLY public.diario_pergunta_exercicio_opcoes
    ADD CONSTRAINT diario_pergunta_exercici_pergunta_exercicio_id_op_0403c588_uniq UNIQUE (pergunta_exercicio_id, opcao_id);


--
-- Name: diario_pergunta_exercicio_opcoes diario_pergunta_exercicio_opcoes_pkey; Type: CONSTRAINT; Schema: public; Owner: leda
--

ALTER TABLE ONLY public.diario_pergunta_exercicio_opcoes
    ADD CONSTRAINT diario_pergunta_exercicio_opcoes_pkey PRIMARY KEY (id);


--
-- Name: diario_pergunta_exercicio diario_pergunta_exercicio_pkey; Type: CONSTRAINT; Schema: public; Owner: leda
--

ALTER TABLE ONLY public.diario_pergunta_exercicio
    ADD CONSTRAINT diario_pergunta_exercicio_pkey PRIMARY KEY (id);


--
-- Name: diario_pergunta_opcoes diario_pergunta_opcoes_pergunta_id_opcao_id_244eddd6_uniq; Type: CONSTRAINT; Schema: public; Owner: leda
--

ALTER TABLE ONLY public.diario_pergunta_opcoes
    ADD CONSTRAINT diario_pergunta_opcoes_pergunta_id_opcao_id_244eddd6_uniq UNIQUE (pergunta_id, opcao_id);


--
-- Name: diario_pergunta_opcoes diario_pergunta_opcoes_pkey; Type: CONSTRAINT; Schema: public; Owner: leda
--

ALTER TABLE ONLY public.diario_pergunta_opcoes
    ADD CONSTRAINT diario_pergunta_opcoes_pkey PRIMARY KEY (id);


--
-- Name: diario_pergunta diario_pergunta_pkey; Type: CONSTRAINT; Schema: public; Owner: leda
--

ALTER TABLE ONLY public.diario_pergunta
    ADD CONSTRAINT diario_pergunta_pkey PRIMARY KEY (id);


--
-- Name: diario_presenca diario_presenca_pkey; Type: CONSTRAINT; Schema: public; Owner: leda
--

ALTER TABLE ONLY public.diario_presenca
    ADD CONSTRAINT diario_presenca_pkey PRIMARY KEY (id);


--
-- Name: diario_questionario_perguntas diario_questionario_perg_questionario_id_pergunta_6b72e8cc_uniq; Type: CONSTRAINT; Schema: public; Owner: leda
--

ALTER TABLE ONLY public.diario_questionario_perguntas
    ADD CONSTRAINT diario_questionario_perg_questionario_id_pergunta_6b72e8cc_uniq UNIQUE (questionario_id, pergunta_id);


--
-- Name: diario_questionario_perguntas diario_questionario_perguntas_pkey; Type: CONSTRAINT; Schema: public; Owner: leda
--

ALTER TABLE ONLY public.diario_questionario_perguntas
    ADD CONSTRAINT diario_questionario_perguntas_pkey PRIMARY KEY (id);


--
-- Name: diario_questionario diario_questionario_pkey; Type: CONSTRAINT; Schema: public; Owner: leda
--

ALTER TABLE ONLY public.diario_questionario
    ADD CONSTRAINT diario_questionario_pkey PRIMARY KEY (id);


--
-- Name: diario_reference diario_reference_pkey; Type: CONSTRAINT; Schema: public; Owner: leda
--

ALTER TABLE ONLY public.diario_reference
    ADD CONSTRAINT diario_reference_pkey PRIMARY KEY (id);


--
-- Name: diario_resposta diario_resposta_pkey; Type: CONSTRAINT; Schema: public; Owner: leda
--

ALTER TABLE ONLY public.diario_resposta
    ADD CONSTRAINT diario_resposta_pkey PRIMARY KEY (id);


--
-- Name: diario_sessao diario_sessao_pkey; Type: CONSTRAINT; Schema: public; Owner: leda
--

ALTER TABLE ONLY public.diario_sessao
    ADD CONSTRAINT diario_sessao_pkey PRIMARY KEY (id);


--
-- Name: diario_sessaodogrupo diario_sessaodogrupo_pkey; Type: CONSTRAINT; Schema: public; Owner: leda
--

ALTER TABLE ONLY public.diario_sessaodogrupo
    ADD CONSTRAINT diario_sessaodogrupo_pkey PRIMARY KEY (id);


--
-- Name: django_admin_log django_admin_log_pkey; Type: CONSTRAINT; Schema: public; Owner: leda
--

ALTER TABLE ONLY public.django_admin_log
    ADD CONSTRAINT django_admin_log_pkey PRIMARY KEY (id);


--
-- Name: django_content_type django_content_type_app_label_model_76bd3d3b_uniq; Type: CONSTRAINT; Schema: public; Owner: leda
--

ALTER TABLE ONLY public.django_content_type
    ADD CONSTRAINT django_content_type_app_label_model_76bd3d3b_uniq UNIQUE (app_label, model);


--
-- Name: django_content_type django_content_type_pkey; Type: CONSTRAINT; Schema: public; Owner: leda
--

ALTER TABLE ONLY public.django_content_type
    ADD CONSTRAINT django_content_type_pkey PRIMARY KEY (id);


--
-- Name: django_migrations django_migrations_pkey; Type: CONSTRAINT; Schema: public; Owner: leda
--

ALTER TABLE ONLY public.django_migrations
    ADD CONSTRAINT django_migrations_pkey PRIMARY KEY (id);


--
-- Name: django_session django_session_pkey; Type: CONSTRAINT; Schema: public; Owner: leda
--

ALTER TABLE ONLY public.django_session
    ADD CONSTRAINT django_session_pkey PRIMARY KEY (session_key);


--
-- Name: mentha_contacto mentha_contacto_pkey; Type: CONSTRAINT; Schema: public; Owner: leda
--

ALTER TABLE ONLY public.mentha_contacto
    ADD CONSTRAINT mentha_contacto_pkey PRIMARY KEY (id);


--
-- Name: mentha_noticia mentha_noticia_pkey; Type: CONSTRAINT; Schema: public; Owner: leda
--

ALTER TABLE ONLY public.mentha_noticia
    ADD CONSTRAINT mentha_noticia_pkey PRIMARY KEY (id);


--
-- Name: protocolo_answer protocolo_answer_pkey; Type: CONSTRAINT; Schema: public; Owner: leda
--

ALTER TABLE ONLY public.protocolo_answer
    ADD CONSTRAINT protocolo_answer_pkey PRIMARY KEY (id);


--
-- Name: protocolo_area_part protocolo_area_part_area_id_part_id_8b875410_uniq; Type: CONSTRAINT; Schema: public; Owner: leda
--

ALTER TABLE ONLY public.protocolo_area_part
    ADD CONSTRAINT protocolo_area_part_area_id_part_id_8b875410_uniq UNIQUE (area_id, part_id);


--
-- Name: protocolo_area_part protocolo_area_part_pkey; Type: CONSTRAINT; Schema: public; Owner: leda
--

ALTER TABLE ONLY public.protocolo_area_part
    ADD CONSTRAINT protocolo_area_part_pkey PRIMARY KEY (id);


--
-- Name: protocolo_area protocolo_area_pkey; Type: CONSTRAINT; Schema: public; Owner: leda
--

ALTER TABLE ONLY public.protocolo_area
    ADD CONSTRAINT protocolo_area_pkey PRIMARY KEY (id);


--
-- Name: protocolo_dimension protocolo_dimension_pkey; Type: CONSTRAINT; Schema: public; Owner: leda
--

ALTER TABLE ONLY public.protocolo_dimension
    ADD CONSTRAINT protocolo_dimension_pkey PRIMARY KEY (id);


--
-- Name: protocolo_instrument_area protocolo_instrument_area_instrument_id_area_id_5a713029_uniq; Type: CONSTRAINT; Schema: public; Owner: leda
--

ALTER TABLE ONLY public.protocolo_instrument_area
    ADD CONSTRAINT protocolo_instrument_area_instrument_id_area_id_5a713029_uniq UNIQUE (instrument_id, area_id);


--
-- Name: protocolo_instrument_area protocolo_instrument_area_pkey; Type: CONSTRAINT; Schema: public; Owner: leda
--

ALTER TABLE ONLY public.protocolo_instrument_area
    ADD CONSTRAINT protocolo_instrument_area_pkey PRIMARY KEY (id);


--
-- Name: protocolo_instrument protocolo_instrument_pkey; Type: CONSTRAINT; Schema: public; Owner: leda
--

ALTER TABLE ONLY public.protocolo_instrument
    ADD CONSTRAINT protocolo_instrument_pkey PRIMARY KEY (id);


--
-- Name: protocolo_multiplechoicescheckbox protocolo_multiplechoicescheckbox_pkey; Type: CONSTRAINT; Schema: public; Owner: leda
--

ALTER TABLE ONLY public.protocolo_multiplechoicescheckbox
    ADD CONSTRAINT protocolo_multiplechoicescheckbox_pkey PRIMARY KEY (id);


--
-- Name: protocolo_part protocolo_part_pkey; Type: CONSTRAINT; Schema: public; Owner: leda
--

ALTER TABLE ONLY public.protocolo_part
    ADD CONSTRAINT protocolo_part_pkey PRIMARY KEY (id);


--
-- Name: protocolo_partedoutilizador protocolo_partedoutilizador_pkey; Type: CONSTRAINT; Schema: public; Owner: leda
--

ALTER TABLE ONLY public.protocolo_partedoutilizador
    ADD CONSTRAINT protocolo_partedoutilizador_pkey PRIMARY KEY (id);


--
-- Name: protocolo_possibleanswer protocolo_possibleanswer_pkey; Type: CONSTRAINT; Schema: public; Owner: leda
--

ALTER TABLE ONLY public.protocolo_possibleanswer
    ADD CONSTRAINT protocolo_possibleanswer_pkey PRIMARY KEY (id);


--
-- Name: protocolo_protocol protocolo_protocol_pkey; Type: CONSTRAINT; Schema: public; Owner: leda
--

ALTER TABLE ONLY public.protocolo_protocol
    ADD CONSTRAINT protocolo_protocol_pkey PRIMARY KEY (id);


--
-- Name: protocolo_question_helping_images protocolo_question_helpi_question_id_questionimag_e4b7fa66_uniq; Type: CONSTRAINT; Schema: public; Owner: leda
--

ALTER TABLE ONLY public.protocolo_question_helping_images
    ADD CONSTRAINT protocolo_question_helpi_question_id_questionimag_e4b7fa66_uniq UNIQUE (question_id, questionimage_id);


--
-- Name: protocolo_question_helping_images protocolo_question_helping_images_pkey; Type: CONSTRAINT; Schema: public; Owner: leda
--

ALTER TABLE ONLY public.protocolo_question_helping_images
    ADD CONSTRAINT protocolo_question_helping_images_pkey PRIMARY KEY (id);


--
-- Name: protocolo_question protocolo_question_pkey; Type: CONSTRAINT; Schema: public; Owner: leda
--

ALTER TABLE ONLY public.protocolo_question
    ADD CONSTRAINT protocolo_question_pkey PRIMARY KEY (id);


--
-- Name: protocolo_question_possible_answers protocolo_question_possi_question_id_possibleansw_933ba7d1_uniq; Type: CONSTRAINT; Schema: public; Owner: leda
--

ALTER TABLE ONLY public.protocolo_question_possible_answers
    ADD CONSTRAINT protocolo_question_possi_question_id_possibleansw_933ba7d1_uniq UNIQUE (question_id, possibleanswer_id);


--
-- Name: protocolo_question_possible_answers protocolo_question_possible_answers_pkey; Type: CONSTRAINT; Schema: public; Owner: leda
--

ALTER TABLE ONLY public.protocolo_question_possible_answers
    ADD CONSTRAINT protocolo_question_possible_answers_pkey PRIMARY KEY (id);


--
-- Name: protocolo_questionimage protocolo_questionimage_pkey; Type: CONSTRAINT; Schema: public; Owner: leda
--

ALTER TABLE ONLY public.protocolo_questionimage
    ADD CONSTRAINT protocolo_questionimage_pkey PRIMARY KEY (id);


--
-- Name: protocolo_report protocolo_report_pkey; Type: CONSTRAINT; Schema: public; Owner: leda
--

ALTER TABLE ONLY public.protocolo_report
    ADD CONSTRAINT protocolo_report_pkey PRIMARY KEY (id);


--
-- Name: protocolo_resolution protocolo_resolution_pkey; Type: CONSTRAINT; Schema: public; Owner: leda
--

ALTER TABLE ONLY public.protocolo_resolution
    ADD CONSTRAINT protocolo_resolution_pkey PRIMARY KEY (id);


--
-- Name: protocolo_risk protocolo_risk_parteDoUtilizador_id_key; Type: CONSTRAINT; Schema: public; Owner: leda
--

ALTER TABLE ONLY public.protocolo_risk
    ADD CONSTRAINT "protocolo_risk_parteDoUtilizador_id_key" UNIQUE ("parteDoUtilizador_id");


--
-- Name: protocolo_risk protocolo_risk_pkey; Type: CONSTRAINT; Schema: public; Owner: leda
--

ALTER TABLE ONLY public.protocolo_risk
    ADD CONSTRAINT protocolo_risk_pkey PRIMARY KEY (id);


--
-- Name: protocolo_section protocolo_section_pkey; Type: CONSTRAINT; Schema: public; Owner: leda
--

ALTER TABLE ONLY public.protocolo_section
    ADD CONSTRAINT protocolo_section_pkey PRIMARY KEY (id);


--
-- Name: protocolo_textinputanswer protocolo_textinputanswer_pkey; Type: CONSTRAINT; Schema: public; Owner: leda
--

ALTER TABLE ONLY public.protocolo_textinputanswer
    ADD CONSTRAINT protocolo_textinputanswer_pkey PRIMARY KEY (id);


--
-- Name: auth_group_name_a6ea08ec_like; Type: INDEX; Schema: public; Owner: leda
--

CREATE INDEX auth_group_name_a6ea08ec_like ON public.auth_group USING btree (name varchar_pattern_ops);


--
-- Name: auth_group_permissions_group_id_b120cbf9; Type: INDEX; Schema: public; Owner: leda
--

CREATE INDEX auth_group_permissions_group_id_b120cbf9 ON public.auth_group_permissions USING btree (group_id);


--
-- Name: auth_group_permissions_permission_id_84c5c92e; Type: INDEX; Schema: public; Owner: leda
--

CREATE INDEX auth_group_permissions_permission_id_84c5c92e ON public.auth_group_permissions USING btree (permission_id);


--
-- Name: auth_permission_content_type_id_2f476e4b; Type: INDEX; Schema: public; Owner: leda
--

CREATE INDEX auth_permission_content_type_id_2f476e4b ON public.auth_permission USING btree (content_type_id);


--
-- Name: auth_user_groups_group_id_97559544; Type: INDEX; Schema: public; Owner: leda
--

CREATE INDEX auth_user_groups_group_id_97559544 ON public.auth_user_groups USING btree (group_id);


--
-- Name: auth_user_groups_user_id_6a12ed8b; Type: INDEX; Schema: public; Owner: leda
--

CREATE INDEX auth_user_groups_user_id_6a12ed8b ON public.auth_user_groups USING btree (user_id);


--
-- Name: auth_user_user_permissions_permission_id_1fbb5f2c; Type: INDEX; Schema: public; Owner: leda
--

CREATE INDEX auth_user_user_permissions_permission_id_1fbb5f2c ON public.auth_user_user_permissions USING btree (permission_id);


--
-- Name: auth_user_user_permissions_user_id_a95ead1b; Type: INDEX; Schema: public; Owner: leda
--

CREATE INDEX auth_user_user_permissions_user_id_a95ead1b ON public.auth_user_user_permissions USING btree (user_id);


--
-- Name: auth_user_username_6821ab7c_like; Type: INDEX; Schema: public; Owner: leda
--

CREATE INDEX auth_user_username_6821ab7c_like ON public.auth_user USING btree (username varchar_pattern_ops);


--
-- Name: diario_administrador_reference_id_8d90bab6; Type: INDEX; Schema: public; Owner: leda
--

CREATE INDEX diario_administrador_reference_id_8d90bab6 ON public.diario_administrador USING btree (reference_id);


--
-- Name: diario_administrador_user_id_ac6a6d11; Type: INDEX; Schema: public; Owner: leda
--

CREATE INDEX diario_administrador_user_id_ac6a6d11 ON public.diario_administrador USING btree (user_id);


--
-- Name: diario_avaliacaoparticipante_participante_id_038290a3; Type: INDEX; Schema: public; Owner: leda
--

CREATE INDEX diario_avaliacaoparticipante_participante_id_038290a3 ON public.diario_avaliacaoparticipante USING btree (participante_id);


--
-- Name: diario_avaliacaoparticipante_sessao_grupo_id_3d3f9206; Type: INDEX; Schema: public; Owner: leda
--

CREATE INDEX diario_avaliacaoparticipante_sessao_grupo_id_3d3f9206 ON public.diario_avaliacaoparticipante USING btree (sessao_grupo_id);


--
-- Name: diario_avaliacaoparticipante_submetido_por_id_abfe6d9f; Type: INDEX; Schema: public; Owner: leda
--

CREATE INDEX diario_avaliacaoparticipante_submetido_por_id_abfe6d9f ON public.diario_avaliacaoparticipante USING btree (submetido_por_id);


--
-- Name: diario_avaliacaosessao_sessao_grupo_id_ce294112; Type: INDEX; Schema: public; Owner: leda
--

CREATE INDEX diario_avaliacaosessao_sessao_grupo_id_ce294112 ON public.diario_avaliacaosessao USING btree (sessao_grupo_id);


--
-- Name: diario_avaliacaosessao_submetido_por_id_0ec3c848; Type: INDEX; Schema: public; Owner: leda
--

CREATE INDEX diario_avaliacaosessao_submetido_por_id_0ec3c848 ON public.diario_avaliacaosessao USING btree (submetido_por_id);


--
-- Name: diario_avaliador_info_sensivel_id_22b8c282; Type: INDEX; Schema: public; Owner: leda
--

CREATE INDEX diario_avaliador_info_sensivel_id_22b8c282 ON public.diario_avaliador USING btree (info_sensivel_id);


--
-- Name: diario_avaliador_reference_id_7086744e; Type: INDEX; Schema: public; Owner: leda
--

CREATE INDEX diario_avaliador_reference_id_7086744e ON public.diario_avaliador USING btree (reference_id);


--
-- Name: diario_avaliador_user_id_3cf919e5; Type: INDEX; Schema: public; Owner: leda
--

CREATE INDEX diario_avaliador_user_id_3cf919e5 ON public.diario_avaliador USING btree (user_id);


--
-- Name: diario_colaborador_info_sensivel_id_4fdd80d5; Type: INDEX; Schema: public; Owner: leda
--

CREATE INDEX diario_colaborador_info_sensivel_id_4fdd80d5 ON public.diario_colaborador USING btree (info_sensivel_id);


--
-- Name: diario_colaborador_reference_id_07b3b7f1; Type: INDEX; Schema: public; Owner: leda
--

CREATE INDEX diario_colaborador_reference_id_07b3b7f1 ON public.diario_colaborador USING btree (reference_id);


--
-- Name: diario_colaborador_user_id_56db0371; Type: INDEX; Schema: public; Owner: leda
--

CREATE INDEX diario_colaborador_user_id_56db0371 ON public.diario_colaborador USING btree (user_id);


--
-- Name: diario_cuidador_avaliador_id_0b15f6ea; Type: INDEX; Schema: public; Owner: leda
--

CREATE INDEX diario_cuidador_avaliador_id_0b15f6ea ON public.diario_cuidador USING btree (avaliador_id);


--
-- Name: diario_cuidador_diagnosticos_cuidador_id_86e820fb; Type: INDEX; Schema: public; Owner: leda
--

CREATE INDEX diario_cuidador_diagnosticos_cuidador_id_86e820fb ON public.diario_cuidador_diagnosticos USING btree (cuidador_id);


--
-- Name: diario_cuidador_diagnosticos_doenca_id_beda6943; Type: INDEX; Schema: public; Owner: leda
--

CREATE INDEX diario_cuidador_diagnosticos_doenca_id_beda6943 ON public.diario_cuidador_diagnosticos USING btree (doenca_id);


--
-- Name: diario_cuidador_grupo_cuidador_id_774a6e2d; Type: INDEX; Schema: public; Owner: leda
--

CREATE INDEX diario_cuidador_grupo_cuidador_id_774a6e2d ON public.diario_cuidador_grupo USING btree (cuidador_id);


--
-- Name: diario_cuidador_grupo_grupo_id_f2d0ff69; Type: INDEX; Schema: public; Owner: leda
--

CREATE INDEX diario_cuidador_grupo_grupo_id_f2d0ff69 ON public.diario_cuidador_grupo USING btree (grupo_id);


--
-- Name: diario_cuidador_info_sensivel_id_087692c3; Type: INDEX; Schema: public; Owner: leda
--

CREATE INDEX diario_cuidador_info_sensivel_id_087692c3 ON public.diario_cuidador USING btree (info_sensivel_id);


--
-- Name: diario_cuidador_referenciacao_id_1f3edf6f; Type: INDEX; Schema: public; Owner: leda
--

CREATE INDEX diario_cuidador_referenciacao_id_1f3edf6f ON public.diario_cuidador USING btree (referenciacao_id);


--
-- Name: diario_cuidador_user_id_81486483; Type: INDEX; Schema: public; Owner: leda
--

CREATE INDEX diario_cuidador_user_id_81486483 ON public.diario_cuidador USING btree (user_id);


--
-- Name: diario_dinamizadorconvidad_dinamizadorconvidado_id_f468170f; Type: INDEX; Schema: public; Owner: leda
--

CREATE INDEX diario_dinamizadorconvidad_dinamizadorconvidado_id_f468170f ON public.diario_dinamizadorconvidado_grupo USING btree (dinamizadorconvidado_id);


--
-- Name: diario_dinamizadorconvidado_grupo_grupo_id_62010718; Type: INDEX; Schema: public; Owner: leda
--

CREATE INDEX diario_dinamizadorconvidado_grupo_grupo_id_62010718 ON public.diario_dinamizadorconvidado_grupo USING btree (grupo_id);


--
-- Name: diario_dinamizadorconvidado_info_sensivel_id_a2224af9; Type: INDEX; Schema: public; Owner: leda
--

CREATE INDEX diario_dinamizadorconvidado_info_sensivel_id_a2224af9 ON public.diario_dinamizadorconvidado USING btree (info_sensivel_id);


--
-- Name: diario_dinamizadorconvidado_reference_id_3202b518; Type: INDEX; Schema: public; Owner: leda
--

CREATE INDEX diario_dinamizadorconvidado_reference_id_3202b518 ON public.diario_dinamizadorconvidado USING btree (reference_id);


--
-- Name: diario_dinamizadorconvidado_user_id_a7e81278; Type: INDEX; Schema: public; Owner: leda
--

CREATE INDEX diario_dinamizadorconvidado_user_id_a7e81278 ON public.diario_dinamizadorconvidado USING btree (user_id);


--
-- Name: diario_documents_cuidador_cuidador_id_a975d6bb; Type: INDEX; Schema: public; Owner: leda
--

CREATE INDEX diario_documents_cuidador_cuidador_id_a975d6bb ON public.diario_documents_cuidador USING btree (cuidador_id);


--
-- Name: diario_documents_cuidador_documents_id_8fa3c150; Type: INDEX; Schema: public; Owner: leda
--

CREATE INDEX diario_documents_cuidador_documents_id_8fa3c150 ON public.diario_documents_cuidador USING btree (documents_id);


--
-- Name: diario_escolha_opcao_id_621f9e52; Type: INDEX; Schema: public; Owner: leda
--

CREATE INDEX diario_escolha_opcao_id_621f9e52 ON public.diario_escolha USING btree (opcao_id);


--
-- Name: diario_escolha_parte_grupo_id_c029fdea; Type: INDEX; Schema: public; Owner: leda
--

CREATE INDEX diario_escolha_parte_grupo_id_c029fdea ON public.diario_escolha USING btree (parte_grupo_id);


--
-- Name: diario_escolha_pergunta_id_422007f9; Type: INDEX; Schema: public; Owner: leda
--

CREATE INDEX diario_escolha_pergunta_id_422007f9 ON public.diario_escolha USING btree (pergunta_id);


--
-- Name: diario_escolha_sessao_grupo_id_2051297d; Type: INDEX; Schema: public; Owner: leda
--

CREATE INDEX diario_escolha_sessao_grupo_id_2051297d ON public.diario_escolha USING btree (sessao_grupo_id);


--
-- Name: diario_escolha_utilizador_id_faaac370; Type: INDEX; Schema: public; Owner: leda
--

CREATE INDEX diario_escolha_utilizador_id_faaac370 ON public.diario_escolha USING btree (utilizador_id);


--
-- Name: diario_exercicio_partes_do_exercicio_exercicio_id_4dd8c897; Type: INDEX; Schema: public; Owner: leda
--

CREATE INDEX diario_exercicio_partes_do_exercicio_exercicio_id_4dd8c897 ON public.diario_exercicio_partes_do_exercicio USING btree (exercicio_id);


--
-- Name: diario_exercicio_partes_do_parte_exercicio_id_2d649abd; Type: INDEX; Schema: public; Owner: leda
--

CREATE INDEX diario_exercicio_partes_do_parte_exercicio_id_2d649abd ON public.diario_exercicio_partes_do_exercicio USING btree (parte_exercicio_id);


--
-- Name: diario_exercicio_sessao_exercicio_id_80755830; Type: INDEX; Schema: public; Owner: leda
--

CREATE INDEX diario_exercicio_sessao_exercicio_id_80755830 ON public.diario_exercicio_sessao USING btree (exercicio_id);


--
-- Name: diario_exercicio_sessao_sessao_id_fe340299; Type: INDEX; Schema: public; Owner: leda
--

CREATE INDEX diario_exercicio_sessao_sessao_id_fe340299 ON public.diario_exercicio_sessao USING btree (sessao_id);


--
-- Name: diario_facilitador_grupo_facilitador_id_3bbec0cc; Type: INDEX; Schema: public; Owner: leda
--

CREATE INDEX diario_facilitador_grupo_facilitador_id_3bbec0cc ON public.diario_facilitador_grupo USING btree (facilitador_id);


--
-- Name: diario_facilitador_grupo_grupo_id_ceb1e52f; Type: INDEX; Schema: public; Owner: leda
--

CREATE INDEX diario_facilitador_grupo_grupo_id_ceb1e52f ON public.diario_facilitador_grupo USING btree (grupo_id);


--
-- Name: diario_facilitador_info_sensivel_id_88174d96; Type: INDEX; Schema: public; Owner: leda
--

CREATE INDEX diario_facilitador_info_sensivel_id_88174d96 ON public.diario_facilitador USING btree (info_sensivel_id);


--
-- Name: diario_facilitador_user_id_41669e18; Type: INDEX; Schema: public; Owner: leda
--

CREATE INDEX diario_facilitador_user_id_41669e18 ON public.diario_facilitador USING btree (user_id);


--
-- Name: diario_grupo_referenciacao_id_9b9cce8b; Type: INDEX; Schema: public; Owner: leda
--

CREATE INDEX diario_grupo_referenciacao_id_9b9cce8b ON public.diario_grupo USING btree (referenciacao_id);


--
-- Name: diario_mentor_grupo_grupo_id_ec727531; Type: INDEX; Schema: public; Owner: leda
--

CREATE INDEX diario_mentor_grupo_grupo_id_ec727531 ON public.diario_mentor_grupo USING btree (grupo_id);


--
-- Name: diario_mentor_grupo_mentor_id_0b8bdbb8; Type: INDEX; Schema: public; Owner: leda
--

CREATE INDEX diario_mentor_grupo_mentor_id_0b8bdbb8 ON public.diario_mentor_grupo USING btree (mentor_id);


--
-- Name: diario_mentor_info_sensivel_id_89b32143; Type: INDEX; Schema: public; Owner: leda
--

CREATE INDEX diario_mentor_info_sensivel_id_89b32143 ON public.diario_mentor USING btree (info_sensivel_id);


--
-- Name: diario_mentor_reference_id_f834a5a9; Type: INDEX; Schema: public; Owner: leda
--

CREATE INDEX diario_mentor_reference_id_f834a5a9 ON public.diario_mentor USING btree (reference_id);


--
-- Name: diario_mentor_user_id_d3ee315b; Type: INDEX; Schema: public; Owner: leda
--

CREATE INDEX diario_mentor_user_id_d3ee315b ON public.diario_mentor USING btree (user_id);


--
-- Name: diario_nota_anotador_dinamizador_id_d9315f33; Type: INDEX; Schema: public; Owner: leda
--

CREATE INDEX diario_nota_anotador_dinamizador_id_d9315f33 ON public.diario_nota USING btree (anotador_dinamizador_id);


--
-- Name: diario_nota_anotador_mentor_id_f0e25cab; Type: INDEX; Schema: public; Owner: leda
--

CREATE INDEX diario_nota_anotador_mentor_id_f0e25cab ON public.diario_nota USING btree (anotador_mentor_id);


--
-- Name: diario_nota_cuidador_id_95c7f27a; Type: INDEX; Schema: public; Owner: leda
--

CREATE INDEX diario_nota_cuidador_id_95c7f27a ON public.diario_nota USING btree (cuidador_id);


--
-- Name: diario_nota_participante_id_a8deed00; Type: INDEX; Schema: public; Owner: leda
--

CREATE INDEX diario_nota_participante_id_a8deed00 ON public.diario_nota USING btree (participante_id);


--
-- Name: diario_nota_sessao_grupo_id_25cfe59a; Type: INDEX; Schema: public; Owner: leda
--

CREATE INDEX diario_nota_sessao_grupo_id_25cfe59a ON public.diario_nota USING btree (sessao_grupo_id);


--
-- Name: diario_notagrupo_anotador_dinamizador_id_0342da56; Type: INDEX; Schema: public; Owner: leda
--

CREATE INDEX diario_notagrupo_anotador_dinamizador_id_0342da56 ON public.diario_notagrupo USING btree (anotador_dinamizador_id);


--
-- Name: diario_notagrupo_anotador_mentor_id_c2b12e01; Type: INDEX; Schema: public; Owner: leda
--

CREATE INDEX diario_notagrupo_anotador_mentor_id_c2b12e01 ON public.diario_notagrupo USING btree (anotador_mentor_id);


--
-- Name: diario_notagrupo_grupo_id_a3fd582b; Type: INDEX; Schema: public; Owner: leda
--

CREATE INDEX diario_notagrupo_grupo_id_a3fd582b ON public.diario_notagrupo USING btree (grupo_id);


--
-- Name: diario_notagrupo_sessao_grupo_id_6cb455df; Type: INDEX; Schema: public; Owner: leda
--

CREATE INDEX diario_notagrupo_sessao_grupo_id_6cb455df ON public.diario_notagrupo USING btree (sessao_grupo_id);


--
-- Name: diario_opcao_imagem_id_664391db; Type: INDEX; Schema: public; Owner: leda
--

CREATE INDEX diario_opcao_imagem_id_664391db ON public.diario_opcao USING btree (imagem_id);


--
-- Name: diario_parte_atividades_atividade_id_e6ce686c; Type: INDEX; Schema: public; Owner: leda
--

CREATE INDEX diario_parte_atividades_atividade_id_e6ce686c ON public.diario_parte_atividades USING btree (atividade_id);


--
-- Name: diario_parte_atividades_parte_id_5c34837f; Type: INDEX; Schema: public; Owner: leda
--

CREATE INDEX diario_parte_atividades_parte_id_5c34837f ON public.diario_parte_atividades USING btree (parte_id);


--
-- Name: diario_parte_exercicio_imagens_imagem_id_fd1de4a4; Type: INDEX; Schema: public; Owner: leda
--

CREATE INDEX diario_parte_exercicio_imagens_imagem_id_fd1de4a4 ON public.diario_parte_exercicio_imagens USING btree (imagem_id);


--
-- Name: diario_parte_exercicio_imagens_parte_exercicio_id_bc84e07b; Type: INDEX; Schema: public; Owner: leda
--

CREATE INDEX diario_parte_exercicio_imagens_parte_exercicio_id_bc84e07b ON public.diario_parte_exercicio_imagens USING btree (parte_exercicio_id);


--
-- Name: diario_parte_exercicio_perguntas_parte_exercicio_id_d5953dbe; Type: INDEX; Schema: public; Owner: leda
--

CREATE INDEX diario_parte_exercicio_perguntas_parte_exercicio_id_d5953dbe ON public.diario_parte_exercicio_perguntas USING btree (parte_exercicio_id);


--
-- Name: diario_parte_exercicio_perguntas_pergunta_exercicio_id_980026ad; Type: INDEX; Schema: public; Owner: leda
--

CREATE INDEX diario_parte_exercicio_perguntas_pergunta_exercicio_id_980026ad ON public.diario_parte_exercicio_perguntas USING btree (pergunta_exercicio_id);


--
-- Name: diario_parte_questionarios_parte_id_8028130d; Type: INDEX; Schema: public; Owner: leda
--

CREATE INDEX diario_parte_questionarios_parte_id_8028130d ON public.diario_parte_questionarios USING btree (parte_id);


--
-- Name: diario_parte_questionarios_questionario_id_24149fa7; Type: INDEX; Schema: public; Owner: leda
--

CREATE INDEX diario_parte_questionarios_questionario_id_24149fa7 ON public.diario_parte_questionarios USING btree (questionario_id);


--
-- Name: diario_parte_sessao_id_4ffaa4a3; Type: INDEX; Schema: public; Owner: leda
--

CREATE INDEX diario_parte_sessao_id_4ffaa4a3 ON public.diario_parte USING btree (sessao_id);


--
-- Name: diario_partegrupo_exercicio_id_eedd814d; Type: INDEX; Schema: public; Owner: leda
--

CREATE INDEX diario_partegrupo_exercicio_id_eedd814d ON public.diario_partegrupo USING btree (exercicio_id);


--
-- Name: diario_partegrupo_parte_id_47367050; Type: INDEX; Schema: public; Owner: leda
--

CREATE INDEX diario_partegrupo_parte_id_47367050 ON public.diario_partegrupo USING btree (parte_id);


--
-- Name: diario_partegrupo_sessaoGrupo_id_a8431880; Type: INDEX; Schema: public; Owner: leda
--

CREATE INDEX "diario_partegrupo_sessaoGrupo_id_a8431880" ON public.diario_partegrupo USING btree ("sessaoGrupo_id");


--
-- Name: diario_participante_avaliador_id_611d9cbd; Type: INDEX; Schema: public; Owner: leda
--

CREATE INDEX diario_participante_avaliador_id_611d9cbd ON public.diario_participante USING btree (avaliador_id);


--
-- Name: diario_participante_cuidadores_cuidador_id_d4523d06; Type: INDEX; Schema: public; Owner: leda
--

CREATE INDEX diario_participante_cuidadores_cuidador_id_d4523d06 ON public.diario_participante_cuidadores USING btree (cuidador_id);


--
-- Name: diario_participante_cuidadores_participante_id_e21b1ecc; Type: INDEX; Schema: public; Owner: leda
--

CREATE INDEX diario_participante_cuidadores_participante_id_e21b1ecc ON public.diario_participante_cuidadores USING btree (participante_id);


--
-- Name: diario_participante_diagnosticos_doenca_id_56da302c; Type: INDEX; Schema: public; Owner: leda
--

CREATE INDEX diario_participante_diagnosticos_doenca_id_56da302c ON public.diario_participante_diagnosticos USING btree (doenca_id);


--
-- Name: diario_participante_diagnosticos_participante_id_c2986549; Type: INDEX; Schema: public; Owner: leda
--

CREATE INDEX diario_participante_diagnosticos_participante_id_c2986549 ON public.diario_participante_diagnosticos USING btree (participante_id);


--
-- Name: diario_participante_grupo_grupo_id_2b8db074; Type: INDEX; Schema: public; Owner: leda
--

CREATE INDEX diario_participante_grupo_grupo_id_2b8db074 ON public.diario_participante_grupo USING btree (grupo_id);


--
-- Name: diario_participante_grupo_participante_id_ac0885f5; Type: INDEX; Schema: public; Owner: leda
--

CREATE INDEX diario_participante_grupo_participante_id_ac0885f5 ON public.diario_participante_grupo USING btree (participante_id);


--
-- Name: diario_participante_info_sensivel_id_f698fd6f; Type: INDEX; Schema: public; Owner: leda
--

CREATE INDEX diario_participante_info_sensivel_id_f698fd6f ON public.diario_participante USING btree (info_sensivel_id);


--
-- Name: diario_participante_referenciacao_id_6111f0c9; Type: INDEX; Schema: public; Owner: leda
--

CREATE INDEX diario_participante_referenciacao_id_6111f0c9 ON public.diario_participante USING btree (referenciacao_id);


--
-- Name: diario_participante_user_id_d8789d48; Type: INDEX; Schema: public; Owner: leda
--

CREATE INDEX diario_participante_user_id_d8789d48 ON public.diario_participante USING btree (user_id);


--
-- Name: diario_partilha_cuidador_id_74044638; Type: INDEX; Schema: public; Owner: leda
--

CREATE INDEX diario_partilha_cuidador_id_74044638 ON public.diario_partilha USING btree (cuidador_id);


--
-- Name: diario_partilha_participante_id_02efa221; Type: INDEX; Schema: public; Owner: leda
--

CREATE INDEX diario_partilha_participante_id_02efa221 ON public.diario_partilha USING btree (participante_id);


--
-- Name: diario_partilha_partilha_dinamizador_id_693b741e; Type: INDEX; Schema: public; Owner: leda
--

CREATE INDEX diario_partilha_partilha_dinamizador_id_693b741e ON public.diario_partilha USING btree (partilha_dinamizador_id);


--
-- Name: diario_partilha_partilha_mentor_id_5b74adea; Type: INDEX; Schema: public; Owner: leda
--

CREATE INDEX diario_partilha_partilha_mentor_id_5b74adea ON public.diario_partilha USING btree (partilha_mentor_id);


--
-- Name: diario_partilha_sessao_grupo_id_cffb3c86; Type: INDEX; Schema: public; Owner: leda
--

CREATE INDEX diario_partilha_sessao_grupo_id_cffb3c86 ON public.diario_partilha USING btree (sessao_grupo_id);


--
-- Name: diario_partilhagrupo_grupo_id_dc552987; Type: INDEX; Schema: public; Owner: leda
--

CREATE INDEX diario_partilhagrupo_grupo_id_dc552987 ON public.diario_partilhagrupo USING btree (grupo_id);


--
-- Name: diario_partilhagrupo_partilha_dinamizador_id_31fdb935; Type: INDEX; Schema: public; Owner: leda
--

CREATE INDEX diario_partilhagrupo_partilha_dinamizador_id_31fdb935 ON public.diario_partilhagrupo USING btree (partilha_dinamizador_id);


--
-- Name: diario_partilhagrupo_partilha_mentor_id_a82cb793; Type: INDEX; Schema: public; Owner: leda
--

CREATE INDEX diario_partilhagrupo_partilha_mentor_id_a82cb793 ON public.diario_partilhagrupo USING btree (partilha_mentor_id);


--
-- Name: diario_partilhagrupo_sessao_grupo_id_2d68b78c; Type: INDEX; Schema: public; Owner: leda
--

CREATE INDEX diario_partilhagrupo_sessao_grupo_id_2d68b78c ON public.diario_partilhagrupo USING btree (sessao_grupo_id);


--
-- Name: diario_pergunta_exercicio_opcoes_opcao_id_7b99cfd5; Type: INDEX; Schema: public; Owner: leda
--

CREATE INDEX diario_pergunta_exercicio_opcoes_opcao_id_7b99cfd5 ON public.diario_pergunta_exercicio_opcoes USING btree (opcao_id);


--
-- Name: diario_pergunta_exercicio_opcoes_pergunta_exercicio_id_ca581394; Type: INDEX; Schema: public; Owner: leda
--

CREATE INDEX diario_pergunta_exercicio_opcoes_pergunta_exercicio_id_ca581394 ON public.diario_pergunta_exercicio_opcoes USING btree (pergunta_exercicio_id);


--
-- Name: diario_pergunta_opcoes_opcao_id_aa73f9f6; Type: INDEX; Schema: public; Owner: leda
--

CREATE INDEX diario_pergunta_opcoes_opcao_id_aa73f9f6 ON public.diario_pergunta_opcoes USING btree (opcao_id);


--
-- Name: diario_pergunta_opcoes_pergunta_id_3a9dc811; Type: INDEX; Schema: public; Owner: leda
--

CREATE INDEX diario_pergunta_opcoes_pergunta_id_3a9dc811 ON public.diario_pergunta_opcoes USING btree (pergunta_id);


--
-- Name: diario_presenca_cuidador_id_f50d1400; Type: INDEX; Schema: public; Owner: leda
--

CREATE INDEX diario_presenca_cuidador_id_f50d1400 ON public.diario_presenca USING btree (cuidador_id);


--
-- Name: diario_presenca_participante_id_189270dc; Type: INDEX; Schema: public; Owner: leda
--

CREATE INDEX diario_presenca_participante_id_189270dc ON public.diario_presenca USING btree (participante_id);


--
-- Name: diario_presenca_sessaoDoGrupo_id_264312e2; Type: INDEX; Schema: public; Owner: leda
--

CREATE INDEX "diario_presenca_sessaoDoGrupo_id_264312e2" ON public.diario_presenca USING btree ("sessaoDoGrupo_id");


--
-- Name: diario_questionario_continuacaoDe_id_159a6c5a; Type: INDEX; Schema: public; Owner: leda
--

CREATE INDEX "diario_questionario_continuacaoDe_id_159a6c5a" ON public.diario_questionario USING btree ("continuacaoDe_id");


--
-- Name: diario_questionario_perguntas_pergunta_id_2deb47a3; Type: INDEX; Schema: public; Owner: leda
--

CREATE INDEX diario_questionario_perguntas_pergunta_id_2deb47a3 ON public.diario_questionario_perguntas USING btree (pergunta_id);


--
-- Name: diario_questionario_perguntas_questionario_id_fdde967c; Type: INDEX; Schema: public; Owner: leda
--

CREATE INDEX diario_questionario_perguntas_questionario_id_fdde967c ON public.diario_questionario_perguntas USING btree (questionario_id);


--
-- Name: diario_resposta_parte_exercicio_id_f204afcd; Type: INDEX; Schema: public; Owner: leda
--

CREATE INDEX diario_resposta_parte_exercicio_id_f204afcd ON public.diario_resposta USING btree (parte_exercicio_id);


--
-- Name: diario_resposta_parte_grupo_id_00e14319; Type: INDEX; Schema: public; Owner: leda
--

CREATE INDEX diario_resposta_parte_grupo_id_00e14319 ON public.diario_resposta USING btree (parte_grupo_id);


--
-- Name: diario_resposta_participante_id_052272a9; Type: INDEX; Schema: public; Owner: leda
--

CREATE INDEX diario_resposta_participante_id_052272a9 ON public.diario_resposta USING btree (participante_id);


--
-- Name: diario_resposta_pergunta_id_1afc7102; Type: INDEX; Schema: public; Owner: leda
--

CREATE INDEX diario_resposta_pergunta_id_1afc7102 ON public.diario_resposta USING btree (pergunta_id);


--
-- Name: diario_resposta_resposta_escolha_id_b241aa49; Type: INDEX; Schema: public; Owner: leda
--

CREATE INDEX diario_resposta_resposta_escolha_id_b241aa49 ON public.diario_resposta USING btree (resposta_escolha_id);


--
-- Name: diario_resposta_sessao_grupo_id_4cb6a254; Type: INDEX; Schema: public; Owner: leda
--

CREATE INDEX diario_resposta_sessao_grupo_id_4cb6a254 ON public.diario_resposta USING btree (sessao_grupo_id);


--
-- Name: diario_sessaodogrupo_grupo_id_9a5315c6; Type: INDEX; Schema: public; Owner: leda
--

CREATE INDEX diario_sessaodogrupo_grupo_id_9a5315c6 ON public.diario_sessaodogrupo USING btree (grupo_id);


--
-- Name: diario_sessaodogrupo_parte_ativa_id_c82013be; Type: INDEX; Schema: public; Owner: leda
--

CREATE INDEX diario_sessaodogrupo_parte_ativa_id_c82013be ON public.diario_sessaodogrupo USING btree (parte_ativa_id);


--
-- Name: diario_sessaodogrupo_sessao_id_ae19f12d; Type: INDEX; Schema: public; Owner: leda
--

CREATE INDEX diario_sessaodogrupo_sessao_id_ae19f12d ON public.diario_sessaodogrupo USING btree (sessao_id);


--
-- Name: django_admin_log_content_type_id_c4bce8eb; Type: INDEX; Schema: public; Owner: leda
--

CREATE INDEX django_admin_log_content_type_id_c4bce8eb ON public.django_admin_log USING btree (content_type_id);


--
-- Name: django_admin_log_user_id_c564eba6; Type: INDEX; Schema: public; Owner: leda
--

CREATE INDEX django_admin_log_user_id_c564eba6 ON public.django_admin_log USING btree (user_id);


--
-- Name: django_session_expire_date_a5c62663; Type: INDEX; Schema: public; Owner: leda
--

CREATE INDEX django_session_expire_date_a5c62663 ON public.django_session USING btree (expire_date);


--
-- Name: django_session_session_key_c0390e0f_like; Type: INDEX; Schema: public; Owner: leda
--

CREATE INDEX django_session_session_key_c0390e0f_like ON public.django_session USING btree (session_key varchar_pattern_ops);


--
-- Name: protocolo_answer_multiple_choice_answer_id_50857daf; Type: INDEX; Schema: public; Owner: leda
--

CREATE INDEX protocolo_answer_multiple_choice_answer_id_50857daf ON public.protocolo_answer USING btree (multiple_choice_answer_id);


--
-- Name: protocolo_answer_question_id_0f67a888; Type: INDEX; Schema: public; Owner: leda
--

CREATE INDEX protocolo_answer_question_id_0f67a888 ON public.protocolo_answer USING btree (question_id);


--
-- Name: protocolo_answer_resolution_id_99cb25a9; Type: INDEX; Schema: public; Owner: leda
--

CREATE INDEX protocolo_answer_resolution_id_99cb25a9 ON public.protocolo_answer USING btree (resolution_id);


--
-- Name: protocolo_area_part_area_id_2604b57e; Type: INDEX; Schema: public; Owner: leda
--

CREATE INDEX protocolo_area_part_area_id_2604b57e ON public.protocolo_area_part USING btree (area_id);


--
-- Name: protocolo_area_part_part_id_40f8f09d; Type: INDEX; Schema: public; Owner: leda
--

CREATE INDEX protocolo_area_part_part_id_40f8f09d ON public.protocolo_area_part USING btree (part_id);


--
-- Name: protocolo_dimension_instrument_id_dd666d93; Type: INDEX; Schema: public; Owner: leda
--

CREATE INDEX protocolo_dimension_instrument_id_dd666d93 ON public.protocolo_dimension USING btree (instrument_id);


--
-- Name: protocolo_instrument_area_area_id_05795564; Type: INDEX; Schema: public; Owner: leda
--

CREATE INDEX protocolo_instrument_area_area_id_05795564 ON public.protocolo_instrument_area USING btree (area_id);


--
-- Name: protocolo_instrument_area_instrument_id_c210b818; Type: INDEX; Schema: public; Owner: leda
--

CREATE INDEX protocolo_instrument_area_instrument_id_c210b818 ON public.protocolo_instrument_area USING btree (instrument_id);


--
-- Name: protocolo_multiplechoicescheckbox_answer_id_ac7dabf2; Type: INDEX; Schema: public; Owner: leda
--

CREATE INDEX protocolo_multiplechoicescheckbox_answer_id_ac7dabf2 ON public.protocolo_multiplechoicescheckbox USING btree (answer_id);


--
-- Name: protocolo_multiplechoicescheckbox_choice_id_ec7b53aa; Type: INDEX; Schema: public; Owner: leda
--

CREATE INDEX protocolo_multiplechoicescheckbox_choice_id_ec7b53aa ON public.protocolo_multiplechoicescheckbox USING btree (choice_id);


--
-- Name: protocolo_part_protocol_id_f3178c89; Type: INDEX; Schema: public; Owner: leda
--

CREATE INDEX protocolo_part_protocol_id_f3178c89 ON public.protocolo_part USING btree (protocol_id);


--
-- Name: protocolo_partedoutilizador_cuidador_id_51a8adc2; Type: INDEX; Schema: public; Owner: leda
--

CREATE INDEX protocolo_partedoutilizador_cuidador_id_51a8adc2 ON public.protocolo_partedoutilizador USING btree (cuidador_id);


--
-- Name: protocolo_partedoutilizador_part_id_ff8cad73; Type: INDEX; Schema: public; Owner: leda
--

CREATE INDEX protocolo_partedoutilizador_part_id_ff8cad73 ON public.protocolo_partedoutilizador USING btree (part_id);


--
-- Name: protocolo_partedoutilizador_participante_id_6f869862; Type: INDEX; Schema: public; Owner: leda
--

CREATE INDEX protocolo_partedoutilizador_participante_id_6f869862 ON public.protocolo_partedoutilizador USING btree (participante_id);


--
-- Name: protocolo_question_helping_images_question_id_f05de347; Type: INDEX; Schema: public; Owner: leda
--

CREATE INDEX protocolo_question_helping_images_question_id_f05de347 ON public.protocolo_question_helping_images USING btree (question_id);


--
-- Name: protocolo_question_helping_images_questionimage_id_5cf2169e; Type: INDEX; Schema: public; Owner: leda
--

CREATE INDEX protocolo_question_helping_images_questionimage_id_5cf2169e ON public.protocolo_question_helping_images USING btree (questionimage_id);


--
-- Name: protocolo_question_possible_answers_possibleanswer_id_3d7a7b24; Type: INDEX; Schema: public; Owner: leda
--

CREATE INDEX protocolo_question_possible_answers_possibleanswer_id_3d7a7b24 ON public.protocolo_question_possible_answers USING btree (possibleanswer_id);


--
-- Name: protocolo_question_possible_answers_question_id_005b43db; Type: INDEX; Schema: public; Owner: leda
--

CREATE INDEX protocolo_question_possible_answers_question_id_005b43db ON public.protocolo_question_possible_answers USING btree (question_id);


--
-- Name: protocolo_question_section_id_eef6b498; Type: INDEX; Schema: public; Owner: leda
--

CREATE INDEX protocolo_question_section_id_eef6b498 ON public.protocolo_question USING btree (section_id);


--
-- Name: protocolo_report_resolution_id_72d97ca7; Type: INDEX; Schema: public; Owner: leda
--

CREATE INDEX protocolo_report_resolution_id_72d97ca7 ON public.protocolo_report USING btree (resolution_id);


--
-- Name: protocolo_resolution_cuidador_id_b0865ea4; Type: INDEX; Schema: public; Owner: leda
--

CREATE INDEX protocolo_resolution_cuidador_id_b0865ea4 ON public.protocolo_resolution USING btree (cuidador_id);


--
-- Name: protocolo_resolution_doctor_id_8cc8e747; Type: INDEX; Schema: public; Owner: leda
--

CREATE INDEX protocolo_resolution_doctor_id_8cc8e747 ON public.protocolo_resolution USING btree (doctor_id);


--
-- Name: protocolo_resolution_part_id_feab8351; Type: INDEX; Schema: public; Owner: leda
--

CREATE INDEX protocolo_resolution_part_id_feab8351 ON public.protocolo_resolution USING btree (part_id);


--
-- Name: protocolo_resolution_patient_id_4ba48612; Type: INDEX; Schema: public; Owner: leda
--

CREATE INDEX protocolo_resolution_patient_id_4ba48612 ON public.protocolo_resolution USING btree (patient_id);


--
-- Name: protocolo_section_dimension_id_340f76ae; Type: INDEX; Schema: public; Owner: leda
--

CREATE INDEX protocolo_section_dimension_id_340f76ae ON public.protocolo_section USING btree (dimension_id);


--
-- Name: protocolo_textinputanswer_answer_id_48010313; Type: INDEX; Schema: public; Owner: leda
--

CREATE INDEX protocolo_textinputanswer_answer_id_48010313 ON public.protocolo_textinputanswer USING btree (answer_id);


--
-- Name: auth_group_permissions auth_group_permissio_permission_id_84c5c92e_fk_auth_perm; Type: FK CONSTRAINT; Schema: public; Owner: leda
--

ALTER TABLE ONLY public.auth_group_permissions
    ADD CONSTRAINT auth_group_permissio_permission_id_84c5c92e_fk_auth_perm FOREIGN KEY (permission_id) REFERENCES public.auth_permission(id) DEFERRABLE INITIALLY DEFERRED;


--
-- Name: auth_group_permissions auth_group_permissions_group_id_b120cbf9_fk_auth_group_id; Type: FK CONSTRAINT; Schema: public; Owner: leda
--

ALTER TABLE ONLY public.auth_group_permissions
    ADD CONSTRAINT auth_group_permissions_group_id_b120cbf9_fk_auth_group_id FOREIGN KEY (group_id) REFERENCES public.auth_group(id) DEFERRABLE INITIALLY DEFERRED;


--
-- Name: auth_permission auth_permission_content_type_id_2f476e4b_fk_django_co; Type: FK CONSTRAINT; Schema: public; Owner: leda
--

ALTER TABLE ONLY public.auth_permission
    ADD CONSTRAINT auth_permission_content_type_id_2f476e4b_fk_django_co FOREIGN KEY (content_type_id) REFERENCES public.django_content_type(id) DEFERRABLE INITIALLY DEFERRED;


--
-- Name: auth_user_groups auth_user_groups_group_id_97559544_fk_auth_group_id; Type: FK CONSTRAINT; Schema: public; Owner: leda
--

ALTER TABLE ONLY public.auth_user_groups
    ADD CONSTRAINT auth_user_groups_group_id_97559544_fk_auth_group_id FOREIGN KEY (group_id) REFERENCES public.auth_group(id) DEFERRABLE INITIALLY DEFERRED;


--
-- Name: auth_user_groups auth_user_groups_user_id_6a12ed8b_fk_auth_user_id; Type: FK CONSTRAINT; Schema: public; Owner: leda
--

ALTER TABLE ONLY public.auth_user_groups
    ADD CONSTRAINT auth_user_groups_user_id_6a12ed8b_fk_auth_user_id FOREIGN KEY (user_id) REFERENCES public.auth_user(id) DEFERRABLE INITIALLY DEFERRED;


--
-- Name: auth_user_user_permissions auth_user_user_permi_permission_id_1fbb5f2c_fk_auth_perm; Type: FK CONSTRAINT; Schema: public; Owner: leda
--

ALTER TABLE ONLY public.auth_user_user_permissions
    ADD CONSTRAINT auth_user_user_permi_permission_id_1fbb5f2c_fk_auth_perm FOREIGN KEY (permission_id) REFERENCES public.auth_permission(id) DEFERRABLE INITIALLY DEFERRED;


--
-- Name: auth_user_user_permissions auth_user_user_permissions_user_id_a95ead1b_fk_auth_user_id; Type: FK CONSTRAINT; Schema: public; Owner: leda
--

ALTER TABLE ONLY public.auth_user_user_permissions
    ADD CONSTRAINT auth_user_user_permissions_user_id_a95ead1b_fk_auth_user_id FOREIGN KEY (user_id) REFERENCES public.auth_user(id) DEFERRABLE INITIALLY DEFERRED;


--
-- Name: diario_administrador diario_administrador_reference_id_8d90bab6_fk_diario_re; Type: FK CONSTRAINT; Schema: public; Owner: leda
--

ALTER TABLE ONLY public.diario_administrador
    ADD CONSTRAINT diario_administrador_reference_id_8d90bab6_fk_diario_re FOREIGN KEY (reference_id) REFERENCES public.diario_reference(id) DEFERRABLE INITIALLY DEFERRED;


--
-- Name: diario_administrador diario_administrador_user_id_ac6a6d11_fk_auth_user_id; Type: FK CONSTRAINT; Schema: public; Owner: leda
--

ALTER TABLE ONLY public.diario_administrador
    ADD CONSTRAINT diario_administrador_user_id_ac6a6d11_fk_auth_user_id FOREIGN KEY (user_id) REFERENCES public.auth_user(id) DEFERRABLE INITIALLY DEFERRED;


--
-- Name: diario_avaliacaoparticipante diario_avaliacaopart_participante_id_038290a3_fk_diario_pa; Type: FK CONSTRAINT; Schema: public; Owner: leda
--

ALTER TABLE ONLY public.diario_avaliacaoparticipante
    ADD CONSTRAINT diario_avaliacaopart_participante_id_038290a3_fk_diario_pa FOREIGN KEY (participante_id) REFERENCES public.diario_participante(id) DEFERRABLE INITIALLY DEFERRED;


--
-- Name: diario_avaliacaoparticipante diario_avaliacaopart_sessao_grupo_id_3d3f9206_fk_diario_se; Type: FK CONSTRAINT; Schema: public; Owner: leda
--

ALTER TABLE ONLY public.diario_avaliacaoparticipante
    ADD CONSTRAINT diario_avaliacaopart_sessao_grupo_id_3d3f9206_fk_diario_se FOREIGN KEY (sessao_grupo_id) REFERENCES public.diario_sessaodogrupo(id) DEFERRABLE INITIALLY DEFERRED;


--
-- Name: diario_avaliacaoparticipante diario_avaliacaopart_submetido_por_id_abfe6d9f_fk_diario_fa; Type: FK CONSTRAINT; Schema: public; Owner: leda
--

ALTER TABLE ONLY public.diario_avaliacaoparticipante
    ADD CONSTRAINT diario_avaliacaopart_submetido_por_id_abfe6d9f_fk_diario_fa FOREIGN KEY (submetido_por_id) REFERENCES public.diario_facilitador(id) DEFERRABLE INITIALLY DEFERRED;


--
-- Name: diario_avaliacaosessao diario_avaliacaosess_sessao_grupo_id_ce294112_fk_diario_se; Type: FK CONSTRAINT; Schema: public; Owner: leda
--

ALTER TABLE ONLY public.diario_avaliacaosessao
    ADD CONSTRAINT diario_avaliacaosess_sessao_grupo_id_ce294112_fk_diario_se FOREIGN KEY (sessao_grupo_id) REFERENCES public.diario_sessaodogrupo(id) DEFERRABLE INITIALLY DEFERRED;


--
-- Name: diario_avaliacaosessao diario_avaliacaosess_submetido_por_id_0ec3c848_fk_diario_fa; Type: FK CONSTRAINT; Schema: public; Owner: leda
--

ALTER TABLE ONLY public.diario_avaliacaosessao
    ADD CONSTRAINT diario_avaliacaosess_submetido_por_id_0ec3c848_fk_diario_fa FOREIGN KEY (submetido_por_id) REFERENCES public.diario_facilitador(id) DEFERRABLE INITIALLY DEFERRED;


--
-- Name: diario_avaliador diario_avaliador_info_sensivel_id_22b8c282_fk_diario_in; Type: FK CONSTRAINT; Schema: public; Owner: leda
--

ALTER TABLE ONLY public.diario_avaliador
    ADD CONSTRAINT diario_avaliador_info_sensivel_id_22b8c282_fk_diario_in FOREIGN KEY (info_sensivel_id) REFERENCES public.diario_informacaosensivel(id) DEFERRABLE INITIALLY DEFERRED;


--
-- Name: diario_avaliador diario_avaliador_reference_id_7086744e_fk_diario_reference_id; Type: FK CONSTRAINT; Schema: public; Owner: leda
--

ALTER TABLE ONLY public.diario_avaliador
    ADD CONSTRAINT diario_avaliador_reference_id_7086744e_fk_diario_reference_id FOREIGN KEY (reference_id) REFERENCES public.diario_reference(id) DEFERRABLE INITIALLY DEFERRED;


--
-- Name: diario_avaliador diario_avaliador_user_id_3cf919e5_fk_auth_user_id; Type: FK CONSTRAINT; Schema: public; Owner: leda
--

ALTER TABLE ONLY public.diario_avaliador
    ADD CONSTRAINT diario_avaliador_user_id_3cf919e5_fk_auth_user_id FOREIGN KEY (user_id) REFERENCES public.auth_user(id) DEFERRABLE INITIALLY DEFERRED;


--
-- Name: diario_colaborador diario_colaborador_info_sensivel_id_4fdd80d5_fk_diario_in; Type: FK CONSTRAINT; Schema: public; Owner: leda
--

ALTER TABLE ONLY public.diario_colaborador
    ADD CONSTRAINT diario_colaborador_info_sensivel_id_4fdd80d5_fk_diario_in FOREIGN KEY (info_sensivel_id) REFERENCES public.diario_informacaosensivel(id) DEFERRABLE INITIALLY DEFERRED;


--
-- Name: diario_colaborador diario_colaborador_reference_id_07b3b7f1_fk_diario_reference_id; Type: FK CONSTRAINT; Schema: public; Owner: leda
--

ALTER TABLE ONLY public.diario_colaborador
    ADD CONSTRAINT diario_colaborador_reference_id_07b3b7f1_fk_diario_reference_id FOREIGN KEY (reference_id) REFERENCES public.diario_reference(id) DEFERRABLE INITIALLY DEFERRED;


--
-- Name: diario_colaborador diario_colaborador_user_id_56db0371_fk_auth_user_id; Type: FK CONSTRAINT; Schema: public; Owner: leda
--

ALTER TABLE ONLY public.diario_colaborador
    ADD CONSTRAINT diario_colaborador_user_id_56db0371_fk_auth_user_id FOREIGN KEY (user_id) REFERENCES public.auth_user(id) DEFERRABLE INITIALLY DEFERRED;


--
-- Name: diario_cuidador diario_cuidador_avaliador_id_0b15f6ea_fk_auth_user_id; Type: FK CONSTRAINT; Schema: public; Owner: leda
--

ALTER TABLE ONLY public.diario_cuidador
    ADD CONSTRAINT diario_cuidador_avaliador_id_0b15f6ea_fk_auth_user_id FOREIGN KEY (avaliador_id) REFERENCES public.auth_user(id) DEFERRABLE INITIALLY DEFERRED;


--
-- Name: diario_cuidador_diagnosticos diario_cuidador_diag_cuidador_id_86e820fb_fk_diario_cu; Type: FK CONSTRAINT; Schema: public; Owner: leda
--

ALTER TABLE ONLY public.diario_cuidador_diagnosticos
    ADD CONSTRAINT diario_cuidador_diag_cuidador_id_86e820fb_fk_diario_cu FOREIGN KEY (cuidador_id) REFERENCES public.diario_cuidador(id) DEFERRABLE INITIALLY DEFERRED;


--
-- Name: diario_cuidador_diagnosticos diario_cuidador_diag_doenca_id_beda6943_fk_diario_do; Type: FK CONSTRAINT; Schema: public; Owner: leda
--

ALTER TABLE ONLY public.diario_cuidador_diagnosticos
    ADD CONSTRAINT diario_cuidador_diag_doenca_id_beda6943_fk_diario_do FOREIGN KEY (doenca_id) REFERENCES public.diario_doenca(id) DEFERRABLE INITIALLY DEFERRED;


--
-- Name: diario_cuidador_grupo diario_cuidador_grup_cuidador_id_774a6e2d_fk_diario_cu; Type: FK CONSTRAINT; Schema: public; Owner: leda
--

ALTER TABLE ONLY public.diario_cuidador_grupo
    ADD CONSTRAINT diario_cuidador_grup_cuidador_id_774a6e2d_fk_diario_cu FOREIGN KEY (cuidador_id) REFERENCES public.diario_cuidador(id) DEFERRABLE INITIALLY DEFERRED;


--
-- Name: diario_cuidador_grupo diario_cuidador_grupo_grupo_id_f2d0ff69_fk_diario_grupo_id; Type: FK CONSTRAINT; Schema: public; Owner: leda
--

ALTER TABLE ONLY public.diario_cuidador_grupo
    ADD CONSTRAINT diario_cuidador_grupo_grupo_id_f2d0ff69_fk_diario_grupo_id FOREIGN KEY (grupo_id) REFERENCES public.diario_grupo(id) DEFERRABLE INITIALLY DEFERRED;


--
-- Name: diario_cuidador diario_cuidador_info_sensivel_id_087692c3_fk_diario_in; Type: FK CONSTRAINT; Schema: public; Owner: leda
--

ALTER TABLE ONLY public.diario_cuidador
    ADD CONSTRAINT diario_cuidador_info_sensivel_id_087692c3_fk_diario_in FOREIGN KEY (info_sensivel_id) REFERENCES public.diario_informacaosensivel(id) DEFERRABLE INITIALLY DEFERRED;


--
-- Name: diario_cuidador diario_cuidador_referenciacao_id_1f3edf6f_fk_diario_re; Type: FK CONSTRAINT; Schema: public; Owner: leda
--

ALTER TABLE ONLY public.diario_cuidador
    ADD CONSTRAINT diario_cuidador_referenciacao_id_1f3edf6f_fk_diario_re FOREIGN KEY (referenciacao_id) REFERENCES public.diario_reference(id) DEFERRABLE INITIALLY DEFERRED;


--
-- Name: diario_cuidador diario_cuidador_user_id_81486483_fk_auth_user_id; Type: FK CONSTRAINT; Schema: public; Owner: leda
--

ALTER TABLE ONLY public.diario_cuidador
    ADD CONSTRAINT diario_cuidador_user_id_81486483_fk_auth_user_id FOREIGN KEY (user_id) REFERENCES public.auth_user(id) DEFERRABLE INITIALLY DEFERRED;


--
-- Name: diario_dinamizadorconvidado_grupo diario_dinamizadorco_dinamizadorconvidado_f468170f_fk_diario_di; Type: FK CONSTRAINT; Schema: public; Owner: leda
--

ALTER TABLE ONLY public.diario_dinamizadorconvidado_grupo
    ADD CONSTRAINT diario_dinamizadorco_dinamizadorconvidado_f468170f_fk_diario_di FOREIGN KEY (dinamizadorconvidado_id) REFERENCES public.diario_dinamizadorconvidado(id) DEFERRABLE INITIALLY DEFERRED;


--
-- Name: diario_dinamizadorconvidado_grupo diario_dinamizadorco_grupo_id_62010718_fk_diario_gr; Type: FK CONSTRAINT; Schema: public; Owner: leda
--

ALTER TABLE ONLY public.diario_dinamizadorconvidado_grupo
    ADD CONSTRAINT diario_dinamizadorco_grupo_id_62010718_fk_diario_gr FOREIGN KEY (grupo_id) REFERENCES public.diario_grupo(id) DEFERRABLE INITIALLY DEFERRED;


--
-- Name: diario_dinamizadorconvidado diario_dinamizadorco_info_sensivel_id_a2224af9_fk_diario_in; Type: FK CONSTRAINT; Schema: public; Owner: leda
--

ALTER TABLE ONLY public.diario_dinamizadorconvidado
    ADD CONSTRAINT diario_dinamizadorco_info_sensivel_id_a2224af9_fk_diario_in FOREIGN KEY (info_sensivel_id) REFERENCES public.diario_informacaosensivel(id) DEFERRABLE INITIALLY DEFERRED;


--
-- Name: diario_dinamizadorconvidado diario_dinamizadorco_reference_id_3202b518_fk_diario_re; Type: FK CONSTRAINT; Schema: public; Owner: leda
--

ALTER TABLE ONLY public.diario_dinamizadorconvidado
    ADD CONSTRAINT diario_dinamizadorco_reference_id_3202b518_fk_diario_re FOREIGN KEY (reference_id) REFERENCES public.diario_reference(id) DEFERRABLE INITIALLY DEFERRED;


--
-- Name: diario_dinamizadorconvidado diario_dinamizadorconvidado_user_id_a7e81278_fk_auth_user_id; Type: FK CONSTRAINT; Schema: public; Owner: leda
--

ALTER TABLE ONLY public.diario_dinamizadorconvidado
    ADD CONSTRAINT diario_dinamizadorconvidado_user_id_a7e81278_fk_auth_user_id FOREIGN KEY (user_id) REFERENCES public.auth_user(id) DEFERRABLE INITIALLY DEFERRED;


--
-- Name: diario_documents_cuidador diario_documents_cui_cuidador_id_a975d6bb_fk_diario_cu; Type: FK CONSTRAINT; Schema: public; Owner: leda
--

ALTER TABLE ONLY public.diario_documents_cuidador
    ADD CONSTRAINT diario_documents_cui_cuidador_id_a975d6bb_fk_diario_cu FOREIGN KEY (cuidador_id) REFERENCES public.diario_cuidador(id) DEFERRABLE INITIALLY DEFERRED;


--
-- Name: diario_documents_cuidador diario_documents_cui_documents_id_8fa3c150_fk_diario_do; Type: FK CONSTRAINT; Schema: public; Owner: leda
--

ALTER TABLE ONLY public.diario_documents_cuidador
    ADD CONSTRAINT diario_documents_cui_documents_id_8fa3c150_fk_diario_do FOREIGN KEY (documents_id) REFERENCES public.diario_documents(id) DEFERRABLE INITIALLY DEFERRED;


--
-- Name: diario_escolha diario_escolha_opcao_id_621f9e52_fk_diario_opcao_id; Type: FK CONSTRAINT; Schema: public; Owner: leda
--

ALTER TABLE ONLY public.diario_escolha
    ADD CONSTRAINT diario_escolha_opcao_id_621f9e52_fk_diario_opcao_id FOREIGN KEY (opcao_id) REFERENCES public.diario_opcao(id) DEFERRABLE INITIALLY DEFERRED;


--
-- Name: diario_escolha diario_escolha_parte_grupo_id_c029fdea_fk_diario_partegrupo_id; Type: FK CONSTRAINT; Schema: public; Owner: leda
--

ALTER TABLE ONLY public.diario_escolha
    ADD CONSTRAINT diario_escolha_parte_grupo_id_c029fdea_fk_diario_partegrupo_id FOREIGN KEY (parte_grupo_id) REFERENCES public.diario_partegrupo(id) DEFERRABLE INITIALLY DEFERRED;


--
-- Name: diario_escolha diario_escolha_pergunta_id_422007f9_fk_diario_pergunta_id; Type: FK CONSTRAINT; Schema: public; Owner: leda
--

ALTER TABLE ONLY public.diario_escolha
    ADD CONSTRAINT diario_escolha_pergunta_id_422007f9_fk_diario_pergunta_id FOREIGN KEY (pergunta_id) REFERENCES public.diario_pergunta(id) DEFERRABLE INITIALLY DEFERRED;


--
-- Name: diario_escolha diario_escolha_sessao_grupo_id_2051297d_fk_diario_se; Type: FK CONSTRAINT; Schema: public; Owner: leda
--

ALTER TABLE ONLY public.diario_escolha
    ADD CONSTRAINT diario_escolha_sessao_grupo_id_2051297d_fk_diario_se FOREIGN KEY (sessao_grupo_id) REFERENCES public.diario_sessaodogrupo(id) DEFERRABLE INITIALLY DEFERRED;


--
-- Name: diario_escolha diario_escolha_utilizador_id_faaac370_fk_auth_user_id; Type: FK CONSTRAINT; Schema: public; Owner: leda
--

ALTER TABLE ONLY public.diario_escolha
    ADD CONSTRAINT diario_escolha_utilizador_id_faaac370_fk_auth_user_id FOREIGN KEY (utilizador_id) REFERENCES public.auth_user(id) DEFERRABLE INITIALLY DEFERRED;


--
-- Name: diario_exercicio_partes_do_exercicio diario_exercicio_par_exercicio_id_4dd8c897_fk_diario_ex; Type: FK CONSTRAINT; Schema: public; Owner: leda
--

ALTER TABLE ONLY public.diario_exercicio_partes_do_exercicio
    ADD CONSTRAINT diario_exercicio_par_exercicio_id_4dd8c897_fk_diario_ex FOREIGN KEY (exercicio_id) REFERENCES public.diario_exercicio(id) DEFERRABLE INITIALLY DEFERRED;


--
-- Name: diario_exercicio_partes_do_exercicio diario_exercicio_par_parte_exercicio_id_2d649abd_fk_diario_pa; Type: FK CONSTRAINT; Schema: public; Owner: leda
--

ALTER TABLE ONLY public.diario_exercicio_partes_do_exercicio
    ADD CONSTRAINT diario_exercicio_par_parte_exercicio_id_2d649abd_fk_diario_pa FOREIGN KEY (parte_exercicio_id) REFERENCES public.diario_parte_exercicio(id) DEFERRABLE INITIALLY DEFERRED;


--
-- Name: diario_exercicio_sessao diario_exercicio_ses_exercicio_id_80755830_fk_diario_ex; Type: FK CONSTRAINT; Schema: public; Owner: leda
--

ALTER TABLE ONLY public.diario_exercicio_sessao
    ADD CONSTRAINT diario_exercicio_ses_exercicio_id_80755830_fk_diario_ex FOREIGN KEY (exercicio_id) REFERENCES public.diario_exercicio(id) DEFERRABLE INITIALLY DEFERRED;


--
-- Name: diario_exercicio_sessao diario_exercicio_sessao_sessao_id_fe340299_fk_diario_sessao_id; Type: FK CONSTRAINT; Schema: public; Owner: leda
--

ALTER TABLE ONLY public.diario_exercicio_sessao
    ADD CONSTRAINT diario_exercicio_sessao_sessao_id_fe340299_fk_diario_sessao_id FOREIGN KEY (sessao_id) REFERENCES public.diario_sessao(id) DEFERRABLE INITIALLY DEFERRED;


--
-- Name: diario_facilitador_grupo diario_facilitador_g_facilitador_id_3bbec0cc_fk_diario_fa; Type: FK CONSTRAINT; Schema: public; Owner: leda
--

ALTER TABLE ONLY public.diario_facilitador_grupo
    ADD CONSTRAINT diario_facilitador_g_facilitador_id_3bbec0cc_fk_diario_fa FOREIGN KEY (facilitador_id) REFERENCES public.diario_facilitador(id) DEFERRABLE INITIALLY DEFERRED;


--
-- Name: diario_facilitador_grupo diario_facilitador_grupo_grupo_id_ceb1e52f_fk_diario_grupo_id; Type: FK CONSTRAINT; Schema: public; Owner: leda
--

ALTER TABLE ONLY public.diario_facilitador_grupo
    ADD CONSTRAINT diario_facilitador_grupo_grupo_id_ceb1e52f_fk_diario_grupo_id FOREIGN KEY (grupo_id) REFERENCES public.diario_grupo(id) DEFERRABLE INITIALLY DEFERRED;


--
-- Name: diario_facilitador diario_facilitador_info_sensivel_id_88174d96_fk_diario_in; Type: FK CONSTRAINT; Schema: public; Owner: leda
--

ALTER TABLE ONLY public.diario_facilitador
    ADD CONSTRAINT diario_facilitador_info_sensivel_id_88174d96_fk_diario_in FOREIGN KEY (info_sensivel_id) REFERENCES public.diario_informacaosensivel(id) DEFERRABLE INITIALLY DEFERRED;


--
-- Name: diario_facilitador diario_facilitador_user_id_41669e18_fk_auth_user_id; Type: FK CONSTRAINT; Schema: public; Owner: leda
--

ALTER TABLE ONLY public.diario_facilitador
    ADD CONSTRAINT diario_facilitador_user_id_41669e18_fk_auth_user_id FOREIGN KEY (user_id) REFERENCES public.auth_user(id) DEFERRABLE INITIALLY DEFERRED;


--
-- Name: diario_grupo diario_grupo_referenciacao_id_9b9cce8b_fk_diario_reference_id; Type: FK CONSTRAINT; Schema: public; Owner: leda
--

ALTER TABLE ONLY public.diario_grupo
    ADD CONSTRAINT diario_grupo_referenciacao_id_9b9cce8b_fk_diario_reference_id FOREIGN KEY (referenciacao_id) REFERENCES public.diario_reference(id) DEFERRABLE INITIALLY DEFERRED;


--
-- Name: diario_mentor_grupo diario_mentor_grupo_grupo_id_ec727531_fk_diario_grupo_id; Type: FK CONSTRAINT; Schema: public; Owner: leda
--

ALTER TABLE ONLY public.diario_mentor_grupo
    ADD CONSTRAINT diario_mentor_grupo_grupo_id_ec727531_fk_diario_grupo_id FOREIGN KEY (grupo_id) REFERENCES public.diario_grupo(id) DEFERRABLE INITIALLY DEFERRED;


--
-- Name: diario_mentor_grupo diario_mentor_grupo_mentor_id_0b8bdbb8_fk_diario_mentor_id; Type: FK CONSTRAINT; Schema: public; Owner: leda
--

ALTER TABLE ONLY public.diario_mentor_grupo
    ADD CONSTRAINT diario_mentor_grupo_mentor_id_0b8bdbb8_fk_diario_mentor_id FOREIGN KEY (mentor_id) REFERENCES public.diario_mentor(id) DEFERRABLE INITIALLY DEFERRED;


--
-- Name: diario_mentor diario_mentor_info_sensivel_id_89b32143_fk_diario_in; Type: FK CONSTRAINT; Schema: public; Owner: leda
--

ALTER TABLE ONLY public.diario_mentor
    ADD CONSTRAINT diario_mentor_info_sensivel_id_89b32143_fk_diario_in FOREIGN KEY (info_sensivel_id) REFERENCES public.diario_informacaosensivel(id) DEFERRABLE INITIALLY DEFERRED;


--
-- Name: diario_mentor diario_mentor_reference_id_f834a5a9_fk_diario_reference_id; Type: FK CONSTRAINT; Schema: public; Owner: leda
--

ALTER TABLE ONLY public.diario_mentor
    ADD CONSTRAINT diario_mentor_reference_id_f834a5a9_fk_diario_reference_id FOREIGN KEY (reference_id) REFERENCES public.diario_reference(id) DEFERRABLE INITIALLY DEFERRED;


--
-- Name: diario_mentor diario_mentor_user_id_d3ee315b_fk_auth_user_id; Type: FK CONSTRAINT; Schema: public; Owner: leda
--

ALTER TABLE ONLY public.diario_mentor
    ADD CONSTRAINT diario_mentor_user_id_d3ee315b_fk_auth_user_id FOREIGN KEY (user_id) REFERENCES public.auth_user(id) DEFERRABLE INITIALLY DEFERRED;


--
-- Name: diario_nota diario_nota_anotador_dinamizador_d9315f33_fk_diario_di; Type: FK CONSTRAINT; Schema: public; Owner: leda
--

ALTER TABLE ONLY public.diario_nota
    ADD CONSTRAINT diario_nota_anotador_dinamizador_d9315f33_fk_diario_di FOREIGN KEY (anotador_dinamizador_id) REFERENCES public.diario_dinamizadorconvidado(id) DEFERRABLE INITIALLY DEFERRED;


--
-- Name: diario_nota diario_nota_anotador_mentor_id_f0e25cab_fk_diario_mentor_id; Type: FK CONSTRAINT; Schema: public; Owner: leda
--

ALTER TABLE ONLY public.diario_nota
    ADD CONSTRAINT diario_nota_anotador_mentor_id_f0e25cab_fk_diario_mentor_id FOREIGN KEY (anotador_mentor_id) REFERENCES public.diario_mentor(id) DEFERRABLE INITIALLY DEFERRED;


--
-- Name: diario_nota diario_nota_cuidador_id_95c7f27a_fk_diario_cuidador_id; Type: FK CONSTRAINT; Schema: public; Owner: leda
--

ALTER TABLE ONLY public.diario_nota
    ADD CONSTRAINT diario_nota_cuidador_id_95c7f27a_fk_diario_cuidador_id FOREIGN KEY (cuidador_id) REFERENCES public.diario_cuidador(id) DEFERRABLE INITIALLY DEFERRED;


--
-- Name: diario_nota diario_nota_participante_id_a8deed00_fk_diario_participante_id; Type: FK CONSTRAINT; Schema: public; Owner: leda
--

ALTER TABLE ONLY public.diario_nota
    ADD CONSTRAINT diario_nota_participante_id_a8deed00_fk_diario_participante_id FOREIGN KEY (participante_id) REFERENCES public.diario_participante(id) DEFERRABLE INITIALLY DEFERRED;


--
-- Name: diario_nota diario_nota_sessao_grupo_id_25cfe59a_fk_diario_sessaodogrupo_id; Type: FK CONSTRAINT; Schema: public; Owner: leda
--

ALTER TABLE ONLY public.diario_nota
    ADD CONSTRAINT diario_nota_sessao_grupo_id_25cfe59a_fk_diario_sessaodogrupo_id FOREIGN KEY (sessao_grupo_id) REFERENCES public.diario_sessaodogrupo(id) DEFERRABLE INITIALLY DEFERRED;


--
-- Name: diario_notagrupo diario_notagrupo_anotador_dinamizador_0342da56_fk_diario_di; Type: FK CONSTRAINT; Schema: public; Owner: leda
--

ALTER TABLE ONLY public.diario_notagrupo
    ADD CONSTRAINT diario_notagrupo_anotador_dinamizador_0342da56_fk_diario_di FOREIGN KEY (anotador_dinamizador_id) REFERENCES public.diario_dinamizadorconvidado(id) DEFERRABLE INITIALLY DEFERRED;


--
-- Name: diario_notagrupo diario_notagrupo_anotador_mentor_id_c2b12e01_fk_diario_me; Type: FK CONSTRAINT; Schema: public; Owner: leda
--

ALTER TABLE ONLY public.diario_notagrupo
    ADD CONSTRAINT diario_notagrupo_anotador_mentor_id_c2b12e01_fk_diario_me FOREIGN KEY (anotador_mentor_id) REFERENCES public.diario_mentor(id) DEFERRABLE INITIALLY DEFERRED;


--
-- Name: diario_notagrupo diario_notagrupo_grupo_id_a3fd582b_fk_diario_grupo_id; Type: FK CONSTRAINT; Schema: public; Owner: leda
--

ALTER TABLE ONLY public.diario_notagrupo
    ADD CONSTRAINT diario_notagrupo_grupo_id_a3fd582b_fk_diario_grupo_id FOREIGN KEY (grupo_id) REFERENCES public.diario_grupo(id) DEFERRABLE INITIALLY DEFERRED;


--
-- Name: diario_notagrupo diario_notagrupo_sessao_grupo_id_6cb455df_fk_diario_se; Type: FK CONSTRAINT; Schema: public; Owner: leda
--

ALTER TABLE ONLY public.diario_notagrupo
    ADD CONSTRAINT diario_notagrupo_sessao_grupo_id_6cb455df_fk_diario_se FOREIGN KEY (sessao_grupo_id) REFERENCES public.diario_sessaodogrupo(id) DEFERRABLE INITIALLY DEFERRED;


--
-- Name: diario_opcao diario_opcao_imagem_id_664391db_fk_diario_imagem_id; Type: FK CONSTRAINT; Schema: public; Owner: leda
--

ALTER TABLE ONLY public.diario_opcao
    ADD CONSTRAINT diario_opcao_imagem_id_664391db_fk_diario_imagem_id FOREIGN KEY (imagem_id) REFERENCES public.diario_imagem(id) DEFERRABLE INITIALLY DEFERRED;


--
-- Name: diario_parte_atividades diario_parte_ativida_atividade_id_e6ce686c_fk_diario_at; Type: FK CONSTRAINT; Schema: public; Owner: leda
--

ALTER TABLE ONLY public.diario_parte_atividades
    ADD CONSTRAINT diario_parte_ativida_atividade_id_e6ce686c_fk_diario_at FOREIGN KEY (atividade_id) REFERENCES public.diario_atividade(id) DEFERRABLE INITIALLY DEFERRED;


--
-- Name: diario_parte_atividades diario_parte_atividades_parte_id_5c34837f_fk_diario_parte_id; Type: FK CONSTRAINT; Schema: public; Owner: leda
--

ALTER TABLE ONLY public.diario_parte_atividades
    ADD CONSTRAINT diario_parte_atividades_parte_id_5c34837f_fk_diario_parte_id FOREIGN KEY (parte_id) REFERENCES public.diario_parte(id) DEFERRABLE INITIALLY DEFERRED;


--
-- Name: diario_parte_exercicio_imagens diario_parte_exercic_imagem_id_fd1de4a4_fk_diario_im; Type: FK CONSTRAINT; Schema: public; Owner: leda
--

ALTER TABLE ONLY public.diario_parte_exercicio_imagens
    ADD CONSTRAINT diario_parte_exercic_imagem_id_fd1de4a4_fk_diario_im FOREIGN KEY (imagem_id) REFERENCES public.diario_imagem(id) DEFERRABLE INITIALLY DEFERRED;


--
-- Name: diario_parte_exercicio_imagens diario_parte_exercic_parte_exercicio_id_bc84e07b_fk_diario_pa; Type: FK CONSTRAINT; Schema: public; Owner: leda
--

ALTER TABLE ONLY public.diario_parte_exercicio_imagens
    ADD CONSTRAINT diario_parte_exercic_parte_exercicio_id_bc84e07b_fk_diario_pa FOREIGN KEY (parte_exercicio_id) REFERENCES public.diario_parte_exercicio(id) DEFERRABLE INITIALLY DEFERRED;


--
-- Name: diario_parte_exercicio_perguntas diario_parte_exercic_parte_exercicio_id_d5953dbe_fk_diario_pa; Type: FK CONSTRAINT; Schema: public; Owner: leda
--

ALTER TABLE ONLY public.diario_parte_exercicio_perguntas
    ADD CONSTRAINT diario_parte_exercic_parte_exercicio_id_d5953dbe_fk_diario_pa FOREIGN KEY (parte_exercicio_id) REFERENCES public.diario_parte_exercicio(id) DEFERRABLE INITIALLY DEFERRED;


--
-- Name: diario_parte_exercicio_perguntas diario_parte_exercic_pergunta_exercicio_i_980026ad_fk_diario_pe; Type: FK CONSTRAINT; Schema: public; Owner: leda
--

ALTER TABLE ONLY public.diario_parte_exercicio_perguntas
    ADD CONSTRAINT diario_parte_exercic_pergunta_exercicio_i_980026ad_fk_diario_pe FOREIGN KEY (pergunta_exercicio_id) REFERENCES public.diario_pergunta_exercicio(id) DEFERRABLE INITIALLY DEFERRED;


--
-- Name: diario_parte_questionarios diario_parte_questio_questionario_id_24149fa7_fk_diario_qu; Type: FK CONSTRAINT; Schema: public; Owner: leda
--

ALTER TABLE ONLY public.diario_parte_questionarios
    ADD CONSTRAINT diario_parte_questio_questionario_id_24149fa7_fk_diario_qu FOREIGN KEY (questionario_id) REFERENCES public.diario_questionario(id) DEFERRABLE INITIALLY DEFERRED;


--
-- Name: diario_parte_questionarios diario_parte_questionarios_parte_id_8028130d_fk_diario_parte_id; Type: FK CONSTRAINT; Schema: public; Owner: leda
--

ALTER TABLE ONLY public.diario_parte_questionarios
    ADD CONSTRAINT diario_parte_questionarios_parte_id_8028130d_fk_diario_parte_id FOREIGN KEY (parte_id) REFERENCES public.diario_parte(id) DEFERRABLE INITIALLY DEFERRED;


--
-- Name: diario_parte diario_parte_sessao_id_4ffaa4a3_fk_diario_sessao_id; Type: FK CONSTRAINT; Schema: public; Owner: leda
--

ALTER TABLE ONLY public.diario_parte
    ADD CONSTRAINT diario_parte_sessao_id_4ffaa4a3_fk_diario_sessao_id FOREIGN KEY (sessao_id) REFERENCES public.diario_sessao(id) DEFERRABLE INITIALLY DEFERRED;


--
-- Name: diario_partegrupo diario_partegrupo_exercicio_id_eedd814d_fk_diario_exercicio_id; Type: FK CONSTRAINT; Schema: public; Owner: leda
--

ALTER TABLE ONLY public.diario_partegrupo
    ADD CONSTRAINT diario_partegrupo_exercicio_id_eedd814d_fk_diario_exercicio_id FOREIGN KEY (exercicio_id) REFERENCES public.diario_exercicio(id) DEFERRABLE INITIALLY DEFERRED;


--
-- Name: diario_partegrupo diario_partegrupo_parte_id_47367050_fk_diario_parte_id; Type: FK CONSTRAINT; Schema: public; Owner: leda
--

ALTER TABLE ONLY public.diario_partegrupo
    ADD CONSTRAINT diario_partegrupo_parte_id_47367050_fk_diario_parte_id FOREIGN KEY (parte_id) REFERENCES public.diario_parte(id) DEFERRABLE INITIALLY DEFERRED;


--
-- Name: diario_partegrupo diario_partegrupo_sessaoGrupo_id_a8431880_fk_diario_se; Type: FK CONSTRAINT; Schema: public; Owner: leda
--

ALTER TABLE ONLY public.diario_partegrupo
    ADD CONSTRAINT "diario_partegrupo_sessaoGrupo_id_a8431880_fk_diario_se" FOREIGN KEY ("sessaoGrupo_id") REFERENCES public.diario_sessaodogrupo(id) DEFERRABLE INITIALLY DEFERRED;


--
-- Name: diario_participante_cuidadores diario_participante__cuidador_id_d4523d06_fk_diario_cu; Type: FK CONSTRAINT; Schema: public; Owner: leda
--

ALTER TABLE ONLY public.diario_participante_cuidadores
    ADD CONSTRAINT diario_participante__cuidador_id_d4523d06_fk_diario_cu FOREIGN KEY (cuidador_id) REFERENCES public.diario_cuidador(id) DEFERRABLE INITIALLY DEFERRED;


--
-- Name: diario_participante_diagnosticos diario_participante__doenca_id_56da302c_fk_diario_do; Type: FK CONSTRAINT; Schema: public; Owner: leda
--

ALTER TABLE ONLY public.diario_participante_diagnosticos
    ADD CONSTRAINT diario_participante__doenca_id_56da302c_fk_diario_do FOREIGN KEY (doenca_id) REFERENCES public.diario_doenca(id) DEFERRABLE INITIALLY DEFERRED;


--
-- Name: diario_participante_grupo diario_participante__participante_id_ac0885f5_fk_diario_pa; Type: FK CONSTRAINT; Schema: public; Owner: leda
--

ALTER TABLE ONLY public.diario_participante_grupo
    ADD CONSTRAINT diario_participante__participante_id_ac0885f5_fk_diario_pa FOREIGN KEY (participante_id) REFERENCES public.diario_participante(id) DEFERRABLE INITIALLY DEFERRED;


--
-- Name: diario_participante_diagnosticos diario_participante__participante_id_c2986549_fk_diario_pa; Type: FK CONSTRAINT; Schema: public; Owner: leda
--

ALTER TABLE ONLY public.diario_participante_diagnosticos
    ADD CONSTRAINT diario_participante__participante_id_c2986549_fk_diario_pa FOREIGN KEY (participante_id) REFERENCES public.diario_participante(id) DEFERRABLE INITIALLY DEFERRED;


--
-- Name: diario_participante_cuidadores diario_participante__participante_id_e21b1ecc_fk_diario_pa; Type: FK CONSTRAINT; Schema: public; Owner: leda
--

ALTER TABLE ONLY public.diario_participante_cuidadores
    ADD CONSTRAINT diario_participante__participante_id_e21b1ecc_fk_diario_pa FOREIGN KEY (participante_id) REFERENCES public.diario_participante(id) DEFERRABLE INITIALLY DEFERRED;


--
-- Name: diario_participante diario_participante_avaliador_id_611d9cbd_fk_auth_user_id; Type: FK CONSTRAINT; Schema: public; Owner: leda
--

ALTER TABLE ONLY public.diario_participante
    ADD CONSTRAINT diario_participante_avaliador_id_611d9cbd_fk_auth_user_id FOREIGN KEY (avaliador_id) REFERENCES public.auth_user(id) DEFERRABLE INITIALLY DEFERRED;


--
-- Name: diario_participante_grupo diario_participante_grupo_grupo_id_2b8db074_fk_diario_grupo_id; Type: FK CONSTRAINT; Schema: public; Owner: leda
--

ALTER TABLE ONLY public.diario_participante_grupo
    ADD CONSTRAINT diario_participante_grupo_grupo_id_2b8db074_fk_diario_grupo_id FOREIGN KEY (grupo_id) REFERENCES public.diario_grupo(id) DEFERRABLE INITIALLY DEFERRED;


--
-- Name: diario_participante diario_participante_info_sensivel_id_f698fd6f_fk_diario_in; Type: FK CONSTRAINT; Schema: public; Owner: leda
--

ALTER TABLE ONLY public.diario_participante
    ADD CONSTRAINT diario_participante_info_sensivel_id_f698fd6f_fk_diario_in FOREIGN KEY (info_sensivel_id) REFERENCES public.diario_informacaosensivel(id) DEFERRABLE INITIALLY DEFERRED;


--
-- Name: diario_participante diario_participante_referenciacao_id_6111f0c9_fk_diario_re; Type: FK CONSTRAINT; Schema: public; Owner: leda
--

ALTER TABLE ONLY public.diario_participante
    ADD CONSTRAINT diario_participante_referenciacao_id_6111f0c9_fk_diario_re FOREIGN KEY (referenciacao_id) REFERENCES public.diario_reference(id) DEFERRABLE INITIALLY DEFERRED;


--
-- Name: diario_participante diario_participante_user_id_d8789d48_fk_auth_user_id; Type: FK CONSTRAINT; Schema: public; Owner: leda
--

ALTER TABLE ONLY public.diario_participante
    ADD CONSTRAINT diario_participante_user_id_d8789d48_fk_auth_user_id FOREIGN KEY (user_id) REFERENCES public.auth_user(id) DEFERRABLE INITIALLY DEFERRED;


--
-- Name: diario_partilha diario_partilha_cuidador_id_74044638_fk_diario_cuidador_id; Type: FK CONSTRAINT; Schema: public; Owner: leda
--

ALTER TABLE ONLY public.diario_partilha
    ADD CONSTRAINT diario_partilha_cuidador_id_74044638_fk_diario_cuidador_id FOREIGN KEY (cuidador_id) REFERENCES public.diario_cuidador(id) DEFERRABLE INITIALLY DEFERRED;


--
-- Name: diario_partilha diario_partilha_participante_id_02efa221_fk_diario_pa; Type: FK CONSTRAINT; Schema: public; Owner: leda
--

ALTER TABLE ONLY public.diario_partilha
    ADD CONSTRAINT diario_partilha_participante_id_02efa221_fk_diario_pa FOREIGN KEY (participante_id) REFERENCES public.diario_participante(id) DEFERRABLE INITIALLY DEFERRED;


--
-- Name: diario_partilha diario_partilha_partilha_dinamizador_693b741e_fk_diario_di; Type: FK CONSTRAINT; Schema: public; Owner: leda
--

ALTER TABLE ONLY public.diario_partilha
    ADD CONSTRAINT diario_partilha_partilha_dinamizador_693b741e_fk_diario_di FOREIGN KEY (partilha_dinamizador_id) REFERENCES public.diario_dinamizadorconvidado(id) DEFERRABLE INITIALLY DEFERRED;


--
-- Name: diario_partilha diario_partilha_partilha_mentor_id_5b74adea_fk_diario_mentor_id; Type: FK CONSTRAINT; Schema: public; Owner: leda
--

ALTER TABLE ONLY public.diario_partilha
    ADD CONSTRAINT diario_partilha_partilha_mentor_id_5b74adea_fk_diario_mentor_id FOREIGN KEY (partilha_mentor_id) REFERENCES public.diario_mentor(id) DEFERRABLE INITIALLY DEFERRED;


--
-- Name: diario_partilha diario_partilha_sessao_grupo_id_cffb3c86_fk_diario_se; Type: FK CONSTRAINT; Schema: public; Owner: leda
--

ALTER TABLE ONLY public.diario_partilha
    ADD CONSTRAINT diario_partilha_sessao_grupo_id_cffb3c86_fk_diario_se FOREIGN KEY (sessao_grupo_id) REFERENCES public.diario_sessaodogrupo(id) DEFERRABLE INITIALLY DEFERRED;


--
-- Name: diario_partilhagrupo diario_partilhagrupo_grupo_id_dc552987_fk_diario_grupo_id; Type: FK CONSTRAINT; Schema: public; Owner: leda
--

ALTER TABLE ONLY public.diario_partilhagrupo
    ADD CONSTRAINT diario_partilhagrupo_grupo_id_dc552987_fk_diario_grupo_id FOREIGN KEY (grupo_id) REFERENCES public.diario_grupo(id) DEFERRABLE INITIALLY DEFERRED;


--
-- Name: diario_partilhagrupo diario_partilhagrupo_partilha_dinamizador_31fdb935_fk_diario_di; Type: FK CONSTRAINT; Schema: public; Owner: leda
--

ALTER TABLE ONLY public.diario_partilhagrupo
    ADD CONSTRAINT diario_partilhagrupo_partilha_dinamizador_31fdb935_fk_diario_di FOREIGN KEY (partilha_dinamizador_id) REFERENCES public.diario_dinamizadorconvidado(id) DEFERRABLE INITIALLY DEFERRED;


--
-- Name: diario_partilhagrupo diario_partilhagrupo_partilha_mentor_id_a82cb793_fk_diario_me; Type: FK CONSTRAINT; Schema: public; Owner: leda
--

ALTER TABLE ONLY public.diario_partilhagrupo
    ADD CONSTRAINT diario_partilhagrupo_partilha_mentor_id_a82cb793_fk_diario_me FOREIGN KEY (partilha_mentor_id) REFERENCES public.diario_mentor(id) DEFERRABLE INITIALLY DEFERRED;


--
-- Name: diario_partilhagrupo diario_partilhagrupo_sessao_grupo_id_2d68b78c_fk_diario_se; Type: FK CONSTRAINT; Schema: public; Owner: leda
--

ALTER TABLE ONLY public.diario_partilhagrupo
    ADD CONSTRAINT diario_partilhagrupo_sessao_grupo_id_2d68b78c_fk_diario_se FOREIGN KEY (sessao_grupo_id) REFERENCES public.diario_sessaodogrupo(id) DEFERRABLE INITIALLY DEFERRED;


--
-- Name: diario_pergunta_exercicio_opcoes diario_pergunta_exer_opcao_id_7b99cfd5_fk_diario_op; Type: FK CONSTRAINT; Schema: public; Owner: leda
--

ALTER TABLE ONLY public.diario_pergunta_exercicio_opcoes
    ADD CONSTRAINT diario_pergunta_exer_opcao_id_7b99cfd5_fk_diario_op FOREIGN KEY (opcao_id) REFERENCES public.diario_opcao(id) DEFERRABLE INITIALLY DEFERRED;


--
-- Name: diario_pergunta_exercicio_opcoes diario_pergunta_exer_pergunta_exercicio_i_ca581394_fk_diario_pe; Type: FK CONSTRAINT; Schema: public; Owner: leda
--

ALTER TABLE ONLY public.diario_pergunta_exercicio_opcoes
    ADD CONSTRAINT diario_pergunta_exer_pergunta_exercicio_i_ca581394_fk_diario_pe FOREIGN KEY (pergunta_exercicio_id) REFERENCES public.diario_pergunta_exercicio(id) DEFERRABLE INITIALLY DEFERRED;


--
-- Name: diario_pergunta_opcoes diario_pergunta_opco_pergunta_id_3a9dc811_fk_diario_pe; Type: FK CONSTRAINT; Schema: public; Owner: leda
--

ALTER TABLE ONLY public.diario_pergunta_opcoes
    ADD CONSTRAINT diario_pergunta_opco_pergunta_id_3a9dc811_fk_diario_pe FOREIGN KEY (pergunta_id) REFERENCES public.diario_pergunta(id) DEFERRABLE INITIALLY DEFERRED;


--
-- Name: diario_pergunta_opcoes diario_pergunta_opcoes_opcao_id_aa73f9f6_fk_diario_opcao_id; Type: FK CONSTRAINT; Schema: public; Owner: leda
--

ALTER TABLE ONLY public.diario_pergunta_opcoes
    ADD CONSTRAINT diario_pergunta_opcoes_opcao_id_aa73f9f6_fk_diario_opcao_id FOREIGN KEY (opcao_id) REFERENCES public.diario_opcao(id) DEFERRABLE INITIALLY DEFERRED;


--
-- Name: diario_presenca diario_presenca_cuidador_id_f50d1400_fk_diario_cuidador_id; Type: FK CONSTRAINT; Schema: public; Owner: leda
--

ALTER TABLE ONLY public.diario_presenca
    ADD CONSTRAINT diario_presenca_cuidador_id_f50d1400_fk_diario_cuidador_id FOREIGN KEY (cuidador_id) REFERENCES public.diario_cuidador(id) DEFERRABLE INITIALLY DEFERRED;


--
-- Name: diario_presenca diario_presenca_participante_id_189270dc_fk_diario_pa; Type: FK CONSTRAINT; Schema: public; Owner: leda
--

ALTER TABLE ONLY public.diario_presenca
    ADD CONSTRAINT diario_presenca_participante_id_189270dc_fk_diario_pa FOREIGN KEY (participante_id) REFERENCES public.diario_participante(id) DEFERRABLE INITIALLY DEFERRED;


--
-- Name: diario_presenca diario_presenca_sessaoDoGrupo_id_264312e2_fk_diario_se; Type: FK CONSTRAINT; Schema: public; Owner: leda
--

ALTER TABLE ONLY public.diario_presenca
    ADD CONSTRAINT "diario_presenca_sessaoDoGrupo_id_264312e2_fk_diario_se" FOREIGN KEY ("sessaoDoGrupo_id") REFERENCES public.diario_sessaodogrupo(id) DEFERRABLE INITIALLY DEFERRED;


--
-- Name: diario_questionario_perguntas diario_questionario__pergunta_id_2deb47a3_fk_diario_pe; Type: FK CONSTRAINT; Schema: public; Owner: leda
--

ALTER TABLE ONLY public.diario_questionario_perguntas
    ADD CONSTRAINT diario_questionario__pergunta_id_2deb47a3_fk_diario_pe FOREIGN KEY (pergunta_id) REFERENCES public.diario_pergunta(id) DEFERRABLE INITIALLY DEFERRED;


--
-- Name: diario_questionario_perguntas diario_questionario__questionario_id_fdde967c_fk_diario_qu; Type: FK CONSTRAINT; Schema: public; Owner: leda
--

ALTER TABLE ONLY public.diario_questionario_perguntas
    ADD CONSTRAINT diario_questionario__questionario_id_fdde967c_fk_diario_qu FOREIGN KEY (questionario_id) REFERENCES public.diario_questionario(id) DEFERRABLE INITIALLY DEFERRED;


--
-- Name: diario_questionario diario_questionario_continuacaoDe_id_159a6c5a_fk_diario_se; Type: FK CONSTRAINT; Schema: public; Owner: leda
--

ALTER TABLE ONLY public.diario_questionario
    ADD CONSTRAINT "diario_questionario_continuacaoDe_id_159a6c5a_fk_diario_se" FOREIGN KEY ("continuacaoDe_id") REFERENCES public.diario_sessao(id) DEFERRABLE INITIALLY DEFERRED;


--
-- Name: diario_resposta diario_resposta_parte_exercicio_id_f204afcd_fk_diario_pa; Type: FK CONSTRAINT; Schema: public; Owner: leda
--

ALTER TABLE ONLY public.diario_resposta
    ADD CONSTRAINT diario_resposta_parte_exercicio_id_f204afcd_fk_diario_pa FOREIGN KEY (parte_exercicio_id) REFERENCES public.diario_parte_exercicio(id) DEFERRABLE INITIALLY DEFERRED;


--
-- Name: diario_resposta diario_resposta_parte_grupo_id_00e14319_fk_diario_partegrupo_id; Type: FK CONSTRAINT; Schema: public; Owner: leda
--

ALTER TABLE ONLY public.diario_resposta
    ADD CONSTRAINT diario_resposta_parte_grupo_id_00e14319_fk_diario_partegrupo_id FOREIGN KEY (parte_grupo_id) REFERENCES public.diario_partegrupo(id) DEFERRABLE INITIALLY DEFERRED;


--
-- Name: diario_resposta diario_resposta_participante_id_052272a9_fk_diario_pa; Type: FK CONSTRAINT; Schema: public; Owner: leda
--

ALTER TABLE ONLY public.diario_resposta
    ADD CONSTRAINT diario_resposta_participante_id_052272a9_fk_diario_pa FOREIGN KEY (participante_id) REFERENCES public.diario_participante(id) DEFERRABLE INITIALLY DEFERRED;


--
-- Name: diario_resposta diario_resposta_pergunta_id_1afc7102_fk_diario_pe; Type: FK CONSTRAINT; Schema: public; Owner: leda
--

ALTER TABLE ONLY public.diario_resposta
    ADD CONSTRAINT diario_resposta_pergunta_id_1afc7102_fk_diario_pe FOREIGN KEY (pergunta_id) REFERENCES public.diario_pergunta_exercicio(id) DEFERRABLE INITIALLY DEFERRED;


--
-- Name: diario_resposta diario_resposta_resposta_escolha_id_b241aa49_fk_diario_opcao_id; Type: FK CONSTRAINT; Schema: public; Owner: leda
--

ALTER TABLE ONLY public.diario_resposta
    ADD CONSTRAINT diario_resposta_resposta_escolha_id_b241aa49_fk_diario_opcao_id FOREIGN KEY (resposta_escolha_id) REFERENCES public.diario_opcao(id) DEFERRABLE INITIALLY DEFERRED;


--
-- Name: diario_resposta diario_resposta_sessao_grupo_id_4cb6a254_fk_diario_se; Type: FK CONSTRAINT; Schema: public; Owner: leda
--

ALTER TABLE ONLY public.diario_resposta
    ADD CONSTRAINT diario_resposta_sessao_grupo_id_4cb6a254_fk_diario_se FOREIGN KEY (sessao_grupo_id) REFERENCES public.diario_sessaodogrupo(id) DEFERRABLE INITIALLY DEFERRED;


--
-- Name: diario_sessaodogrupo diario_sessaodogrupo_grupo_id_9a5315c6_fk_diario_grupo_id; Type: FK CONSTRAINT; Schema: public; Owner: leda
--

ALTER TABLE ONLY public.diario_sessaodogrupo
    ADD CONSTRAINT diario_sessaodogrupo_grupo_id_9a5315c6_fk_diario_grupo_id FOREIGN KEY (grupo_id) REFERENCES public.diario_grupo(id) DEFERRABLE INITIALLY DEFERRED;


--
-- Name: diario_sessaodogrupo diario_sessaodogrupo_parte_ativa_id_c82013be_fk_diario_pa; Type: FK CONSTRAINT; Schema: public; Owner: leda
--

ALTER TABLE ONLY public.diario_sessaodogrupo
    ADD CONSTRAINT diario_sessaodogrupo_parte_ativa_id_c82013be_fk_diario_pa FOREIGN KEY (parte_ativa_id) REFERENCES public.diario_parte_exercicio(id) DEFERRABLE INITIALLY DEFERRED;


--
-- Name: diario_sessaodogrupo diario_sessaodogrupo_sessao_id_ae19f12d_fk_diario_sessao_id; Type: FK CONSTRAINT; Schema: public; Owner: leda
--

ALTER TABLE ONLY public.diario_sessaodogrupo
    ADD CONSTRAINT diario_sessaodogrupo_sessao_id_ae19f12d_fk_diario_sessao_id FOREIGN KEY (sessao_id) REFERENCES public.diario_sessao(id) DEFERRABLE INITIALLY DEFERRED;


--
-- Name: django_admin_log django_admin_log_content_type_id_c4bce8eb_fk_django_co; Type: FK CONSTRAINT; Schema: public; Owner: leda
--

ALTER TABLE ONLY public.django_admin_log
    ADD CONSTRAINT django_admin_log_content_type_id_c4bce8eb_fk_django_co FOREIGN KEY (content_type_id) REFERENCES public.django_content_type(id) DEFERRABLE INITIALLY DEFERRED;


--
-- Name: django_admin_log django_admin_log_user_id_c564eba6_fk_auth_user_id; Type: FK CONSTRAINT; Schema: public; Owner: leda
--

ALTER TABLE ONLY public.django_admin_log
    ADD CONSTRAINT django_admin_log_user_id_c564eba6_fk_auth_user_id FOREIGN KEY (user_id) REFERENCES public.auth_user(id) DEFERRABLE INITIALLY DEFERRED;


--
-- Name: protocolo_answer protocolo_answer_multiple_choice_answ_50857daf_fk_protocolo; Type: FK CONSTRAINT; Schema: public; Owner: leda
--

ALTER TABLE ONLY public.protocolo_answer
    ADD CONSTRAINT protocolo_answer_multiple_choice_answ_50857daf_fk_protocolo FOREIGN KEY (multiple_choice_answer_id) REFERENCES public.protocolo_possibleanswer(id) DEFERRABLE INITIALLY DEFERRED;


--
-- Name: protocolo_answer protocolo_answer_question_id_0f67a888_fk_protocolo_question_id; Type: FK CONSTRAINT; Schema: public; Owner: leda
--

ALTER TABLE ONLY public.protocolo_answer
    ADD CONSTRAINT protocolo_answer_question_id_0f67a888_fk_protocolo_question_id FOREIGN KEY (question_id) REFERENCES public.protocolo_question(id) DEFERRABLE INITIALLY DEFERRED;


--
-- Name: protocolo_answer protocolo_answer_resolution_id_99cb25a9_fk_protocolo; Type: FK CONSTRAINT; Schema: public; Owner: leda
--

ALTER TABLE ONLY public.protocolo_answer
    ADD CONSTRAINT protocolo_answer_resolution_id_99cb25a9_fk_protocolo FOREIGN KEY (resolution_id) REFERENCES public.protocolo_resolution(id) DEFERRABLE INITIALLY DEFERRED;


--
-- Name: protocolo_area_part protocolo_area_part_area_id_2604b57e_fk_protocolo_area_id; Type: FK CONSTRAINT; Schema: public; Owner: leda
--

ALTER TABLE ONLY public.protocolo_area_part
    ADD CONSTRAINT protocolo_area_part_area_id_2604b57e_fk_protocolo_area_id FOREIGN KEY (area_id) REFERENCES public.protocolo_area(id) DEFERRABLE INITIALLY DEFERRED;


--
-- Name: protocolo_area_part protocolo_area_part_part_id_40f8f09d_fk_protocolo_part_id; Type: FK CONSTRAINT; Schema: public; Owner: leda
--

ALTER TABLE ONLY public.protocolo_area_part
    ADD CONSTRAINT protocolo_area_part_part_id_40f8f09d_fk_protocolo_part_id FOREIGN KEY (part_id) REFERENCES public.protocolo_part(id) DEFERRABLE INITIALLY DEFERRED;


--
-- Name: protocolo_dimension protocolo_dimension_instrument_id_dd666d93_fk_protocolo; Type: FK CONSTRAINT; Schema: public; Owner: leda
--

ALTER TABLE ONLY public.protocolo_dimension
    ADD CONSTRAINT protocolo_dimension_instrument_id_dd666d93_fk_protocolo FOREIGN KEY (instrument_id) REFERENCES public.protocolo_instrument(id) DEFERRABLE INITIALLY DEFERRED;


--
-- Name: protocolo_instrument_area protocolo_instrument_area_area_id_05795564_fk_protocolo_area_id; Type: FK CONSTRAINT; Schema: public; Owner: leda
--

ALTER TABLE ONLY public.protocolo_instrument_area
    ADD CONSTRAINT protocolo_instrument_area_area_id_05795564_fk_protocolo_area_id FOREIGN KEY (area_id) REFERENCES public.protocolo_area(id) DEFERRABLE INITIALLY DEFERRED;


--
-- Name: protocolo_instrument_area protocolo_instrument_instrument_id_c210b818_fk_protocolo; Type: FK CONSTRAINT; Schema: public; Owner: leda
--

ALTER TABLE ONLY public.protocolo_instrument_area
    ADD CONSTRAINT protocolo_instrument_instrument_id_c210b818_fk_protocolo FOREIGN KEY (instrument_id) REFERENCES public.protocolo_instrument(id) DEFERRABLE INITIALLY DEFERRED;


--
-- Name: protocolo_multiplechoicescheckbox protocolo_multiplech_answer_id_ac7dabf2_fk_protocolo; Type: FK CONSTRAINT; Schema: public; Owner: leda
--

ALTER TABLE ONLY public.protocolo_multiplechoicescheckbox
    ADD CONSTRAINT protocolo_multiplech_answer_id_ac7dabf2_fk_protocolo FOREIGN KEY (answer_id) REFERENCES public.protocolo_answer(id) DEFERRABLE INITIALLY DEFERRED;


--
-- Name: protocolo_multiplechoicescheckbox protocolo_multiplech_choice_id_ec7b53aa_fk_protocolo; Type: FK CONSTRAINT; Schema: public; Owner: leda
--

ALTER TABLE ONLY public.protocolo_multiplechoicescheckbox
    ADD CONSTRAINT protocolo_multiplech_choice_id_ec7b53aa_fk_protocolo FOREIGN KEY (choice_id) REFERENCES public.protocolo_possibleanswer(id) DEFERRABLE INITIALLY DEFERRED;


--
-- Name: protocolo_part protocolo_part_protocol_id_f3178c89_fk_protocolo_protocol_id; Type: FK CONSTRAINT; Schema: public; Owner: leda
--

ALTER TABLE ONLY public.protocolo_part
    ADD CONSTRAINT protocolo_part_protocol_id_f3178c89_fk_protocolo_protocol_id FOREIGN KEY (protocol_id) REFERENCES public.protocolo_protocol(id) DEFERRABLE INITIALLY DEFERRED;


--
-- Name: protocolo_partedoutilizador protocolo_partedouti_cuidador_id_51a8adc2_fk_diario_cu; Type: FK CONSTRAINT; Schema: public; Owner: leda
--

ALTER TABLE ONLY public.protocolo_partedoutilizador
    ADD CONSTRAINT protocolo_partedouti_cuidador_id_51a8adc2_fk_diario_cu FOREIGN KEY (cuidador_id) REFERENCES public.diario_cuidador(id) DEFERRABLE INITIALLY DEFERRED;


--
-- Name: protocolo_partedoutilizador protocolo_partedouti_part_id_ff8cad73_fk_protocolo; Type: FK CONSTRAINT; Schema: public; Owner: leda
--

ALTER TABLE ONLY public.protocolo_partedoutilizador
    ADD CONSTRAINT protocolo_partedouti_part_id_ff8cad73_fk_protocolo FOREIGN KEY (part_id) REFERENCES public.protocolo_part(id) DEFERRABLE INITIALLY DEFERRED;


--
-- Name: protocolo_partedoutilizador protocolo_partedouti_participante_id_6f869862_fk_diario_pa; Type: FK CONSTRAINT; Schema: public; Owner: leda
--

ALTER TABLE ONLY public.protocolo_partedoutilizador
    ADD CONSTRAINT protocolo_partedouti_participante_id_6f869862_fk_diario_pa FOREIGN KEY (participante_id) REFERENCES public.diario_participante(id) DEFERRABLE INITIALLY DEFERRED;


--
-- Name: protocolo_question_helping_images protocolo_question_h_question_id_f05de347_fk_protocolo; Type: FK CONSTRAINT; Schema: public; Owner: leda
--

ALTER TABLE ONLY public.protocolo_question_helping_images
    ADD CONSTRAINT protocolo_question_h_question_id_f05de347_fk_protocolo FOREIGN KEY (question_id) REFERENCES public.protocolo_question(id) DEFERRABLE INITIALLY DEFERRED;


--
-- Name: protocolo_question_helping_images protocolo_question_h_questionimage_id_5cf2169e_fk_protocolo; Type: FK CONSTRAINT; Schema: public; Owner: leda
--

ALTER TABLE ONLY public.protocolo_question_helping_images
    ADD CONSTRAINT protocolo_question_h_questionimage_id_5cf2169e_fk_protocolo FOREIGN KEY (questionimage_id) REFERENCES public.protocolo_questionimage(id) DEFERRABLE INITIALLY DEFERRED;


--
-- Name: protocolo_question_possible_answers protocolo_question_p_possibleanswer_id_3d7a7b24_fk_protocolo; Type: FK CONSTRAINT; Schema: public; Owner: leda
--

ALTER TABLE ONLY public.protocolo_question_possible_answers
    ADD CONSTRAINT protocolo_question_p_possibleanswer_id_3d7a7b24_fk_protocolo FOREIGN KEY (possibleanswer_id) REFERENCES public.protocolo_possibleanswer(id) DEFERRABLE INITIALLY DEFERRED;


--
-- Name: protocolo_question_possible_answers protocolo_question_p_question_id_005b43db_fk_protocolo; Type: FK CONSTRAINT; Schema: public; Owner: leda
--

ALTER TABLE ONLY public.protocolo_question_possible_answers
    ADD CONSTRAINT protocolo_question_p_question_id_005b43db_fk_protocolo FOREIGN KEY (question_id) REFERENCES public.protocolo_question(id) DEFERRABLE INITIALLY DEFERRED;


--
-- Name: protocolo_question protocolo_question_section_id_eef6b498_fk_protocolo_section_id; Type: FK CONSTRAINT; Schema: public; Owner: leda
--

ALTER TABLE ONLY public.protocolo_question
    ADD CONSTRAINT protocolo_question_section_id_eef6b498_fk_protocolo_section_id FOREIGN KEY (section_id) REFERENCES public.protocolo_section(id) DEFERRABLE INITIALLY DEFERRED;


--
-- Name: protocolo_report protocolo_report_resolution_id_72d97ca7_fk_protocolo; Type: FK CONSTRAINT; Schema: public; Owner: leda
--

ALTER TABLE ONLY public.protocolo_report
    ADD CONSTRAINT protocolo_report_resolution_id_72d97ca7_fk_protocolo FOREIGN KEY (resolution_id) REFERENCES public.protocolo_resolution(id) DEFERRABLE INITIALLY DEFERRED;


--
-- Name: protocolo_resolution protocolo_resolution_cuidador_id_b0865ea4_fk_diario_cuidador_id; Type: FK CONSTRAINT; Schema: public; Owner: leda
--

ALTER TABLE ONLY public.protocolo_resolution
    ADD CONSTRAINT protocolo_resolution_cuidador_id_b0865ea4_fk_diario_cuidador_id FOREIGN KEY (cuidador_id) REFERENCES public.diario_cuidador(id) DEFERRABLE INITIALLY DEFERRED;


--
-- Name: protocolo_resolution protocolo_resolution_doctor_id_8cc8e747_fk_auth_user_id; Type: FK CONSTRAINT; Schema: public; Owner: leda
--

ALTER TABLE ONLY public.protocolo_resolution
    ADD CONSTRAINT protocolo_resolution_doctor_id_8cc8e747_fk_auth_user_id FOREIGN KEY (doctor_id) REFERENCES public.auth_user(id) DEFERRABLE INITIALLY DEFERRED;


--
-- Name: protocolo_resolution protocolo_resolution_part_id_feab8351_fk_protocolo; Type: FK CONSTRAINT; Schema: public; Owner: leda
--

ALTER TABLE ONLY public.protocolo_resolution
    ADD CONSTRAINT protocolo_resolution_part_id_feab8351_fk_protocolo FOREIGN KEY (part_id) REFERENCES public.protocolo_partedoutilizador(id) DEFERRABLE INITIALLY DEFERRED;


--
-- Name: protocolo_resolution protocolo_resolution_patient_id_4ba48612_fk_diario_pa; Type: FK CONSTRAINT; Schema: public; Owner: leda
--

ALTER TABLE ONLY public.protocolo_resolution
    ADD CONSTRAINT protocolo_resolution_patient_id_4ba48612_fk_diario_pa FOREIGN KEY (patient_id) REFERENCES public.diario_participante(id) DEFERRABLE INITIALLY DEFERRED;


--
-- Name: protocolo_risk protocolo_risk_parteDoUtilizador_id_14df36e9_fk_protocolo; Type: FK CONSTRAINT; Schema: public; Owner: leda
--

ALTER TABLE ONLY public.protocolo_risk
    ADD CONSTRAINT "protocolo_risk_parteDoUtilizador_id_14df36e9_fk_protocolo" FOREIGN KEY ("parteDoUtilizador_id") REFERENCES public.protocolo_partedoutilizador(id) DEFERRABLE INITIALLY DEFERRED;


--
-- Name: protocolo_section protocolo_section_dimension_id_340f76ae_fk_protocolo; Type: FK CONSTRAINT; Schema: public; Owner: leda
--

ALTER TABLE ONLY public.protocolo_section
    ADD CONSTRAINT protocolo_section_dimension_id_340f76ae_fk_protocolo FOREIGN KEY (dimension_id) REFERENCES public.protocolo_dimension(id) DEFERRABLE INITIALLY DEFERRED;


--
-- Name: protocolo_textinputanswer protocolo_textinputa_answer_id_48010313_fk_protocolo; Type: FK CONSTRAINT; Schema: public; Owner: leda
--

ALTER TABLE ONLY public.protocolo_textinputanswer
    ADD CONSTRAINT protocolo_textinputa_answer_id_48010313_fk_protocolo FOREIGN KEY (answer_id) REFERENCES public.protocolo_answer(id) DEFERRABLE INITIALLY DEFERRED;


--
-- PostgreSQL database dump complete
--

